comp,season,date,match,market,selection,line,price,model_prob,market_prob,ev,result,profit,confidence,odds_source
epl,2021,2021-10-02,Norwich @ Burnley,1X2,burnley,,1.99,0.5685,0.5025,5.91,lose,-1.0,0.334,pinnacle
epl,2021,2021-10-02,Norwich @ Burnley,TOTAL,under,2.5,1.97,0.5509,0.5076,3.84,win,0.97,0.334,pinnacle
epl,2021,2021-10-02,Watford @ Leeds,1X2,watford,,4.74,0.3498,0.211,29.61,lose,-1.0,0.334,pinnacle
epl,2021,2021-10-02,Newcastle @ Wolves,1X2,draw,,3.72,0.2945,0.2688,4.3,lose,-1.0,0.364,pinnacle
epl,2021,2021-10-02,Newcastle @ Wolves,TOTAL,under,2.5,1.92,0.6351,0.5208,9.87,lose,-1.0,0.364,pinnacle
epl,2021,2021-10-03,Leicester @ Crystal Palace,1X2,crystal palace,,2.87,0.4591,0.3484,14.29,lose,-1.0,0.364,pinnacle
epl,2021,2021-10-03,Aston Villa @ Tottenham,1X2,aston villa,,3.74,0.3946,0.2674,21.41,lose,-1.0,0.364,pinnacle
epl,2021,2021-10-03,Aston Villa @ Tottenham,TOTAL,under,2.5,1.98,0.5875,0.5051,7.35,lose,-1.0,0.364,pinnacle
epl,2021,2021-10-03,Brentford @ West Ham,1X2,brentford,,5.13,0.2603,0.1949,15.1,win,4.13,0.334,pinnacle
epl,2021,2021-10-03,Man City @ Liverpool,1X2,liverpool,,3.12,0.3837,0.3205,8.87,lose,-1.0,0.364,pinnacle
epl,2021,2021-10-03,Man City @ Liverpool,1X2,draw,,3.54,0.3171,0.2825,5.51,win,2.54,0.364,pinnacle
epl,2021,2021-10-16,Liverpool @ Watford,1X2,draw,,5.68,0.252,0.1761,19.41,lose,-1.0,0.364,pinnacle
epl,2021,2021-10-16,Liverpool @ Watford,TOTAL,under,2.5,2.5,0.4877,0.4,9.87,lose,-1.0,0.364,pinnacle
epl,2021,2021-10-16,Wolves @ Aston Villa,TOTAL,under,2.5,1.77,0.6593,0.565,7.51,lose,-1.0,0.364,pinnacle
epl,2021,2021-10-16,Brighton @ Norwich,1X2,draw,,3.69,0.2963,0.271,4.2,win,2.69,0.334,pinnacle
epl,2021,2021-10-16,Brighton @ Norwich,TOTAL,under,2.5,1.74,0.6922,0.5747,9.2,win,0.74,0.334,pinnacle
epl,2021,2021-10-16,Leeds @ Southampton,TOTAL,under,2.5,2.19,0.5665,0.4566,10.83,win,1.19,0.334,pinnacle
epl,2021,2021-10-16,Chelsea @ Brentford,1X2,brentford,,5.64,0.2432,0.1773,16.72,lose,-1.0,0.334,pinnacle
epl,2021,2021-10-16,Chelsea @ Brentford,1X2,draw,,3.87,0.3186,0.2584,10.49,lose,-1.0,0.334,pinnacle
epl,2021,2021-10-17,West Ham @ Everton,TOTAL,over,2.5,1.95,0.6311,0.5128,10.38,lose,-1.0,0.364,pinnacle
epl,2021,2021-10-17,Tottenham @ Newcastle,1X2,newcastle united,,3.58,0.4188,0.2793,22.47,lose,-1.0,0.364,pinnacle
epl,2021,2021-10-18,Crystal Palace @ Arsenal,1X2,draw,,4.17,0.2935,0.2398,10.07,win,3.17,0.364,pinnacle
epl,2021,2021-10-18,Crystal Palace @ Arsenal,TOTAL,under,2.5,1.93,0.5849,0.5181,5.79,lose,-1.0,0.364,pinnacle
epl,2021,2021-10-22,Aston Villa @ Arsenal,1X2,aston villa,,3.87,0.3815,0.2584,21.44,lose,-1.0,0.364,pinnacle
epl,2021,2021-10-22,Aston Villa @ Arsenal,TOTAL,under,2.5,2.09,0.5115,0.4785,3.11,lose,-1.0,0.364,pinnacle
epl,2021,2021-10-23,Norwich @ Chelsea,TOTAL,under,2.5,2.3,0.4881,0.4348,5.52,lose,-1.0,0.334,pinnacle
epl,2021,2021-10-23,Newcastle @ Crystal Palace,TOTAL,over,2.5,1.99,0.6164,0.5025,10.2,lose,-1.0,0.364,pinnacle
epl,2021,2021-10-23,Watford @ Everton,1X2,everton,,1.84,0.6393,0.5435,7.93,lose,-1.0,0.364,pinnacle
epl,2021,2021-10-23,Watford @ Everton,TOTAL,over,2.5,2.09,0.5459,0.4785,6.34,win,1.0899999999999999,0.364,pinnacle
epl,2021,2021-10-23,Wolves @ Leeds,1X2,wolverhampton wanderers,,2.84,0.3982,0.3521,5.89,lose,-1.0,0.334,pinnacle
epl,2021,2021-10-23,Wolves @ Leeds,TOTAL,under,2.5,2.03,0.6194,0.4926,11.58,win,1.0299999999999998,0.334,pinnacle
epl,2021,2021-10-24,Tottenham @ West Ham,1X2,west ham united,,2.25,0.5777,0.4444,13.49,win,1.25,0.364,pinnacle
epl,2021,2021-10-24,Liverpool @ Man United,1X2,liverpool,,2.35,0.4893,0.4255,6.74,win,1.35,0.364,pinnacle
epl,2021,2021-10-30,Arsenal @ Leicester,1X2,leicester city,,2.55,0.4834,0.3922,10.47,lose,-1.0,0.364,pinnacle
epl,2021,2021-10-30,Brentford @ Burnley,1X2,brentford,,2.9,0.4532,0.3448,14.14,lose,-1.0,0.334,pinnacle
epl,2021,2021-10-30,Brentford @ Burnley,TOTAL,under,2.5,1.72,0.6211,0.5814,3.07,lose,-1.0,0.334,pinnacle
epl,2021,2021-10-30,Brighton @ Liverpool,1X2,draw,,5.75,0.1973,0.1739,6.05,win,4.75,0.364,pinnacle
epl,2021,2021-10-30,Chelsea @ Newcastle,TOTAL,over,2.5,1.75,0.6114,0.5714,3.15,win,0.75,0.364,pinnacle
epl,2021,2021-10-30,Southampton @ Watford,1X2,watford,,3.22,0.4228,0.3106,16.27,lose,-1.0,0.364,pinnacle
epl,2021,2021-10-30,Man United @ Tottenham,1X2,tottenham,,3.18,0.3446,0.3145,4.31,lose,-1.0,0.364,pinnacle
epl,2021,2021-10-31,West Ham @ Aston Villa,1X2,west ham united,,2.52,0.4676,0.3968,8.03,win,1.52,0.364,pinnacle
epl,2021,2021-11-01,Everton @ Wolves,1X2,everton,,3.66,0.3444,0.2732,11.72,lose,-1.0,0.364,pinnacle
epl,2021,2021-11-05,Aston Villa @ Southampton,1X2,aston villa,,3.54,0.3313,0.2825,7.78,lose,-1.0,0.364,pinnacle
epl,2021,2021-11-05,Aston Villa @ Southampton,TOTAL,under,2.5,2.24,0.5266,0.4464,8.08,win,1.2400000000000002,0.364,pinnacle
epl,2021,2021-11-06,Man City @ Man United,TOTAL,under,2.5,2.35,0.5109,0.4255,9.03,win,1.35,0.364,pinnacle
epl,2021,2021-11-06,Wolves @ Crystal Palace,1X2,wolverhampton wanderers,,3.52,0.3641,0.2841,12.67,lose,-1.0,0.364,pinnacle
epl,2021,2021-11-06,Newcastle @ Brighton,1X2,newcastle united,,6.11,0.2197,0.1637,15.4,lose,-1.0,0.364,pinnacle
epl,2021,2021-11-07,Watford @ Arsenal,1X2,draw,,4.86,0.2649,0.2058,12.93,lose,-1.0,0.364,pinnacle
epl,2021,2021-11-07,Watford @ Arsenal,TOTAL,under,2.5,2.46,0.4909,0.4065,9.35,win,1.46,0.364,pinnacle
epl,2021,2021-11-07,Tottenham @ Everton,TOTAL,over,2.5,2.04,0.5436,0.4902,4.9,lose,-1.0,0.364,pinnacle
epl,2021,2021-11-07,Leicester @ Leeds,1X2,leicester city,,2.76,0.4283,0.3623,8.19,lose,-1.0,0.334,pinnacle
epl,2021,2021-11-20,Chelsea @ Leicester,1X2,chelsea,,1.78,0.7071,0.5618,11.64,win,0.78,0.364,pinnacle
epl,2021,2021-11-20,Chelsea @ Leicester,TOTAL,over,2.5,2.07,0.5686,0.4831,7.96,win,1.0699999999999998,0.364,pinnacle
epl,2021,2021-11-20,Brighton @ Aston Villa,1X2,brighton,,3.08,0.4059,0.3247,11.26,lose,-1.0,0.364,pinnacle
epl,2021,2021-11-20,Crystal Palace @ Burnley,1X2,crystal palace,,2.74,0.4312,0.365,8.17,lose,-1.0,0.364,pinnacle
epl,2021,2021-11-20,Brentford @ Newcastle,1X2,brentford,,3.0,0.4603,0.3333,17.14,lose,-1.0,0.334,pinnacle
epl,2021,2021-11-20,Southampton @ Norwich,1X2,southampton,,2.19,0.5374,0.4566,7.96,lose,-1.0,0.334,pinnacle
epl,2021,2021-11-20,Southampton @ Norwich,TOTAL,under,2.5,1.87,0.6476,0.5348,9.5,lose,-1.0,0.334,pinnacle
epl,2021,2021-11-20,Man United @ Watford,1X2,draw,,4.8,0.2427,0.2083,7.43,lose,-1.0,0.364,pinnacle
epl,2021,2021-11-20,West Ham @ Wolves,1X2,west ham united,,2.46,0.4693,0.4065,6.95,lose,-1.0,0.364,pinnacle
epl,2021,2021-11-21,Leeds @ Tottenham,1X2,draw,,4.18,0.2969,0.2392,10.85,lose,-1.0,0.334,pinnacle
epl,2021,2021-11-21,Leeds @ Tottenham,TOTAL,under,2.5,2.1,0.5976,0.4762,11.47,lose,-1.0,0.334,pinnacle
epl,2021,2021-11-27,Newcastle @ Arsenal,1X2,draw,,4.52,0.2503,0.2212,5.91,lose,-1.0,0.364,pinnacle
epl,2021,2021-11-27,Aston Villa @ Crystal Palace,1X2,crystal palace,,2.36,0.4835,0.4237,6.34,lose,-1.0,0.364,pinnacle
epl,2021,2021-11-27,Aston Villa @ Crystal Palace,TOTAL,over,2.5,2.06,0.5817,0.4854,8.92,win,1.06,0.364,pinnacle
epl,2021,2021-11-27,Wolves @ Norwich,1X2,wolverhampton wanderers,,2.24,0.5274,0.4464,8.16,lose,-1.0,0.334,pinnacle
epl,2021,2021-11-27,Leeds @ Brighton,TOTAL,under,2.5,1.93,0.6002,0.5181,7.13,win,0.9299999999999999,0.334,pinnacle
epl,2021,2021-11-28,Everton @ Brentford,TOTAL,over,2.5,2.18,0.5426,0.4587,8.23,lose,-1.0,0.334,pinnacle
epl,2021,2021-11-28,Watford @ Leicester,1X2,watford,,5.33,0.3298,0.1876,34.11,lose,-1.0,0.364,pinnacle
epl,2021,2021-11-28,West Ham @ Man City,1X2,draw,,6.5,0.2393,0.1538,25.0,lose,-1.0,0.364,pinnacle
epl,2021,2021-11-28,Man United @ Chelsea,TOTAL,over,2.5,1.81,0.6597,0.5525,8.74,lose,-1.0,0.364,pinnacle
epl,2021,2021-11-30,Norwich @ Newcastle,1X2,newcastle united,,2.09,0.5437,0.4785,6.13,lose,-1.0,0.334,pinnacle
epl,2021,2021-11-30,Norwich @ Newcastle,TOTAL,under,2.5,2.06,0.5487,0.4854,5.86,win,1.06,0.334,pinnacle
epl,2021,2021-11-30,Crystal Palace @ Leeds,1X2,crystal palace,,3.31,0.401,0.3021,14.72,lose,-1.0,0.334,pinnacle
epl,2021,2021-11-30,Crystal Palace @ Leeds,TOTAL,under,2.5,1.97,0.5782,0.5076,6.26,win,0.97,0.334,pinnacle
epl,2021,2021-12-01,Leicester @ Southampton,TOTAL,under,2.5,2.07,0.5343,0.4831,4.77,lose,-1.0,0.364,pinnacle
epl,2021,2021-12-01,Brighton @ West Ham,TOTAL,under,2.5,1.84,0.588,0.5435,3.69,win,0.8400000000000001,0.364,pinnacle
epl,2021,2021-12-01,Burnley @ Wolves,1X2,burnley,,4.94,0.231,0.2024,6.35,lose,-1.0,0.364,pinnacle
epl,2021,2021-12-01,Burnley @ Wolves,TOTAL,under,2.5,1.69,0.6346,0.5917,3.26,win,0.69,0.364,pinnacle
epl,2021,2021-12-01,Man City @ Aston Villa,1X2,draw,,4.69,0.242,0.2132,6.08,lose,-1.0,0.364,pinnacle
epl,2021,2021-12-01,Man City @ Aston Villa,TOTAL,under,2.5,2.32,0.5426,0.431,11.65,lose,-1.0,0.364,pinnacle
epl,2021,2021-12-02,Brentford @ Tottenham,1X2,draw,,3.98,0.2917,0.2513,7.24,lose,-1.0,0.334,pinnacle
epl,2021,2021-12-02,Brentford @ Tottenham,TOTAL,under,2.5,2.0,0.5804,0.5,7.23,win,1.0,0.334,pinnacle
epl,2021,2021-12-02,Arsenal @ Man United,1X2,arsenal,,3.58,0.3043,0.2793,4.02,lose,-1.0,0.364,pinnacle
epl,2021,2021-12-04,Chelsea @ West Ham,TOTAL,under,2.5,1.8,0.6538,0.5556,7.95,lose,-1.0,0.364,pinnacle
epl,2021,2021-12-04,Burnley @ Newcastle,1X2,burnley,,3.09,0.3724,0.3236,6.78,lose,-1.0,0.364,pinnacle
epl,2021,2021-12-04,Brighton @ Southampton,1X2,draw,,3.23,0.3927,0.3096,12.08,win,2.23,0.364,pinnacle
epl,2021,2021-12-04,Liverpool @ Wolves,1X2,draw,,5.16,0.2895,0.1938,22.21,lose,-1.0,0.364,pinnacle
epl,2021,2021-12-05,Brentford @ Leeds,1X2,draw,,3.63,0.3147,0.2755,6.4,win,2.63,0.334,pinnacle
epl,2021,2021-12-05,Brentford @ Leeds,1X2,brentford,,4.94,0.2885,0.2024,19.14,lose,-1.0,0.334,pinnacle
epl,2021,2021-12-05,Crystal Palace @ Man United,1X2,draw,,4.49,0.2559,0.2227,6.71,lose,-1.0,0.364,pinnacle
epl,2021,2021-12-05,Norwich @ Tottenham,1X2,draw,,4.51,0.2844,0.2217,12.73,lose,-1.0,0.334,pinnacle
epl,2021,2021-12-05,Leicester @ Aston Villa,1X2,aston villa,,2.4,0.4482,0.4167,3.4,win,1.4,0.364,pinnacle
epl,2021,2021-12-05,Leicester @ Aston Villa,TOTAL,over,2.5,1.92,0.6129,0.5208,7.95,win,0.9199999999999999,0.364,pinnacle
epl,2021,2021-12-06,Arsenal @ Everton,1X2,everton,,3.33,0.3828,0.3003,12.36,win,2.33,0.364,pinnacle
epl,2021,2021-12-06,Arsenal @ Everton,TOTAL,over,2.5,2.11,0.5162,0.4739,4.01,win,1.1099999999999999,0.364,pinnacle
epl,2021,2021-12-10,Watford @ Brentford,1X2,brentford,,2.63,0.4953,0.3802,13.62,win,1.63,0.334,pinnacle
epl,2021,2021-12-10,Watford @ Brentford,TOTAL,over,2.5,2.01,0.5797,0.4975,7.44,win,1.0099999999999998,0.334,pinnacle
epl,2021,2021-12-11,Southampton @ Arsenal,1X2,draw,,4.1,0.2846,0.2439,7.51,lose,-1.0,0.364,pinnacle
epl,2021,2021-12-11,Southampton @ Arsenal,1X2,southampton,,4.76,0.2677,0.2101,12.34,lose,-1.0,0.364,pinnacle
epl,2021,2021-12-11,Southampton @ Arsenal,TOTAL,under,2.5,2.14,0.5744,0.4673,10.31,lose,-1.0,0.364,pinnacle
epl,2021,2021-12-11,Man United @ Norwich,1X2,draw,,5.11,0.2317,0.1957,8.28,lose,-1.0,0.334,pinnacle
epl,2021,2021-12-12,Newcastle @ Leicester,1X2,newcastle united,,5.06,0.2274,0.1976,6.78,lose,-1.0,0.364,pinnacle
epl,2021,2021-12-12,Everton @ Crystal Palace,1X2,crystal palace,,2.27,0.4728,0.4405,3.29,win,1.27,0.364,pinnacle
epl,2021,2021-12-12,Everton @ Crystal Palace,TOTAL,over,2.5,2.37,0.5335,0.4219,11.9,win,1.37,0.364,pinnacle
epl,2021,2021-12-14,Aston Villa @ Norwich,1X2,aston villa,,2.14,0.512,0.4673,4.31,win,1.1400000000000001,0.334,pinnacle
epl,2021,2021-12-14,Aston Villa @ Norwich,TOTAL,under,2.5,1.74,0.6263,0.5747,4.04,win,0.74,0.334,pinnacle
epl,2021,2021-12-15,Wolves @ Brighton,1X2,draw,,3.25,0.3772,0.3077,10.16,lose,-1.0,0.364,pinnacle
epl,2021,2021-12-15,Wolves @ Brighton,1X2,wolverhampton wanderers,,4.6,0.2622,0.2174,9.28,win,3.5999999999999996,0.364,pinnacle
epl,2021,2021-12-15,West Ham @ Arsenal,1X2,west ham united,,3.19,0.3608,0.3135,6.8,lose,-1.0,0.364,pinnacle
epl,2021,2021-12-16,Everton @ Chelsea,TOTAL,over,2.5,1.74,0.6672,0.5747,7.24,lose,-1.0,0.364,pinnacle
epl,2021,2021-12-18,Arsenal @ Leeds,1X2,leeds united,,5.58,0.3041,0.1792,31.36,lose,-1.0,0.334,pinnacle
epl,2021,2021-12-18,Arsenal @ Leeds,1X2,draw,,4.41,0.3001,0.2268,14.55,lose,-1.0,0.334,pinnacle
epl,2021,2021-12-19,Chelsea @ Wolves,1X2,wolverhampton wanderers,,5.74,0.1972,0.1742,5.94,lose,-1.0,0.364,pinnacle
epl,2021,2021-12-19,Chelsea @ Wolves,1X2,draw,,3.54,0.3394,0.2825,9.06,win,2.54,0.364,pinnacle
epl,2021,2021-12-19,Liverpool @ Tottenham,TOTAL,under,2.5,2.35,0.4962,0.4255,7.47,lose,-1.0,0.364,pinnacle
epl,2021,2021-12-26,Arsenal @ Norwich,1X2,draw,,4.54,0.2476,0.2203,5.58,lose,-1.0,0.334,pinnacle
epl,2021,2021-12-26,Arsenal @ Norwich,TOTAL,under,2.5,2.09,0.5603,0.4785,7.7,lose,-1.0,0.334,pinnacle
epl,2021,2021-12-26,Crystal Palace @ Tottenham,1X2,crystal palace,,5.14,0.3085,0.1946,26.35,lose,-1.0,0.364,pinnacle
epl,2021,2021-12-26,Southampton @ West Ham,1X2,west ham united,,1.98,0.6061,0.5051,9.0,lose,-1.0,0.364,pinnacle
epl,2021,2021-12-26,Brentford @ Brighton,1X2,brentford,,4.42,0.3072,0.2262,16.1,lose,-1.0,0.334,pinnacle
epl,2021,2021-12-26,Brentford @ Brighton,TOTAL,under,2.5,1.68,0.6529,0.5952,4.36,win,0.6799999999999999,0.334,pinnacle
epl,2021,2021-12-27,Man United @ Newcastle,1X2,newcastle united,,6.28,0.2391,0.1592,22.57,lose,-1.0,0.364,pinnacle
epl,2021,2021-12-28,Norwich @ Crystal Palace,1X2,crystal palace,,1.78,0.6984,0.5618,10.94,win,0.78,0.334,pinnacle
epl,2021,2021-12-28,Tottenham @ Southampton,1X2,southampton,,3.77,0.2991,0.2653,5.75,lose,-1.0,0.364,pinnacle
epl,2021,2021-12-28,Tottenham @ Southampton,TOTAL,under,2.5,1.96,0.6345,0.5102,10.96,win,0.96,0.364,pinnacle
epl,2021,2021-12-28,West Ham @ Watford,1X2,watford,,3.59,0.3185,0.2786,6.46,lose,-1.0,0.364,pinnacle
epl,2021,2021-12-29,Brighton @ Chelsea,1X2,draw,,5.04,0.25,0.1984,11.7,win,4.04,0.364,pinnacle
epl,2021,2021-12-30,Burnley @ Man United,1X2,draw,,4.97,0.2658,0.2012,14.45,lose,-1.0,0.364,pinnacle
epl,2021,2021-12-30,Burnley @ Man United,TOTAL,under,2.5,2.21,0.5293,0.4525,7.63,lose,-1.0,0.364,pinnacle
epl,2021,2022-01-01,Man City @ Arsenal,1X2,draw,,4.21,0.2674,0.2375,5.66,lose,-1.0,0.364,pinnacle
epl,2021,2022-01-01,Tottenham @ Watford,1X2,draw,,4.12,0.2715,0.2427,5.34,lose,-1.0,0.364,pinnacle
epl,2021,2022-01-01,West Ham @ Crystal Palace,1X2,crystal palace,,3.56,0.3208,0.2809,6.39,lose,-1.0,0.364,pinnacle
epl,2021,2022-01-02,Aston Villa @ Brentford,1X2,brentford,,2.95,0.3778,0.339,5.15,win,1.9500000000000002,0.334,pinnacle
epl,2021,2022-01-02,Brighton @ Everton,1X2,everton,,2.91,0.3706,0.3436,3.53,lose,-1.0,0.364,pinnacle
epl,2021,2022-01-02,Brighton @ Everton,TOTAL,under,2.5,1.64,0.6713,0.6098,4.54,lose,-1.0,0.364,pinnacle
epl,2021,2022-01-02,Burnley @ Leeds,1X2,burnley,,3.73,0.3214,0.2681,8.94,lose,-1.0,0.334,pinnacle
epl,2021,2022-01-02,Burnley @ Leeds,TOTAL,under,2.5,2.0,0.5755,0.5,6.8,lose,-1.0,0.334,pinnacle
epl,2021,2022-01-02,Liverpool @ Chelsea,TOTAL,under,2.5,2.08,0.5533,0.4808,6.79,lose,-1.0,0.364,pinnacle
epl,2021,2022-01-03,Wolves @ Man United,1X2,draw,,3.74,0.3469,0.2674,13.38,lose,-1.0,0.364,pinnacle
epl,2021,2022-01-03,Wolves @ Man United,1X2,wolverhampton wanderers,,5.53,0.2965,0.1808,28.78,win,4.53,0.364,pinnacle
epl,2021,2022-01-11,Brentford @ Southampton,1X2,brentford,,3.67,0.3552,0.2725,13.66,lose,-1.0,0.334,pinnacle
epl,2021,2022-01-14,Crystal Palace @ Brighton,1X2,crystal palace,,4.14,0.2855,0.2415,8.19,lose,-1.0,0.364,pinnacle
epl,2021,2022-01-15,Chelsea @ Man City,1X2,draw,,4.21,0.2742,0.2375,6.95,lose,-1.0,0.364,pinnacle
epl,2021,2022-01-15,Chelsea @ Man City,1X2,chelsea,,5.35,0.219,0.1869,7.72,lose,-1.0,0.364,pinnacle
epl,2021,2022-01-15,Chelsea @ Man City,TOTAL,under,2.5,2.01,0.573,0.4975,6.83,win,1.0099999999999998,0.364,pinnacle
epl,2021,2022-01-15,Watford @ Newcastle,TOTAL,over,2.5,1.78,0.602,0.5618,3.22,lose,-1.0,0.364,pinnacle
epl,2021,2022-01-15,Everton @ Norwich,1X2,everton,,2.25,0.5882,0.4444,14.56,lose,-1.0,0.334,pinnacle
epl,2021,2022-01-15,Southampton @ Wolves,1X2,wolverhampton wanderers,,2.49,0.4308,0.4016,3.27,win,1.4900000000000002,0.364,pinnacle
epl,2021,2022-01-15,Man United @ Aston Villa,1X2,manchester united,,2.91,0.3783,0.3436,4.53,lose,-1.0,0.364,pinnacle
epl,2021,2022-01-15,Man United @ Aston Villa,TOTAL,over,2.5,1.93,0.5704,0.5181,4.54,win,0.9299999999999999,0.364,pinnacle
epl,2021,2022-01-16,Brentford @ Liverpool,TOTAL,over,2.5,1.67,0.6696,0.5988,5.32,win,0.6699999999999999,0.334,pinnacle
epl,2021,2022-01-16,Leeds @ West Ham,TOTAL,over,2.5,1.64,0.664,0.6098,4.0,win,0.6399999999999999,0.334,pinnacle
epl,2021,2022-01-18,Chelsea @ Brighton,1X2,brighton,,5.48,0.223,0.1825,9.99,lose,-1.0,0.364,pinnacle
epl,2021,2022-01-18,Chelsea @ Brighton,1X2,draw,,3.81,0.3123,0.2625,8.55,win,2.81,0.364,pinnacle
epl,2021,2022-01-18,Chelsea @ Brighton,TOTAL,under,2.5,1.77,0.6843,0.565,9.51,win,0.77,0.364,pinnacle
epl,2021,2022-01-19,Tottenham @ Leicester,1X2,leicester city,,3.34,0.3912,0.2994,13.8,lose,-1.0,0.364,pinnacle
epl,2021,2022-01-19,Man United @ Brentford,1X2,brentford,,4.91,0.3049,0.2037,22.37,lose,-1.0,0.334,pinnacle
epl,2021,2022-01-21,Norwich @ Watford,1X2,watford,,2.07,0.6277,0.4831,13.47,lose,-1.0,0.334,pinnacle
epl,2021,2022-01-22,Aston Villa @ Everton,TOTAL,over,2.5,2.01,0.5789,0.4975,7.36,lose,-1.0,0.364,pinnacle
epl,2021,2022-01-22,Wolves @ Brentford,1X2,draw,,3.07,0.363,0.3257,5.15,lose,-1.0,0.334,pinnacle
epl,2021,2022-01-22,West Ham @ Man United,1X2,west ham united,,3.52,0.4122,0.2841,20.3,lose,-1.0,0.364,pinnacle
epl,2021,2022-01-22,Man City @ Southampton,1X2,draw,,6.06,0.1887,0.165,6.44,win,5.06,0.364,pinnacle
epl,2021,2022-01-23,Burnley @ Arsenal,1X2,draw,,5.57,0.23,0.1795,12.65,win,4.57,0.364,pinnacle
epl,2021,2022-01-23,Liverpool @ Crystal Palace,TOTAL,over,2.5,1.76,0.6274,0.5682,4.69,win,0.76,0.364,pinnacle
epl,2021,2022-01-23,Brighton @ Leicester,1X2,leicester city,,2.71,0.398,0.369,3.54,lose,-1.0,0.364,pinnacle
epl,2021,2022-01-23,Tottenham @ Chelsea,TOTAL,under,2.5,1.96,0.5725,0.5102,5.5,win,0.96,0.364,pinnacle
epl,2021,2022-02-05,Watford @ Burnley,1X2,watford,,3.69,0.298,0.271,4.48,lose,-1.0,0.364,pinnacle
epl,2021,2022-02-08,Everton @ Newcastle,1X2,everton,,2.87,0.3946,0.3484,5.97,lose,-1.0,0.364,pinnacle
epl,2021,2022-02-08,Watford @ West Ham,TOTAL,over,2.5,1.78,0.6272,0.5618,5.24,lose,-1.0,0.364,pinnacle
epl,2021,2022-02-08,Man United @ Burnley,1X2,draw,,4.25,0.278,0.2353,8.16,win,3.25,0.364,pinnacle
epl,2021,2022-02-08,Man United @ Burnley,TOTAL,under,2.5,2.03,0.5759,0.4926,7.6,win,1.0299999999999998,0.364,pinnacle
epl,2021,2022-02-09,Crystal Palace @ Norwich,1X2,crystal palace,,2.31,0.5564,0.4329,12.84,lose,-1.0,0.334,pinnacle
epl,2021,2022-02-09,Southampton @ Tottenham,1X2,draw,,4.27,0.2664,0.2342,6.19,lose,-1.0,0.364,pinnacle
epl,2021,2022-02-09,Southampton @ Tottenham,1X2,southampton,,6.41,0.234,0.156,22.5,win,5.41,0.364,pinnacle
epl,2021,2022-02-09,Southampton @ Tottenham,TOTAL,under,2.5,2.06,0.5322,0.4854,4.34,lose,-1.0,0.364,pinnacle
epl,2021,2022-02-10,Arsenal @ Wolves,1X2,wolverhampton wanderers,,4.16,0.3654,0.2404,23.4,lose,-1.0,0.364,pinnacle
epl,2021,2022-02-10,Arsenal @ Wolves,1X2,draw,,3.35,0.3402,0.2985,6.29,lose,-1.0,0.364,pinnacle
epl,2021,2022-02-10,Arsenal @ Wolves,TOTAL,under,2.5,1.64,0.7283,0.6098,8.75,win,0.6399999999999999,0.364,pinnacle
epl,2021,2022-02-12,Southampton @ Man United,1X2,southampton,,6.26,0.1975,0.1597,10.64,lose,-1.0,0.364,pinnacle
epl,2021,2022-02-12,Leeds @ Everton,1X2,everton,,2.66,0.4779,0.3759,12.21,win,1.6600000000000001,0.334,pinnacle
epl,2021,2022-02-12,Brighton @ Watford,TOTAL,under,2.5,1.65,0.6557,0.6061,3.68,win,0.6499999999999999,0.364,pinnacle
epl,2021,2022-02-13,Liverpool @ Burnley,TOTAL,under,2.5,2.43,0.4886,0.4115,8.43,win,1.4300000000000002,0.364,pinnacle
epl,2021,2022-02-13,Aston Villa @ Newcastle,1X2,aston villa,,2.67,0.4403,0.3745,7.9,lose,-1.0,0.364,pinnacle
epl,2021,2022-02-13,Aston Villa @ Newcastle,TOTAL,over,2.5,1.83,0.5925,0.5464,3.79,lose,-1.0,0.364,pinnacle
epl,2021,2022-02-13,Wolves @ Tottenham,1X2,draw,,3.78,0.3625,0.2646,16.67,lose,-1.0,0.364,pinnacle
epl,2021,2022-02-13,Wolves @ Tottenham,1X2,wolverhampton wanderers,,5.9,0.2683,0.1695,26.22,win,4.9,0.364,pinnacle
epl,2021,2022-02-13,West Ham @ Leicester,1X2,west ham united,,2.39,0.4713,0.4184,5.69,lose,-1.0,0.364,pinnacle
epl,2021,2022-02-13,West Ham @ Leicester,TOTAL,over,2.5,1.66,0.656,0.6024,4.0,win,0.6599999999999999,0.364,pinnacle
epl,2021,2022-02-15,Brighton @ Man United,1X2,draw,,3.59,0.3306,0.2786,8.41,lose,-1.0,0.364,pinnacle
epl,2021,2022-02-15,Brighton @ Man United,1X2,brighton,,5.0,0.3068,0.2,24.03,lose,-1.0,0.364,pinnacle
epl,2021,2022-02-19,Newcastle @ West Ham,TOTAL,over,2.5,1.85,0.6497,0.5405,9.09,lose,-1.0,0.364,pinnacle
epl,2021,2022-02-19,Watford @ Aston Villa,1X2,watford,,6.2,0.2159,0.1613,15.22,win,5.2,0.334,pinnacle
epl,2021,2022-02-19,Watford @ Aston Villa,TOTAL,over,2.5,2.02,0.5613,0.495,6.03,lose,-1.0,0.334,pinnacle
epl,2021,2022-02-19,Burnley @ Brighton,1X2,draw,,3.53,0.3414,0.2833,9.22,lose,-1.0,0.364,pinnacle
epl,2021,2022-02-19,Everton @ Southampton,1X2,everton,,3.97,0.2963,0.2519,7.93,lose,-1.0,0.364,pinnacle
epl,2021,2022-02-20,Man United @ Leeds,1X2,leeds united,,5.02,0.2425,0.1992,9.78,lose,-1.0,0.334,pinnacle
epl,2021,2022-02-20,Leicester @ Wolves,TOTAL,under,2.5,1.76,0.6161,0.5682,3.79,lose,-1.0,0.364,pinnacle
epl,2021,2022-02-23,Tottenham @ Burnley,1X2,burnley,,4.71,0.3169,0.2123,22.18,win,3.71,0.364,pinnacle
epl,2021,2022-02-23,Tottenham @ Burnley,TOTAL,under,2.5,1.87,0.6069,0.5348,6.07,win,0.8700000000000001,0.364,pinnacle
epl,2021,2022-02-23,Crystal Palace @ Watford,1X2,crystal palace,,2.66,0.4265,0.3759,6.05,win,1.6600000000000001,0.364,pinnacle
epl,2021,2022-02-23,Crystal Palace @ Watford,TOTAL,over,2.5,2.27,0.4945,0.4405,5.52,win,1.27,0.364,pinnacle
epl,2021,2022-02-24,Wolves @ Arsenal,1X2,draw,,3.76,0.3421,0.266,12.89,lose,-1.0,0.364,pinnacle
epl,2021,2022-02-24,Wolves @ Arsenal,1X2,wolverhampton wanderers,,6.16,0.2823,0.1623,33.25,lose,-1.0,0.364,pinnacle
epl,2021,2022-02-25,Norwich @ Southampton,TOTAL,under,2.5,2.17,0.5022,0.4608,4.04,win,1.17,0.334,pinnacle
epl,2021,2022-02-26,Newcastle @ Brentford,TOTAL,over,2.5,2.38,0.5016,0.4202,8.72,lose,-1.0,0.334,pinnacle
epl,2021,2022-02-26,Burnley @ Crystal Palace,1X2,draw,,3.34,0.3313,0.2994,4.79,win,2.34,0.364,pinnacle
epl,2021,2022-02-26,Burnley @ Crystal Palace,TOTAL,under,2.5,1.63,0.7352,0.6135,8.92,win,0.6299999999999999,0.364,pinnacle
epl,2021,2022-02-27,Wolves @ West Ham,1X2,draw,,3.41,0.3311,0.2933,5.81,lose,-1.0,0.364,pinnacle
epl,2021,2022-02-27,Wolves @ West Ham,TOTAL,under,2.5,1.63,0.7383,0.6135,9.16,win,0.6299999999999999,0.364,pinnacle
epl,2021,2022-03-01,Leicester @ Burnley,1X2,leicester city,,2.63,0.4146,0.3802,4.07,win,1.63,0.364,pinnacle
epl,2021,2022-03-05,Southampton @ Aston Villa,1X2,southampton,,3.32,0.33,0.3012,4.31,lose,-1.0,0.364,pinnacle
epl,2021,2022-03-05,Chelsea @ Burnley,TOTAL,under,2.5,1.8,0.66,0.5556,8.46,lose,-1.0,0.364,pinnacle
epl,2021,2022-03-05,Brighton @ Newcastle,1X2,brighton,,2.86,0.3781,0.3497,3.66,lose,-1.0,0.364,pinnacle
epl,2021,2022-03-05,Brentford @ Norwich,1X2,brentford,,2.48,0.4777,0.4032,8.31,win,1.48,0.334,pinnacle
epl,2021,2022-03-05,West Ham @ Liverpool,1X2,draw,,6.5,0.1789,0.1538,7.34,lose,-1.0,0.364,pinnacle
epl,2021,2022-03-07,Everton @ Tottenham,1X2,everton,,5.05,0.2212,0.198,5.27,lose,-1.0,0.364,pinnacle
epl,2021,2022-03-10,Newcastle @ Southampton,1X2,newcastle united,,4.41,0.2666,0.2268,7.91,win,3.41,0.364,pinnacle
epl,2021,2022-03-10,Watford @ Wolves,TOTAL,under,2.5,1.63,0.6845,0.6135,5.21,lose,-1.0,0.364,pinnacle
epl,2021,2022-03-10,Aston Villa @ Leeds,1X2,aston villa,,2.51,0.5255,0.3984,14.35,win,1.5099999999999998,0.334,pinnacle
epl,2021,2022-03-12,Liverpool @ Brighton,TOTAL,under,2.5,2.19,0.521,0.4566,6.35,win,1.19,0.364,pinnacle
epl,2021,2022-03-12,Burnley @ Brentford,1X2,burnley,,3.88,0.2949,0.2577,6.5,lose,-1.0,0.334,pinnacle
epl,2021,2022-03-13,Wolves @ Everton,TOTAL,under,2.5,1.64,0.7023,0.6098,6.83,win,0.6399999999999999,0.364,pinnacle
epl,2021,2022-03-13,Norwich @ Leeds,1X2,draw,,4.38,0.268,0.2283,7.82,lose,-1.0,0.334,pinnacle
epl,2021,2022-03-13,Norwich @ Leeds,1X2,norwich city,,5.62,0.2124,0.1779,8.72,lose,-1.0,0.334,pinnacle
epl,2021,2022-03-13,Norwich @ Leeds,TOTAL,under,2.5,2.22,0.5577,0.4505,10.72,lose,-1.0,0.334,pinnacle
epl,2021,2022-03-13,Watford @ Southampton,TOTAL,under,2.5,2.08,0.5657,0.4808,7.95,lose,-1.0,0.364,pinnacle
epl,2021,2022-03-13,Aston Villa @ West Ham,1X2,west ham united,,2.58,0.4999,0.3876,13.04,win,1.58,0.364,pinnacle
epl,2021,2022-03-13,Aston Villa @ West Ham,TOTAL,over,2.5,2.04,0.5305,0.4902,3.7,win,1.04,0.364,pinnacle
epl,2021,2022-03-14,Man City @ Crystal Palace,1X2,draw,,5.58,0.209,0.1792,7.49,win,4.58,0.364,pinnacle
epl,2021,2022-03-16,Tottenham @ Brighton,1X2,brighton,,3.79,0.2937,0.2639,5.09,lose,-1.0,0.364,pinnacle
epl,2021,2022-03-16,Tottenham @ Brighton,TOTAL,under,2.5,1.81,0.6001,0.5525,3.88,win,0.81,0.364,pinnacle
epl,2021,2022-03-16,Liverpool @ Arsenal,1X2,liverpool,,2.09,0.6038,0.4785,11.79,win,1.0899999999999999,0.364,pinnacle
epl,2021,2022-03-16,Liverpool @ Arsenal,TOTAL,under,2.5,2.17,0.4955,0.4608,3.39,win,1.17,0.364,pinnacle
epl,2021,2022-03-18,Leeds @ Wolves,TOTAL,under,2.5,1.93,0.5923,0.5181,6.44,lose,-1.0,0.334,pinnacle
epl,2021,2022-03-19,Arsenal @ Aston Villa,1X2,aston villa,,2.96,0.3925,0.3378,7.28,lose,-1.0,0.364,pinnacle
epl,2021,2022-03-19,Arsenal @ Aston Villa,TOTAL,under,2.5,1.97,0.5425,0.5076,3.1,win,0.97,0.364,pinnacle
epl,2021,2022-03-20,Brentford @ Leicester,TOTAL,over,2.5,1.94,0.5877,0.5155,6.31,win,0.94,0.334,pinnacle
epl,2021,2022-04-02,Norwich @ Brighton,1X2,draw,,4.33,0.2725,0.2309,8.1,win,3.33,0.334,pinnacle
epl,2021,2022-04-02,Norwich @ Brighton,TOTAL,under,2.5,1.82,0.6405,0.5495,7.46,win,0.8200000000000001,0.334,pinnacle
epl,2021,2022-04-02,Man City @ Burnley,TOTAL,under,2.5,2.41,0.533,0.4149,12.81,win,1.4100000000000001,0.364,pinnacle
epl,2021,2022-04-02,Southampton @ Leeds,1X2,southampton,,2.86,0.451,0.3497,13.04,lose,-1.0,0.334,pinnacle
epl,2021,2022-04-02,Aston Villa @ Wolves,1X2,wolverhampton wanderers,,3.16,0.4179,0.3165,14.43,win,2.16,0.364,pinnacle
epl,2021,2022-04-02,Aston Villa @ Wolves,TOTAL,under,2.5,1.6,0.6672,0.625,3.04,lose,-1.0,0.364,pinnacle
epl,2021,2022-04-02,Leicester @ Man United,1X2,leicester city,,5.69,0.2619,0.1757,22.07,lose,-1.0,0.364,pinnacle
epl,2021,2022-04-03,Everton @ West Ham,1X2,west ham united,,1.79,0.6087,0.5587,4.03,win,0.79,0.364,pinnacle
epl,2021,2022-04-03,Everton @ West Ham,TOTAL,over,2.5,1.99,0.5861,0.5025,7.49,win,0.99,0.364,pinnacle
epl,2021,2022-04-03,Newcastle @ Tottenham,1X2,newcastle united,,6.45,0.1759,0.155,6.05,lose,-1.0,0.364,pinnacle
epl,2021,2022-04-04,Arsenal @ Crystal Palace,1X2,crystal palace,,4.15,0.3225,0.241,15.23,win,3.1500000000000004,0.364,pinnacle
epl,2021,2022-04-06,Everton @ Burnley,TOTAL,under,2.5,1.68,0.649,0.5952,4.07,lose,-1.0,0.364,pinnacle
epl,2021,2022-04-09,Man United @ Everton,1X2,manchester united,,1.92,0.569,0.5208,4.16,lose,-1.0,0.364,pinnacle
epl,2021,2022-04-09,Brighton @ Arsenal,1X2,draw,,3.88,0.284,0.2577,4.59,lose,-1.0,0.364,pinnacle
epl,2021,2022-04-09,Brighton @ Arsenal,1X2,brighton,,6.43,0.195,0.1555,11.41,win,5.43,0.364,pinnacle
epl,2021,2022-04-09,Brighton @ Arsenal,TOTAL,under,2.5,1.82,0.6265,0.5495,6.31,lose,-1.0,0.364,pinnacle
epl,2021,2022-04-09,Chelsea @ Southampton,1X2,chelsea,,2.05,0.6189,0.4878,12.09,win,1.0499999999999998,0.364,pinnacle
epl,2021,2022-04-09,Leeds @ Watford,1X2,watford,,2.91,0.4217,0.3436,10.22,lose,-1.0,0.334,pinnacle
epl,2021,2022-04-09,Tottenham @ Aston Villa,1X2,aston villa,,3.47,0.3281,0.2882,6.23,lose,-1.0,0.364,pinnacle
epl,2021,2022-04-10,West Ham @ Brentford,1X2,west ham united,,2.76,0.468,0.3623,13.13,lose,-1.0,0.334,pinnacle
epl,2021,2022-04-10,West Ham @ Brentford,TOTAL,over,2.5,2.12,0.5451,0.4717,7.01,lose,-1.0,0.334,pinnacle
epl,2021,2022-04-10,Crystal Palace @ Leicester,1X2,crystal palace,,3.1,0.3843,0.3226,8.61,lose,-1.0,0.364,pinnacle
epl,2021,2022-04-10,Crystal Palace @ Leicester,TOTAL,over,2.5,1.99,0.5778,0.5025,6.74,win,0.99,0.364,pinnacle
epl,2021,2022-04-10,Burnley @ Norwich,1X2,burnley,,2.38,0.4605,0.4202,4.32,lose,-1.0,0.334,pinnacle
epl,2021,2022-04-10,Burnley @ Norwich,TOTAL,under,2.5,1.64,0.6645,0.6098,4.04,win,0.6399999999999999,0.334,pinnacle
epl,2021,2022-04-10,Liverpool @ Man City,1X2,draw,,3.82,0.2949,0.2618,5.69,win,2.82,0.364,pinnacle
epl,2021,2022-04-10,Liverpool @ Man City,1X2,liverpool,,3.9,0.3297,0.2564,12.86,lose,-1.0,0.364,pinnacle
epl,2021,2022-04-16,Brighton @ Tottenham,1X2,draw,,4.56,0.2585,0.2193,8.05,lose,-1.0,0.364,pinnacle
epl,2021,2022-04-16,Brighton @ Tottenham,TOTAL,under,2.5,1.98,0.5622,0.5051,5.09,win,0.98,0.364,pinnacle
epl,2021,2022-04-16,Norwich @ Man United,1X2,draw,,6.35,0.1828,0.1575,7.23,lose,-1.0,0.334,pinnacle
epl,2021,2022-04-16,Arsenal @ Southampton,1X2,southampton,,4.08,0.2658,0.2451,3.8,win,3.08,0.364,pinnacle
epl,2021,2022-04-16,Brentford @ Watford,1X2,brentford,,2.58,0.4538,0.3876,7.69,win,1.58,0.334,pinnacle
epl,2021,2022-04-16,Brentford @ Watford,TOTAL,over,2.5,2.17,0.4977,0.4608,3.6,win,1.17,0.334,pinnacle
epl,2021,2022-04-17,Leicester @ Newcastle,TOTAL,over,2.5,1.97,0.6025,0.5076,8.41,win,0.97,0.364,pinnacle
epl,2021,2022-04-20,Arsenal @ Chelsea,1X2,chelsea,,1.96,0.5982,0.5102,7.76,lose,-1.0,0.364,pinnacle
epl,2021,2022-04-20,Leicester @ Everton,1X2,leicester city,,2.9,0.403,0.3448,7.59,lose,-1.0,0.364,pinnacle
epl,2021,2022-04-20,Leicester @ Everton,TOTAL,over,2.5,1.95,0.5727,0.5128,5.26,lose,-1.0,0.364,pinnacle
epl,2021,2022-04-20,Brighton @ Man City,1X2,draw,,6.5,0.1949,0.1538,12.01,lose,-1.0,0.364,pinnacle
epl,2021,2022-04-20,Brighton @ Man City,TOTAL,under,2.5,2.32,0.5584,0.431,13.3,lose,-1.0,0.364,pinnacle
epl,2021,2022-04-21,Southampton @ Burnley,TOTAL,under,2.5,1.94,0.5957,0.5155,7.01,win,0.94,0.364,pinnacle
epl,2021,2022-04-23,Man United @ Arsenal,1X2,manchester united,,3.75,0.2959,0.2667,4.93,lose,-1.0,0.364,pinnacle
epl,2021,2022-04-23,Man United @ Arsenal,TOTAL,under,2.5,2.08,0.534,0.4808,4.98,lose,-1.0,0.364,pinnacle
epl,2021,2022-04-23,Aston Villa @ Leicester,1X2,leicester city,,3.05,0.3635,0.3279,4.89,lose,-1.0,0.364,pinnacle
epl,2021,2022-04-23,Newcastle @ Norwich,TOTAL,under,2.5,1.93,0.6205,0.5181,8.89,lose,-1.0,0.334,pinnacle
epl,2021,2022-04-23,Tottenham @ Brentford,1X2,brentford,,4.93,0.2673,0.2028,14.3,lose,-1.0,0.334,pinnacle
epl,2021,2022-04-24,Southampton @ Brighton,TOTAL,under,2.5,1.86,0.6673,0.5376,10.86,lose,-1.0,0.364,pinnacle
epl,2021,2022-04-24,Wolves @ Burnley,1X2,draw,,3.14,0.3612,0.3185,6.04,lose,-1.0,0.364,pinnacle
epl,2021,2022-04-25,Leeds @ Crystal Palace,TOTAL,over,2.5,1.87,0.6005,0.5348,5.53,lose,-1.0,0.334,pinnacle
epl,2021,2022-04-28,Chelsea @ Man United,1X2,chelsea,,2.13,0.5734,0.4695,9.96,lose,-1.0,0.364,pinnacle
epl,2021,2022-04-28,Chelsea @ Man United,TOTAL,over,2.5,1.85,0.5833,0.5405,3.56,lose,-1.0,0.364,pinnacle
epl,2021,2022-04-30,Liverpool @ Newcastle,TOTAL,over,2.5,1.73,0.6195,0.578,3.23,lose,-1.0,0.364,pinnacle
epl,2021,2022-04-30,Norwich @ Aston Villa,TOTAL,under,2.5,2.27,0.4838,0.4405,4.42,win,1.27,0.334,pinnacle
epl,2021,2022-04-30,Crystal Palace @ Southampton,1X2,crystal palace,,3.22,0.4128,0.3106,14.82,win,2.22,0.364,pinnacle
epl,2021,2022-04-30,Burnley @ Watford,1X2,burnley,,2.92,0.3842,0.3425,5.49,win,1.92,0.364,pinnacle
epl,2021,2022-04-30,Burnley @ Watford,TOTAL,under,2.5,1.81,0.6011,0.5525,3.96,lose,-1.0,0.364,pinnacle
epl,2021,2022-04-30,Brighton @ Wolves,1X2,wolverhampton wanderers,,2.81,0.446,0.3559,11.4,lose,-1.0,0.364,pinnacle
epl,2021,2022-05-01,Chelsea @ Everton,1X2,chelsea,,1.73,0.637,0.578,4.59,lose,-1.0,0.364,pinnacle
epl,2021,2022-05-01,Leicester @ Tottenham,1X2,draw,,5.32,0.2263,0.188,9.18,lose,-1.0,0.364,pinnacle
epl,2021,2022-05-02,Brentford @ Man United,1X2,brentford,,4.62,0.2712,0.2165,11.38,lose,-1.0,0.334,pinnacle
epl,2021,2022-05-07,Aston Villa @ Burnley,TOTAL,under,2.5,1.81,0.6006,0.5525,3.92,lose,-1.0,0.364,pinnacle
epl,2021,2022-05-07,Wolves @ Chelsea,1X2,draw,,4.94,0.2771,0.2024,16.6,win,3.9400000000000004,0.364,pinnacle
epl,2021,2022-05-07,Watford @ Crystal Palace,1X2,crystal palace,,1.7,0.6295,0.5882,3.16,win,0.7,0.364,pinnacle
epl,2021,2022-05-07,Man United @ Brighton,TOTAL,under,2.5,1.92,0.563,0.5208,3.64,lose,-1.0,0.364,pinnacle
epl,2021,2022-05-08,Everton @ Leicester,TOTAL,over,2.5,2.02,0.5756,0.495,7.33,win,1.02,0.364,pinnacle
epl,2021,2022-05-08,West Ham @ Norwich,1X2,west ham united,,1.72,0.6402,0.5814,4.55,win,0.72,0.334,pinnacle
epl,2021,2022-05-10,Liverpool @ Aston Villa,TOTAL,under,2.5,2.38,0.5036,0.4202,8.93,lose,-1.0,0.364,pinnacle
epl,2021,2022-05-11,Norwich @ Leicester,TOTAL,under,2.5,2.46,0.4808,0.4065,8.23,lose,-1.0,0.334,pinnacle
epl,2021,2022-05-11,Everton @ Watford,TOTAL,under,2.5,1.98,0.5395,0.5051,3.07,win,0.98,0.364,pinnacle
epl,2021,2022-05-15,Burnley @ Tottenham,1X2,draw,,5.75,0.2459,0.1739,18.63,lose,-1.0,0.364,pinnacle
epl,2021,2022-05-15,Crystal Palace @ Aston Villa,1X2,crystal palace,,4.57,0.3441,0.2188,25.77,lose,-1.0,0.364,pinnacle
epl,2021,2022-05-15,Brighton @ Leeds,1X2,brighton,,2.73,0.4981,0.3663,16.19,lose,-1.0,0.334,pinnacle
epl,2021,2022-05-15,Brighton @ Leeds,TOTAL,under,2.5,2.0,0.5832,0.5,7.49,win,1.0,0.334,pinnacle
epl,2021,2022-05-15,Leicester @ Watford,1X2,watford,,5.54,0.2625,0.1805,20.44,lose,-1.0,0.364,pinnacle
epl,2021,2022-05-15,Man City @ West Ham,1X2,draw,,5.43,0.2218,0.1842,9.2,win,4.43,0.364,pinnacle
epl,2021,2022-05-19,Burnley @ Aston Villa,TOTAL,under,2.5,1.88,0.5834,0.5319,4.35,win,0.8799999999999999,0.364,pinnacle
epl,2021,2022-05-22,Everton @ Arsenal,1X2,draw,,5.61,0.2292,0.1783,12.86,lose,-1.0,0.364,pinnacle
epl,2021,2022-05-22,Leeds @ Brentford,1X2,brentford,,2.38,0.5676,0.4202,15.79,lose,-1.0,0.334,pinnacle
epl,2021,2022-05-22,West Ham @ Brighton,TOTAL,under,2.5,2.14,0.5827,0.4673,11.12,lose,-1.0,0.364,pinnacle
epl,2021,2022-05-22,Newcastle @ Burnley,1X2,newcastle united,,3.05,0.382,0.3279,7.43,win,2.05,0.364,pinnacle
epl,2021,2022-05-22,Man United @ Crystal Palace,TOTAL,under,2.5,2.15,0.5335,0.4651,6.61,win,1.15,0.364,pinnacle
epl,2021,2022-05-22,Southampton @ Leicester,1X2,draw,,4.39,0.2517,0.2278,4.72,lose,-1.0,0.364,pinnacle
epl,2021,2022-05-22,Southampton @ Leicester,1X2,southampton,,4.67,0.2674,0.2141,11.19,lose,-1.0,0.364,pinnacle
laliga,2021,2021-09-25,Ath Bilbao @ Valencia,1X2,draw,,3.14,0.3841,0.3185,9.28,win,2.14,0.364,pinnacle
laliga,2021,2021-09-26,Osasuna @ Mallorca,1X2,osasuna,,3.27,0.3721,0.3058,9.75,win,2.27,0.334,pinnacle
laliga,2021,2021-09-26,Elche @ Sociedad,1X2,draw,,4.1,0.3177,0.2439,13.62,lose,-1.0,0.334,pinnacle
laliga,2021,2021-09-26,Cadiz @ Vallecano,1X2,cadiz,,6.5,0.1758,0.1538,6.43,lose,-1.0,0.334,pinnacle
laliga,2021,2021-09-26,Getafe @ Betis,1X2,draw,,3.89,0.2832,0.2571,4.58,lose,-1.0,0.364,pinnacle
laliga,2021,2021-09-26,Getafe @ Betis,TOTAL,under,2.5,1.67,0.6447,0.5988,3.45,win,0.6699999999999999,0.364,pinnacle
laliga,2021,2021-09-27,Granada @ Celta,1X2,draw,,4.09,0.2751,0.2445,5.63,lose,-1.0,0.364,pinnacle
laliga,2021,2021-09-27,Granada @ Celta,TOTAL,under,2.5,2.01,0.575,0.4975,7.01,win,1.0099999999999998,0.364,pinnacle
laliga,2021,2021-10-01,Alaves @ Ath Bilbao,1X2,draw,,3.93,0.286,0.2545,5.59,lose,-1.0,0.364,pinnacle
laliga,2021,2021-10-01,Alaves @ Ath Bilbao,TOTAL,under,2.5,1.65,0.7308,0.6061,9.26,win,0.6499999999999999,0.364,pinnacle
laliga,2021,2021-10-02,Vallecano @ Osasuna,1X2,rayo vallecano,,3.64,0.4162,0.2747,23.17,lose,-1.0,0.334,pinnacle
laliga,2021,2021-10-02,Vallecano @ Osasuna,TOTAL,over,2.5,2.09,0.5554,0.4785,7.23,lose,-1.0,0.334,pinnacle
laliga,2021,2021-10-02,Valencia @ Cadiz,TOTAL,over,2.5,2.53,0.501,0.3953,12.04,lose,-1.0,0.334,pinnacle
laliga,2021,2021-10-02,Barcelona @ Ath Madrid,1X2,barcelona,,4.24,0.3335,0.2358,18.63,lose,-1.0,0.364,pinnacle
laliga,2021,2021-10-02,Barcelona @ Ath Madrid,TOTAL,under,2.5,1.85,0.6102,0.5405,5.8,win,0.8500000000000001,0.364,pinnacle
laliga,2021,2021-10-03,Celta @ Elche,1X2,elche,,3.31,0.3836,0.3021,12.14,win,2.31,0.334,pinnacle
laliga,2021,2021-10-03,Celta @ Elche,TOTAL,under,2.5,1.64,0.6814,0.6098,5.29,win,0.6399999999999999,0.334,pinnacle
laliga,2021,2021-10-03,Real Madrid @ Espanol,TOTAL,under,2.5,2.17,0.5056,0.4608,4.37,lose,-1.0,0.364,pinnacle
laliga,2021,2021-10-03,Sociedad @ Getafe,1X2,real sociedad,,2.5,0.5259,0.4,14.16,lose,-1.0,0.364,pinnacle
laliga,2021,2021-10-03,Betis @ Villarreal,1X2,draw,,3.67,0.3248,0.2725,8.65,lose,-1.0,0.364,pinnacle
laliga,2021,2021-10-03,Sevilla @ Granada,TOTAL,under,2.5,1.7,0.682,0.5882,7.17,win,0.7,0.364,pinnacle
laliga,2021,2021-10-16,Getafe @ Levante,1X2,levante,,2.45,0.5012,0.4082,10.26,lose,-1.0,0.364,pinnacle
laliga,2021,2021-10-16,Mallorca @ Sociedad,TOTAL,under,2.5,1.93,0.5617,0.5181,3.78,win,0.9299999999999999,0.334,pinnacle
laliga,2021,2021-10-17,Elche @ Vallecano,1X2,rayo vallecano,,1.89,0.5877,0.5291,4.98,win,0.8899999999999999,0.334,pinnacle
laliga,2021,2021-10-17,Sevilla @ Celta,1X2,sevilla,,2.65,0.4925,0.3774,13.73,win,1.65,0.364,pinnacle
laliga,2021,2021-10-17,Osasuna @ Villarreal,1X2,draw,,4.23,0.2716,0.2364,6.7,lose,-1.0,0.364,pinnacle
laliga,2021,2021-10-17,Valencia @ Barcelona,1X2,draw,,4.68,0.2711,0.2137,12.09,lose,-1.0,0.364,pinnacle
laliga,2021,2021-10-17,Valencia @ Barcelona,1X2,valencia,,6.04,0.2556,0.1656,24.46,lose,-1.0,0.364,pinnacle
laliga,2021,2021-10-17,Valencia @ Barcelona,TOTAL,under,2.5,2.23,0.5331,0.4484,8.5,lose,-1.0,0.364,pinnacle
laliga,2021,2021-10-18,Betis @ Alaves,TOTAL,under,2.5,1.76,0.6555,0.5682,6.92,win,0.76,0.364,pinnacle
laliga,2021,2021-10-18,Cadiz @ Espanol,1X2,draw,,3.63,0.3161,0.2755,6.63,lose,-1.0,0.334,pinnacle
laliga,2021,2021-10-18,Cadiz @ Espanol,1X2,cadiz,,5.81,0.2297,0.1721,15.06,lose,-1.0,0.334,pinnacle
laliga,2021,2021-10-18,Cadiz @ Espanol,TOTAL,under,2.5,1.66,0.6902,0.6024,6.55,win,0.6599999999999999,0.334,pinnacle
laliga,2021,2021-10-22,Granada @ Osasuna,TOTAL,over,2.5,2.28,0.4908,0.4386,5.36,lose,-1.0,0.364,pinnacle
laliga,2021,2021-10-23,Mallorca @ Valencia,1X2,valencia,,1.82,0.6023,0.5495,4.33,lose,-1.0,0.334,pinnacle
laliga,2021,2021-10-23,Alaves @ Cadiz,1X2,cadiz,,2.6,0.5332,0.3846,17.38,lose,-1.0,0.334,pinnacle
laliga,2021,2021-10-23,Espanol @ Elche,1X2,draw,,3.03,0.3571,0.33,3.69,win,2.03,0.334,pinnacle
laliga,2021,2021-10-23,Villarreal @ Ath Bilbao,1X2,draw,,3.29,0.4001,0.304,14.23,lose,-1.0,0.364,pinnacle
laliga,2021,2021-10-24,Real Madrid @ Barcelona,TOTAL,over,2.5,1.64,0.6658,0.6098,4.13,win,0.6399999999999999,0.364,pinnacle
laliga,2021,2021-10-24,Vallecano @ Betis,1X2,rayo vallecano,,4.91,0.31,0.2037,23.49,lose,-1.0,0.334,pinnacle
laliga,2021,2021-10-24,Vallecano @ Betis,TOTAL,under,2.5,2.04,0.5494,0.4902,5.43,lose,-1.0,0.334,pinnacle
laliga,2021,2021-10-24,Sociedad @ Ath Madrid,1X2,draw,,3.77,0.3182,0.2653,8.98,win,2.77,0.364,pinnacle
laliga,2021,2021-10-24,Sociedad @ Ath Madrid,1X2,real sociedad,,6.19,0.2536,0.1616,25.64,lose,-1.0,0.364,pinnacle
laliga,2021,2021-10-24,Sociedad @ Ath Madrid,TOTAL,under,2.5,1.71,0.6841,0.5848,7.64,lose,-1.0,0.364,pinnacle
laliga,2021,2021-10-26,Elche @ Alaves,1X2,draw,,3.01,0.3764,0.3322,5.99,lose,-1.0,0.334,pinnacle
laliga,2021,2021-10-26,Elche @ Alaves,1X2,elche,,3.99,0.3313,0.2506,14.48,lose,-1.0,0.334,pinnacle
laliga,2021,2021-10-26,Ath Bilbao @ Espanol,1X2,draw,,3.14,0.4087,0.3185,12.75,win,2.14,0.364,pinnacle
laliga,2021,2021-10-26,Cadiz @ Villarreal,1X2,draw,,5.73,0.2888,0.1745,29.47,win,4.73,0.334,pinnacle
laliga,2021,2021-10-27,Barcelona @ Vallecano,TOTAL,under,2.5,2.2,0.4994,0.4545,4.44,win,1.2000000000000002,0.334,pinnacle
laliga,2021,2021-10-27,Valencia @ Betis,1X2,valencia,,4.29,0.2756,0.2331,8.21,lose,-1.0,0.364,pinnacle
laliga,2021,2021-10-27,Osasuna @ Real Madrid,1X2,draw,,6.2,0.1945,0.1613,9.27,win,5.2,0.364,pinnacle
laliga,2021,2021-10-27,Osasuna @ Real Madrid,TOTAL,over,2.5,1.6,0.6821,0.625,4.11,lose,-1.0,0.364,pinnacle
laliga,2021,2021-10-28,Sociedad @ Celta,TOTAL,under,2.5,1.81,0.6675,0.5525,9.37,win,0.81,0.364,pinnacle
laliga,2021,2021-10-28,Getafe @ Granada,1X2,granada,,2.25,0.5609,0.4444,11.79,lose,-1.0,0.364,pinnacle
laliga,2021,2021-10-28,Ath Madrid @ Levante,1X2,draw,,4.28,0.2779,0.2336,8.52,win,3.2800000000000002,0.364,pinnacle
laliga,2021,2021-10-30,Real Madrid @ Elche,1X2,draw,,4.37,0.2861,0.2288,11.27,lose,-1.0,0.334,pinnacle
laliga,2021,2021-10-30,Osasuna @ Sevilla,1X2,draw,,4.25,0.2825,0.2353,9.02,lose,-1.0,0.364,pinnacle
laliga,2021,2021-10-30,Osasuna @ Sevilla,TOTAL,under,2.5,1.78,0.6615,0.5618,7.98,win,0.78,0.364,pinnacle
laliga,2021,2021-10-30,Villarreal @ Valencia,TOTAL,under,2.5,1.95,0.6133,0.5128,8.82,win,0.95,0.364,pinnacle
laliga,2021,2021-10-31,Mallorca @ Cadiz,1X2,cadiz,,2.82,0.4162,0.3546,7.81,lose,-1.0,0.334,pinnacle
laliga,2021,2021-10-31,Betis @ Ath Madrid,1X2,draw,,4.41,0.2992,0.2268,14.38,lose,-1.0,0.364,pinnacle
laliga,2021,2021-10-31,Betis @ Ath Madrid,TOTAL,under,2.5,1.85,0.6101,0.5405,5.79,lose,-1.0,0.364,pinnacle
laliga,2021,2021-10-31,Ath Bilbao @ Sociedad,1X2,draw,,3.19,0.4137,0.3135,14.39,win,2.19,0.364,pinnacle
laliga,2021,2021-10-31,Ath Bilbao @ Sociedad,1X2,athletic,,3.93,0.3368,0.2545,14.56,lose,-1.0,0.364,pinnacle
laliga,2021,2021-11-01,Granada @ Levante,1X2,granada,,3.9,0.2802,0.2564,4.18,win,2.9,0.364,pinnacle
laliga,2021,2021-11-05,Cadiz @ Ath Bilbao,1X2,draw,,4.67,0.2769,0.2141,13.2,lose,-1.0,0.334,pinnacle
laliga,2021,2021-11-06,Granada @ Espanol,1X2,draw,,3.54,0.3025,0.2825,3.2,lose,-1.0,0.334,pinnacle
laliga,2021,2021-11-06,Granada @ Espanol,1X2,granada,,4.69,0.2496,0.2132,7.69,lose,-1.0,0.334,pinnacle
laliga,2021,2021-11-06,Granada @ Espanol,TOTAL,under,2.5,1.68,0.6419,0.5952,3.52,win,0.6799999999999999,0.334,pinnacle
laliga,2021,2021-11-06,Barcelona @ Celta,1X2,celta vigo,,3.9,0.311,0.2564,9.59,lose,-1.0,0.364,pinnacle
laliga,2021,2021-11-06,Barcelona @ Celta,1X2,draw,,3.54,0.3047,0.2825,3.54,win,2.54,0.364,pinnacle
laliga,2021,2021-11-06,Vallecano @ Real Madrid,1X2,draw,,5.03,0.2276,0.1988,6.52,lose,-1.0,0.334,pinnacle
laliga,2021,2021-11-07,Getafe @ Villarreal,1X2,draw,,4.22,0.2613,0.237,4.62,lose,-1.0,0.364,pinnacle
laliga,2021,2021-11-07,Getafe @ Villarreal,TOTAL,under,2.5,1.71,0.6349,0.5848,3.85,win,0.71,0.364,pinnacle
laliga,2021,2021-11-07,Ath Madrid @ Valencia,1X2,valencia,,4.67,0.3443,0.2141,27.36,lose,-1.0,0.364,pinnacle
laliga,2021,2021-11-07,Ath Madrid @ Valencia,TOTAL,over,2.5,2.24,0.516,0.4464,7.01,win,1.2400000000000002,0.364,pinnacle
laliga,2021,2021-11-07,Elche @ Mallorca,1X2,elche,,4.36,0.2604,0.2294,6.08,lose,-1.0,0.334,pinnacle
laliga,2021,2021-11-07,Sevilla @ Betis,1X2,sevilla,,2.7,0.4598,0.3704,10.87,win,1.7000000000000002,0.364,pinnacle
laliga,2021,2021-11-07,Sevilla @ Betis,TOTAL,under,2.5,1.81,0.5977,0.5525,3.68,win,0.81,0.364,pinnacle
laliga,2021,2021-11-19,Ath Bilbao @ Levante,1X2,draw,,3.38,0.3169,0.2959,3.2,win,2.38,0.364,pinnacle
laliga,2021,2021-11-19,Ath Bilbao @ Levante,TOTAL,under,2.5,1.71,0.6964,0.5848,8.59,win,0.71,0.364,pinnacle
laliga,2021,2021-11-20,Villarreal @ Celta,1X2,villarreal,,3.17,0.3553,0.3155,5.68,lose,-1.0,0.364,pinnacle
laliga,2021,2021-11-20,Villarreal @ Celta,TOTAL,under,2.5,1.77,0.6375,0.565,5.78,win,0.77,0.364,pinnacle
laliga,2021,2021-11-20,Alaves @ Sevilla,TOTAL,under,2.5,1.85,0.612,0.5405,5.95,lose,-1.0,0.364,pinnacle
laliga,2021,2021-11-20,Osasuna @ Ath Madrid,TOTAL,over,2.5,2.09,0.5243,0.4785,4.31,lose,-1.0,0.364,pinnacle
laliga,2021,2021-11-20,Espanol @ Barcelona,1X2,draw,,4.41,0.2908,0.2268,12.71,lose,-1.0,0.364,pinnacle
laliga,2021,2021-11-21,Cadiz @ Getafe,1X2,cadiz,,4.59,0.3645,0.2179,30.29,lose,-1.0,0.334,pinnacle
laliga,2021,2021-11-21,Real Madrid @ Granada,1X2,draw,,4.91,0.2393,0.2037,7.87,lose,-1.0,0.364,pinnacle
laliga,2021,2021-11-21,Betis @ Elche,1X2,elche,,3.36,0.3246,0.2976,4.08,lose,-1.0,0.334,pinnacle
laliga,2021,2021-11-22,Mallorca @ Vallecano,1X2,rayo vallecano,,1.95,0.5768,0.5128,5.61,win,0.95,0.334,pinnacle
laliga,2021,2021-11-22,Mallorca @ Vallecano,TOTAL,over,2.5,2.23,0.4865,0.4484,3.82,win,1.23,0.334,pinnacle
laliga,2021,2021-11-26,Granada @ Ath Bilbao,1X2,draw,,4.79,0.3094,0.2088,21.7,win,3.79,0.364,pinnacle
laliga,2021,2021-11-27,Celta @ Alaves,1X2,alaves,,3.13,0.3606,0.3195,5.79,lose,-1.0,0.364,pinnacle
laliga,2021,2021-11-27,Celta @ Alaves,TOTAL,under,2.5,1.62,0.6652,0.6173,3.49,lose,-1.0,0.364,pinnacle
laliga,2021,2021-11-27,Vallecano @ Valencia,1X2,rayo vallecano,,4.09,0.3681,0.2445,22.75,lose,-1.0,0.334,pinnacle
laliga,2021,2021-11-27,Vallecano @ Valencia,TOTAL,over,2.5,2.26,0.5503,0.4425,10.96,lose,-1.0,0.334,pinnacle
laliga,2021,2021-11-27,Barcelona @ Villarreal,1X2,villarreal,,2.9,0.395,0.3448,6.55,lose,-1.0,0.364,pinnacle
laliga,2021,2021-11-27,Barcelona @ Villarreal,TOTAL,under,2.5,2.09,0.5784,0.4785,9.4,lose,-1.0,0.364,pinnacle
laliga,2021,2021-11-28,Levante @ Betis,1X2,real betis,,1.7,0.653,0.5882,4.96,win,0.7,0.364,pinnacle
laliga,2021,2021-11-28,Sociedad @ Espanol,1X2,draw,,3.18,0.3379,0.3145,3.35,lose,-1.0,0.364,pinnacle
laliga,2021,2021-11-28,Ath Madrid @ Cadiz,1X2,draw,,4.43,0.2533,0.2257,5.49,lose,-1.0,0.334,pinnacle
laliga,2021,2021-11-28,Ath Madrid @ Cadiz,TOTAL,over,2.5,2.23,0.4847,0.4484,3.64,win,1.23,0.334,pinnacle
laliga,2021,2021-11-28,Sevilla @ Real Madrid,1X2,sevilla,,5.19,0.3231,0.1927,30.45,lose,-1.0,0.364,pinnacle
laliga,2021,2021-11-29,Elche @ Osasuna,1X2,elche,,5.36,0.2349,0.1866,11.66,lose,-1.0,0.334,pinnacle
laliga,2021,2021-12-01,Ath Bilbao @ Real Madrid,1X2,draw,,4.64,0.286,0.2155,14.71,lose,-1.0,0.364,pinnacle
laliga,2021,2021-12-03,Alaves @ Granada,1X2,granada,,2.5,0.427,0.4,3.04,win,1.5,0.364,pinnacle
laliga,2021,2021-12-04,Villarreal @ Sevilla,1X2,sevilla,,1.99,0.5865,0.5025,7.52,win,0.99,0.364,pinnacle
laliga,2021,2021-12-04,Betis @ Barcelona,1X2,draw,,4.68,0.2515,0.2137,7.96,lose,-1.0,0.364,pinnacle
laliga,2021,2021-12-04,Betis @ Barcelona,1X2,real betis,,6.5,0.2959,0.1538,41.56,win,5.5,0.364,pinnacle
laliga,2021,2021-12-04,Mallorca @ Ath Madrid,TOTAL,over,2.5,1.96,0.5499,0.5102,3.5,win,0.96,0.334,pinnacle
laliga,2021,2021-12-04,Real Madrid @ Sociedad,1X2,real sociedad,,3.54,0.4124,0.2825,20.69,lose,-1.0,0.364,pinnacle
laliga,2021,2021-12-04,Real Madrid @ Sociedad,TOTAL,under,2.5,1.93,0.6373,0.5181,10.35,win,0.9299999999999999,0.364,pinnacle
laliga,2021,2021-12-05,Cadiz @ Elche,1X2,cadiz,,4.31,0.2658,0.232,6.55,lose,-1.0,0.334,pinnacle
laliga,2021,2021-12-05,Osasuna @ Levante,1X2,osasuna,,3.38,0.3979,0.2959,15.53,lose,-1.0,0.364,pinnacle
laliga,2021,2021-12-05,Valencia @ Celta,1X2,valencia,,4.58,0.3503,0.2183,27.21,win,3.58,0.364,pinnacle
laliga,2021,2021-12-06,Ath Bilbao @ Getafe,1X2,draw,,2.93,0.3722,0.3413,4.08,win,1.9300000000000002,0.364,pinnacle
laliga,2021,2021-12-10,Celta @ Mallorca,1X2,mallorca,,2.91,0.3834,0.3436,5.21,lose,-1.0,0.334,pinnacle
laliga,2021,2021-12-11,Levante @ Espanol,1X2,espanyol,,1.95,0.5485,0.5128,3.13,win,0.95,0.364,pinnacle
laliga,2021,2021-12-11,Levante @ Espanol,TOTAL,under,2.5,1.78,0.6411,0.5618,6.35,lose,-1.0,0.364,pinnacle
laliga,2021,2021-12-11,Elche @ Valencia,1X2,elche,,6.26,0.2118,0.1597,14.67,lose,-1.0,0.334,pinnacle
laliga,2021,2021-12-11,Elche @ Valencia,TOTAL,over,2.5,2.25,0.5134,0.4444,6.98,win,1.25,0.334,pinnacle
laliga,2021,2021-12-11,Sevilla @ Ath Bilbao,1X2,draw,,3.02,0.3643,0.3311,4.51,lose,-1.0,0.364,pinnacle
laliga,2021,2021-12-11,Sevilla @ Ath Bilbao,1X2,sevilla,,3.42,0.374,0.2924,12.55,win,2.42,0.364,pinnacle
laliga,2021,2021-12-12,Vallecano @ Villarreal,1X2,draw,,3.79,0.2971,0.2639,5.68,lose,-1.0,0.334,pinnacle
laliga,2021,2021-12-12,Vallecano @ Villarreal,TOTAL,under,2.5,1.94,0.601,0.5155,7.46,win,0.94,0.334,pinnacle
laliga,2021,2021-12-12,Barcelona @ Osasuna,1X2,osasuna,,4.24,0.3024,0.2358,12.69,lose,-1.0,0.364,pinnacle
laliga,2021,2021-12-12,Sociedad @ Betis,TOTAL,under,2.5,1.83,0.6091,0.5464,5.16,lose,-1.0,0.364,pinnacle
laliga,2021,2021-12-12,Ath Madrid @ Real Madrid,TOTAL,over,2.5,1.99,0.6036,0.5025,9.05,lose,-1.0,0.364,pinnacle
laliga,2021,2021-12-13,Granada @ Cadiz,1X2,granada,,3.1,0.371,0.3226,6.76,lose,-1.0,0.334,pinnacle
laliga,2021,2021-12-17,Espanol @ Celta,1X2,draw,,3.49,0.3139,0.2865,4.3,lose,-1.0,0.364,pinnacle
laliga,2021,2021-12-17,Espanol @ Celta,1X2,espanyol,,4.31,0.3313,0.232,19.25,lose,-1.0,0.364,pinnacle
laliga,2021,2021-12-17,Espanol @ Celta,TOTAL,under,2.5,1.76,0.6525,0.5682,6.68,lose,-1.0,0.364,pinnacle
laliga,2021,2021-12-18,Villarreal @ Sociedad,TOTAL,under,2.5,1.76,0.6678,0.5682,7.89,lose,-1.0,0.364,pinnacle
laliga,2021,2021-12-18,Elche @ Barcelona,1X2,draw,,5.82,0.2351,0.1718,16.58,lose,-1.0,0.334,pinnacle
laliga,2021,2021-12-18,Elche @ Barcelona,TOTAL,under,2.5,2.32,0.4908,0.431,6.24,lose,-1.0,0.334,pinnacle
laliga,2021,2021-12-19,Betis @ Ath Bilbao,1X2,draw,,3.62,0.341,0.2762,10.54,lose,-1.0,0.364,pinnacle
laliga,2021,2021-12-19,Betis @ Ath Bilbao,1X2,real betis,,3.37,0.3381,0.2967,6.28,lose,-1.0,0.364,pinnacle
laliga,2021,2021-12-19,Osasuna @ Getafe,1X2,osasuna,,3.96,0.3287,0.2525,13.57,lose,-1.0,0.364,pinnacle
laliga,2021,2021-12-20,Valencia @ Levante,1X2,valencia,,2.44,0.4764,0.4098,7.31,win,1.44,0.364,pinnacle
laliga,2021,2021-12-20,Valencia @ Levante,TOTAL,over,2.5,2.08,0.5603,0.4808,7.44,win,1.08,0.364,pinnacle
laliga,2021,2021-12-21,Alaves @ Villarreal,1X2,draw,,5.2,0.2845,0.1923,21.57,lose,-1.0,0.364,pinnacle
laliga,2021,2021-12-22,Ath Madrid @ Granada,1X2,draw,,4.24,0.2659,0.2358,5.73,lose,-1.0,0.364,pinnacle
laliga,2021,2021-12-22,Ath Madrid @ Granada,TOTAL,over,2.5,2.15,0.5121,0.4651,4.54,win,1.15,0.364,pinnacle
laliga,2021,2021-12-22,Real Madrid @ Ath Bilbao,1X2,draw,,3.61,0.3433,0.277,10.77,lose,-1.0,0.364,pinnacle
laliga,2021,2021-12-31,Espanol @ Valencia,1X2,espanyol,,4.55,0.2463,0.2198,5.42,win,3.55,0.364,pinnacle
laliga,2021,2022-01-02,Real Madrid @ Getafe,1X2,draw,,4.22,0.2628,0.237,4.91,lose,-1.0,0.364,pinnacle
laliga,2021,2022-01-02,Real Madrid @ Getafe,TOTAL,under,2.5,1.82,0.6523,0.5495,8.43,win,0.8200000000000001,0.364,pinnacle
laliga,2021,2022-01-02,Vallecano @ Ath Madrid,1X2,draw,,4.2,0.2721,0.2381,6.43,lose,-1.0,0.334,pinnacle
laliga,2021,2022-01-02,Sociedad @ Alaves,1X2,alaves,,5.02,0.2877,0.1992,19.99,lose,-1.0,0.364,pinnacle
laliga,2021,2022-01-03,Ath Bilbao @ Osasuna,1X2,osasuna,,3.48,0.3214,0.2874,5.33,lose,-1.0,0.364,pinnacle
laliga,2021,2022-01-08,Mallorca @ Levante,1X2,mallorca,,3.87,0.3411,0.2584,14.4,lose,-1.0,0.334,pinnacle
laliga,2021,2022-01-08,Celta @ Sociedad,1X2,celta vigo,,4.79,0.2785,0.2088,15.03,lose,-1.0,0.364,pinnacle
laliga,2021,2022-01-08,Celta @ Sociedad,TOTAL,under,2.5,1.74,0.6356,0.5747,4.76,win,0.74,0.364,pinnacle
laliga,2021,2022-01-08,Barcelona @ Granada,1X2,granada,,4.67,0.3403,0.2141,26.51,lose,-1.0,0.364,pinnacle
laliga,2021,2022-01-09,Betis @ Vallecano,1X2,rayo vallecano,,2.96,0.4328,0.3378,12.65,lose,-1.0,0.334,pinnacle
laliga,2021,2022-01-09,Ath Bilbao @ Alaves,1X2,draw,,3.3,0.3289,0.303,3.85,win,2.3,0.364,pinnacle
laliga,2021,2022-01-09,Ath Bilbao @ Alaves,TOTAL,under,2.5,1.65,0.7111,0.6061,7.8,win,0.6499999999999999,0.364,pinnacle
laliga,2021,2022-01-09,Ath Madrid @ Villarreal,1X2,villarreal,,2.62,0.4812,0.3817,11.73,lose,-1.0,0.364,pinnacle
laliga,2021,2022-01-09,Ath Madrid @ Villarreal,TOTAL,over,2.5,2.17,0.5351,0.4608,7.25,win,1.17,0.364,pinnacle
laliga,2021,2022-01-16,Villarreal @ Elche,1X2,elche,,5.85,0.2747,0.1709,27.31,win,4.85,0.334,pinnacle
laliga,2021,2022-01-16,Villarreal @ Elche,1X2,draw,,4.18,0.2726,0.2392,6.28,lose,-1.0,0.334,pinnacle
laliga,2021,2022-01-18,Espanol @ Cadiz,1X2,espanyol,,2.65,0.4304,0.3774,6.33,lose,-1.0,0.334,pinnacle
laliga,2021,2022-01-19,Osasuna @ Celta,1X2,osasuna,,5.12,0.2376,0.1953,9.74,lose,-1.0,0.364,pinnacle
laliga,2021,2022-01-19,Osasuna @ Celta,TOTAL,under,2.5,1.68,0.6353,0.5952,3.03,win,0.6799999999999999,0.364,pinnacle
laliga,2021,2022-01-19,Sevilla @ Valencia,1X2,sevilla,,2.61,0.4843,0.3831,11.89,lose,-1.0,0.364,pinnacle
laliga,2021,2022-01-20,Granada @ Getafe,1X2,granada,,4.63,0.3174,0.216,21.13,lose,-1.0,0.364,pinnacle
laliga,2021,2022-01-21,Betis @ Espanol,TOTAL,under,2.5,2.04,0.5586,0.4902,6.28,lose,-1.0,0.364,pinnacle
laliga,2021,2022-01-22,Cadiz @ Levante,1X2,cadiz,,5.36,0.2612,0.1866,18.0,win,4.36,0.334,pinnacle
laliga,2021,2022-01-22,Cadiz @ Levante,TOTAL,over,2.5,2.14,0.505,0.4673,3.63,lose,-1.0,0.334,pinnacle
laliga,2021,2022-01-22,Celta @ Sevilla,1X2,sevilla,,2.0,0.5914,0.5,8.23,lose,-1.0,0.364,pinnacle
laliga,2021,2022-01-22,Celta @ Sevilla,TOTAL,under,2.5,1.67,0.7157,0.5988,8.78,lose,-1.0,0.364,pinnacle
laliga,2021,2022-01-22,Valencia @ Ath Madrid,TOTAL,over,2.5,1.96,0.6274,0.5102,10.34,win,0.96,0.364,pinnacle
laliga,2021,2022-01-23,Osasuna @ Granada,1X2,granada,,2.65,0.4359,0.3774,6.98,lose,-1.0,0.364,pinnacle
laliga,2021,2022-01-23,Getafe @ Sociedad,1X2,draw,,3.4,0.3274,0.2941,5.09,win,2.4,0.364,pinnacle
laliga,2021,2022-01-23,Ath Bilbao @ Vallecano,1X2,rayo vallecano,,2.8,0.4137,0.3571,7.12,lose,-1.0,0.334,pinnacle
laliga,2021,2022-01-23,Barcelona @ Alaves,1X2,alaves,,5.58,0.2217,0.1792,10.67,lose,-1.0,0.364,pinnacle
laliga,2021,2022-01-23,Barcelona @ Alaves,TOTAL,under,2.5,2.14,0.5535,0.4673,8.31,win,1.1400000000000001,0.364,pinnacle
laliga,2021,2022-02-04,Levante @ Getafe,1X2,getafe,,2.13,0.5125,0.4695,4.13,win,1.13,0.364,pinnacle
laliga,2021,2022-02-05,Alaves @ Elche,1X2,elche,,2.46,0.5355,0.4065,14.28,win,1.46,0.334,pinnacle
laliga,2021,2022-02-05,Cadiz @ Mallorca,1X2,cadiz,,4.9,0.2777,0.2041,16.22,lose,-1.0,0.334,pinnacle
laliga,2021,2022-02-05,Vallecano @ Celta,1X2,rayo vallecano,,4.42,0.3081,0.2262,16.28,lose,-1.0,0.334,pinnacle
laliga,2021,2022-02-05,Vallecano @ Celta,TOTAL,under,2.5,1.75,0.6226,0.5714,4.03,win,0.75,0.334,pinnacle
laliga,2021,2022-02-05,Sevilla @ Osasuna,1X2,sevilla,,2.32,0.474,0.431,4.49,lose,-1.0,0.364,pinnacle
laliga,2021,2022-02-06,Ath Madrid @ Barcelona,1X2,barcelona,,2.43,0.4661,0.4115,5.97,win,1.4300000000000002,0.364,pinnacle
laliga,2021,2022-02-06,Ath Madrid @ Barcelona,TOTAL,over,2.5,2.11,0.5541,0.4739,7.61,win,1.1099999999999999,0.364,pinnacle
laliga,2021,2022-02-06,Villarreal @ Betis,1X2,real betis,,2.57,0.4818,0.3891,10.72,lose,-1.0,0.364,pinnacle
laliga,2021,2022-02-07,Espanol @ Ath Bilbao,1X2,draw,,3.85,0.3102,0.2597,8.74,lose,-1.0,0.364,pinnacle
laliga,2021,2022-02-07,Espanol @ Ath Bilbao,TOTAL,under,2.5,1.76,0.6942,0.5682,9.98,lose,-1.0,0.364,pinnacle
laliga,2021,2022-02-12,Celta @ Cadiz,1X2,cadiz,,4.26,0.2733,0.2347,7.39,lose,-1.0,0.334,pinnacle
laliga,2021,2022-02-12,Osasuna @ Vallecano,TOTAL,under,2.5,1.66,0.6435,0.6024,3.07,lose,-1.0,0.334,pinnacle
laliga,2021,2022-02-12,Getafe @ Ath Madrid,1X2,draw,,4.03,0.2814,0.2481,6.04,lose,-1.0,0.364,pinnacle
laliga,2021,2022-02-13,Valencia @ Alaves,1X2,valencia,,3.13,0.4624,0.3195,20.13,lose,-1.0,0.364,pinnacle
laliga,2021,2022-02-13,Valencia @ Alaves,TOTAL,over,2.5,2.24,0.5081,0.4464,6.22,win,1.2400000000000002,0.364,pinnacle
laliga,2021,2022-02-13,Granada @ Sociedad,1X2,draw,,5.03,0.2906,0.1988,20.78,lose,-1.0,0.364,pinnacle
laliga,2021,2022-02-13,Granada @ Sociedad,TOTAL,under,2.5,1.99,0.6313,0.5025,11.53,win,0.99,0.364,pinnacle
laliga,2021,2022-02-13,Barcelona @ Espanol,1X2,espanyol,,5.53,0.2905,0.1808,27.29,lose,-1.0,0.364,pinnacle
laliga,2021,2022-02-13,Barcelona @ Espanol,1X2,draw,,4.22,0.2731,0.237,6.86,win,3.2199999999999998,0.364,pinnacle
laliga,2021,2022-02-13,Barcelona @ Espanol,TOTAL,under,2.5,2.12,0.521,0.4717,4.71,lose,-1.0,0.364,pinnacle
laliga,2021,2022-02-14,Ath Bilbao @ Mallorca,1X2,athletic,,2.74,0.4223,0.365,7.07,lose,-1.0,0.334,pinnacle
laliga,2021,2022-02-18,Vallecano @ Elche,1X2,elche,,3.1,0.3771,0.3226,7.61,win,2.1,0.334,pinnacle
laliga,2021,2022-02-19,Villarreal @ Granada,1X2,granada,,4.45,0.2508,0.2247,5.22,lose,-1.0,0.364,pinnacle
laliga,2021,2022-02-20,Sevilla @ Espanol,1X2,sevilla,,2.23,0.4986,0.4484,5.04,lose,-1.0,0.364,pinnacle
laliga,2021,2022-02-20,Barcelona @ Valencia,1X2,valencia,,3.54,0.3601,0.2825,12.36,lose,-1.0,0.364,pinnacle
laliga,2021,2022-02-20,Barcelona @ Valencia,TOTAL,over,2.5,1.78,0.6137,0.5618,4.15,win,0.78,0.364,pinnacle
laliga,2021,2022-02-20,Mallorca @ Betis,TOTAL,over,2.5,1.77,0.6173,0.565,4.17,win,0.77,0.334,pinnacle
laliga,2021,2022-02-20,Sociedad @ Ath Bilbao,1X2,draw,,3.08,0.3766,0.3247,7.2,lose,-1.0,0.364,pinnacle
laliga,2021,2022-02-25,Elche @ Levante,TOTAL,over,2.5,2.25,0.5028,0.4444,5.91,win,1.25,0.334,pinnacle
laliga,2021,2022-02-26,Valencia @ Mallorca,1X2,valencia,,3.53,0.3786,0.2833,15.14,win,2.53,0.334,pinnacle
laliga,2021,2022-02-26,Valencia @ Mallorca,TOTAL,over,2.5,2.22,0.5569,0.4505,10.63,lose,-1.0,0.334,pinnacle
laliga,2021,2022-02-26,Alaves @ Getafe,1X2,getafe,,1.99,0.5509,0.5025,4.33,lose,-1.0,0.364,pinnacle
laliga,2021,2022-02-26,Real Madrid @ Vallecano,1X2,draw,,4.27,0.2661,0.2342,6.12,lose,-1.0,0.334,pinnacle
laliga,2021,2022-02-26,Real Madrid @ Vallecano,TOTAL,under,2.5,2.08,0.5499,0.4808,6.47,win,1.08,0.334,pinnacle
laliga,2021,2022-02-26,Celta @ Ath Madrid,1X2,celta vigo,,6.08,0.245,0.1645,22.04,lose,-1.0,0.364,pinnacle
laliga,2021,2022-02-27,Betis @ Sevilla,1X2,sevilla,,2.3,0.4902,0.4348,5.74,win,1.2999999999999998,0.364,pinnacle
laliga,2021,2022-02-27,Osasuna @ Sociedad,TOTAL,under,2.5,1.67,0.6999,0.5988,7.59,win,0.6699999999999999,0.364,pinnacle
laliga,2021,2022-02-27,Ath Bilbao @ Barcelona,1X2,draw,,4.29,0.2919,0.2331,11.34,lose,-1.0,0.364,pinnacle
laliga,2021,2022-02-27,Ath Bilbao @ Barcelona,TOTAL,under,2.5,1.97,0.6015,0.5076,8.32,lose,-1.0,0.364,pinnacle
laliga,2021,2022-02-28,Cadiz @ Granada,1X2,granada,,2.21,0.4956,0.4525,4.29,lose,-1.0,0.334,pinnacle
laliga,2021,2022-03-02,Sociedad @ Mallorca,1X2,mallorca,,3.31,0.3301,0.3021,4.17,lose,-1.0,0.334,pinnacle
laliga,2021,2022-03-02,Sociedad @ Mallorca,TOTAL,under,2.5,1.67,0.7139,0.5988,8.65,win,0.6699999999999999,0.334,pinnacle
laliga,2021,2022-03-04,Sevilla @ Alaves,1X2,sevilla,,2.0,0.601,0.5,9.09,lose,-1.0,0.364,pinnacle
laliga,2021,2022-03-05,Villarreal @ Osasuna,1X2,villarreal,,2.33,0.4711,0.4292,4.39,lose,-1.0,0.364,pinnacle
laliga,2021,2022-03-05,Getafe @ Espanol,1X2,getafe,,3.89,0.2985,0.2571,7.25,lose,-1.0,0.364,pinnacle
laliga,2021,2022-03-05,Granada @ Valencia,TOTAL,over,2.5,1.99,0.5817,0.5025,7.09,win,0.99,0.364,pinnacle
laliga,2021,2022-03-06,Vallecano @ Cadiz,1X2,rayo vallecano,,3.29,0.3769,0.304,10.79,lose,-1.0,0.334,pinnacle
laliga,2021,2022-03-06,Barcelona @ Elche,1X2,draw,,4.98,0.2593,0.2008,13.11,lose,-1.0,0.334,pinnacle
laliga,2021,2022-03-06,Mallorca @ Celta,1X2,celta vigo,,1.95,0.5734,0.5128,5.32,win,0.95,0.334,pinnacle
laliga,2021,2022-03-11,Cadiz @ Ath Madrid,TOTAL,over,2.5,1.98,0.5781,0.5051,6.51,win,0.98,0.334,pinnacle
laliga,2021,2022-03-12,Espanol @ Levante,1X2,espanyol,,3.57,0.3805,0.2801,16.13,lose,-1.0,0.364,pinnacle
laliga,2021,2022-03-12,Espanol @ Levante,TOTAL,over,2.5,1.93,0.5572,0.5181,3.39,lose,-1.0,0.364,pinnacle
laliga,2021,2022-03-12,Celta @ Villarreal,TOTAL,under,2.5,2.08,0.529,0.4808,4.51,win,1.08,0.364,pinnacle
laliga,2021,2022-03-12,Valencia @ Getafe,1X2,valencia,,4.14,0.309,0.2415,12.57,lose,-1.0,0.364,pinnacle
laliga,2021,2022-03-13,Sevilla @ Vallecano,1X2,sevilla,,2.54,0.4546,0.3937,6.96,lose,-1.0,0.334,pinnacle
laliga,2021,2022-03-13,Ath Bilbao @ Betis,1X2,real betis,,2.61,0.4891,0.3831,12.44,win,1.6099999999999999,0.364,pinnacle
laliga,2021,2022-03-13,Alaves @ Sociedad,TOTAL,under,2.5,1.84,0.6358,0.5435,7.65,win,0.8400000000000001,0.364,pinnacle
laliga,2021,2022-03-13,Osasuna @ Barcelona,1X2,draw,,5.53,0.2323,0.1808,12.82,lose,-1.0,0.364,pinnacle
laliga,2021,2022-03-13,Osasuna @ Barcelona,TOTAL,under,2.5,2.24,0.5159,0.4464,7.0,lose,-1.0,0.364,pinnacle
laliga,2021,2022-03-18,Getafe @ Ath Bilbao,1X2,draw,,3.47,0.3134,0.2882,3.94,win,2.47,0.364,pinnacle
laliga,2021,2022-03-19,Granada @ Alaves,1X2,granada,,4.44,0.3295,0.2252,20.83,win,3.4400000000000004,0.364,pinnacle
laliga,2021,2022-03-19,Valencia @ Elche,1X2,elche,,2.73,0.4084,0.3663,5.17,lose,-1.0,0.334,pinnacle
laliga,2021,2022-03-19,Valencia @ Elche,TOTAL,over,2.5,2.27,0.5287,0.4405,9.01,lose,-1.0,0.334,pinnacle
laliga,2021,2022-03-19,Ath Madrid @ Vallecano,1X2,rayo vallecano,,4.11,0.3317,0.2433,16.35,lose,-1.0,0.334,pinnacle
laliga,2021,2022-03-19,Ath Madrid @ Vallecano,TOTAL,over,2.5,2.26,0.5138,0.4425,7.26,lose,-1.0,0.334,pinnacle
laliga,2021,2022-03-20,Mallorca @ Espanol,1X2,espanyol,,2.22,0.5659,0.4505,11.53,win,1.2200000000000002,0.334,pinnacle
laliga,2021,2022-03-20,Mallorca @ Espanol,TOTAL,over,2.5,2.25,0.5134,0.4444,6.98,lose,-1.0,0.334,pinnacle
laliga,2021,2022-03-20,Villarreal @ Cadiz,1X2,villarreal,,2.16,0.5436,0.463,7.84,lose,-1.0,0.334,pinnacle
laliga,2021,2022-03-20,Betis @ Celta,1X2,real betis,,3.78,0.3568,0.2646,15.69,lose,-1.0,0.364,pinnacle
laliga,2021,2022-03-20,Sociedad @ Sevilla,1X2,sevilla,,2.21,0.5659,0.4525,11.28,lose,-1.0,0.364,pinnacle
laliga,2021,2022-03-20,Sociedad @ Sevilla,TOTAL,under,2.5,1.6,0.7074,0.625,5.93,win,0.6000000000000001,0.364,pinnacle
laliga,2021,2022-04-02,Real Madrid @ Celta,1X2,celta vigo,,4.51,0.2422,0.2217,4.16,lose,-1.0,0.364,pinnacle
laliga,2021,2022-04-02,Real Madrid @ Celta,TOTAL,under,2.5,1.95,0.5661,0.5128,4.67,lose,-1.0,0.364,pinnacle
laliga,2021,2022-04-02,Alaves @ Ath Madrid,TOTAL,over,2.5,2.0,0.6209,0.5,10.88,win,1.0,0.364,pinnacle
laliga,2021,2022-04-03,Elche @ Ath Bilbao,1X2,draw,,4.54,0.2828,0.2203,12.78,lose,-1.0,0.334,pinnacle
laliga,2021,2022-04-03,Elche @ Ath Bilbao,TOTAL,under,2.5,1.88,0.6334,0.5319,8.59,lose,-1.0,0.334,pinnacle
laliga,2021,2022-04-03,Osasuna @ Betis,1X2,real betis,,1.96,0.6058,0.5102,8.43,win,0.96,0.364,pinnacle
laliga,2021,2022-04-03,Vallecano @ Granada,1X2,granada,,2.86,0.3833,0.3497,4.33,lose,-1.0,0.334,pinnacle
laliga,2021,2022-04-03,Cadiz @ Valencia,1X2,valencia,,2.12,0.5763,0.4717,9.98,lose,-1.0,0.334,pinnacle
laliga,2021,2022-04-03,Cadiz @ Valencia,TOTAL,over,2.5,2.31,0.5036,0.4329,7.34,lose,-1.0,0.334,pinnacle
laliga,2021,2022-04-03,Sevilla @ Barcelona,1X2,draw,,4.7,0.3023,0.2128,18.94,lose,-1.0,0.364,pinnacle
laliga,2021,2022-04-04,Espanol @ Sociedad,1X2,draw,,4.09,0.2958,0.2445,9.44,lose,-1.0,0.364,pinnacle
laliga,2021,2022-04-04,Espanol @ Sociedad,TOTAL,under,2.5,1.84,0.6314,0.5435,7.28,win,0.8400000000000001,0.364,pinnacle
laliga,2021,2022-04-09,Betis @ Cadiz,1X2,real betis,,2.44,0.492,0.4098,9.02,win,1.44,0.334,pinnacle
laliga,2021,2022-04-09,Ath Madrid @ Mallorca,1X2,atletico madrid,,2.13,0.5646,0.4695,9.12,lose,-1.0,0.334,pinnacle
laliga,2021,2022-04-09,Ath Bilbao @ Villarreal,1X2,villarreal,,2.71,0.5115,0.369,17.38,lose,-1.0,0.364,pinnacle
laliga,2021,2022-04-09,Ath Bilbao @ Villarreal,TOTAL,under,2.5,1.91,0.6196,0.5236,8.25,win,0.9099999999999999,0.364,pinnacle
laliga,2021,2022-04-10,Alaves @ Osasuna,1X2,osasuna,,2.05,0.5545,0.4878,6.15,win,1.0499999999999998,0.364,pinnacle
laliga,2021,2022-04-10,Celta @ Espanol,1X2,espanyol,,3.01,0.3989,0.3322,9.03,win,2.01,0.364,pinnacle
laliga,2021,2022-04-10,Sociedad @ Elche,1X2,elche,,4.95,0.3438,0.202,31.59,lose,-1.0,0.334,pinnacle
laliga,2021,2022-04-10,Sociedad @ Elche,1X2,draw,,3.53,0.3272,0.2833,6.97,lose,-1.0,0.334,pinnacle
laliga,2021,2022-04-10,Sociedad @ Elche,TOTAL,under,2.5,1.71,0.6913,0.5848,8.2,lose,-1.0,0.334,pinnacle
laliga,2021,2022-04-11,Valencia @ Vallecano,1X2,rayo vallecano,,2.55,0.424,0.3922,3.65,lose,-1.0,0.334,pinnacle
laliga,2021,2022-04-15,Betis @ Sociedad,1X2,draw,,3.69,0.2943,0.271,3.86,win,2.69,0.364,pinnacle
laliga,2021,2022-04-15,Betis @ Sociedad,1X2,real betis,,4.09,0.3483,0.2445,19.1,lose,-1.0,0.364,pinnacle
laliga,2021,2022-04-15,Betis @ Sociedad,TOTAL,under,2.5,1.95,0.5865,0.5128,6.47,win,0.95,0.364,pinnacle
laliga,2021,2022-04-16,Vallecano @ Alaves,1X2,rayo vallecano,,2.94,0.4046,0.3401,8.53,lose,-1.0,0.334,pinnacle
laliga,2021,2022-04-16,Osasuna @ Valencia,1X2,valencia,,2.26,0.5163,0.4425,7.51,lose,-1.0,0.364,pinnacle
laliga,2021,2022-04-16,Villarreal @ Getafe,TOTAL,under,2.5,1.63,0.6588,0.6135,3.32,lose,-1.0,0.364,pinnacle
laliga,2021,2022-04-17,Levante @ Granada,1X2,granada,,2.33,0.5258,0.4292,10.13,lose,-1.0,0.364,pinnacle
laliga,2021,2022-04-17,Levante @ Granada,TOTAL,over,2.5,1.88,0.6058,0.5319,6.25,win,0.8799999999999999,0.364,pinnacle
laliga,2021,2022-04-17,Espanol @ Ath Madrid,TOTAL,over,2.5,1.94,0.6023,0.5155,7.58,win,0.94,0.364,pinnacle
laliga,2021,2022-04-17,Celta @ Ath Bilbao,1X2,draw,,3.61,0.3091,0.277,5.21,lose,-1.0,0.364,pinnacle
laliga,2021,2022-04-17,Celta @ Ath Bilbao,1X2,celta vigo,,5.27,0.2208,0.1898,7.37,win,4.27,0.364,pinnacle
laliga,2021,2022-04-17,Celta @ Ath Bilbao,TOTAL,under,2.5,1.74,0.677,0.5747,8.01,win,0.74,0.364,pinnacle
laliga,2021,2022-04-17,Real Madrid @ Sevilla,1X2,sevilla,,3.0,0.3842,0.3333,6.87,lose,-1.0,0.364,pinnacle
laliga,2021,2022-04-17,Real Madrid @ Sevilla,TOTAL,under,2.5,1.83,0.6463,0.5464,8.23,lose,-1.0,0.364,pinnacle
laliga,2021,2022-04-19,Alaves @ Mallorca,1X2,alaves,,5.02,0.242,0.1992,9.67,lose,-1.0,0.334,pinnacle
laliga,2021,2022-04-19,Valencia @ Villarreal,1X2,draw,,5.65,0.2323,0.177,14.05,lose,-1.0,0.364,pinnacle
laliga,2021,2022-04-19,Valencia @ Villarreal,TOTAL,under,2.5,2.14,0.5062,0.4673,3.75,win,1.1400000000000001,0.364,pinnacle
laliga,2021,2022-04-20,Granada @ Ath Madrid,TOTAL,over,2.5,1.75,0.6477,0.5714,6.01,lose,-1.0,0.364,pinnacle
laliga,2021,2022-04-20,Real Madrid @ Osasuna,TOTAL,under,2.5,2.08,0.5571,0.4808,7.14,lose,-1.0,0.364,pinnacle
laliga,2021,2022-04-21,Vallecano @ Espanol,1X2,espanyol,,2.78,0.4315,0.3597,8.98,lose,-1.0,0.334,pinnacle
laliga,2021,2022-04-21,Sevilla @ Levante,1X2,sevilla,,2.25,0.5566,0.4444,11.35,win,1.25,0.364,pinnacle
laliga,2021,2022-04-21,Ath Bilbao @ Cadiz,1X2,athletic,,2.61,0.4157,0.3831,3.83,win,1.6099999999999999,0.334,pinnacle
laliga,2021,2022-04-21,Barcelona @ Sociedad,1X2,real sociedad,,3.38,0.3187,0.2959,3.48,lose,-1.0,0.364,pinnacle
laliga,2021,2022-04-21,Barcelona @ Sociedad,1X2,draw,,3.51,0.3124,0.2849,4.34,lose,-1.0,0.364,pinnacle
laliga,2021,2022-04-24,Vallecano @ Barcelona,1X2,draw,,5.69,0.2476,0.1757,18.4,lose,-1.0,0.334,pinnacle
laliga,2021,2022-04-30,Levante @ Valencia,1X2,valencia,,2.16,0.5818,0.463,11.55,lose,-1.0,0.364,pinnacle
laliga,2021,2022-04-30,Levante @ Valencia,TOTAL,over,2.5,1.88,0.6552,0.5319,10.43,lose,-1.0,0.364,pinnacle
laliga,2021,2022-04-30,Ath Madrid @ Ath Bilbao,1X2,athletic,,2.94,0.3668,0.3401,3.53,win,1.94,0.364,pinnacle
laliga,2021,2022-05-01,Osasuna @ Elche,1X2,elche,,2.76,0.4451,0.3623,10.29,lose,-1.0,0.334,pinnacle
laliga,2021,2022-05-01,Sociedad @ Vallecano,1X2,rayo vallecano,,3.93,0.3626,0.2545,19.13,lose,-1.0,0.334,pinnacle
laliga,2021,2022-05-01,Sociedad @ Vallecano,1X2,draw,,3.29,0.3466,0.304,6.31,win,2.29,0.334,pinnacle
laliga,2021,2022-05-02,Betis @ Getafe,1X2,real betis,,2.81,0.4104,0.3559,6.9,lose,-1.0,0.364,pinnacle
laliga,2021,2022-05-06,Sociedad @ Levante,1X2,levante,,3.45,0.3165,0.2899,4.13,win,2.45,0.364,pinnacle
laliga,2021,2022-05-06,Sociedad @ Levante,TOTAL,under,2.5,1.97,0.5835,0.5076,6.73,lose,-1.0,0.364,pinnacle
laliga,2021,2022-05-07,Granada @ Mallorca,1X2,granada,,4.41,0.3246,0.2268,19.43,win,3.41,0.334,pinnacle
laliga,2021,2022-05-07,Valencia @ Ath Bilbao,1X2,draw,,4.63,0.2676,0.216,10.75,win,3.63,0.364,pinnacle
laliga,2021,2022-05-07,Elche @ Cadiz,1X2,draw,,3.97,0.3079,0.2519,10.0,lose,-1.0,0.334,pinnacle
laliga,2021,2022-05-07,Alaves @ Celta,1X2,celta vigo,,1.83,0.5834,0.5464,3.04,win,0.8300000000000001,0.364,pinnacle
laliga,2021,2022-05-07,Barcelona @ Betis,1X2,real betis,,3.04,0.394,0.3289,8.89,lose,-1.0,0.364,pinnacle
laliga,2021,2022-05-08,Vallecano @ Getafe,1X2,rayo vallecano,,3.95,0.2763,0.2532,4.11,lose,-1.0,0.334,pinnacle
laliga,2021,2022-05-08,Sevilla @ Villarreal,1X2,sevilla,,3.8,0.2943,0.2632,5.32,lose,-1.0,0.364,pinnacle
laliga,2021,2022-05-08,Sevilla @ Villarreal,TOTAL,under,2.5,1.79,0.6246,0.5587,5.31,win,0.79,0.364,pinnacle
laliga,2021,2022-05-08,Real Madrid @ Ath Madrid,TOTAL,over,2.5,1.94,0.5528,0.5155,3.26,lose,-1.0,0.364,pinnacle
laliga,2021,2022-05-10,Betis @ Valencia,1X2,valencia,,3.52,0.3282,0.2841,6.99,lose,-1.0,0.364,pinnacle
laliga,2021,2022-05-10,Ath Bilbao @ Granada,1X2,granada,,3.69,0.3019,0.271,5.12,win,2.69,0.364,pinnacle
laliga,2021,2022-05-10,Ath Bilbao @ Granada,TOTAL,under,2.5,1.89,0.6262,0.5291,8.26,win,0.8899999999999999,0.364,pinnacle
laliga,2021,2022-05-10,Celta @ Barcelona,1X2,draw,,5.32,0.2526,0.188,15.46,lose,-1.0,0.364,pinnacle
laliga,2021,2022-05-11,Espanol @ Alaves,1X2,espanyol,,3.79,0.3546,0.2639,15.47,lose,-1.0,0.364,pinnacle
laliga,2021,2022-05-11,Espanol @ Alaves,TOTAL,under,2.5,1.87,0.6172,0.5348,6.94,lose,-1.0,0.364,pinnacle
laliga,2021,2022-05-11,Ath Madrid @ Elche,1X2,draw,,3.95,0.2755,0.2532,3.96,lose,-1.0,0.334,pinnacle
laliga,2021,2022-05-12,Cadiz @ Sociedad,1X2,draw,,3.79,0.3143,0.2639,8.61,lose,-1.0,0.334,pinnacle
laliga,2021,2022-05-12,Cadiz @ Sociedad,TOTAL,under,2.5,1.72,0.7024,0.5814,9.36,lose,-1.0,0.334,pinnacle
laliga,2021,2022-05-12,Villarreal @ Vallecano,1X2,rayo vallecano,,4.31,0.2831,0.232,9.91,lose,-1.0,0.334,pinnacle
laliga,2021,2022-05-12,Villarreal @ Vallecano,1X2,draw,,3.7,0.3066,0.2703,6.05,lose,-1.0,0.334,pinnacle
laliga,2021,2022-05-12,Villarreal @ Vallecano,TOTAL,under,2.5,1.92,0.6396,0.5208,10.26,lose,-1.0,0.334,pinnacle
laliga,2021,2022-05-14,Valencia @ Espanol,TOTAL,under,2.5,1.87,0.6215,0.5348,7.3,win,0.8700000000000001,0.364,pinnacle
laliga,2021,2022-05-15,Osasuna @ Ath Bilbao,1X2,draw,,4.65,0.2938,0.2151,16.48,lose,-1.0,0.364,pinnacle
laliga,2021,2022-05-15,Sevilla @ Ath Madrid,1X2,sevilla,,4.98,0.2999,0.2008,22.2,lose,-1.0,0.364,pinnacle
laliga,2021,2022-05-15,Granada @ Betis,TOTAL,over,2.5,1.72,0.6259,0.5814,3.44,lose,-1.0,0.364,pinnacle
laliga,2021,2022-05-15,Real Madrid @ Cadiz,TOTAL,under,2.5,1.93,0.5955,0.5181,6.72,win,0.9299999999999999,0.334,pinnacle
laliga,2021,2022-05-15,Elche @ Celta,1X2,draw,,4.94,0.2792,0.2024,17.07,lose,-1.0,0.334,pinnacle
laliga,2021,2022-05-15,Elche @ Celta,TOTAL,under,2.5,1.9,0.5975,0.5263,6.09,win,0.8999999999999999,0.334,pinnacle
laliga,2021,2022-05-15,Barcelona @ Getafe,1X2,barcelona,,2.16,0.5052,0.463,4.11,lose,-1.0,0.364,pinnacle
laliga,2021,2022-05-15,Barcelona @ Getafe,TOTAL,under,2.5,1.83,0.6619,0.5464,9.51,win,0.8300000000000001,0.364,pinnacle
laliga,2021,2022-05-15,Alaves @ Levante,1X2,levante,,2.93,0.4908,0.3413,19.72,win,1.9300000000000002,0.364,pinnacle
laliga,2021,2022-05-15,Vallecano @ Mallorca,1X2,draw,,3.62,0.327,0.2762,8.27,lose,-1.0,0.334,pinnacle
laliga,2021,2022-05-15,Vallecano @ Mallorca,1X2,rayo vallecano,,5.35,0.2964,0.1869,26.35,lose,-1.0,0.334,pinnacle
laliga,2021,2022-05-15,Vallecano @ Mallorca,TOTAL,under,2.5,1.69,0.6946,0.5917,7.83,lose,-1.0,0.334,pinnacle
laliga,2021,2022-05-15,Sociedad @ Villarreal,1X2,villarreal,,2.25,0.4831,0.4444,3.92,lose,-1.0,0.364,pinnacle
laliga,2021,2022-05-15,Sociedad @ Villarreal,1X2,draw,,3.3,0.3276,0.303,3.66,lose,-1.0,0.364,pinnacle
laliga,2021,2022-05-22,Getafe @ Elche,1X2,elche,,3.17,0.3686,0.3155,7.58,win,2.17,0.334,pinnacle
laliga,2021,2022-05-22,Getafe @ Elche,TOTAL,under,2.5,1.6,0.7184,0.625,6.73,lose,-1.0,0.334,pinnacle
laliga,2021,2022-05-22,Cadiz @ Alaves,1X2,alaves,,4.9,0.3526,0.2041,32.74,lose,-1.0,0.334,pinnacle
laliga,2021,2022-05-22,Cadiz @ Alaves,1X2,draw,,3.94,0.3054,0.2538,9.15,lose,-1.0,0.334,pinnacle
laliga,2021,2022-05-22,Cadiz @ Alaves,TOTAL,under,2.5,1.93,0.625,0.5181,9.29,win,0.9299999999999999,0.334,pinnacle
laliga,2021,2022-05-22,Espanol @ Granada,1X2,draw,,4.67,0.2648,0.2141,10.65,win,3.67,0.334,pinnacle
laliga,2021,2022-05-22,Espanol @ Granada,TOTAL,under,2.5,2.33,0.4882,0.4292,6.19,win,1.33,0.334,pinnacle
laliga,2021,2022-05-22,Mallorca @ Osasuna,TOTAL,under,2.5,1.91,0.5716,0.5236,4.13,win,0.9099999999999999,0.334,pinnacle
laliga,2021,2022-05-22,Ath Bilbao @ Sevilla,1X2,sevilla,,2.9,0.4871,0.3448,18.57,win,1.9,0.364,pinnacle
laliga,2021,2022-05-22,Ath Madrid @ Sociedad,TOTAL,under,2.5,1.76,0.615,0.5682,3.71,lose,-1.0,0.364,pinnacle
seriea,2021,2021-10-01,Venezia @ Cagliari,1X2,venezia,,4.8,0.3232,0.2083,24.81,lose,-1.0,0.334,pinnacle
seriea,2021,2021-10-01,Venezia @ Cagliari,TOTAL,over,2.5,2.07,0.5469,0.4831,5.95,lose,-1.0,0.334,pinnacle
seriea,2021,2021-10-02,Genoa @ Salernitana,1X2,genoa,,2.91,0.4819,0.3436,18.1,lose,-1.0,0.334,pinnacle
seriea,2021,2021-10-03,Lazio @ Bologna,1X2,lazio,,2.43,0.5506,0.4115,15.21,lose,-1.0,0.364,pinnacle
seriea,2021,2021-10-03,Udinese @ Sampdoria,1X2,udinese,,3.72,0.3556,0.2688,14.53,lose,-1.0,0.364,pinnacle
seriea,2021,2021-10-03,Spezia @ Verona,1X2,spezia,,5.92,0.2978,0.1689,34.33,lose,-1.0,0.334,pinnacle
seriea,2021,2021-10-03,Spezia @ Verona,TOTAL,over,2.5,1.64,0.7372,0.6098,9.41,win,0.6399999999999999,0.334,pinnacle
seriea,2021,2021-10-03,Empoli @ Roma,1X2,draw,,5.3,0.2202,0.1887,7.51,lose,-1.0,0.334,pinnacle
seriea,2021,2021-10-16,Salernitana @ Spezia,1X2,salernitana,,3.95,0.3064,0.2532,9.46,lose,-1.0,0.334,pinnacle
seriea,2021,2021-10-16,Salernitana @ Spezia,TOTAL,over,2.5,1.89,0.5807,0.5291,4.39,win,0.8899999999999999,0.334,pinnacle
seriea,2021,2021-10-16,Inter @ Lazio,1X2,inter,,2.33,0.5331,0.4292,10.9,lose,-1.0,0.364,pinnacle
seriea,2021,2021-10-17,Sampdoria @ Cagliari,1X2,sampdoria,,3.06,0.397,0.3268,9.66,lose,-1.0,0.364,pinnacle
seriea,2021,2021-10-17,Sampdoria @ Cagliari,TOTAL,over,2.5,1.81,0.6278,0.5525,6.13,win,0.81,0.364,pinnacle
seriea,2021,2021-10-17,Atalanta @ Empoli,1X2,draw,,4.43,0.2643,0.2257,7.68,lose,-1.0,0.334,pinnacle
seriea,2021,2021-10-17,Sassuolo @ Genoa,1X2,genoa,,3.01,0.3741,0.3322,5.67,lose,-1.0,0.364,pinnacle
seriea,2021,2021-10-17,Bologna @ Udinese,1X2,bologna,,3.6,0.3353,0.2778,9.32,lose,-1.0,0.364,pinnacle
seriea,2021,2021-10-17,Bologna @ Udinese,TOTAL,over,2.5,1.99,0.6294,0.5025,11.36,lose,-1.0,0.364,pinnacle
seriea,2021,2021-10-17,Torino @ Napoli,1X2,draw,,5.1,0.2419,0.1961,10.52,lose,-1.0,0.364,pinnacle
seriea,2021,2021-10-17,Torino @ Napoli,TOTAL,under,2.5,2.25,0.5734,0.4444,13.05,win,1.25,0.364,pinnacle
seriea,2021,2021-10-18,Fiorentina @ Venezia,1X2,venezia,,4.24,0.3062,0.2358,13.42,win,3.24,0.334,pinnacle
seriea,2021,2021-10-22,Genoa @ Torino,1X2,genoa,,5.22,0.2283,0.1916,8.62,lose,-1.0,0.364,pinnacle
seriea,2021,2021-10-22,Spezia @ Sampdoria,1X2,spezia,,4.87,0.2765,0.2053,15.59,lose,-1.0,0.334,pinnacle
seriea,2021,2021-10-22,Spezia @ Sampdoria,TOTAL,over,2.5,1.65,0.6707,0.6061,4.8,win,0.6499999999999999,0.334,pinnacle
seriea,2021,2021-10-23,Empoli @ Salernitana,1X2,salernitana,,3.14,0.3403,0.3185,3.09,lose,-1.0,0.334,pinnacle
seriea,2021,2021-10-23,Venezia @ Sassuolo,1X2,draw,,4.25,0.2857,0.2353,9.63,lose,-1.0,0.334,pinnacle
seriea,2021,2021-10-23,Venezia @ Sassuolo,1X2,venezia,,5.88,0.2465,0.1701,20.22,lose,-1.0,0.334,pinnacle
seriea,2021,2021-10-23,Milan @ Bologna,1X2,milan,,2.21,0.5507,0.4525,9.77,win,1.21,0.364,pinnacle
seriea,2021,2021-10-24,Udinese @ Atalanta,1X2,draw,,5.24,0.2483,0.1908,13.55,win,4.24,0.364,pinnacle
seriea,2021,2021-10-24,Cagliari @ Fiorentina,1X2,cagliari,,6.14,0.2833,0.1629,33.27,lose,-1.0,0.364,pinnacle
seriea,2021,2021-10-24,Lazio @ Verona,1X2,verona,,2.98,0.3808,0.3356,6.06,win,1.98,0.364,pinnacle
seriea,2021,2021-10-24,Napoli @ Roma,1X2,napoli,,2.43,0.489,0.4115,8.48,lose,-1.0,0.364,pinnacle
seriea,2021,2021-10-24,Napoli @ Roma,TOTAL,under,2.5,2.28,0.5426,0.4386,10.67,win,1.2799999999999998,0.364,pinnacle
seriea,2021,2021-10-24,Juventus @ Inter,1X2,inter,,2.13,0.5599,0.4695,8.67,lose,-1.0,0.364,pinnacle
seriea,2021,2021-10-24,Juventus @ Inter,TOTAL,over,2.5,1.79,0.6681,0.5587,8.81,lose,-1.0,0.364,pinnacle
seriea,2021,2021-10-26,Genoa @ Spezia,1X2,genoa,,3.34,0.3792,0.2994,11.99,lose,-1.0,0.334,pinnacle
seriea,2021,2021-10-26,Genoa @ Spezia,TOTAL,over,2.5,1.69,0.7059,0.5917,8.68,lose,-1.0,0.334,pinnacle
seriea,2021,2021-10-26,Salernitana @ Venezia,1X2,salernitana,,4.23,0.261,0.2364,4.68,win,3.2300000000000004,0.334,pinnacle
seriea,2021,2021-10-26,Salernitana @ Venezia,TOTAL,under,2.5,1.85,0.5852,0.5405,3.72,lose,-1.0,0.334,pinnacle
seriea,2021,2021-10-26,Torino @ Milan,1X2,torino,,5.58,0.2082,0.1792,7.28,lose,-1.0,0.364,pinnacle
seriea,2021,2021-10-26,Torino @ Milan,TOTAL,under,2.5,2.17,0.5051,0.4608,4.32,win,1.17,0.364,pinnacle
seriea,2021,2021-10-27,Sassuolo @ Juventus,1X2,draw,,4.96,0.2835,0.2016,18.28,lose,-1.0,0.364,pinnacle
seriea,2021,2021-10-27,Atalanta @ Sampdoria,1X2,sampdoria,,4.26,0.3389,0.2347,19.98,lose,-1.0,0.364,pinnacle
seriea,2021,2021-10-27,Verona @ Udinese,1X2,verona,,3.2,0.3891,0.3125,11.03,lose,-1.0,0.364,pinnacle
seriea,2021,2021-10-27,Verona @ Udinese,TOTAL,over,2.5,1.92,0.622,0.5208,8.74,lose,-1.0,0.364,pinnacle
seriea,2021,2021-10-27,Roma @ Cagliari,1X2,draw,,4.72,0.2461,0.2119,7.28,lose,-1.0,0.364,pinnacle
seriea,2021,2021-10-27,Roma @ Cagliari,TOTAL,under,2.5,2.43,0.4857,0.4115,8.11,lose,-1.0,0.364,pinnacle
seriea,2021,2021-10-27,Fiorentina @ Lazio,1X2,fiorentina,,4.55,0.3047,0.2198,17.38,lose,-1.0,0.364,pinnacle
seriea,2021,2021-10-30,Sampdoria @ Torino,TOTAL,under,2.5,2.1,0.5155,0.4762,3.71,lose,-1.0,0.364,pinnacle
seriea,2021,2021-10-31,Udinese @ Inter,1X2,draw,,5.36,0.2089,0.1866,5.39,lose,-1.0,0.364,pinnacle
seriea,2021,2021-10-31,Spezia @ Fiorentina,1X2,spezia,,5.46,0.2287,0.1832,11.2,lose,-1.0,0.334,pinnacle
seriea,2021,2021-10-31,Venezia @ Genoa,TOTAL,over,2.5,2.03,0.566,0.4926,6.71,lose,-1.0,0.334,pinnacle
seriea,2021,2021-10-31,Napoli @ Salernitana,1X2,draw,,5.52,0.2172,0.1812,8.95,lose,-1.0,0.334,pinnacle
seriea,2021,2021-10-31,Napoli @ Salernitana,TOTAL,under,2.5,2.51,0.525,0.3984,14.29,win,1.5099999999999998,0.334,pinnacle
seriea,2021,2021-10-31,Milan @ Roma,1X2,milan,,3.26,0.4175,0.3067,16.25,win,2.26,0.364,pinnacle
seriea,2021,2021-10-31,Milan @ Roma,TOTAL,under,2.5,2.24,0.548,0.4464,10.24,lose,-1.0,0.364,pinnacle
seriea,2021,2021-11-01,Cagliari @ Bologna,1X2,cagliari,,5.24,0.2784,0.1908,20.64,lose,-1.0,0.364,pinnacle
seriea,2021,2021-11-01,Cagliari @ Bologna,TOTAL,over,2.5,1.69,0.6826,0.5917,6.91,lose,-1.0,0.364,pinnacle
seriea,2021,2021-11-05,Genoa @ Empoli,TOTAL,over,2.5,1.67,0.6576,0.5988,4.42,win,0.6699999999999999,0.334,pinnacle
seriea,2021,2021-11-06,Torino @ Spezia,1X2,torino,,2.25,0.5216,0.4444,7.81,lose,-1.0,0.334,pinnacle
seriea,2021,2021-11-06,Fiorentina @ Juventus,TOTAL,under,2.5,2.15,0.5323,0.4651,6.5,win,1.15,0.364,pinnacle
seriea,2021,2021-11-06,Atalanta @ Cagliari,1X2,cagliari,,6.2,0.2313,0.1613,19.52,lose,-1.0,0.364,pinnacle
seriea,2021,2021-11-07,Roma @ Venezia,1X2,venezia,,5.26,0.2127,0.1901,5.36,win,4.26,0.334,pinnacle
seriea,2021,2021-11-07,Bologna @ Sampdoria,1X2,sampdoria,,2.85,0.3985,0.3509,6.11,lose,-1.0,0.364,pinnacle
seriea,2021,2021-11-07,Bologna @ Sampdoria,TOTAL,over,2.5,1.74,0.67,0.5747,7.46,win,0.74,0.364,pinnacle
seriea,2021,2021-11-07,Sassuolo @ Udinese,1X2,sassuolo,,3.45,0.3545,0.2899,10.03,lose,-1.0,0.364,pinnacle
seriea,2021,2021-11-07,Sassuolo @ Udinese,TOTAL,under,2.5,2.1,0.5404,0.4762,6.07,lose,-1.0,0.364,pinnacle
seriea,2021,2021-11-20,Spezia @ Atalanta,1X2,draw,,6.5,0.1853,0.1538,9.2,lose,-1.0,0.334,pinnacle
seriea,2021,2021-11-20,Juventus @ Lazio,TOTAL,over,2.5,1.94,0.6001,0.5155,7.39,lose,-1.0,0.364,pinnacle
seriea,2021,2021-11-20,Milan @ Fiorentina,TOTAL,under,2.5,2.05,0.5385,0.4878,4.68,lose,-1.0,0.364,pinnacle
seriea,2021,2021-11-21,Cagliari @ Sassuolo,1X2,cagliari,,5.89,0.1981,0.1698,7.51,lose,-1.0,0.364,pinnacle
seriea,2021,2021-11-21,Venezia @ Bologna,1X2,venezia,,5.54,0.2464,0.1805,16.42,win,4.54,0.334,pinnacle
seriea,2021,2021-11-21,Sampdoria @ Salernitana,TOTAL,over,2.5,1.96,0.5584,0.5102,4.25,lose,-1.0,0.334,pinnacle
seriea,2021,2021-11-21,Napoli @ Inter,1X2,napoli,,3.39,0.3851,0.295,13.75,lose,-1.0,0.364,pinnacle
seriea,2021,2021-11-21,Napoli @ Inter,TOTAL,under,2.5,2.08,0.5536,0.4808,6.82,lose,-1.0,0.364,pinnacle
seriea,2021,2021-11-21,Roma @ Genoa,1X2,genoa,,4.41,0.2957,0.2268,13.69,lose,-1.0,0.364,pinnacle
seriea,2021,2021-11-22,Empoli @ Verona,1X2,empoli,,4.98,0.2318,0.2008,6.95,lose,-1.0,0.334,pinnacle
seriea,2021,2021-11-22,Empoli @ Verona,TOTAL,over,2.5,1.62,0.7427,0.6173,9.14,win,0.6200000000000001,0.334,pinnacle
seriea,2021,2021-11-22,Udinese @ Torino,1X2,torino,,2.19,0.4895,0.4566,3.24,win,1.19,0.364,pinnacle
seriea,2021,2021-11-26,Salernitana @ Cagliari,1X2,salernitana,,4.88,0.2459,0.2049,9.0,lose,-1.0,0.334,pinnacle
seriea,2021,2021-11-26,Salernitana @ Cagliari,TOTAL,over,2.5,2.15,0.5469,0.4651,7.91,lose,-1.0,0.334,pinnacle
seriea,2021,2021-11-27,Fiorentina @ Empoli,1X2,empoli,,3.98,0.3081,0.2513,10.18,win,2.98,0.334,pinnacle
seriea,2021,2021-11-27,Verona @ Sampdoria,1X2,verona,,2.61,0.4685,0.3831,10.03,lose,-1.0,0.364,pinnacle
seriea,2021,2021-11-27,Atalanta @ Juventus,1X2,atalanta,,3.57,0.371,0.2801,14.6,win,2.57,0.364,pinnacle
seriea,2021,2021-11-27,Inter @ Venezia,1X2,draw,,5.42,0.2314,0.1845,11.45,lose,-1.0,0.334,pinnacle
seriea,2021,2021-11-28,Genoa @ Udinese,1X2,genoa,,5.92,0.2752,0.1689,28.31,lose,-1.0,0.364,pinnacle
seriea,2021,2021-11-28,Genoa @ Udinese,TOTAL,over,2.5,2.05,0.5714,0.4878,7.71,lose,-1.0,0.364,pinnacle
seriea,2021,2021-11-28,Bologna @ Spezia,1X2,spezia,,3.36,0.3359,0.2976,5.79,lose,-1.0,0.334,pinnacle
seriea,2021,2021-11-28,Bologna @ Spezia,TOTAL,over,2.5,1.8,0.6517,0.5556,7.79,lose,-1.0,0.334,pinnacle
seriea,2021,2021-11-28,Torino @ Roma,1X2,torino,,4.8,0.2776,0.2083,14.95,lose,-1.0,0.364,pinnacle
seriea,2021,2021-11-28,Torino @ Roma,TOTAL,under,2.5,2.07,0.5762,0.4831,8.67,win,1.0699999999999998,0.364,pinnacle
seriea,2021,2021-11-28,Lazio @ Napoli,1X2,napoli,,1.93,0.6625,0.5181,12.54,win,0.9299999999999999,0.364,pinnacle
seriea,2021,2021-11-30,Venezia @ Atalanta,1X2,draw,,6.0,0.2222,0.1667,15.0,lose,-1.0,0.334,pinnacle
seriea,2021,2021-11-30,Sampdoria @ Fiorentina,1X2,sampdoria,,5.02,0.2308,0.1992,7.15,lose,-1.0,0.364,pinnacle
seriea,2021,2021-11-30,Juventus @ Salernitana,1X2,draw,,5.23,0.2859,0.1912,22.28,lose,-1.0,0.334,pinnacle
seriea,2021,2021-11-30,Juventus @ Salernitana,TOTAL,under,2.5,2.12,0.5995,0.4717,12.2,win,1.12,0.334,pinnacle
seriea,2021,2021-11-30,Cagliari @ Verona,TOTAL,over,2.5,1.65,0.7052,0.6061,7.36,lose,-1.0,0.364,pinnacle
seriea,2021,2021-12-01,Roma @ Bologna,1X2,roma,,2.54,0.4546,0.3937,6.96,lose,-1.0,0.364,pinnacle
seriea,2021,2021-12-01,Roma @ Bologna,TOTAL,under,2.5,2.15,0.5119,0.4651,4.53,win,1.15,0.364,pinnacle
seriea,2021,2021-12-01,Milan @ Genoa,1X2,genoa,,6.5,0.2237,0.1538,20.43,lose,-1.0,0.364,pinnacle
seriea,2021,2021-12-01,Napoli @ Sassuolo,1X2,napoli,,1.88,0.5834,0.5319,4.36,lose,-1.0,0.364,pinnacle
seriea,2021,2021-12-02,Empoli @ Torino,1X2,empoli,,5.04,0.2245,0.1984,5.91,lose,-1.0,0.334,pinnacle
seriea,2021,2021-12-02,Udinese @ Lazio,1X2,udinese,,5.86,0.2654,0.1706,24.99,lose,-1.0,0.364,pinnacle
seriea,2021,2021-12-02,Udinese @ Lazio,TOTAL,over,2.5,1.81,0.5923,0.5525,3.24,win,0.81,0.364,pinnacle
seriea,2021,2021-12-04,Inter @ Roma,1X2,roma,,4.11,0.2906,0.2433,8.75,lose,-1.0,0.364,pinnacle
seriea,2021,2021-12-04,Inter @ Roma,1X2,draw,,3.9,0.3013,0.2564,7.88,lose,-1.0,0.364,pinnacle
seriea,2021,2021-12-05,Fiorentina @ Bologna,1X2,fiorentina,,2.58,0.4183,0.3876,3.56,win,1.58,0.364,pinnacle
seriea,2021,2021-12-05,Sassuolo @ Spezia,1X2,sassuolo,,2.4,0.514,0.4167,10.51,lose,-1.0,0.334,pinnacle
seriea,2021,2021-12-05,Verona @ Venezia,TOTAL,over,2.5,1.98,0.5503,0.5051,4.03,win,0.98,0.334,pinnacle
seriea,2021,2021-12-05,Lazio @ Sampdoria,1X2,sampdoria,,3.34,0.4169,0.2994,17.67,lose,-1.0,0.364,pinnacle
seriea,2021,2021-12-05,Lazio @ Sampdoria,TOTAL,over,2.5,1.67,0.6829,0.5988,6.32,win,0.6699999999999999,0.364,pinnacle
seriea,2021,2021-12-05,Genoa @ Juventus,TOTAL,under,2.5,2.29,0.5446,0.4367,11.12,win,1.29,0.364,pinnacle
seriea,2021,2021-12-06,Udinese @ Empoli,1X2,udinese,,3.32,0.3266,0.3012,3.8,lose,-1.0,0.334,pinnacle
seriea,2021,2021-12-06,Udinese @ Empoli,TOTAL,over,2.5,1.96,0.612,0.5102,8.98,win,0.96,0.334,pinnacle
seriea,2021,2021-12-06,Torino @ Cagliari,1X2,torino,,2.37,0.4714,0.4219,5.27,lose,-1.0,0.364,pinnacle
seriea,2021,2021-12-10,Sampdoria @ Genoa,1X2,genoa,,3.68,0.35,0.2717,12.96,lose,-1.0,0.364,pinnacle
seriea,2021,2021-12-10,Sampdoria @ Genoa,TOTAL,over,2.5,2.21,0.5671,0.4525,11.4,win,1.21,0.364,pinnacle
seriea,2021,2021-12-11,Salernitana @ Fiorentina,1X2,draw,,6.49,0.1949,0.1541,11.92,lose,-1.0,0.334,pinnacle
seriea,2021,2021-12-11,Juventus @ Venezia,1X2,draw,,4.93,0.2779,0.2028,16.65,win,3.9299999999999997,0.334,pinnacle
seriea,2021,2021-12-11,Juventus @ Venezia,TOTAL,under,2.5,2.13,0.5916,0.4695,11.71,win,1.13,0.334,pinnacle
seriea,2021,2021-12-11,Milan @ Udinese,TOTAL,over,2.5,1.94,0.6071,0.5155,8.0,lose,-1.0,0.364,pinnacle
seriea,2021,2021-12-12,Bologna @ Torino,1X2,torino,,2.29,0.4894,0.4367,5.43,win,1.29,0.364,pinnacle
seriea,2021,2021-12-12,Atalanta @ Verona,1X2,verona,,3.56,0.3203,0.2809,6.32,lose,-1.0,0.364,pinnacle
seriea,2021,2021-12-12,Lazio @ Sassuolo,1X2,lazio,,3.21,0.3367,0.3115,3.63,lose,-1.0,0.364,pinnacle
seriea,2021,2021-12-18,Roma @ Atalanta,1X2,roma,,4.71,0.2486,0.2123,7.68,win,3.71,0.364,pinnacle
seriea,2021,2021-12-18,Juventus @ Bologna,1X2,bologna,,4.36,0.2987,0.2294,13.6,lose,-1.0,0.364,pinnacle
seriea,2021,2021-12-19,Empoli @ Spezia,1X2,empoli,,2.67,0.5077,0.3745,16.0,lose,-1.0,0.334,pinnacle
seriea,2021,2021-12-19,Venezia @ Sampdoria,1X2,venezia,,4.99,0.2575,0.2004,12.82,lose,-1.0,0.334,pinnacle
seriea,2021,2021-12-19,Napoli @ Milan,1X2,napoli,,3.72,0.4007,0.2688,22.08,win,2.72,0.364,pinnacle
seriea,2021,2021-12-19,Napoli @ Milan,TOTAL,under,2.5,2.09,0.5288,0.4785,4.74,win,1.0899999999999999,0.364,pinnacle
seriea,2021,2021-12-21,Cagliari @ Juventus,1X2,draw,,6.5,0.2279,0.1538,21.67,lose,-1.0,0.364,pinnacle
seriea,2021,2021-12-21,Cagliari @ Juventus,TOTAL,under,2.5,2.19,0.5789,0.4566,12.05,win,1.19,0.364,pinnacle
seriea,2021,2021-12-22,Bologna @ Sassuolo,1X2,sassuolo,,2.22,0.4836,0.4505,3.31,lose,-1.0,0.364,pinnacle
seriea,2021,2021-12-22,Lazio @ Venezia,1X2,lazio,,2.23,0.5318,0.4484,8.37,win,1.23,0.334,pinnacle
seriea,2021,2021-12-22,Lazio @ Venezia,TOTAL,over,2.5,1.88,0.6048,0.5319,6.17,win,0.8799999999999999,0.334,pinnacle
seriea,2021,2021-12-22,Torino @ Inter,1X2,draw,,6.29,0.2272,0.159,19.31,lose,-1.0,0.364,pinnacle
seriea,2021,2021-12-22,Torino @ Inter,TOTAL,under,2.5,2.36,0.5499,0.4237,13.4,win,1.3599999999999999,0.364,pinnacle
seriea,2021,2021-12-22,Fiorentina @ Verona,1X2,verona,,3.01,0.3597,0.3322,3.73,lose,-1.0,0.364,pinnacle
seriea,2021,2021-12-22,Fiorentina @ Verona,TOTAL,over,2.5,1.71,0.6291,0.5848,3.41,lose,-1.0,0.364,pinnacle
seriea,2021,2022-01-06,Cagliari @ Sampdoria,1X2,cagliari,,5.16,0.2157,0.1938,5.09,win,4.16,0.364,pinnacle
seriea,2021,2022-01-06,Cagliari @ Sampdoria,TOTAL,over,2.5,1.84,0.5929,0.5435,4.1,win,0.8400000000000001,0.364,pinnacle
seriea,2021,2022-01-06,Empoli @ Lazio,1X2,empoli,,5.68,0.2769,0.1761,25.79,lose,-1.0,0.334,pinnacle
seriea,2021,2022-01-06,Verona @ Spezia,1X2,verona,,2.1,0.5421,0.4762,6.23,win,1.1,0.334,pinnacle
seriea,2021,2022-01-06,Verona @ Spezia,TOTAL,over,2.5,1.82,0.6432,0.5495,7.67,win,0.8200000000000001,0.334,pinnacle
seriea,2021,2022-01-06,Roma @ Milan,1X2,milan,,2.34,0.4589,0.4274,3.32,win,1.3399999999999999,0.364,pinnacle
seriea,2021,2022-01-06,Napoli @ Juventus,1X2,draw,,3.69,0.3249,0.271,8.94,win,2.69,0.364,pinnacle
seriea,2021,2022-01-09,Sassuolo @ Empoli,1X2,empoli,,2.75,0.396,0.3636,4.01,lose,-1.0,0.334,pinnacle
seriea,2021,2022-01-09,Sampdoria @ Napoli,TOTAL,under,2.5,2.33,0.5107,0.4292,8.55,win,1.33,0.364,pinnacle
seriea,2021,2022-01-09,Atalanta @ Udinese,1X2,udinese,,4.77,0.278,0.2096,14.68,lose,-1.0,0.364,pinnacle
seriea,2021,2022-01-09,Spezia @ Genoa,1X2,spezia,,3.52,0.3064,0.2841,3.53,win,2.52,0.334,pinnacle
seriea,2021,2022-01-10,Fiorentina @ Torino,1X2,torino,,3.16,0.3517,0.3165,5.02,win,2.16,0.364,pinnacle
seriea,2021,2022-01-11,Bologna @ Cagliari,1X2,bologna,,2.4,0.496,0.4167,8.57,lose,-1.0,0.364,pinnacle
seriea,2021,2022-01-11,Bologna @ Cagliari,TOTAL,over,2.5,2.01,0.5537,0.4975,5.08,win,1.0099999999999998,0.364,pinnacle
seriea,2021,2022-01-15,Lazio @ Salernitana,TOTAL,over,2.5,1.68,0.6822,0.5952,6.58,win,0.6799999999999999,0.334,pinnacle
seriea,2021,2022-01-15,Udinese @ Juventus,1X2,draw,,4.7,0.2442,0.2128,6.65,lose,-1.0,0.364,pinnacle
seriea,2021,2022-01-16,Verona @ Sassuolo,1X2,sassuolo,,2.56,0.419,0.3906,3.27,lose,-1.0,0.364,pinnacle
seriea,2021,2022-01-16,Empoli @ Venezia,1X2,empoli,,2.5,0.4754,0.4,8.48,lose,-1.0,0.334,pinnacle
seriea,2021,2022-01-16,Cagliari @ Roma,1X2,draw,,5.32,0.214,0.188,6.24,lose,-1.0,0.364,pinnacle
seriea,2021,2022-01-16,Inter @ Atalanta,1X2,inter,,2.33,0.5357,0.4292,11.16,lose,-1.0,0.364,pinnacle
seriea,2021,2022-01-17,Napoli @ Bologna,1X2,napoli,,1.88,0.5987,0.5319,5.65,win,0.8799999999999999,0.364,pinnacle
seriea,2021,2022-01-17,Genoa @ Fiorentina,1X2,draw,,4.94,0.2229,0.2024,4.55,lose,-1.0,0.364,pinnacle
seriea,2021,2022-01-21,Bologna @ Verona,1X2,bologna,,4.67,0.2717,0.2141,12.1,lose,-1.0,0.364,pinnacle
seriea,2021,2022-01-21,Bologna @ Verona,TOTAL,over,2.5,1.75,0.661,0.5714,7.05,win,0.75,0.364,pinnacle
seriea,2021,2022-01-22,Udinese @ Genoa,1X2,udinese,,2.26,0.4826,0.4425,4.08,lose,-1.0,0.364,pinnacle
seriea,2021,2022-01-22,Udinese @ Genoa,TOTAL,over,2.5,2.12,0.5612,0.4717,8.54,lose,-1.0,0.364,pinnacle
seriea,2021,2022-01-23,Fiorentina @ Cagliari,TOTAL,over,2.5,1.76,0.6095,0.5682,3.27,lose,-1.0,0.364,pinnacle
seriea,2021,2022-01-23,Sampdoria @ Spezia,1X2,sampdoria,,2.92,0.4126,0.3425,9.22,lose,-1.0,0.334,pinnacle
seriea,2021,2022-01-23,Sassuolo @ Torino,TOTAL,under,2.5,2.36,0.4963,0.4237,7.7,win,1.3599999999999999,0.364,pinnacle
seriea,2021,2022-01-23,Roma @ Empoli,1X2,empoli,,4.0,0.2884,0.25,6.91,lose,-1.0,0.334,pinnacle
seriea,2021,2022-01-23,Juventus @ Milan,1X2,milan,,2.83,0.4224,0.3534,8.79,lose,-1.0,0.364,pinnacle
seriea,2021,2022-02-05,Milan @ Inter,1X2,milan,,4.6,0.2381,0.2174,4.29,win,3.5999999999999996,0.364,pinnacle
seriea,2021,2022-02-05,Milan @ Inter,TOTAL,under,2.5,2.17,0.4952,0.4608,3.36,lose,-1.0,0.364,pinnacle
seriea,2021,2022-02-05,Lazio @ Fiorentina,1X2,fiorentina,,2.39,0.4619,0.4184,4.67,lose,-1.0,0.364,pinnacle
seriea,2021,2022-02-06,Empoli @ Bologna,1X2,empoli,,3.89,0.3597,0.2571,17.97,lose,-1.0,0.334,pinnacle
seriea,2021,2022-02-06,Empoli @ Bologna,TOTAL,over,2.5,1.64,0.6678,0.6098,4.28,lose,-1.0,0.334,pinnacle
seriea,2021,2022-02-06,Sassuolo @ Sampdoria,1X2,sassuolo,,2.49,0.4565,0.4016,6.15,lose,-1.0,0.364,pinnacle
seriea,2021,2022-02-06,Napoli @ Venezia,TOTAL,under,2.5,2.26,0.5304,0.4425,8.95,win,1.2599999999999998,0.334,pinnacle
seriea,2021,2022-02-06,Torino @ Udinese,1X2,torino,,2.43,0.4827,0.4115,7.79,lose,-1.0,0.364,pinnacle
seriea,2021,2022-02-07,Spezia @ Salernitana,1X2,spezia,,2.83,0.4811,0.3534,16.27,lose,-1.0,0.334,pinnacle
seriea,2021,2022-02-12,Bologna @ Lazio,1X2,bologna,,5.74,0.2321,0.1742,14.96,lose,-1.0,0.364,pinnacle
seriea,2021,2022-02-12,Bologna @ Lazio,TOTAL,over,2.5,1.78,0.6724,0.5618,8.86,win,0.78,0.364,pinnacle
seriea,2021,2022-02-12,Venezia @ Torino,TOTAL,under,2.5,1.97,0.5915,0.5076,7.43,lose,-1.0,0.334,pinnacle
seriea,2021,2022-02-13,Salernitana @ Genoa,1X2,salernitana,,4.66,0.2637,0.2146,10.3,lose,-1.0,0.334,pinnacle
seriea,2021,2022-02-13,Udinese @ Verona,1X2,udinese,,4.54,0.2835,0.2203,12.93,lose,-1.0,0.364,pinnacle
seriea,2021,2022-02-13,Roma @ Sassuolo,1X2,sassuolo,,3.57,0.3111,0.2801,4.99,lose,-1.0,0.364,pinnacle
seriea,2021,2022-02-13,Juventus @ Atalanta,1X2,atalanta,,3.21,0.3636,0.3115,7.52,lose,-1.0,0.364,pinnacle
seriea,2021,2022-02-13,Juventus @ Atalanta,TOTAL,under,2.5,2.01,0.5572,0.4975,5.4,win,1.0099999999999998,0.364,pinnacle
seriea,2021,2022-02-14,Fiorentina @ Spezia,1X2,fiorentina,,2.02,0.5397,0.495,4.06,win,1.02,0.334,pinnacle
seriea,2021,2022-02-14,Fiorentina @ Spezia,TOTAL,over,2.5,1.79,0.6,0.5587,3.33,win,0.79,0.334,pinnacle
seriea,2021,2022-02-18,Torino @ Juventus,1X2,draw,,3.56,0.3343,0.2809,8.55,win,2.56,0.364,pinnacle
seriea,2021,2022-02-18,Torino @ Juventus,1X2,torino,,5.75,0.2724,0.1739,25.48,lose,-1.0,0.364,pinnacle
seriea,2021,2022-02-19,Empoli @ Sampdoria,TOTAL,over,2.5,1.7,0.6434,0.5882,4.22,lose,-1.0,0.334,pinnacle
seriea,2021,2022-02-19,Verona @ Roma,1X2,verona,,3.73,0.3175,0.2681,8.29,lose,-1.0,0.364,pinnacle
seriea,2021,2022-02-19,Verona @ Roma,TOTAL,over,2.5,1.79,0.6481,0.5587,7.21,win,0.79,0.364,pinnacle
seriea,2021,2022-02-20,Atalanta @ Fiorentina,1X2,atalanta,,2.89,0.4066,0.346,7.88,lose,-1.0,0.364,pinnacle
seriea,2021,2022-02-20,Atalanta @ Fiorentina,TOTAL,over,2.5,1.75,0.6194,0.5714,3.78,lose,-1.0,0.364,pinnacle
seriea,2021,2022-02-20,Lazio @ Udinese,1X2,lazio,,2.65,0.5187,0.3774,16.86,lose,-1.0,0.364,pinnacle
seriea,2021,2022-02-21,Napoli @ Cagliari,1X2,napoli,,1.78,0.7029,0.5618,11.3,lose,-1.0,0.364,pinnacle
seriea,2021,2022-02-21,Napoli @ Cagliari,TOTAL,under,2.5,2.22,0.5229,0.4505,7.24,win,1.2200000000000002,0.364,pinnacle
seriea,2021,2022-02-21,Spezia @ Bologna,1X2,spezia,,4.57,0.2872,0.2188,14.06,lose,-1.0,0.334,pinnacle
seriea,2021,2022-02-25,Udinese @ Milan,TOTAL,over,2.5,1.93,0.6206,0.5181,8.9,lose,-1.0,0.364,pinnacle
seriea,2021,2022-02-26,Bologna @ Salernitana,1X2,bologna,,2.21,0.5195,0.4525,6.66,lose,-1.0,0.334,pinnacle
seriea,2021,2022-02-26,Fiorentina @ Sassuolo,1X2,fiorentina,,2.62,0.4273,0.3817,5.38,lose,-1.0,0.364,pinnacle
seriea,2021,2022-02-26,Fiorentina @ Sassuolo,TOTAL,over,2.5,1.63,0.6605,0.6135,3.45,win,0.6299999999999999,0.364,pinnacle
seriea,2021,2022-02-27,Cagliari @ Torino,TOTAL,under,2.5,1.88,0.5701,0.5319,3.23,lose,-1.0,0.364,pinnacle
seriea,2021,2022-02-27,Venezia @ Verona,1X2,verona,,1.74,0.6263,0.5747,4.04,win,0.74,0.334,pinnacle
seriea,2021,2022-02-27,Napoli @ Lazio,1X2,napoli,,2.62,0.5223,0.3817,16.58,win,1.62,0.364,pinnacle
seriea,2021,2022-02-28,Sampdoria @ Atalanta,1X2,draw,,4.94,0.2245,0.2024,4.91,lose,-1.0,0.364,pinnacle
seriea,2021,2022-03-05,Sampdoria @ Udinese,1X2,sampdoria,,4.97,0.3326,0.2012,29.38,lose,-1.0,0.364,pinnacle
seriea,2021,2022-03-05,Sampdoria @ Udinese,TOTAL,over,2.5,2.04,0.5649,0.4902,6.86,win,1.04,0.364,pinnacle
seriea,2021,2022-03-05,Atalanta @ Roma,1X2,atalanta,,2.92,0.3955,0.3425,6.97,lose,-1.0,0.364,pinnacle
seriea,2021,2022-03-05,Lazio @ Cagliari,1X2,lazio,,2.09,0.564,0.4785,8.04,win,1.0899999999999999,0.364,pinnacle
seriea,2021,2022-03-06,Empoli @ Genoa,1X2,empoli,,2.8,0.4506,0.3571,11.77,lose,-1.0,0.334,pinnacle
seriea,2021,2022-03-06,Torino @ Bologna,1X2,torino,,2.77,0.4264,0.361,8.15,lose,-1.0,0.364,pinnacle
seriea,2021,2022-03-06,Verona @ Fiorentina,1X2,verona,,3.9,0.3367,0.2564,14.09,lose,-1.0,0.364,pinnacle
seriea,2021,2022-03-06,Verona @ Fiorentina,TOTAL,over,2.5,1.76,0.6865,0.5682,9.37,lose,-1.0,0.364,pinnacle
seriea,2021,2022-03-06,Spezia @ Juventus,1X2,draw,,5.68,0.2236,0.1761,12.15,lose,-1.0,0.334,pinnacle
seriea,2021,2022-03-06,Spezia @ Juventus,TOTAL,under,2.5,2.29,0.5206,0.4367,8.65,win,1.29,0.334,pinnacle
seriea,2021,2022-03-06,Milan @ Napoli,TOTAL,under,2.5,1.86,0.5834,0.5376,3.83,win,0.8600000000000001,0.364,pinnacle
seriea,2021,2022-03-12,Sassuolo @ Salernitana,1X2,sassuolo,,1.93,0.6557,0.5181,11.95,lose,-1.0,0.334,pinnacle
seriea,2021,2022-03-12,Cagliari @ Spezia,1X2,spezia,,2.93,0.3974,0.3413,7.4,win,1.9300000000000002,0.334,pinnacle
seriea,2021,2022-03-13,Bologna @ Fiorentina,1X2,bologna,,6.06,0.2225,0.165,15.68,lose,-1.0,0.364,pinnacle
seriea,2021,2022-03-13,Napoli @ Verona,1X2,napoli,,2.21,0.5276,0.4525,7.47,win,1.21,0.364,pinnacle
seriea,2021,2022-03-13,Roma @ Udinese,1X2,roma,,2.4,0.4806,0.4167,6.9,lose,-1.0,0.364,pinnacle
seriea,2021,2022-03-13,Roma @ Udinese,TOTAL,over,2.5,2.06,0.552,0.4854,6.17,lose,-1.0,0.364,pinnacle
seriea,2021,2022-03-13,Inter @ Torino,TOTAL,under,2.5,2.05,0.5994,0.4878,10.29,win,1.0499999999999998,0.364,pinnacle
seriea,2021,2022-03-18,Torino @ Genoa,1X2,torino,,2.59,0.5059,0.3861,13.96,lose,-1.0,0.364,pinnacle
seriea,2021,2022-03-18,Torino @ Genoa,TOTAL,under,2.5,1.62,0.6764,0.6173,4.31,win,0.6200000000000001,0.364,pinnacle
seriea,2021,2022-03-19,Milan @ Cagliari,TOTAL,over,2.5,1.94,0.5499,0.5155,3.01,lose,-1.0,0.364,pinnacle
seriea,2021,2022-03-20,Sampdoria @ Venezia,1X2,sampdoria,,2.87,0.4306,0.3484,10.61,win,1.87,0.334,pinnacle
seriea,2021,2022-03-20,Verona @ Empoli,1X2,verona,,2.73,0.4869,0.3663,14.81,lose,-1.0,0.334,pinnacle
seriea,2021,2022-03-20,Verona @ Empoli,TOTAL,over,2.5,1.71,0.7088,0.5848,9.54,lose,-1.0,0.334,pinnacle
seriea,2021,2022-03-20,Lazio @ Roma,TOTAL,over,2.5,1.89,0.6019,0.5291,6.19,win,0.8899999999999999,0.364,pinnacle
seriea,2021,2022-04-02,Sassuolo @ Lazio,1X2,sassuolo,,5.97,0.3055,0.1675,37.07,lose,-1.0,0.364,pinnacle
seriea,2021,2022-04-02,Torino @ Salernitana,1X2,torino,,2.19,0.5962,0.4566,13.76,win,1.19,0.334,pinnacle
seriea,2021,2022-04-03,Empoli @ Fiorentina,1X2,empoli,,6.09,0.2242,0.1642,16.45,lose,-1.0,0.334,pinnacle
seriea,2021,2022-04-03,Napoli @ Atalanta,1X2,napoli,,3.55,0.4136,0.2817,21.07,win,2.55,0.364,pinnacle
seriea,2021,2022-04-03,Napoli @ Atalanta,TOTAL,under,2.5,1.98,0.6051,0.5051,8.91,lose,-1.0,0.364,pinnacle
seriea,2021,2022-04-03,Cagliari @ Udinese,TOTAL,over,2.5,2.12,0.5183,0.4717,4.44,win,1.12,0.364,pinnacle
seriea,2021,2022-04-03,Roma @ Sampdoria,1X2,sampdoria,,4.95,0.2495,0.202,10.58,lose,-1.0,0.364,pinnacle
seriea,2021,2022-04-03,Roma @ Sampdoria,TOTAL,over,2.5,1.91,0.5644,0.5236,3.51,lose,-1.0,0.364,pinnacle
seriea,2021,2022-04-03,Inter @ Juventus,TOTAL,under,2.5,1.86,0.6085,0.5376,5.93,win,0.8600000000000001,0.364,pinnacle
seriea,2021,2022-04-04,Genoa @ Verona,1X2,verona,,1.84,0.6321,0.5435,7.34,win,0.8400000000000001,0.364,pinnacle
seriea,2021,2022-04-04,Genoa @ Verona,TOTAL,over,2.5,2.05,0.5572,0.4878,6.4,lose,-1.0,0.364,pinnacle
seriea,2021,2022-04-04,Bologna @ Milan,1X2,draw,,5.55,0.2134,0.1802,8.3,win,4.55,0.364,pinnacle
seriea,2021,2022-04-09,Spezia @ Empoli,1X2,spezia,,4.5,0.28,0.2222,11.7,lose,-1.0,0.334,pinnacle
seriea,2021,2022-04-10,Lazio @ Genoa,1X2,lazio,,2.15,0.5872,0.4651,11.81,win,1.15,0.364,pinnacle
seriea,2021,2022-04-10,Lazio @ Genoa,TOTAL,over,2.5,2.07,0.5342,0.4831,4.76,win,1.0699999999999998,0.364,pinnacle
seriea,2021,2022-04-10,Fiorentina @ Napoli,TOTAL,under,2.5,2.05,0.5333,0.4878,4.2,lose,-1.0,0.364,pinnacle
seriea,2021,2022-04-10,Udinese @ Venezia,TOTAL,over,2.5,2.12,0.5173,0.4717,4.35,win,1.12,0.334,pinnacle
seriea,2021,2022-04-10,Milan @ Torino,1X2,torino,,5.02,0.2659,0.1992,15.07,lose,-1.0,0.364,pinnacle
seriea,2021,2022-04-10,Milan @ Torino,1X2,draw,,3.74,0.3064,0.2674,6.56,win,2.74,0.364,pinnacle
seriea,2021,2022-04-10,Milan @ Torino,TOTAL,under,2.5,1.75,0.6455,0.5714,5.84,win,0.75,0.364,pinnacle
seriea,2021,2022-04-11,Sampdoria @ Bologna,1X2,sampdoria,,3.27,0.334,0.3058,4.15,lose,-1.0,0.364,pinnacle
seriea,2021,2022-04-15,Genoa @ Milan,TOTAL,under,2.5,2.05,0.5274,0.4878,3.65,win,1.0499999999999998,0.364,pinnacle
seriea,2021,2022-04-16,Salernitana @ Sampdoria,1X2,sampdoria,,1.84,0.5963,0.5435,4.37,lose,-1.0,0.334,pinnacle
seriea,2021,2022-04-16,Empoli @ Udinese,1X2,empoli,,5.99,0.2841,0.1669,31.58,lose,-1.0,0.334,pinnacle
seriea,2021,2022-04-16,Empoli @ Udinese,TOTAL,over,2.5,1.8,0.6121,0.5556,4.58,win,0.8,0.334,pinnacle
seriea,2021,2022-04-16,Bologna @ Juventus,1X2,draw,,5.49,0.2588,0.1821,18.94,win,4.49,0.364,pinnacle
seriea,2021,2022-04-16,Bologna @ Juventus,TOTAL,under,2.5,2.09,0.5914,0.4785,10.62,win,1.0899999999999999,0.364,pinnacle
seriea,2021,2022-04-16,Torino @ Lazio,1X2,draw,,4.03,0.2725,0.2481,4.42,win,3.0300000000000002,0.364,pinnacle
seriea,2021,2022-04-16,Torino @ Lazio,1X2,torino,,5.84,0.2901,0.1712,31.25,lose,-1.0,0.364,pinnacle
seriea,2021,2022-04-18,Roma @ Napoli,TOTAL,under,2.5,1.99,0.5522,0.5025,4.45,win,0.99,0.364,pinnacle
seriea,2021,2022-04-18,Verona @ Atalanta,1X2,verona,,5.35,0.2689,0.1869,19.73,win,4.35,0.364,pinnacle
seriea,2021,2022-04-23,Spezia @ Torino,1X2,draw,,3.89,0.2774,0.2571,3.56,lose,-1.0,0.334,pinnacle
seriea,2021,2022-04-23,Spezia @ Torino,TOTAL,under,2.5,1.84,0.6242,0.5435,6.69,lose,-1.0,0.334,pinnacle
seriea,2021,2022-04-23,Atalanta @ Venezia,1X2,draw,,4.99,0.2264,0.2004,5.83,lose,-1.0,0.334,pinnacle
seriea,2021,2022-04-23,Atalanta @ Venezia,TOTAL,under,2.5,2.33,0.485,0.4292,5.85,lose,-1.0,0.334,pinnacle
seriea,2021,2022-04-23,Roma @ Inter,TOTAL,under,2.5,2.14,0.505,0.4673,3.63,lose,-1.0,0.364,pinnacle
seriea,2021,2022-04-23,Sampdoria @ Verona,1X2,sampdoria,,5.56,0.2149,0.1799,8.77,lose,-1.0,0.364,pinnacle
seriea,2021,2022-04-23,Sampdoria @ Verona,TOTAL,over,2.5,1.87,0.6515,0.5348,9.82,lose,-1.0,0.364,pinnacle
seriea,2021,2022-04-24,Fiorentina @ Salernitana,1X2,fiorentina,,1.85,0.6622,0.5405,10.13,lose,-1.0,0.334,pinnacle
seriea,2021,2022-04-24,Udinese @ Bologna,1X2,bologna,,3.55,0.3536,0.2817,11.49,lose,-1.0,0.364,pinnacle
seriea,2021,2022-04-24,Napoli @ Empoli,1X2,napoli,,1.72,0.6384,0.5814,4.41,lose,-1.0,0.334,pinnacle
seriea,2021,2022-04-24,Cagliari @ Genoa,1X2,cagliari,,4.12,0.34,0.2427,18.04,lose,-1.0,0.364,pinnacle
seriea,2021,2022-04-24,Milan @ Lazio,1X2,milan,,2.4,0.4449,0.4167,3.05,win,1.4,0.364,pinnacle
seriea,2021,2022-04-24,Milan @ Lazio,TOTAL,over,2.5,1.9,0.5693,0.5263,3.67,win,0.8999999999999999,0.364,pinnacle
seriea,2021,2022-04-25,Juventus @ Sassuolo,1X2,sassuolo,,4.48,0.2848,0.2232,12.41,lose,-1.0,0.364,pinnacle
seriea,2021,2022-04-27,Udinese @ Fiorentina,1X2,udinese,,5.9,0.2098,0.1695,10.7,win,4.9,0.364,pinnacle
seriea,2021,2022-04-27,Torino @ Atalanta,1X2,draw,,4.3,0.296,0.2326,12.27,win,3.3,0.364,pinnacle
seriea,2021,2022-04-27,Inter @ Bologna,1X2,draw,,5.87,0.2129,0.1704,11.24,lose,-1.0,0.364,pinnacle
seriea,2021,2022-04-27,Inter @ Bologna,TOTAL,under,2.5,2.49,0.5313,0.4016,14.53,lose,-1.0,0.364,pinnacle
seriea,2021,2022-04-30,Verona @ Cagliari,TOTAL,over,2.5,1.99,0.5885,0.5025,7.7,win,0.99,0.364,pinnacle
seriea,2021,2022-04-30,Sassuolo @ Napoli,1X2,draw,,5.43,0.2185,0.1842,8.4,lose,-1.0,0.364,pinnacle
seriea,2021,2022-04-30,Genoa @ Sampdoria,1X2,sampdoria,,3.04,0.4539,0.3289,17.09,win,2.04,0.364,pinnacle
seriea,2021,2022-04-30,Lazio @ Spezia,TOTAL,over,2.5,1.83,0.627,0.5464,6.63,win,0.8300000000000001,0.334,pinnacle
seriea,2021,2022-05-01,Venezia @ Juventus,1X2,draw,,6.25,0.2023,0.16,11.89,lose,-1.0,0.334,pinnacle
seriea,2021,2022-05-01,Torino @ Empoli,1X2,torino,,2.6,0.4485,0.3846,7.47,win,1.6,0.334,pinnacle
seriea,2021,2022-05-01,Torino @ Empoli,TOTAL,under,2.5,2.1,0.5315,0.4762,5.22,lose,-1.0,0.334,pinnacle
seriea,2021,2022-05-01,Fiorentina @ Milan,TOTAL,under,2.5,2.08,0.5327,0.4808,4.86,win,1.08,0.364,pinnacle
seriea,2021,2022-05-01,Bologna @ Roma,1X2,draw,,4.31,0.2534,0.232,4.14,win,3.3099999999999996,0.364,pinnacle
seriea,2021,2022-05-01,Bologna @ Roma,TOTAL,under,2.5,2.26,0.5543,0.4425,11.37,win,1.2599999999999998,0.364,pinnacle
seriea,2021,2022-05-05,Venezia @ Salernitana,1X2,venezia,,4.01,0.3675,0.2494,21.32,lose,-1.0,0.334,pinnacle
seriea,2021,2022-05-05,Venezia @ Salernitana,TOTAL,under,2.5,1.95,0.5975,0.5128,7.43,lose,-1.0,0.334,pinnacle
seriea,2021,2022-05-06,Juventus @ Genoa,1X2,juventus,,2.16,0.6109,0.463,14.38,lose,-1.0,0.364,pinnacle
seriea,2021,2022-05-07,Sampdoria @ Lazio,TOTAL,over,2.5,1.63,0.6763,0.6135,4.61,lose,-1.0,0.364,pinnacle
seriea,2021,2022-05-08,Atalanta @ Spezia,1X2,draw,,5.1,0.2264,0.1961,6.96,lose,-1.0,0.334,pinnacle
seriea,2021,2022-05-08,Bologna @ Venezia,1X2,bologna,,2.38,0.5283,0.4202,11.58,lose,-1.0,0.334,pinnacle
seriea,2021,2022-05-08,Cagliari @ Salernitana,1X2,cagliari,,3.42,0.4177,0.2924,19.29,lose,-1.0,0.334,pinnacle
seriea,2021,2022-05-08,Cagliari @ Salernitana,TOTAL,under,2.5,1.81,0.6094,0.5525,4.64,win,0.81,0.334,pinnacle
seriea,2021,2022-05-08,Milan @ Verona,1X2,verona,,5.44,0.26,0.1838,18.65,lose,-1.0,0.364,pinnacle
seriea,2021,2022-05-14,Spezia @ Udinese,1X2,spezia,,5.52,0.2029,0.1812,5.4,win,4.52,0.334,pinnacle
seriea,2021,2022-05-14,Torino @ Verona,1X2,torino,,4.15,0.3409,0.241,18.66,win,3.1500000000000004,0.364,pinnacle
seriea,2021,2022-05-14,Venezia @ Roma,1X2,draw,,5.87,0.2109,0.1704,10.71,win,4.87,0.334,pinnacle
seriea,2021,2022-05-15,Genoa @ Napoli,TOTAL,under,2.5,2.08,0.5234,0.4808,3.99,lose,-1.0,0.364,pinnacle
seriea,2021,2022-05-15,Atalanta @ Milan,1X2,atalanta,,4.65,0.2405,0.2151,5.33,lose,-1.0,0.364,pinnacle
seriea,2021,2022-05-15,Atalanta @ Milan,TOTAL,under,2.5,2.58,0.4984,0.3876,12.86,win,1.58,0.364,pinnacle
seriea,2021,2022-05-16,Fiorentina @ Sampdoria,1X2,draw,,4.31,0.2571,0.232,4.87,lose,-1.0,0.364,pinnacle
seriea,2021,2022-05-20,Roma @ Torino,1X2,torino,,3.57,0.3632,0.2801,13.35,lose,-1.0,0.364,pinnacle
seriea,2021,2022-05-20,Roma @ Torino,1X2,draw,,3.86,0.3069,0.2591,8.3,lose,-1.0,0.364,pinnacle
seriea,2021,2022-05-21,Bologna @ Genoa,1X2,draw,,4.03,0.3037,0.2481,10.08,lose,-1.0,0.364,pinnacle
seriea,2021,2022-05-21,Juventus @ Fiorentina,1X2,draw,,3.93,0.2793,0.2545,4.39,lose,-1.0,0.364,pinnacle
seriea,2021,2022-05-21,Juventus @ Fiorentina,TOTAL,under,2.5,2.32,0.5427,0.431,11.66,win,1.3199999999999998,0.364,pinnacle
seriea,2021,2022-05-21,Verona @ Lazio,1X2,verona,,4.0,0.2875,0.25,6.75,lose,-1.0,0.364,pinnacle
seriea,2021,2022-05-22,Napoli @ Spezia,1X2,napoli,,1.74,0.6913,0.5747,9.13,win,0.74,0.334,pinnacle
seriea,2021,2022-05-22,Milan @ Sassuolo,1X2,draw,,5.12,0.2336,0.1953,8.82,lose,-1.0,0.364,pinnacle
seriea,2021,2022-05-22,Cagliari @ Venezia,1X2,draw,,4.16,0.2851,0.2404,8.37,win,3.16,0.334,pinnacle
seriea,2021,2022-05-22,Cagliari @ Venezia,TOTAL,under,2.5,2.17,0.5549,0.4608,9.19,win,1.17,0.334,pinnacle
bundesliga,2021,2021-10-02,Freiburg @ Hertha,1X2,freiburg,,2.45,0.4767,0.4082,7.56,win,1.4500000000000002,0.364,pinnacle
bundesliga,2021,2021-10-02,Hoffenheim @ Stuttgart,1X2,stuttgart,,2.9,0.4497,0.3448,13.69,win,1.9,0.364,pinnacle
bundesliga,2021,2021-10-02,M'gladbach @ Wolfsburg,1X2,wolfsburg,,2.02,0.6327,0.495,12.51,lose,-1.0,0.364,pinnacle
bundesliga,2021,2021-10-02,M'gladbach @ Wolfsburg,TOTAL,under,2.5,2.13,0.5594,0.4695,8.62,lose,-1.0,0.364,pinnacle
bundesliga,2021,2021-10-03,Union Berlin @ Mainz,TOTAL,under,2.5,1.78,0.676,0.5618,9.15,lose,-1.0,0.364,pinnacle
bundesliga,2021,2021-10-03,Leverkusen @ Bielefeld,1X2,arminia bielefeld,,4.88,0.312,0.2049,23.52,lose,-1.0,0.334,pinnacle
bundesliga,2021,2021-10-03,Leverkusen @ Bielefeld,1X2,draw,,4.29,0.2919,0.2331,11.36,lose,-1.0,0.334,pinnacle
bundesliga,2021,2021-10-03,Leverkusen @ Bielefeld,TOTAL,under,2.5,2.12,0.583,0.4717,10.62,lose,-1.0,0.334,pinnacle
bundesliga,2021,2021-10-16,Mainz @ Dortmund,1X2,draw,,5.27,0.2581,0.1898,16.21,lose,-1.0,0.364,pinnacle
bundesliga,2021,2021-10-16,Hertha @ Ein Frankfurt,1X2,eintracht frankfurt,,1.77,0.6328,0.565,5.4,lose,-1.0,0.364,pinnacle
bundesliga,2021,2021-10-16,Hertha @ Ein Frankfurt,TOTAL,over,2.5,1.83,0.6082,0.5464,5.09,win,0.8300000000000001,0.364,pinnacle
bundesliga,2021,2021-10-16,RB Leipzig @ Freiburg,TOTAL,under,2.5,2.23,0.5781,0.4484,13.01,win,1.23,0.364,pinnacle
bundesliga,2021,2021-10-16,Bochum @ Greuther Furth,1X2,greuther furth,,2.33,0.5031,0.4292,7.75,lose,-1.0,0.334,pinnacle
bundesliga,2021,2021-10-16,Bochum @ Greuther Furth,TOTAL,under,2.5,2.14,0.5044,0.4673,3.57,win,1.1400000000000001,0.334,pinnacle
bundesliga,2021,2021-10-16,Wolfsburg @ Union Berlin,1X2,union berlin,,2.42,0.4888,0.4132,8.23,win,1.42,0.364,pinnacle
bundesliga,2021,2021-10-16,Stuttgart @ M'gladbach,1X2,draw,,4.66,0.2352,0.2146,4.32,win,3.66,0.364,pinnacle
bundesliga,2021,2021-10-16,Stuttgart @ M'gladbach,1X2,stuttgart,,6.32,0.2426,0.1582,24.0,lose,-1.0,0.364,pinnacle
bundesliga,2021,2021-10-17,Bielefeld @ Augsburg,1X2,draw,,3.29,0.3267,0.304,3.37,win,2.29,0.334,pinnacle
bundesliga,2021,2021-10-17,Bielefeld @ Augsburg,TOTAL,under,2.5,1.68,0.7029,0.5952,8.14,win,0.6799999999999999,0.334,pinnacle
bundesliga,2021,2021-10-22,Augsburg @ Mainz,TOTAL,under,2.5,1.81,0.6343,0.5525,6.67,lose,-1.0,0.364,pinnacle
bundesliga,2021,2021-10-23,Dortmund @ Bielefeld,1X2,draw,,4.44,0.252,0.2252,5.34,lose,-1.0,0.334,pinnacle
bundesliga,2021,2021-10-23,Freiburg @ Wolfsburg,1X2,freiburg,,3.63,0.3683,0.2755,15.17,win,2.63,0.364,pinnacle
bundesliga,2021,2021-10-23,Freiburg @ Wolfsburg,TOTAL,under,2.5,1.79,0.6629,0.5587,8.39,win,0.79,0.364,pinnacle
bundesliga,2021,2021-10-23,M'gladbach @ Hertha,1X2,hertha berlin,,3.56,0.3933,0.2809,18.01,win,2.56,0.364,pinnacle
bundesliga,2021,2021-10-24,Leverkusen @ FC Koln,1X2,cologne,,3.16,0.3665,0.3165,7.12,lose,-1.0,0.364,pinnacle
bundesliga,2021,2021-10-24,Ein Frankfurt @ Bochum,1X2,bochum,,3.6,0.3557,0.2778,12.63,win,2.6,0.334,pinnacle
bundesliga,2021,2021-10-24,Ein Frankfurt @ Bochum,1X2,draw,,3.78,0.2895,0.2646,4.25,lose,-1.0,0.334,pinnacle
bundesliga,2021,2021-10-24,Ein Frankfurt @ Bochum,TOTAL,under,2.5,2.05,0.5692,0.4878,7.51,win,1.0499999999999998,0.334,pinnacle
bundesliga,2021,2021-10-29,Hertha @ Hoffenheim,1X2,hoffenheim,,1.78,0.6929,0.5618,10.5,win,0.78,0.364,pinnacle
bundesliga,2021,2021-10-30,Mainz @ Bielefeld,1X2,draw,,3.56,0.3184,0.2809,6.01,lose,-1.0,0.334,pinnacle
bundesliga,2021,2021-10-30,Mainz @ Bielefeld,TOTAL,under,2.5,1.75,0.6775,0.5714,8.36,lose,-1.0,0.334,pinnacle
bundesliga,2021,2021-10-30,Wolfsburg @ Leverkusen,TOTAL,over,2.5,1.85,0.6512,0.5405,9.21,lose,-1.0,0.364,pinnacle
bundesliga,2021,2021-10-30,Bayern Munich @ Union Berlin,1X2,draw,,5.95,0.2403,0.1681,19.34,lose,-1.0,0.364,pinnacle
bundesliga,2021,2021-10-30,RB Leipzig @ Ein Frankfurt,1X2,eintracht frankfurt,,4.84,0.2654,0.2066,12.8,lose,-1.0,0.364,pinnacle
bundesliga,2021,2021-10-30,RB Leipzig @ Ein Frankfurt,1X2,draw,,4.15,0.2644,0.241,4.38,win,3.1500000000000004,0.364,pinnacle
bundesliga,2021,2021-10-30,RB Leipzig @ Ein Frankfurt,TOTAL,under,2.5,2.57,0.5012,0.3891,12.96,win,1.5699999999999998,0.364,pinnacle
bundesliga,2021,2021-10-31,Stuttgart @ Augsburg,1X2,stuttgart,,2.78,0.4312,0.3597,8.95,lose,-1.0,0.364,pinnacle
bundesliga,2021,2021-10-31,Bochum @ M'gladbach,1X2,draw,,5.59,0.2549,0.1789,19.12,lose,-1.0,0.334,pinnacle
bundesliga,2021,2021-11-05,M'gladbach @ Mainz,TOTAL,under,2.5,2.16,0.582,0.463,11.57,win,1.1600000000000001,0.364,pinnacle
bundesliga,2021,2021-11-06,Hoffenheim @ Bochum,1X2,bochum,,3.95,0.3022,0.2532,8.72,win,2.95,0.334,pinnacle
bundesliga,2021,2021-11-06,Bielefeld @ Stuttgart,1X2,stuttgart,,1.99,0.5993,0.5025,8.67,lose,-1.0,0.334,pinnacle
bundesliga,2021,2021-11-06,Augsburg @ Wolfsburg,TOTAL,under,2.5,2.05,0.5454,0.4878,5.32,win,1.0499999999999998,0.364,pinnacle
bundesliga,2021,2021-11-06,Dortmund @ RB Leipzig,TOTAL,over,2.5,1.6,0.6947,0.625,5.02,win,0.6000000000000001,0.364,pinnacle
bundesliga,2021,2021-11-07,Leverkusen @ Hertha,1X2,bayer leverkusen,,2.21,0.4857,0.4525,3.3,lose,-1.0,0.364,pinnacle
bundesliga,2021,2021-11-07,Union Berlin @ FC Koln,1X2,union berlin,,3.9,0.2813,0.2564,4.36,lose,-1.0,0.364,pinnacle
bundesliga,2021,2021-11-07,Union Berlin @ FC Koln,TOTAL,over,2.5,1.79,0.6063,0.5587,3.84,win,0.79,0.364,pinnacle
bundesliga,2021,2021-11-07,Ein Frankfurt @ Greuther Furth,1X2,greuther furth,,3.76,0.3318,0.266,11.14,lose,-1.0,0.334,pinnacle
bundesliga,2021,2021-11-07,Ein Frankfurt @ Greuther Furth,TOTAL,under,2.5,2.15,0.54,0.4651,7.24,lose,-1.0,0.334,pinnacle
bundesliga,2021,2021-11-20,Wolfsburg @ Bielefeld,1X2,arminia bielefeld,,3.98,0.3131,0.2513,11.08,lose,-1.0,0.334,pinnacle
bundesliga,2021,2021-11-20,Wolfsburg @ Bielefeld,1X2,draw,,3.43,0.3336,0.2915,6.49,win,2.43,0.334,pinnacle
bundesliga,2021,2021-11-20,RB Leipzig @ Hoffenheim,1X2,hoffenheim,,4.55,0.3589,0.2198,28.49,win,3.55,0.364,pinnacle
bundesliga,2021,2021-11-20,Greuther Furth @ M'gladbach,1X2,draw,,6.41,0.1952,0.156,11.3,lose,-1.0,0.334,pinnacle
bundesliga,2021,2021-11-20,Hertha @ Union Berlin,1X2,union berlin,,2.02,0.6305,0.495,12.31,win,1.02,0.364,pinnacle
bundesliga,2021,2021-11-21,Ein Frankfurt @ Freiburg,1X2,freiburg,,1.88,0.67,0.5319,11.68,lose,-1.0,0.364,pinnacle
bundesliga,2021,2021-11-21,Ein Frankfurt @ Freiburg,TOTAL,under,2.5,2.15,0.5385,0.4651,7.1,win,1.15,0.364,pinnacle
bundesliga,2021,2021-11-21,FC Koln @ Mainz,1X2,mainz 05,,2.1,0.6083,0.4762,12.48,lose,-1.0,0.364,pinnacle
bundesliga,2021,2021-11-27,Freiburg @ Bochum,TOTAL,under,2.5,1.87,0.641,0.5348,8.94,lose,-1.0,0.334,pinnacle
bundesliga,2021,2021-11-27,M'gladbach @ FC Koln,1X2,cologne,,3.08,0.3953,0.3247,9.79,win,2.08,0.364,pinnacle
bundesliga,2021,2021-11-27,M'gladbach @ FC Koln,TOTAL,under,2.5,2.36,0.5003,0.4237,8.13,lose,-1.0,0.364,pinnacle
bundesliga,2021,2021-11-27,Hoffenheim @ Greuther Furth,1X2,greuther furth,,5.4,0.2111,0.1852,6.3,lose,-1.0,0.334,pinnacle
bundesliga,2021,2021-11-27,Augsburg @ Hertha,1X2,augsburg,,4.42,0.2651,0.2262,7.73,lose,-1.0,0.364,pinnacle
bundesliga,2021,2021-11-27,Augsburg @ Hertha,TOTAL,over,2.5,2.24,0.4984,0.4464,5.24,lose,-1.0,0.364,pinnacle
bundesliga,2021,2021-11-27,Dortmund @ Wolfsburg,1X2,wolfsburg,,2.8,0.3937,0.3571,4.61,lose,-1.0,0.364,pinnacle
bundesliga,2021,2021-11-27,Dortmund @ Wolfsburg,TOTAL,over,2.5,1.88,0.5751,0.5319,3.66,win,0.8799999999999999,0.364,pinnacle
bundesliga,2021,2021-11-28,Union Berlin @ Ein Frankfurt,1X2,eintracht frankfurt,,2.46,0.4352,0.4065,3.18,win,1.46,0.364,pinnacle
bundesliga,2021,2021-11-28,Leverkusen @ RB Leipzig,1X2,rasenballsport leipzig,,2.01,0.5588,0.4975,5.54,lose,-1.0,0.364,pinnacle
bundesliga,2021,2021-12-04,Bochum @ Augsburg,TOTAL,under,2.5,1.85,0.5956,0.5405,4.59,lose,-1.0,0.334,pinnacle
bundesliga,2021,2021-12-04,FC Koln @ Bielefeld,1X2,arminia bielefeld,,3.14,0.3401,0.3185,3.05,lose,-1.0,0.334,pinnacle
bundesliga,2021,2021-12-04,FC Koln @ Bielefeld,TOTAL,under,2.5,2.05,0.5406,0.4878,4.87,win,1.0499999999999998,0.334,pinnacle
bundesliga,2021,2021-12-04,Ein Frankfurt @ Hoffenheim,1X2,hoffenheim,,1.98,0.5873,0.5051,7.33,win,0.98,0.364,pinnacle
bundesliga,2021,2021-12-04,Wolfsburg @ Mainz,1X2,mainz 05,,2.23,0.5222,0.4484,7.4,win,1.23,0.364,pinnacle
bundesliga,2021,2021-12-04,Bayern Munich @ Dortmund,1X2,borussia dortmund,,3.62,0.358,0.2762,13.32,lose,-1.0,0.364,pinnacle
bundesliga,2021,2021-12-05,Hertha @ Stuttgart,1X2,stuttgart,,2.08,0.6083,0.4808,11.93,lose,-1.0,0.364,pinnacle
bundesliga,2021,2021-12-05,Hertha @ Stuttgart,TOTAL,over,2.5,2.03,0.5997,0.4926,9.78,win,1.0299999999999998,0.364,pinnacle
bundesliga,2021,2021-12-05,Freiburg @ M'gladbach,1X2,draw,,3.92,0.2924,0.2551,6.58,lose,-1.0,0.364,pinnacle
bundesliga,2021,2021-12-05,Freiburg @ M'gladbach,1X2,freiburg,,4.64,0.3207,0.2155,21.96,win,3.6399999999999997,0.364,pinnacle
bundesliga,2021,2021-12-05,Freiburg @ M'gladbach,TOTAL,under,2.5,2.16,0.5828,0.463,11.65,lose,-1.0,0.364,pinnacle
bundesliga,2021,2021-12-10,Augsburg @ FC Koln,1X2,cologne,,1.75,0.6173,0.5714,3.61,lose,-1.0,0.364,pinnacle
bundesliga,2021,2021-12-11,Dortmund @ Bochum,1X2,draw,,4.85,0.236,0.2062,6.51,win,3.8499999999999996,0.334,pinnacle
bundesliga,2021,2021-12-11,Hoffenheim @ Freiburg,1X2,freiburg,,2.28,0.5783,0.4386,14.33,lose,-1.0,0.364,pinnacle
bundesliga,2021,2021-12-11,Bielefeld @ Hertha,1X2,arminia bielefeld,,4.19,0.2664,0.2387,5.23,lose,-1.0,0.334,pinnacle
bundesliga,2021,2021-12-11,M'gladbach @ RB Leipzig,1X2,rasenballsport leipzig,,1.88,0.6317,0.5319,8.44,win,0.8799999999999999,0.364,pinnacle
bundesliga,2021,2021-12-11,Stuttgart @ Wolfsburg,1X2,stuttgart,,4.14,0.2737,0.2415,5.99,win,3.1399999999999997,0.364,pinnacle
bundesliga,2021,2021-12-12,Union Berlin @ Greuther Furth,1X2,union berlin,,2.01,0.5739,0.4975,6.91,lose,-1.0,0.334,pinnacle
bundesliga,2021,2021-12-12,Union Berlin @ Greuther Furth,TOTAL,over,2.5,1.79,0.6269,0.5587,5.5,lose,-1.0,0.334,pinnacle
bundesliga,2021,2021-12-14,Bayern Munich @ Stuttgart,1X2,draw,,6.1,0.209,0.1639,12.38,lose,-1.0,0.364,pinnacle
bundesliga,2021,2021-12-14,Bochum @ Bielefeld,1X2,draw,,3.51,0.3437,0.2849,9.28,lose,-1.0,0.334,pinnacle
bundesliga,2021,2021-12-14,Hertha @ Mainz,1X2,mainz 05,,1.95,0.6536,0.5128,12.35,win,0.95,0.364,pinnacle
bundesliga,2021,2021-12-14,FC Koln @ Wolfsburg,1X2,cologne,,3.28,0.3376,0.3049,4.83,win,2.28,0.364,pinnacle
bundesliga,2021,2021-12-14,FC Koln @ Wolfsburg,TOTAL,under,2.5,2.04,0.5392,0.4902,4.5,lose,-1.0,0.364,pinnacle
bundesliga,2021,2021-12-15,Ein Frankfurt @ M'gladbach,1X2,eintracht frankfurt,,3.65,0.3291,0.274,9.05,win,2.65,0.364,pinnacle
bundesliga,2021,2021-12-15,RB Leipzig @ Augsburg,1X2,draw,,4.94,0.2602,0.2024,12.84,win,3.9400000000000004,0.364,pinnacle
bundesliga,2021,2021-12-15,Hoffenheim @ Leverkusen,1X2,bayer leverkusen,,2.05,0.5414,0.4878,4.94,lose,-1.0,0.364,pinnacle
bundesliga,2021,2021-12-15,Freiburg @ Union Berlin,1X2,freiburg,,3.03,0.3968,0.33,9.1,lose,-1.0,0.364,pinnacle
bundesliga,2021,2021-12-18,Union Berlin @ Bochum,1X2,bochum,,3.78,0.3719,0.2646,18.25,lose,-1.0,0.334,pinnacle
bundesliga,2021,2021-12-18,Union Berlin @ Bochum,1X2,draw,,3.41,0.327,0.2933,5.18,lose,-1.0,0.334,pinnacle
bundesliga,2021,2021-12-18,Augsburg @ Greuther Furth,TOTAL,under,2.5,1.93,0.578,0.5181,5.2,win,0.9299999999999999,0.334,pinnacle
bundesliga,2021,2021-12-18,Dortmund @ Hertha,1X2,hertha berlin,,5.13,0.2243,0.1949,6.77,win,4.13,0.364,pinnacle
bundesliga,2021,2021-12-19,Stuttgart @ FC Koln,1X2,cologne,,1.98,0.5721,0.5051,5.97,win,0.98,0.364,pinnacle
bundesliga,2021,2021-12-19,Stuttgart @ FC Koln,TOTAL,over,2.5,1.63,0.6603,0.6135,3.43,lose,-1.0,0.364,pinnacle
bundesliga,2021,2022-01-08,Bielefeld @ Freiburg,1X2,freiburg,,1.78,0.6338,0.5618,5.77,lose,-1.0,0.334,pinnacle
bundesliga,2021,2022-01-08,Bielefeld @ Freiburg,TOTAL,under,2.5,1.88,0.6157,0.5319,7.09,lose,-1.0,0.334,pinnacle
bundesliga,2021,2022-01-08,Stuttgart @ Greuther Furth,TOTAL,over,2.5,1.89,0.5759,0.5291,3.98,lose,-1.0,0.334,pinnacle
bundesliga,2021,2022-01-08,Union Berlin @ Leverkusen,TOTAL,over,2.5,1.78,0.6474,0.5618,6.85,win,0.78,0.364,pinnacle
bundesliga,2021,2022-01-08,Mainz @ RB Leipzig,1X2,draw,,3.94,0.2776,0.2538,4.22,lose,-1.0,0.364,pinnacle
bundesliga,2021,2022-01-08,Mainz @ RB Leipzig,1X2,mainz 05,,4.85,0.2813,0.2062,16.38,lose,-1.0,0.364,pinnacle
bundesliga,2021,2022-01-08,Mainz @ RB Leipzig,TOTAL,under,2.5,2.17,0.5424,0.4608,7.96,lose,-1.0,0.364,pinnacle
bundesliga,2021,2022-01-09,FC Koln @ Hertha,TOTAL,over,2.5,1.79,0.6022,0.5587,3.51,win,0.79,0.364,pinnacle
bundesliga,2021,2022-01-09,Wolfsburg @ Bochum,TOTAL,under,2.5,1.9,0.5916,0.5263,5.58,win,0.8999999999999999,0.334,pinnacle
bundesliga,2021,2022-01-14,Freiburg @ Dortmund,1X2,draw,,5.25,0.2382,0.1905,11.27,lose,-1.0,0.364,pinnacle
bundesliga,2021,2022-01-15,Bayern Munich @ FC Koln,1X2,draw,,5.81,0.2048,0.1721,8.55,lose,-1.0,0.364,pinnacle
bundesliga,2021,2022-01-15,Bochum @ Mainz,TOTAL,under,2.5,1.9,0.582,0.5263,4.76,win,0.8999999999999999,0.334,pinnacle
bundesliga,2021,2022-01-15,RB Leipzig @ Stuttgart,1X2,stuttgart,,5.96,0.3062,0.1678,37.12,lose,-1.0,0.364,pinnacle
bundesliga,2021,2022-01-15,Hoffenheim @ Union Berlin,1X2,union berlin,,3.05,0.4234,0.3279,13.11,win,2.05,0.364,pinnacle
bundesliga,2021,2022-01-15,Hertha @ Wolfsburg,1X2,hertha berlin,,4.33,0.2561,0.2309,4.9,lose,-1.0,0.364,pinnacle
bundesliga,2021,2022-01-15,Leverkusen @ M'gladbach,1X2,bayer leverkusen,,2.59,0.4462,0.3861,7.0,win,1.5899999999999999,0.364,pinnacle
bundesliga,2021,2022-01-16,Ein Frankfurt @ Augsburg,1X2,augsburg,,3.3,0.3408,0.303,5.61,lose,-1.0,0.364,pinnacle
bundesliga,2021,2022-01-16,Greuther Furth @ Bielefeld,1X2,arminia bielefeld,,1.96,0.6331,0.5102,10.84,lose,-1.0,0.334,pinnacle
bundesliga,2021,2022-01-21,Bielefeld @ Ein Frankfurt,TOTAL,under,2.5,2.04,0.533,0.4902,3.93,win,1.04,0.334,pinnacle
bundesliga,2021,2022-01-22,Stuttgart @ Freiburg,1X2,freiburg,,1.84,0.6356,0.5435,7.63,win,0.8400000000000001,0.364,pinnacle
bundesliga,2021,2022-01-22,Stuttgart @ Freiburg,TOTAL,over,2.5,2.03,0.5553,0.4926,5.73,lose,-1.0,0.364,pinnacle
bundesliga,2021,2022-01-22,Mainz @ Greuther Furth,1X2,mainz 05,,1.9,0.5956,0.5263,5.92,lose,-1.0,0.334,pinnacle
bundesliga,2021,2022-01-22,Union Berlin @ M'gladbach,1X2,union berlin,,3.96,0.379,0.2525,22.54,win,2.96,0.364,pinnacle
bundesliga,2021,2022-01-22,FC Koln @ Bochum,1X2,bochum,,3.38,0.3694,0.2959,11.18,lose,-1.0,0.334,pinnacle
bundesliga,2021,2022-01-22,FC Koln @ Bochum,TOTAL,under,2.5,2.09,0.5324,0.4785,5.07,lose,-1.0,0.334,pinnacle
bundesliga,2021,2022-02-04,Bochum @ Hertha,TOTAL,under,2.5,2.02,0.5516,0.495,5.14,win,1.02,0.334,pinnacle
bundesliga,2021,2022-02-05,Union Berlin @ Augsburg,1X2,union berlin,,2.71,0.426,0.369,6.95,lose,-1.0,0.364,pinnacle
bundesliga,2021,2022-02-05,M'gladbach @ Bielefeld,TOTAL,under,2.5,2.05,0.5479,0.4878,5.54,win,1.0499999999999998,0.334,pinnacle
bundesliga,2021,2022-02-05,Freiburg @ FC Koln,1X2,freiburg,,2.82,0.3808,0.3546,3.32,lose,-1.0,0.364,pinnacle
bundesliga,2021,2022-02-05,Hoffenheim @ Mainz,1X2,mainz 05,,2.77,0.4609,0.361,12.45,win,1.77,0.364,pinnacle
bundesliga,2021,2022-02-05,Ein Frankfurt @ Stuttgart,1X2,eintracht frankfurt,,2.97,0.3803,0.3367,5.82,win,1.9700000000000002,0.364,pinnacle
bundesliga,2021,2022-02-06,Leverkusen @ Dortmund,1X2,borussia dortmund,,1.99,0.5653,0.5025,5.62,lose,-1.0,0.364,pinnacle
bundesliga,2021,2022-02-06,Greuther Furth @ Wolfsburg,1X2,greuther furth,,6.22,0.1876,0.1608,7.51,lose,-1.0,0.334,pinnacle
bundesliga,2021,2022-02-12,Wolfsburg @ Ein Frankfurt,1X2,eintracht frankfurt,,2.11,0.5758,0.4739,9.67,lose,-1.0,0.364,pinnacle
bundesliga,2021,2022-02-12,Mainz @ Freiburg,TOTAL,under,2.5,1.88,0.5916,0.5319,5.05,win,0.8799999999999999,0.364,pinnacle
bundesliga,2021,2022-02-12,Hertha @ Greuther Furth,TOTAL,over,2.5,1.99,0.5607,0.5025,5.21,win,0.99,0.334,pinnacle
bundesliga,2021,2022-02-12,Augsburg @ M'gladbach,1X2,draw,,4.73,0.2579,0.2114,9.89,lose,-1.0,0.364,pinnacle
bundesliga,2021,2022-02-12,Augsburg @ M'gladbach,1X2,augsburg,,6.08,0.2508,0.1645,23.61,lose,-1.0,0.364,pinnacle
bundesliga,2021,2022-02-12,Augsburg @ M'gladbach,TOTAL,under,2.5,2.21,0.486,0.4525,3.33,lose,-1.0,0.364,pinnacle
bundesliga,2021,2022-02-13,Dortmund @ Union Berlin,1X2,union berlin,,3.62,0.3954,0.2762,19.42,lose,-1.0,0.364,pinnacle
bundesliga,2021,2022-02-13,Dortmund @ Union Berlin,TOTAL,over,2.5,1.65,0.6681,0.6061,4.61,win,0.6499999999999999,0.364,pinnacle
bundesliga,2021,2022-02-13,Bielefeld @ Hoffenheim,1X2,draw,,4.82,0.238,0.2075,6.61,lose,-1.0,0.334,pinnacle
bundesliga,2021,2022-02-18,Leverkusen @ Mainz,1X2,mainz 05,,3.07,0.4204,0.3257,13.08,win,2.07,0.364,pinnacle
bundesliga,2021,2022-02-18,Leverkusen @ Mainz,TOTAL,over,2.5,1.74,0.6261,0.5747,4.02,win,0.74,0.364,pinnacle
bundesliga,2021,2022-02-19,Union Berlin @ Bielefeld,1X2,arminia bielefeld,,3.15,0.3715,0.3175,7.66,win,2.15,0.334,pinnacle
bundesliga,2021,2022-02-19,Union Berlin @ Bielefeld,TOTAL,under,2.5,1.68,0.6435,0.5952,3.64,win,0.6799999999999999,0.334,pinnacle
bundesliga,2021,2022-02-19,Bochum @ Stuttgart,1X2,bochum,,3.97,0.3153,0.2519,11.33,lose,-1.0,0.334,pinnacle
bundesliga,2021,2022-02-19,Ein Frankfurt @ FC Koln,1X2,cologne,,2.4,0.4651,0.4167,5.23,win,1.4,0.364,pinnacle
bundesliga,2021,2022-02-20,RB Leipzig @ Hertha,1X2,hertha berlin,,6.4,0.2106,0.1562,15.66,lose,-1.0,0.364,pinnacle
bundesliga,2021,2022-02-26,Hertha @ Freiburg,TOTAL,over,2.5,1.79,0.5987,0.5587,3.23,win,0.79,0.364,pinnacle
bundesliga,2021,2022-02-26,FC Koln @ Greuther Furth,1X2,cologne,,2.03,0.529,0.4926,3.32,lose,-1.0,0.334,pinnacle
bundesliga,2021,2022-02-26,Wolfsburg @ M'gladbach,1X2,wolfsburg,,3.74,0.2877,0.2674,3.42,lose,-1.0,0.364,pinnacle
bundesliga,2021,2022-02-27,RB Leipzig @ Bochum,1X2,bochum,,4.7,0.2636,0.2128,10.76,lose,-1.0,0.334,pinnacle
bundesliga,2021,2022-02-27,RB Leipzig @ Bochum,TOTAL,under,2.5,2.22,0.4977,0.4505,4.72,win,1.2200000000000002,0.334,pinnacle
bundesliga,2021,2022-02-27,Dortmund @ Augsburg,1X2,borussia dortmund,,1.9,0.5735,0.5263,4.04,lose,-1.0,0.364,pinnacle
bundesliga,2021,2022-03-04,Augsburg @ Bielefeld,1X2,arminia bielefeld,,2.39,0.4567,0.4184,4.12,lose,-1.0,0.334,pinnacle
bundesliga,2021,2022-03-04,Augsburg @ Bielefeld,TOTAL,under,2.5,1.78,0.6323,0.5618,5.65,win,0.78,0.334,pinnacle
bundesliga,2021,2022-03-05,Greuther Furth @ Bochum,1X2,bochum,,1.75,0.631,0.5714,4.69,win,0.75,0.334,pinnacle
bundesliga,2021,2022-03-05,Freiburg @ RB Leipzig,TOTAL,under,2.5,2.31,0.481,0.4329,5.0,win,1.31,0.364,pinnacle
bundesliga,2021,2022-03-05,Union Berlin @ Wolfsburg,1X2,union berlin,,3.52,0.3428,0.2841,9.31,lose,-1.0,0.364,pinnacle
bundesliga,2021,2022-03-05,M'gladbach @ Stuttgart,1X2,stuttgart,,2.88,0.463,0.3472,15.0,win,1.88,0.364,pinnacle
bundesliga,2021,2022-03-06,Hoffenheim @ FC Koln,1X2,cologne,,2.94,0.3944,0.3401,7.18,lose,-1.0,0.364,pinnacle
bundesliga,2021,2022-03-12,Wolfsburg @ Freiburg,1X2,freiburg,,2.01,0.6117,0.4975,10.33,win,1.0099999999999998,0.364,pinnacle
bundesliga,2021,2022-03-12,Bayern Munich @ Hoffenheim,1X2,hoffenheim,,6.36,0.2699,0.1572,32.24,lose,-1.0,0.364,pinnacle
bundesliga,2021,2022-03-12,Bayern Munich @ Hoffenheim,1X2,draw,,5.62,0.2127,0.1779,8.79,win,4.62,0.364,pinnacle
bundesliga,2021,2022-03-12,Stuttgart @ Union Berlin,1X2,union berlin,,2.14,0.5584,0.4673,8.78,lose,-1.0,0.334,pinnacle
bundesliga,2021,2022-03-12,Hertha @ M'gladbach,1X2,hertha berlin,,6.28,0.1969,0.1592,10.65,lose,-1.0,0.364,pinnacle
bundesliga,2021,2022-03-13,FC Koln @ Leverkusen,1X2,bayer leverkusen,,1.7,0.6572,0.5882,5.27,lose,-1.0,0.364,pinnacle
bundesliga,2021,2022-03-13,Bochum @ Ein Frankfurt,1X2,draw,,4.11,0.2647,0.2433,3.96,lose,-1.0,0.334,pinnacle
bundesliga,2021,2022-03-13,Bochum @ Ein Frankfurt,TOTAL,under,2.5,2.04,0.536,0.4902,4.2,lose,-1.0,0.334,pinnacle
bundesliga,2021,2022-03-16,Dortmund @ Mainz,1X2,mainz 05,,3.03,0.392,0.33,8.45,lose,-1.0,0.364,pinnacle
bundesliga,2021,2022-03-18,M'gladbach @ Bochum,1X2,bochum,,2.91,0.4764,0.3436,17.39,lose,-1.0,0.334,pinnacle
bundesliga,2021,2022-03-18,M'gladbach @ Bochum,TOTAL,under,2.5,2.23,0.4854,0.4484,3.71,win,1.23,0.334,pinnacle
bundesliga,2021,2022-03-19,Freiburg @ Greuther Furth,1X2,freiburg,,1.74,0.6556,0.5747,6.33,lose,-1.0,0.334,pinnacle
bundesliga,2021,2022-03-19,Freiburg @ Greuther Furth,TOTAL,over,2.5,1.83,0.5876,0.5464,3.39,lose,-1.0,0.334,pinnacle
bundesliga,2021,2022-03-19,Hoffenheim @ Hertha,1X2,hoffenheim,,2.11,0.591,0.4739,11.12,lose,-1.0,0.364,pinnacle
bundesliga,2021,2022-03-19,Bielefeld @ Mainz,1X2,draw,,4.38,0.3032,0.2283,14.76,lose,-1.0,0.334,pinnacle
bundesliga,2021,2022-03-19,Bielefeld @ Mainz,TOTAL,under,2.5,1.75,0.6835,0.5714,8.83,lose,-1.0,0.334,pinnacle
bundesliga,2021,2022-03-19,Augsburg @ Stuttgart,1X2,augsburg,,4.66,0.2814,0.2146,14.02,lose,-1.0,0.364,pinnacle
bundesliga,2021,2022-03-20,Leverkusen @ Wolfsburg,1X2,bayer leverkusen,,2.32,0.4958,0.431,6.76,win,1.3199999999999998,0.364,pinnacle
bundesliga,2021,2022-03-20,Leverkusen @ Wolfsburg,TOTAL,over,2.5,1.8,0.6459,0.5556,7.32,lose,-1.0,0.364,pinnacle
bundesliga,2021,2022-03-20,Dortmund @ FC Koln,1X2,cologne,,3.69,0.3311,0.271,9.98,lose,-1.0,0.364,pinnacle
bundesliga,2021,2022-04-02,Stuttgart @ Bielefeld,1X2,arminia bielefeld,,3.52,0.4028,0.2841,18.8,lose,-1.0,0.334,pinnacle
bundesliga,2021,2022-04-02,Stuttgart @ Bielefeld,TOTAL,under,2.5,1.88,0.5898,0.5319,4.9,win,0.8799999999999999,0.334,pinnacle
bundesliga,2021,2022-04-02,Bayern Munich @ Freiburg,1X2,freiburg,,6.3,0.2856,0.1587,35.95,lose,-1.0,0.364,pinnacle
bundesliga,2021,2022-04-02,Bayern Munich @ Freiburg,1X2,draw,,4.93,0.2472,0.2028,9.83,lose,-1.0,0.364,pinnacle
bundesliga,2021,2022-04-02,Bochum @ Hoffenheim,1X2,draw,,4.87,0.2273,0.2053,4.81,lose,-1.0,0.334,pinnacle
bundesliga,2021,2022-04-02,RB Leipzig @ Dortmund,1X2,borussia dortmund,,2.35,0.4751,0.4255,5.24,lose,-1.0,0.364,pinnacle
bundesliga,2021,2022-04-03,Wolfsburg @ Augsburg,1X2,augsburg,,2.69,0.4288,0.3717,6.9,win,1.69,0.364,pinnacle
bundesliga,2021,2022-04-03,Mainz @ M'gladbach,1X2,mainz 05,,3.05,0.4262,0.3279,13.5,lose,-1.0,0.364,pinnacle
bundesliga,2021,2022-04-06,Mainz @ Augsburg,TOTAL,under,2.5,1.85,0.6165,0.5405,6.32,lose,-1.0,0.364,pinnacle
bundesliga,2021,2022-04-08,Dortmund @ Stuttgart,1X2,borussia dortmund,,1.98,0.5424,0.5051,3.33,win,0.98,0.364,pinnacle
bundesliga,2021,2022-04-08,Dortmund @ Stuttgart,TOTAL,over,2.5,1.64,0.7199,0.6098,8.13,lose,-1.0,0.364,pinnacle
bundesliga,2021,2022-04-09,Mainz @ FC Koln,1X2,cologne,,2.76,0.4286,0.3623,8.23,win,1.7599999999999998,0.364,pinnacle
bundesliga,2021,2022-04-09,Mainz @ FC Koln,TOTAL,under,2.5,1.95,0.6166,0.5128,9.1,lose,-1.0,0.364,pinnacle
bundesliga,2021,2022-04-09,M'gladbach @ Greuther Furth,1X2,greuther furth,,4.79,0.2726,0.2088,13.76,lose,-1.0,0.334,pinnacle
bundesliga,2021,2022-04-09,Bielefeld @ Wolfsburg,1X2,draw,,3.86,0.3131,0.2591,9.38,lose,-1.0,0.334,pinnacle
bundesliga,2021,2022-04-09,Bielefeld @ Wolfsburg,1X2,arminia bielefeld,,5.83,0.2574,0.1715,22.52,lose,-1.0,0.334,pinnacle
bundesliga,2021,2022-04-10,Freiburg @ Ein Frankfurt,TOTAL,under,2.5,2.05,0.5413,0.4878,4.93,lose,-1.0,0.364,pinnacle
bundesliga,2021,2022-04-16,Hertha @ Augsburg,1X2,augsburg,,1.97,0.5802,0.5076,6.43,lose,-1.0,0.364,pinnacle
bundesliga,2021,2022-04-16,Hertha @ Augsburg,TOTAL,over,2.5,1.93,0.5651,0.5181,4.08,lose,-1.0,0.364,pinnacle
bundesliga,2021,2022-04-16,Bochum @ Freiburg,TOTAL,under,2.5,1.97,0.5654,0.5076,5.12,lose,-1.0,0.334,pinnacle
bundesliga,2021,2022-04-16,Stuttgart @ Mainz,1X2,mainz 05,,2.06,0.6085,0.4854,11.41,lose,-1.0,0.364,pinnacle
bundesliga,2021,2022-04-16,FC Koln @ M'gladbach,1X2,cologne,,3.43,0.3558,0.2915,9.92,win,2.43,0.364,pinnacle
bundesliga,2021,2022-04-17,Ein Frankfurt @ Union Berlin,1X2,eintracht frankfurt,,3.92,0.2828,0.2551,4.88,lose,-1.0,0.364,pinnacle
bundesliga,2021,2022-04-17,RB Leipzig @ Leverkusen,1X2,bayer leverkusen,,2.65,0.414,0.3774,4.37,lose,-1.0,0.364,pinnacle
bundesliga,2021,2022-04-17,RB Leipzig @ Leverkusen,TOTAL,over,2.5,1.66,0.6924,0.6024,6.72,lose,-1.0,0.364,pinnacle
bundesliga,2021,2022-04-22,Mainz @ Wolfsburg,1X2,mainz 05,,2.92,0.42,0.3425,10.19,lose,-1.0,0.364,pinnacle
bundesliga,2021,2022-04-22,Mainz @ Wolfsburg,TOTAL,under,2.5,1.97,0.547,0.5076,3.49,lose,-1.0,0.364,pinnacle
bundesliga,2021,2022-04-23,Bielefeld @ FC Koln,1X2,draw,,5.06,0.2477,0.1976,11.39,lose,-1.0,0.334,pinnacle
bundesliga,2021,2022-04-23,Bielefeld @ FC Koln,TOTAL,under,2.5,2.11,0.5591,0.4739,8.08,lose,-1.0,0.334,pinnacle
bundesliga,2021,2022-04-23,M'gladbach @ Freiburg,1X2,freiburg,,1.85,0.6446,0.5405,8.66,lose,-1.0,0.364,pinnacle
bundesliga,2021,2022-04-23,Union Berlin @ RB Leipzig,TOTAL,over,2.5,2.03,0.5545,0.4926,5.65,win,1.0299999999999998,0.364,pinnacle
bundesliga,2021,2022-04-24,Augsburg @ Bochum,TOTAL,under,2.5,1.87,0.6125,0.5348,6.54,win,0.8700000000000001,0.334,pinnacle
bundesliga,2021,2022-04-24,Stuttgart @ Hertha,1X2,hertha berlin,,3.31,0.3746,0.3021,10.8,win,2.31,0.364,pinnacle
bundesliga,2021,2022-04-24,Stuttgart @ Hertha,TOTAL,over,2.5,1.97,0.5563,0.5076,4.32,lose,-1.0,0.364,pinnacle
bundesliga,2021,2022-04-30,FC Koln @ Augsburg,1X2,augsburg,,3.19,0.3697,0.3135,8.07,lose,-1.0,0.364,pinnacle
bundesliga,2021,2022-04-30,Hertha @ Bielefeld,1X2,arminia bielefeld,,2.82,0.4294,0.3546,9.49,lose,-1.0,0.334,pinnacle
bundesliga,2021,2022-04-30,Wolfsburg @ Stuttgart,1X2,wolfsburg,,4.28,0.3197,0.2336,16.57,lose,-1.0,0.364,pinnacle
bundesliga,2021,2022-05-06,Bielefeld @ Bochum,1X2,bochum,,2.2,0.488,0.4545,3.31,win,1.2000000000000002,0.334,pinnacle
bundesliga,2021,2022-05-06,Bielefeld @ Bochum,1X2,draw,,3.67,0.3001,0.2725,4.56,lose,-1.0,0.334,pinnacle
bundesliga,2021,2022-05-07,Wolfsburg @ FC Koln,1X2,draw,,4.9,0.2345,0.2041,6.71,lose,-1.0,0.364,pinnacle
bundesliga,2021,2022-05-07,Wolfsburg @ FC Koln,1X2,wolfsburg,,6.34,0.205,0.1577,13.49,win,5.34,0.364,pinnacle
bundesliga,2021,2022-05-07,Union Berlin @ Freiburg,TOTAL,under,2.5,2.14,0.5045,0.4673,3.58,lose,-1.0,0.364,pinnacle
bundesliga,2021,2022-05-07,Mainz @ Hertha,1X2,mainz 05,,2.62,0.476,0.3817,11.12,win,1.62,0.364,pinnacle
bundesliga,2021,2022-05-08,M'gladbach @ Ein Frankfurt,1X2,eintracht frankfurt,,2.67,0.4876,0.3745,13.58,lose,-1.0,0.364,pinnacle
bundesliga,2021,2022-05-14,RB Leipzig @ Bielefeld,1X2,draw,,5.38,0.2322,0.1859,11.22,win,4.38,0.334,pinnacle
bundesliga,2021,2022-05-14,Freiburg @ Leverkusen,1X2,bayer leverkusen,,2.25,0.5641,0.4444,12.12,win,1.25,0.364,pinnacle
bundesliga,2021,2022-05-14,Ein Frankfurt @ Mainz,1X2,draw,,4.13,0.2682,0.2421,4.84,win,3.13,0.364,pinnacle
bundesliga,2021,2022-05-14,Hoffenheim @ M'gladbach,1X2,hoffenheim,,3.15,0.3658,0.3175,6.86,lose,-1.0,0.364,pinnacle
bundesliga,2021,2022-05-14,FC Koln @ Stuttgart,1X2,cologne,,3.04,0.4153,0.3289,11.81,lose,-1.0,0.364,pinnacle
bundesliga,2021,2022-05-14,Bochum @ Union Berlin,1X2,draw,,5.84,0.266,0.1712,24.91,lose,-1.0,0.334,pinnacle
ligue1,2021,2021-09-22,St Etienne @ Monaco,1X2,draw,,4.61,0.2895,0.2169,15.05,lose,-1.0,0.364,pinnacle
ligue1,2021,2021-09-22,St Etienne @ Monaco,TOTAL,under,2.5,2.03,0.5692,0.4926,6.99,lose,-1.0,0.364,pinnacle
ligue1,2021,2021-09-22,Bordeaux @ Montpellier,1X2,montpellier,,2.1,0.5383,0.4762,5.87,lose,-1.0,0.364,pinnacle
ligue1,2021,2021-09-22,Bordeaux @ Montpellier,TOTAL,over,2.5,1.75,0.6566,0.5714,6.71,win,0.75,0.364,pinnacle
ligue1,2021,2021-09-22,Brest @ Nantes,TOTAL,under,2.5,1.88,0.5935,0.5319,5.21,lose,-1.0,0.334,pinnacle
ligue1,2021,2021-09-22,Clermont @ Rennes,TOTAL,under,2.5,1.88,0.6035,0.5319,6.05,lose,-1.0,0.334,pinnacle
ligue1,2021,2021-09-22,Strasbourg @ Lens,1X2,lens,,2.19,0.5127,0.4566,5.53,lose,-1.0,0.334,pinnacle
ligue1,2021,2021-09-22,Strasbourg @ Lens,TOTAL,over,2.5,1.94,0.6297,0.5155,9.98,lose,-1.0,0.334,pinnacle
ligue1,2021,2021-09-22,Troyes @ Lyon,1X2,draw,,6.01,0.281,0.1664,31.0,lose,-1.0,0.334,pinnacle
ligue1,2021,2021-09-25,Lille @ Strasbourg,TOTAL,over,2.5,2.17,0.5254,0.4608,6.3,win,1.17,0.364,pinnacle
ligue1,2021,2021-09-26,Rennes @ Bordeaux,1X2,bordeaux,,4.08,0.3604,0.2451,21.17,lose,-1.0,0.364,pinnacle
ligue1,2021,2021-09-26,Rennes @ Bordeaux,TOTAL,over,2.5,2.05,0.5215,0.4878,3.11,lose,-1.0,0.364,pinnacle
ligue1,2021,2021-09-26,Metz @ Brest,1X2,metz,,3.92,0.3129,0.2551,10.19,win,2.92,0.334,pinnacle
ligue1,2021,2021-09-26,Metz @ Brest,TOTAL,over,2.5,2.07,0.5393,0.4831,5.24,win,1.0699999999999998,0.334,pinnacle
ligue1,2021,2021-09-26,Nantes @ Reims,1X2,nantes,,3.02,0.3572,0.3311,3.55,lose,-1.0,0.364,pinnacle
ligue1,2021,2021-09-26,Nantes @ Reims,TOTAL,under,2.5,1.6,0.7032,0.625,5.63,lose,-1.0,0.364,pinnacle
ligue1,2021,2021-09-26,Angers @ Troyes,1X2,angers,,2.71,0.4505,0.369,9.93,lose,-1.0,0.334,pinnacle
ligue1,2021,2021-09-26,Angers @ Troyes,TOTAL,under,2.5,1.66,0.67,0.6024,5.05,win,0.6599999999999999,0.334,pinnacle
ligue1,2021,2021-09-26,Monaco @ Clermont,1X2,clermont foot,,4.16,0.3873,0.2404,27.5,lose,-1.0,0.334,pinnacle
ligue1,2021,2021-09-26,Lens @ Marseille,1X2,draw,,3.96,0.2731,0.2525,3.67,lose,-1.0,0.334,pinnacle
ligue1,2021,2021-09-26,Lens @ Marseille,1X2,lens,,5.06,0.2494,0.1976,11.78,win,4.06,0.334,pinnacle
ligue1,2021,2021-09-26,Lens @ Marseille,TOTAL,under,2.5,2.01,0.5449,0.4975,4.29,lose,-1.0,0.334,pinnacle
ligue1,2021,2021-10-01,Reims @ Lens,1X2,reims,,4.29,0.2824,0.2331,9.51,lose,-1.0,0.334,pinnacle
ligue1,2021,2021-10-02,Strasbourg @ Montpellier,1X2,montpellier,,2.6,0.4647,0.3846,9.38,lose,-1.0,0.364,pinnacle
ligue1,2021,2021-10-02,Strasbourg @ Montpellier,TOTAL,over,2.5,1.78,0.68,0.5618,9.47,lose,-1.0,0.364,pinnacle
ligue1,2021,2021-10-03,Paris SG @ Rennes,1X2,draw,,4.99,0.2498,0.2004,11.08,lose,-1.0,0.364,pinnacle
ligue1,2021,2021-10-03,Metz @ Angers,1X2,angers,,1.94,0.5973,0.5155,7.14,win,0.94,0.364,pinnacle
ligue1,2021,2021-10-03,Metz @ Angers,TOTAL,over,2.5,2.35,0.4938,0.4255,7.22,win,1.35,0.364,pinnacle
ligue1,2021,2021-10-03,Clermont @ Lorient,1X2,lorient,,2.5,0.5414,0.4,15.91,lose,-1.0,0.334,pinnacle
ligue1,2021,2021-10-03,Bordeaux @ Monaco,1X2,draw,,5.26,0.2368,0.1901,11.06,lose,-1.0,0.364,pinnacle
ligue1,2021,2021-10-03,Troyes @ Nantes,1X2,troyes,,4.96,0.2382,0.2016,8.16,lose,-1.0,0.334,pinnacle
ligue1,2021,2021-10-03,Marseille @ Lille,TOTAL,over,2.5,2.13,0.5993,0.4695,12.44,lose,-1.0,0.364,pinnacle
ligue1,2021,2021-10-15,Angers @ Paris SG,1X2,draw,,5.42,0.2421,0.1845,14.05,lose,-1.0,0.364,pinnacle
ligue1,2021,2021-10-16,Lille @ Clermont,1X2,clermont foot,,3.23,0.3778,0.3096,9.92,win,2.23,0.334,pinnacle
ligue1,2021,2021-10-16,Monaco @ Lyon,1X2,monaco,,3.73,0.3266,0.2681,9.82,lose,-1.0,0.364,pinnacle
ligue1,2021,2021-10-17,Nice @ Troyes,1X2,nice,,1.93,0.6226,0.5181,9.07,lose,-1.0,0.334,pinnacle
ligue1,2021,2021-10-17,Nice @ Troyes,TOTAL,under,2.5,2.05,0.597,0.4878,10.07,win,1.0499999999999998,0.334,pinnacle
ligue1,2021,2021-10-17,Nantes @ Bordeaux,1X2,nantes,,2.7,0.4467,0.3704,9.28,lose,-1.0,0.364,pinnacle
ligue1,2021,2021-10-17,Nantes @ Bordeaux,TOTAL,over,2.5,2.16,0.5424,0.463,7.72,lose,-1.0,0.364,pinnacle
ligue1,2021,2021-10-17,Reims @ Brest,1X2,reims,,3.54,0.3687,0.2825,13.74,lose,-1.0,0.364,pinnacle
ligue1,2021,2021-10-17,Rennes @ Metz,1X2,metz,,5.4,0.2932,0.1852,26.26,lose,-1.0,0.364,pinnacle
ligue1,2021,2021-10-17,Rennes @ Metz,1X2,draw,,4.03,0.2694,0.2481,3.86,lose,-1.0,0.364,pinnacle
ligue1,2021,2021-10-17,Rennes @ Metz,TOTAL,over,2.5,2.18,0.4946,0.4587,3.52,win,1.1800000000000002,0.364,pinnacle
ligue1,2021,2021-10-17,St Etienne @ Strasbourg,1X2,strasbourg,,2.21,0.5889,0.4525,13.57,win,1.21,0.364,pinnacle
ligue1,2021,2021-10-17,St Etienne @ Strasbourg,TOTAL,over,2.5,1.91,0.5701,0.5236,4.0,win,0.9099999999999999,0.364,pinnacle
ligue1,2021,2021-10-17,Lorient @ Marseille,1X2,draw,,4.37,0.2778,0.2288,9.63,lose,-1.0,0.334,pinnacle
ligue1,2021,2021-10-17,Lorient @ Marseille,TOTAL,under,2.5,2.18,0.5587,0.4587,9.81,lose,-1.0,0.334,pinnacle
ligue1,2021,2021-10-22,Angers @ St Etienne,1X2,angers,,2.46,0.5086,0.4065,11.3,lose,-1.0,0.364,pinnacle
ligue1,2021,2021-10-23,Clermont @ Nantes,TOTAL,over,2.5,2.05,0.5608,0.4878,6.73,win,1.0499999999999998,0.334,pinnacle
ligue1,2021,2021-10-23,Brest @ Lille,TOTAL,over,2.5,1.93,0.5538,0.5181,3.1,lose,-1.0,0.334,pinnacle
ligue1,2021,2021-10-24,Lyon @ Nice,TOTAL,under,2.5,2.32,0.5424,0.431,11.63,lose,-1.0,0.364,pinnacle
ligue1,2021,2021-10-24,Metz @ Lens,TOTAL,over,2.5,1.89,0.6043,0.5291,6.39,win,0.8899999999999999,0.334,pinnacle
ligue1,2021,2021-10-24,Bordeaux @ Lorient,1X2,lorient,,2.24,0.5326,0.4464,8.68,lose,-1.0,0.334,pinnacle
ligue1,2021,2021-10-24,Bordeaux @ Lorient,TOTAL,over,2.5,2.08,0.5262,0.4808,4.26,lose,-1.0,0.334,pinnacle
ligue1,2021,2021-10-24,Troyes @ Reims,1X2,reims,,2.36,0.4872,0.4237,6.74,lose,-1.0,0.334,pinnacle
ligue1,2021,2021-10-24,Strasbourg @ Rennes,1X2,strasbourg,,5.91,0.2223,0.1692,14.11,lose,-1.0,0.364,pinnacle
ligue1,2021,2021-10-24,Montpellier @ Monaco,1X2,draw,,4.9,0.2473,0.2041,9.54,lose,-1.0,0.364,pinnacle
ligue1,2021,2021-10-24,Paris SG @ Marseille,1X2,draw,,4.68,0.2458,0.2137,6.76,win,3.6799999999999997,0.364,pinnacle
ligue1,2021,2021-10-27,Marseille @ Nice,TOTAL,under,2.5,1.97,0.6172,0.5076,9.72,win,0.97,0.364,pinnacle
ligue1,2021,2021-10-30,St Etienne @ Metz,1X2,metz,,2.76,0.4913,0.3623,16.02,lose,-1.0,0.364,pinnacle
ligue1,2021,2021-10-30,St Etienne @ Metz,TOTAL,over,2.5,2.02,0.6087,0.495,10.33,lose,-1.0,0.364,pinnacle
ligue1,2021,2021-10-30,Lens @ Lyon,1X2,draw,,4.56,0.2572,0.2193,7.77,lose,-1.0,0.334,pinnacle
ligue1,2021,2021-10-31,Nice @ Angers,1X2,angers,,3.27,0.3276,0.3058,3.2,lose,-1.0,0.364,pinnacle
ligue1,2021,2021-10-31,Nice @ Angers,TOTAL,under,2.5,1.81,0.6183,0.5525,5.36,lose,-1.0,0.364,pinnacle
ligue1,2021,2021-10-31,Reims @ Bordeaux,TOTAL,over,2.5,2.38,0.4849,0.4202,6.93,win,1.38,0.364,pinnacle
ligue1,2021,2021-10-31,Nantes @ Montpellier,1X2,nantes,,3.4,0.3434,0.2941,7.54,lose,-1.0,0.364,pinnacle
ligue1,2021,2021-10-31,Rennes @ Troyes,1X2,troyes,,4.18,0.2694,0.2392,5.68,lose,-1.0,0.334,pinnacle
ligue1,2021,2021-10-31,Rennes @ Troyes,1X2,draw,,3.75,0.3098,0.2667,7.27,win,2.75,0.334,pinnacle
ligue1,2021,2021-10-31,Rennes @ Troyes,TOTAL,under,2.5,1.88,0.6541,0.5319,10.34,lose,-1.0,0.334,pinnacle
ligue1,2021,2021-10-31,Monaco @ Brest,1X2,brest,,4.36,0.3243,0.2294,18.63,win,3.3600000000000003,0.334,pinnacle
ligue1,2021,2021-10-31,Marseille @ Clermont,1X2,clermont foot,,3.66,0.3097,0.2732,6.0,lose,-1.0,0.334,pinnacle
ligue1,2021,2021-11-06,Angers @ Lille,1X2,draw,,4.06,0.2722,0.2463,4.73,win,3.0599999999999996,0.364,pinnacle
ligue1,2021,2021-11-06,Angers @ Lille,TOTAL,over,2.5,2.17,0.4959,0.4608,3.43,lose,-1.0,0.364,pinnacle
ligue1,2021,2021-11-06,Paris SG @ Bordeaux,1X2,draw,,6.32,0.2284,0.1582,19.97,lose,-1.0,0.364,pinnacle
ligue1,2021,2021-11-07,Brest @ Lorient,1X2,lorient,,2.61,0.4556,0.3831,8.51,lose,-1.0,0.334,pinnacle
ligue1,2021,2021-11-07,Strasbourg @ Nantes,1X2,nantes,,2.6,0.4333,0.3846,5.69,lose,-1.0,0.364,pinnacle
ligue1,2021,2021-11-07,Strasbourg @ Nantes,TOTAL,over,2.5,2.19,0.5163,0.4566,5.89,win,1.19,0.364,pinnacle
ligue1,2021,2021-11-07,Clermont @ St Etienne,1X2,saint etienne,,2.52,0.4285,0.3968,3.59,win,1.52,0.334,pinnacle
ligue1,2021,2021-11-07,Lyon @ Rennes,TOTAL,under,2.5,2.37,0.502,0.4219,8.54,lose,-1.0,0.364,pinnacle
ligue1,2021,2021-11-20,Montpellier @ Rennes,1X2,draw,,4.83,0.231,0.207,5.21,lose,-1.0,0.364,pinnacle
ligue1,2021,2021-11-21,Lorient @ Angers,TOTAL,over,2.5,2.32,0.4883,0.431,5.98,lose,-1.0,0.334,pinnacle
ligue1,2021,2021-11-21,Bordeaux @ Metz,1X2,bordeaux,,3.33,0.3318,0.3003,4.72,lose,-1.0,0.364,pinnacle
ligue1,2021,2021-11-21,Reims @ Strasbourg,1X2,strasbourg,,2.0,0.5832,0.5,7.49,lose,-1.0,0.364,pinnacle
ligue1,2021,2021-11-21,Reims @ Strasbourg,TOTAL,over,2.5,2.43,0.5406,0.4115,14.12,lose,-1.0,0.364,pinnacle
ligue1,2021,2021-11-21,St Etienne @ Troyes,1X2,troyes,,2.41,0.5101,0.4149,10.32,lose,-1.0,0.334,pinnacle
ligue1,2021,2021-11-21,Nice @ Clermont,1X2,nice,,2.23,0.5469,0.4484,9.89,win,1.23,0.334,pinnacle
ligue1,2021,2021-11-26,Angers @ Lens,1X2,angers,,5.3,0.2446,0.1887,13.34,lose,-1.0,0.334,pinnacle
ligue1,2021,2021-11-26,Angers @ Lens,TOTAL,over,2.5,2.16,0.5216,0.463,5.7,win,1.1600000000000001,0.334,pinnacle
ligue1,2021,2021-11-27,Nantes @ Lille,1X2,nantes,,5.5,0.2945,0.1818,27.89,lose,-1.0,0.364,pinnacle
ligue1,2021,2021-11-27,Metz @ Nice,TOTAL,over,2.5,1.76,0.6192,0.5682,4.04,lose,-1.0,0.364,pinnacle
ligue1,2021,2021-11-28,Paris SG @ St Etienne,1X2,draw,,6.48,0.2135,0.1543,17.25,lose,-1.0,0.364,pinnacle
ligue1,2021,2021-11-28,Brest @ Bordeaux,1X2,brest,,3.35,0.3345,0.2985,5.43,win,2.35,0.364,pinnacle
ligue1,2021,2021-11-28,Brest @ Bordeaux,TOTAL,over,2.5,1.81,0.6474,0.5525,7.73,win,0.81,0.364,pinnacle
ligue1,2021,2021-11-28,Rennes @ Lorient,1X2,lorient,,5.04,0.2224,0.1984,5.44,lose,-1.0,0.334,pinnacle
ligue1,2021,2021-11-28,Rennes @ Lorient,1X2,draw,,3.92,0.2852,0.2551,5.32,lose,-1.0,0.334,pinnacle
ligue1,2021,2021-11-28,Rennes @ Lorient,TOTAL,under,2.5,2.07,0.6065,0.4831,11.49,win,1.0699999999999998,0.334,pinnacle
ligue1,2021,2021-11-28,Strasbourg @ Monaco,1X2,strasbourg,,4.75,0.3145,0.2105,22.22,lose,-1.0,0.364,pinnacle
ligue1,2021,2021-11-28,Clermont @ Reims,1X2,reims,,2.27,0.5381,0.4405,9.97,win,1.27,0.334,pinnacle
ligue1,2021,2021-11-28,Clermont @ Reims,TOTAL,over,2.5,2.36,0.5074,0.4237,8.88,lose,-1.0,0.334,pinnacle
ligue1,2021,2021-11-28,Troyes @ Marseille,TOTAL,under,2.5,2.22,0.538,0.4505,8.75,win,1.2200000000000002,0.334,pinnacle
ligue1,2021,2021-12-01,St Etienne @ Brest,1X2,brest,,2.02,0.6228,0.495,11.61,win,1.02,0.364,pinnacle
ligue1,2021,2021-12-01,Bordeaux @ Strasbourg,1X2,strasbourg,,1.84,0.6591,0.5435,9.57,win,0.8400000000000001,0.364,pinnacle
ligue1,2021,2021-12-01,Bordeaux @ Strasbourg,TOTAL,over,2.5,1.82,0.6663,0.5495,9.57,win,0.8200000000000001,0.364,pinnacle
ligue1,2021,2021-12-01,Lorient @ Troyes,TOTAL,under,2.5,1.75,0.6964,0.5714,9.84,win,0.75,0.334,pinnacle
ligue1,2021,2021-12-01,Lens @ Clermont,1X2,lens,,2.45,0.5,0.4082,10.13,lose,-1.0,0.334,pinnacle
ligue1,2021,2021-12-01,Reims @ Lyon,1X2,draw,,4.49,0.2808,0.2227,11.74,lose,-1.0,0.364,pinnacle
ligue1,2021,2021-12-01,Marseille @ Nantes,1X2,nantes,,3.18,0.3433,0.3145,4.13,lose,-1.0,0.364,pinnacle
ligue1,2021,2021-12-01,Marseille @ Nantes,TOTAL,under,2.5,1.92,0.6349,0.5208,9.85,win,0.9199999999999999,0.364,pinnacle
ligue1,2021,2021-12-01,Nice @ Paris SG,1X2,draw,,5.13,0.2791,0.1949,19.43,win,4.13,0.364,pinnacle
ligue1,2021,2021-12-01,Lille @ Rennes,1X2,rennes,,2.04,0.6312,0.4902,12.94,lose,-1.0,0.364,pinnacle
ligue1,2021,2021-12-04,Brest @ Marseille,1X2,draw,,4.3,0.2942,0.2326,11.93,lose,-1.0,0.334,pinnacle
ligue1,2021,2021-12-04,Troyes @ Lille,1X2,draw,,4.12,0.3065,0.2427,11.83,lose,-1.0,0.334,pinnacle
ligue1,2021,2021-12-04,Paris SG @ Lens,1X2,lens,,5.08,0.3408,0.1969,32.91,lose,-1.0,0.334,pinnacle
ligue1,2021,2021-12-04,Paris SG @ Lens,1X2,draw,,4.35,0.2704,0.2299,7.93,win,3.3499999999999996,0.334,pinnacle
ligue1,2021,2021-12-04,Paris SG @ Lens,TOTAL,under,2.5,2.47,0.4951,0.4049,10.04,win,1.4700000000000002,0.334,pinnacle
ligue1,2021,2021-12-05,Rennes @ St Etienne,1X2,rennes,,1.99,0.5745,0.5025,6.45,win,0.99,0.364,pinnacle
ligue1,2021,2021-12-05,Rennes @ St Etienne,TOTAL,under,2.5,2.05,0.5747,0.4878,8.01,lose,-1.0,0.364,pinnacle
ligue1,2021,2021-12-05,Nantes @ Lorient,1X2,nantes,,2.92,0.4234,0.3425,10.64,win,1.92,0.334,pinnacle
ligue1,2021,2021-12-05,Nantes @ Lorient,TOTAL,under,2.5,1.68,0.6489,0.5952,4.05,win,0.6799999999999999,0.334,pinnacle
ligue1,2021,2021-12-05,Metz @ Monaco,1X2,draw,,5.07,0.2246,0.1972,6.25,lose,-1.0,0.364,pinnacle
ligue1,2021,2021-12-05,Clermont @ Montpellier,1X2,montpellier,,2.04,0.6007,0.4902,10.15,win,1.04,0.334,pinnacle
ligue1,2021,2021-12-05,Angers @ Reims,1X2,angers,,3.81,0.3346,0.2625,12.36,win,2.81,0.364,pinnacle
ligue1,2021,2021-12-05,Strasbourg @ Nice,1X2,nice,,1.94,0.5825,0.5155,5.85,lose,-1.0,0.364,pinnacle
ligue1,2021,2021-12-05,Strasbourg @ Nice,TOTAL,under,2.5,1.99,0.547,0.5025,3.98,lose,-1.0,0.364,pinnacle
ligue1,2021,2021-12-10,Lens @ Nantes,TOTAL,over,2.5,2.25,0.5105,0.4444,6.69,win,1.25,0.334,pinnacle
ligue1,2021,2021-12-11,St Etienne @ Reims,TOTAL,over,2.5,2.36,0.5015,0.4237,8.26,lose,-1.0,0.364,pinnacle
ligue1,2021,2021-12-12,Lyon @ Lille,1X2,lyon,,3.7,0.3096,0.2703,6.54,lose,-1.0,0.364,pinnacle
ligue1,2021,2021-12-12,Clermont @ Angers,1X2,angers,,2.06,0.5998,0.4854,10.6,lose,-1.0,0.334,pinnacle
ligue1,2021,2021-12-12,Clermont @ Angers,TOTAL,over,2.5,2.12,0.5698,0.4717,9.36,lose,-1.0,0.334,pinnacle
ligue1,2021,2021-12-12,Nice @ Rennes,TOTAL,under,2.5,1.99,0.6253,0.5025,11.0,lose,-1.0,0.364,pinnacle
ligue1,2021,2021-12-12,Monaco @ Paris SG,1X2,draw,,5.11,0.2346,0.1957,8.95,lose,-1.0,0.364,pinnacle
ligue1,2021,2021-12-22,Lille @ Bordeaux,1X2,bordeaux,,3.87,0.3804,0.2584,21.25,lose,-1.0,0.364,pinnacle
ligue1,2021,2021-12-22,Lille @ Bordeaux,TOTAL,over,2.5,1.79,0.6243,0.5587,5.28,win,0.79,0.364,pinnacle
ligue1,2021,2021-12-22,Paris SG @ Lorient,TOTAL,under,2.5,2.51,0.5022,0.3984,11.73,win,1.5099999999999998,0.334,pinnacle
ligue1,2021,2021-12-22,Metz @ Lyon,1X2,draw,,5.47,0.212,0.1828,7.18,win,4.47,0.364,pinnacle
ligue1,2021,2021-12-22,Reims @ Marseille,1X2,draw,,4.41,0.2879,0.2268,12.14,win,3.41,0.364,pinnacle
ligue1,2021,2021-12-22,Reims @ Marseille,TOTAL,under,2.5,1.74,0.647,0.5747,5.66,win,0.74,0.364,pinnacle
ligue1,2021,2021-12-22,Rennes @ Monaco,1X2,rennes,,3.38,0.4165,0.2959,18.35,lose,-1.0,0.364,pinnacle
ligue1,2021,2021-12-22,Rennes @ Monaco,TOTAL,under,2.5,2.02,0.5403,0.495,4.11,lose,-1.0,0.364,pinnacle
ligue1,2021,2021-12-22,Angers @ Montpellier,1X2,angers,,4.09,0.2668,0.2445,4.1,lose,-1.0,0.364,pinnacle
ligue1,2021,2021-12-22,Brest @ Troyes,1X2,brest,,3.1,0.3748,0.3226,7.28,lose,-1.0,0.334,pinnacle
ligue1,2021,2022-01-07,Marseille @ Bordeaux,1X2,bordeaux,,5.24,0.233,0.1908,9.94,lose,-1.0,0.364,pinnacle
ligue1,2021,2022-01-08,Rennes @ Lens,1X2,rennes,,2.82,0.4212,0.3546,8.44,lose,-1.0,0.334,pinnacle
ligue1,2021,2022-01-09,Nice @ Brest,1X2,nice,,2.77,0.4341,0.361,9.11,win,1.77,0.364,pinnacle
ligue1,2021,2022-01-09,Nice @ Brest,TOTAL,under,2.5,1.93,0.5567,0.5181,3.35,lose,-1.0,0.364,pinnacle
ligue1,2021,2022-01-09,Reims @ Clermont,1X2,reims,,3.3,0.3931,0.303,13.38,lose,-1.0,0.334,pinnacle
ligue1,2021,2022-01-09,Strasbourg @ Metz,1X2,metz,,4.93,0.2417,0.2028,8.62,lose,-1.0,0.364,pinnacle
ligue1,2021,2022-01-09,Paris SG @ Lyon,1X2,paris saint germain,,2.29,0.5112,0.4367,7.68,lose,-1.0,0.364,pinnacle
ligue1,2021,2022-01-14,Nantes @ Nice,TOTAL,under,2.5,1.78,0.609,0.5618,3.78,lose,-1.0,0.364,pinnacle
ligue1,2021,2022-01-15,Lens @ St Etienne,TOTAL,over,2.5,1.93,0.5989,0.5181,7.01,win,0.9299999999999999,0.334,pinnacle
ligue1,2021,2022-01-15,Brest @ Paris SG,1X2,draw,,6.5,0.1924,0.1538,11.28,lose,-1.0,0.364,pinnacle
ligue1,2021,2022-01-16,Metz @ Reims,1X2,metz,,5.87,0.191,0.1704,5.44,win,4.87,0.364,pinnacle
ligue1,2021,2022-01-16,Metz @ Reims,TOTAL,over,2.5,2.29,0.4852,0.4367,5.0,lose,-1.0,0.364,pinnacle
ligue1,2021,2022-01-16,Montpellier @ Strasbourg,1X2,montpellier,,3.83,0.2878,0.2611,4.6,lose,-1.0,0.364,pinnacle
ligue1,2021,2022-01-16,Montpellier @ Strasbourg,TOTAL,over,2.5,1.81,0.6209,0.5525,5.57,win,0.81,0.364,pinnacle
ligue1,2021,2022-01-16,Lyon @ Troyes,1X2,troyes,,4.65,0.3247,0.2151,22.94,lose,-1.0,0.334,pinnacle
ligue1,2021,2022-01-16,Lyon @ Troyes,1X2,draw,,3.88,0.2811,0.2577,4.08,lose,-1.0,0.334,pinnacle
ligue1,2021,2022-01-16,Lyon @ Troyes,TOTAL,under,2.5,2.11,0.5406,0.4739,6.33,win,1.1099999999999999,0.334,pinnacle
ligue1,2021,2022-01-16,Lille @ Marseille,1X2,marseille,,2.33,0.5478,0.4292,12.43,lose,-1.0,0.364,pinnacle
ligue1,2021,2022-01-16,Lille @ Marseille,TOTAL,under,2.5,1.83,0.589,0.5464,3.5,win,0.8300000000000001,0.364,pinnacle
ligue1,2021,2022-01-19,Strasbourg @ Clermont,1X2,strasbourg,,2.25,0.5636,0.4444,12.06,win,1.25,0.334,pinnacle
ligue1,2021,2022-01-19,Lorient @ Lille,1X2,draw,,4.31,0.2675,0.232,6.88,lose,-1.0,0.334,pinnacle
ligue1,2021,2022-01-19,Troyes @ Montpellier,TOTAL,under,2.5,2.02,0.5379,0.495,3.89,win,1.02,0.334,pinnacle
ligue1,2021,2022-01-21,St Etienne @ Lyon,1X2,draw,,5.17,0.2187,0.1934,5.88,lose,-1.0,0.364,pinnacle
ligue1,2021,2022-01-22,Lille @ Brest,1X2,brest,,3.26,0.4223,0.3067,16.96,win,2.26,0.364,pinnacle
ligue1,2021,2022-01-22,Lille @ Brest,TOTAL,under,2.5,1.97,0.5434,0.5076,3.17,win,0.97,0.364,pinnacle
ligue1,2021,2022-01-22,Marseille @ Lens,1X2,marseille,,2.94,0.3706,0.3401,4.03,win,1.94,0.334,pinnacle
ligue1,2021,2022-01-22,Marseille @ Lens,TOTAL,under,2.5,1.99,0.5654,0.5025,5.63,win,0.99,0.334,pinnacle
ligue1,2021,2022-01-23,Troyes @ Angers,1X2,angers,,2.1,0.5435,0.4762,6.36,win,1.1,0.334,pinnacle
ligue1,2021,2022-01-23,Strasbourg @ Bordeaux,TOTAL,over,2.5,1.68,0.71,0.5952,8.67,win,0.6799999999999999,0.364,pinnacle
ligue1,2021,2022-01-23,Rennes @ Clermont,1X2,rennes,,1.83,0.6694,0.5464,10.12,lose,-1.0,0.334,pinnacle
ligue1,2021,2022-01-23,Monaco @ Montpellier,1X2,montpellier,,4.28,0.359,0.2336,24.14,win,3.2800000000000002,0.364,pinnacle
ligue1,2021,2022-01-23,Reims @ Paris SG,1X2,draw,,6.48,0.2408,0.1543,25.22,lose,-1.0,0.364,pinnacle
ligue1,2021,2022-01-26,St Etienne @ Angers,TOTAL,over,2.5,2.29,0.5107,0.4367,7.63,lose,-1.0,0.364,pinnacle
ligue1,2021,2022-02-01,Marseille @ Lyon,1X2,marseille,,2.65,0.4049,0.3774,3.28,lose,-1.0,0.364,pinnacle
ligue1,2021,2022-02-01,Marseille @ Lyon,TOTAL,under,2.5,1.81,0.6445,0.5525,7.49,lose,-1.0,0.364,pinnacle
ligue1,2021,2022-02-04,Angers @ Marseille,1X2,draw,,4.33,0.2886,0.2309,11.24,lose,-1.0,0.364,pinnacle
ligue1,2021,2022-02-04,Angers @ Marseille,TOTAL,under,2.5,1.82,0.6426,0.5495,7.63,lose,-1.0,0.364,pinnacle
ligue1,2021,2022-02-05,Montpellier @ St Etienne,TOTAL,over,2.5,2.0,0.5551,0.5,4.95,win,1.0,0.364,pinnacle
ligue1,2021,2022-02-05,Lyon @ Monaco,1X2,monaco,,2.17,0.4933,0.4608,3.17,win,1.17,0.364,pinnacle
ligue1,2021,2022-02-06,Lens @ Lorient,1X2,lens,,2.32,0.4959,0.431,6.78,lose,-1.0,0.334,pinnacle
ligue1,2021,2022-02-06,Bordeaux @ Reims,TOTAL,over,2.5,2.04,0.5798,0.4902,8.23,win,1.04,0.364,pinnacle
ligue1,2021,2022-02-06,Nantes @ Strasbourg,TOTAL,over,2.5,2.01,0.5858,0.4975,7.98,lose,-1.0,0.364,pinnacle
ligue1,2021,2022-02-06,Metz @ Troyes,1X2,troyes,,2.26,0.4721,0.4425,3.01,lose,-1.0,0.334,pinnacle
ligue1,2021,2022-02-06,Paris SG @ Lille,1X2,lille,,5.5,0.2208,0.1818,9.66,lose,-1.0,0.364,pinnacle
ligue1,2021,2022-02-11,Rennes @ Paris SG,1X2,draw,,4.57,0.2582,0.2188,8.1,lose,-1.0,0.364,pinnacle
ligue1,2021,2022-02-11,Rennes @ Paris SG,1X2,rennes,,5.98,0.2233,0.1672,15.09,lose,-1.0,0.364,pinnacle
ligue1,2021,2022-02-11,Rennes @ Paris SG,TOTAL,under,2.5,2.37,0.5115,0.4219,9.56,win,1.37,0.364,pinnacle
ligue1,2021,2022-02-12,Lille @ Montpellier,TOTAL,over,2.5,1.93,0.6092,0.5181,7.91,lose,-1.0,0.364,pinnacle
ligue1,2021,2022-02-12,Nice @ Lyon,1X2,draw,,3.87,0.2972,0.2584,6.76,lose,-1.0,0.364,pinnacle
ligue1,2021,2022-02-13,Strasbourg @ Angers,TOTAL,over,2.5,2.09,0.5906,0.4785,10.55,lose,-1.0,0.364,pinnacle
ligue1,2021,2022-02-13,Troyes @ Brest,TOTAL,under,2.5,1.79,0.5963,0.5587,3.03,lose,-1.0,0.334,pinnacle
ligue1,2021,2022-02-13,St Etienne @ Clermont,1X2,clermont foot,,2.51,0.4864,0.3984,9.94,lose,-1.0,0.334,pinnacle
ligue1,2021,2022-02-18,Metz @ Lille,TOTAL,over,2.5,2.04,0.5608,0.4902,6.48,lose,-1.0,0.364,pinnacle
ligue1,2021,2022-02-19,Paris SG @ Nantes,1X2,draw,,5.66,0.2717,0.1767,24.2,lose,-1.0,0.364,pinnacle
ligue1,2021,2022-02-20,Angers @ Nice,1X2,nice,,1.83,0.6083,0.5464,5.09,win,0.8300000000000001,0.364,pinnacle
ligue1,2021,2022-02-20,Montpellier @ Lorient,1X2,montpellier,,3.24,0.4541,0.3086,21.2,win,2.24,0.334,pinnacle
ligue1,2021,2022-02-20,Brest @ Reims,1X2,reims,,2.45,0.4552,0.4082,5.19,lose,-1.0,0.364,pinnacle
ligue1,2021,2022-02-20,Troyes @ Rennes,TOTAL,under,2.5,2.14,0.4993,0.4673,3.08,lose,-1.0,0.334,pinnacle
ligue1,2021,2022-02-20,Strasbourg @ St Etienne,TOTAL,over,2.5,1.97,0.5934,0.5076,7.6,win,0.97,0.364,pinnacle
ligue1,2021,2022-02-20,Monaco @ Bordeaux,1X2,bordeaux,,5.87,0.252,0.1704,21.58,lose,-1.0,0.364,pinnacle
ligue1,2021,2022-02-20,Monaco @ Bordeaux,TOTAL,over,2.5,1.63,0.6654,0.6135,3.81,lose,-1.0,0.364,pinnacle
ligue1,2021,2022-02-25,Rennes @ Montpellier,1X2,montpellier,,5.14,0.303,0.1946,25.08,lose,-1.0,0.364,pinnacle
ligue1,2021,2022-02-26,Nice @ Strasbourg,1X2,nice,,4.19,0.3141,0.2387,14.22,lose,-1.0,0.364,pinnacle
ligue1,2021,2022-02-27,Reims @ Monaco,1X2,draw,,4.55,0.2776,0.2198,11.85,lose,-1.0,0.364,pinnacle
ligue1,2021,2022-02-27,Reims @ Monaco,TOTAL,under,2.5,1.92,0.5968,0.5208,6.56,lose,-1.0,0.364,pinnacle
ligue1,2021,2022-02-27,Lens @ Angers,1X2,angers,,3.39,0.3814,0.295,13.18,lose,-1.0,0.334,pinnacle
ligue1,2021,2022-02-27,Lens @ Angers,TOTAL,over,2.5,2.17,0.5413,0.4608,7.85,win,1.17,0.334,pinnacle
ligue1,2021,2022-02-27,Lorient @ Brest,1X2,brest,,2.25,0.5751,0.4444,13.23,lose,-1.0,0.334,pinnacle
ligue1,2021,2022-02-27,Bordeaux @ Clermont,1X2,bordeaux,,4.33,0.2818,0.2309,9.91,lose,-1.0,0.334,pinnacle
ligue1,2021,2022-02-27,Bordeaux @ Clermont,TOTAL,over,2.5,1.88,0.661,0.5319,10.92,lose,-1.0,0.334,pinnacle
ligue1,2021,2022-02-27,Nantes @ Metz,1X2,nantes,,2.7,0.4562,0.3704,10.42,lose,-1.0,0.364,pinnacle
ligue1,2021,2022-02-27,Marseille @ Troyes,TOTAL,under,2.5,1.95,0.6111,0.5128,8.62,win,0.95,0.334,pinnacle
ligue1,2021,2022-02-27,Lille @ Lyon,1X2,lille,,5.06,0.2436,0.1976,10.46,win,4.06,0.364,pinnacle
ligue1,2021,2022-03-04,Lyon @ Lorient,1X2,lorient,,5.0,0.2744,0.2,16.75,lose,-1.0,0.334,pinnacle
ligue1,2021,2022-03-04,Lyon @ Lorient,1X2,draw,,3.94,0.3013,0.2538,8.42,lose,-1.0,0.334,pinnacle
ligue1,2021,2022-03-04,Lyon @ Lorient,TOTAL,under,2.5,1.93,0.6265,0.5181,9.41,lose,-1.0,0.334,pinnacle
ligue1,2021,2022-03-05,Brest @ Lens,1X2,brest,,6.49,0.2396,0.1541,24.98,win,5.49,0.334,pinnacle
ligue1,2021,2022-03-05,Paris SG @ Nice,1X2,nice,,4.97,0.3411,0.2012,31.3,win,3.9699999999999998,0.364,pinnacle
ligue1,2021,2022-03-05,Paris SG @ Nice,1X2,draw,,4.09,0.3029,0.2445,10.75,lose,-1.0,0.364,pinnacle
ligue1,2021,2022-03-06,Metz @ St Etienne,1X2,metz,,5.25,0.2977,0.1905,25.34,lose,-1.0,0.364,pinnacle
ligue1,2021,2022-03-06,Metz @ St Etienne,TOTAL,over,2.5,2.17,0.5023,0.4608,4.04,lose,-1.0,0.364,pinnacle
ligue1,2021,2022-03-06,Troyes @ Bordeaux,1X2,troyes,,4.15,0.2756,0.241,6.47,win,3.1500000000000004,0.334,pinnacle
ligue1,2021,2022-03-06,Montpellier @ Nantes,1X2,montpellier,,4.39,0.2726,0.2278,8.84,lose,-1.0,0.364,pinnacle
ligue1,2021,2022-03-06,Montpellier @ Nantes,TOTAL,over,2.5,2.12,0.5082,0.4717,3.49,lose,-1.0,0.364,pinnacle
ligue1,2021,2022-03-06,Strasbourg @ Reims,1X2,reims,,4.0,0.3259,0.25,13.66,lose,-1.0,0.364,pinnacle
ligue1,2021,2022-03-06,Clermont @ Lille,1X2,clermont foot,,6.48,0.2122,0.1543,16.86,lose,-1.0,0.334,pinnacle
ligue1,2021,2022-03-06,Monaco @ Marseille,1X2,marseille,,2.65,0.4714,0.3774,11.21,lose,-1.0,0.364,pinnacle
ligue1,2021,2022-03-06,Monaco @ Marseille,TOTAL,under,2.5,1.93,0.5869,0.5181,5.98,win,0.9299999999999999,0.364,pinnacle
ligue1,2021,2022-03-11,St Etienne @ Lille,1X2,lille,,1.76,0.6145,0.5682,3.67,lose,-1.0,0.364,pinnacle
ligue1,2021,2022-03-11,St Etienne @ Lille,TOTAL,over,2.5,2.0,0.5536,0.5,4.83,lose,-1.0,0.364,pinnacle
ligue1,2021,2022-03-12,Nice @ Montpellier,TOTAL,under,2.5,1.91,0.5794,0.5236,4.8,win,0.9099999999999999,0.364,pinnacle
ligue1,2021,2022-03-12,Nantes @ Troyes,1X2,nantes,,2.58,0.4384,0.3876,5.9,lose,-1.0,0.334,pinnacle
ligue1,2021,2022-03-13,Reims @ Angers,1X2,reims,,3.65,0.3375,0.274,10.43,win,2.65,0.364,pinnacle
ligue1,2021,2022-03-13,Lens @ Metz,1X2,metz,,5.22,0.2743,0.1916,19.43,lose,-1.0,0.334,pinnacle
ligue1,2021,2022-03-13,Lens @ Metz,TOTAL,over,2.5,2.24,0.5249,0.4464,7.91,lose,-1.0,0.334,pinnacle
ligue1,2021,2022-03-13,Monaco @ Strasbourg,1X2,strasbourg,,2.82,0.4783,0.3546,15.7,win,1.8199999999999998,0.364,pinnacle
ligue1,2021,2022-03-13,Monaco @ Strasbourg,TOTAL,over,2.5,2.09,0.5226,0.4785,4.15,lose,-1.0,0.364,pinnacle
ligue1,2021,2022-03-13,Rennes @ Lyon,TOTAL,under,2.5,2.12,0.507,0.4717,3.37,lose,-1.0,0.364,pinnacle
ligue1,2021,2022-03-13,Marseille @ Brest,1X2,brest,,4.07,0.3027,0.2457,10.44,lose,-1.0,0.364,pinnacle
ligue1,2021,2022-03-13,Marseille @ Brest,TOTAL,under,2.5,2.0,0.5776,0.5,6.99,lose,-1.0,0.364,pinnacle
ligue1,2021,2022-03-18,Troyes @ St Etienne,1X2,troyes,,4.83,0.3146,0.207,23.38,lose,-1.0,0.334,pinnacle
ligue1,2021,2022-03-19,Clermont @ Lens,1X2,lens,,1.79,0.6229,0.5587,5.17,win,0.79,0.334,pinnacle
ligue1,2021,2022-03-19,Clermont @ Lens,TOTAL,over,2.5,2.02,0.5607,0.495,5.96,win,1.02,0.334,pinnacle
ligue1,2021,2022-03-19,Lille @ Nantes,1X2,nantes,,2.71,0.4548,0.369,10.47,lose,-1.0,0.364,pinnacle
ligue1,2021,2022-03-20,Paris SG @ Monaco,TOTAL,under,2.5,2.3,0.5381,0.4348,10.69,lose,-1.0,0.364,pinnacle
ligue1,2021,2022-03-20,Brest @ Angers,1X2,brest,,3.39,0.3206,0.295,3.91,lose,-1.0,0.364,pinnacle
ligue1,2021,2022-03-20,Montpellier @ Bordeaux,1X2,montpellier,,2.97,0.4714,0.3367,18.01,win,1.9700000000000002,0.364,pinnacle
ligue1,2021,2022-03-20,Strasbourg @ Lorient,1X2,strasbourg,,2.28,0.5458,0.4386,11.0,lose,-1.0,0.334,pinnacle
ligue1,2021,2022-03-20,Metz @ Rennes,TOTAL,over,2.5,1.81,0.6154,0.5525,5.12,win,0.81,0.364,pinnacle
ligue1,2021,2022-03-20,Lyon @ Reims,TOTAL,under,2.5,1.89,0.5784,0.5291,4.2,win,0.8899999999999999,0.364,pinnacle
ligue1,2021,2022-03-20,Nice @ Marseille,1X2,draw,,3.53,0.3449,0.2833,9.79,lose,-1.0,0.364,pinnacle
ligue1,2021,2022-03-20,Nice @ Marseille,1X2,nice,,4.37,0.3199,0.2288,17.91,lose,-1.0,0.364,pinnacle
ligue1,2021,2022-04-02,Rennes @ Nice,TOTAL,under,2.5,1.91,0.6006,0.5236,6.62,win,0.9099999999999999,0.364,pinnacle
ligue1,2021,2022-04-02,Bordeaux @ Lille,TOTAL,over,2.5,1.79,0.6626,0.5587,8.37,lose,-1.0,0.364,pinnacle
ligue1,2021,2022-04-03,Lens @ Strasbourg,1X2,strasbourg,,2.11,0.5455,0.4739,6.79,win,1.1099999999999999,0.334,pinnacle
ligue1,2021,2022-04-03,Lens @ Strasbourg,TOTAL,over,2.5,2.11,0.581,0.4739,10.16,lose,-1.0,0.334,pinnacle
ligue1,2021,2022-04-03,Nantes @ Clermont,1X2,nantes,,2.94,0.4566,0.3401,15.41,win,1.94,0.334,pinnacle
ligue1,2021,2022-04-03,Monaco @ Metz,1X2,draw,,4.2,0.2599,0.2381,4.13,lose,-1.0,0.364,pinnacle
ligue1,2021,2022-04-03,Brest @ Montpellier,1X2,montpellier,,2.05,0.5246,0.4878,3.39,lose,-1.0,0.364,pinnacle
ligue1,2021,2022-04-03,Marseille @ St Etienne,1X2,marseille,,2.39,0.5513,0.4184,14.3,win,1.3900000000000001,0.364,pinnacle
ligue1,2021,2022-04-03,Reims @ Troyes,1X2,reims,,3.2,0.3742,0.3125,8.88,lose,-1.0,0.334,pinnacle
ligue1,2021,2022-04-03,Angers @ Lyon,1X2,draw,,5.14,0.2591,0.1946,14.92,lose,-1.0,0.364,pinnacle
ligue1,2021,2022-04-03,Angers @ Lyon,TOTAL,under,2.5,2.2,0.5204,0.4545,6.52,lose,-1.0,0.364,pinnacle
ligue1,2021,2022-04-08,St Etienne @ Lorient,1X2,saint etienne,,4.03,0.3008,0.2481,9.55,lose,-1.0,0.334,pinnacle
ligue1,2021,2022-04-09,Rennes @ Reims,1X2,reims,,5.29,0.2431,0.189,12.87,lose,-1.0,0.364,pinnacle
ligue1,2021,2022-04-09,Paris SG @ Clermont,1X2,draw,,6.26,0.1967,0.1597,10.4,lose,-1.0,0.334,pinnacle
ligue1,2021,2022-04-10,Metz @ Bordeaux,1X2,metz,,4.56,0.2755,0.2193,11.53,lose,-1.0,0.364,pinnacle
ligue1,2021,2022-04-10,Lille @ Angers,1X2,angers,,4.0,0.3416,0.25,16.49,lose,-1.0,0.364,pinnacle
ligue1,2021,2022-04-10,Troyes @ Monaco,1X2,draw,,5.25,0.247,0.1905,13.36,lose,-1.0,0.334,pinnacle
ligue1,2021,2022-04-10,Troyes @ Monaco,TOTAL,under,2.5,2.1,0.5718,0.4762,9.03,lose,-1.0,0.334,pinnacle
ligue1,2021,2022-04-10,Nice @ Lens,1X2,nice,,3.21,0.3765,0.3115,9.39,lose,-1.0,0.334,pinnacle
ligue1,2021,2022-04-10,Nice @ Lens,TOTAL,under,2.5,1.85,0.6225,0.5405,6.82,lose,-1.0,0.334,pinnacle
ligue1,2021,2022-04-10,Lyon @ Strasbourg,1X2,strasbourg,,2.51,0.5452,0.3984,16.58,lose,-1.0,0.364,pinnacle
ligue1,2021,2022-04-10,Montpellier @ Marseille,1X2,draw,,4.79,0.2387,0.2088,6.45,lose,-1.0,0.364,pinnacle
ligue1,2021,2022-04-15,Monaco @ Rennes,1X2,rennes,,2.14,0.5579,0.4673,8.73,lose,-1.0,0.364,pinnacle
ligue1,2021,2022-04-16,Brest @ St Etienne,1X2,brest,,3.55,0.4102,0.2817,20.52,lose,-1.0,0.364,pinnacle
ligue1,2021,2022-04-16,Brest @ St Etienne,TOTAL,over,2.5,2.13,0.5356,0.4695,6.34,win,1.13,0.364,pinnacle
ligue1,2021,2022-04-16,Lens @ Lille,1X2,lens,,4.46,0.3339,0.2242,22.01,win,3.46,0.334,pinnacle
ligue1,2021,2022-04-17,Lorient @ Nice,TOTAL,under,2.5,1.81,0.5933,0.5525,3.33,lose,-1.0,0.334,pinnacle
ligue1,2021,2022-04-17,Clermont @ Metz,1X2,metz,,2.89,0.4289,0.346,10.78,lose,-1.0,0.334,pinnacle
ligue1,2021,2022-04-17,Clermont @ Metz,TOTAL,over,2.5,2.33,0.4926,0.4292,6.65,lose,-1.0,0.334,pinnacle
ligue1,2021,2022-04-17,Angers @ Nantes,1X2,nantes,,2.06,0.5304,0.4854,4.17,lose,-1.0,0.364,pinnacle
ligue1,2021,2022-04-17,Marseille @ Paris SG,1X2,draw,,5.44,0.25,0.1838,16.21,lose,-1.0,0.364,pinnacle
ligue1,2021,2022-04-20,St Etienne @ Bordeaux,1X2,bordeaux,,2.47,0.4477,0.4049,4.76,lose,-1.0,0.364,pinnacle
ligue1,2021,2022-04-20,Metz @ Lorient,1X2,draw,,4.24,0.2871,0.2358,9.78,lose,-1.0,0.334,pinnacle
ligue1,2021,2022-04-20,Metz @ Lorient,TOTAL,under,2.5,1.78,0.6082,0.5618,3.72,win,0.78,0.334,pinnacle
ligue1,2021,2022-04-20,Nice @ Monaco,1X2,draw,,3.77,0.3158,0.2653,8.57,lose,-1.0,0.364,pinnacle
ligue1,2021,2022-04-20,Nice @ Monaco,1X2,nice,,4.85,0.2461,0.2062,8.7,lose,-1.0,0.364,pinnacle
ligue1,2021,2022-04-20,Lille @ Reims,1X2,reims,,3.01,0.3563,0.3322,3.25,win,2.01,0.364,pinnacle
ligue1,2021,2022-04-20,Clermont @ Troyes,1X2,troyes,,2.41,0.4911,0.4149,8.26,lose,-1.0,0.334,pinnacle
ligue1,2021,2022-04-20,Clermont @ Troyes,TOTAL,under,2.5,1.74,0.6235,0.5747,3.82,win,0.74,0.334,pinnacle
ligue1,2021,2022-04-20,Paris SG @ Angers,1X2,draw,,4.63,0.2381,0.216,4.61,lose,-1.0,0.364,pinnacle
ligue1,2021,2022-04-20,Paris SG @ Angers,TOTAL,under,2.5,2.43,0.5111,0.4115,10.89,lose,-1.0,0.364,pinnacle
ligue1,2021,2022-04-20,Lyon @ Brest,1X2,brest,,4.27,0.3775,0.2342,27.54,win,3.2699999999999996,0.364,pinnacle
ligue1,2021,2022-04-20,Lyon @ Brest,1X2,draw,,4.25,0.2729,0.2353,7.19,lose,-1.0,0.364,pinnacle
ligue1,2021,2022-04-20,Lyon @ Brest,TOTAL,under,2.5,2.29,0.5043,0.4367,6.97,lose,-1.0,0.364,pinnacle
ligue1,2021,2022-04-20,Montpellier @ Lens,1X2,draw,,4.54,0.2476,0.2203,5.58,lose,-1.0,0.334,pinnacle
ligue1,2021,2022-04-20,Nantes @ Marseille,1X2,draw,,4.27,0.2928,0.2342,11.27,lose,-1.0,0.364,pinnacle
ligue1,2021,2022-04-20,Nantes @ Marseille,1X2,nantes,,6.44,0.1914,0.1553,10.46,lose,-1.0,0.364,pinnacle
ligue1,2021,2022-04-20,Rennes @ Strasbourg,1X2,rennes,,2.87,0.3851,0.3484,4.74,lose,-1.0,0.364,pinnacle
ligue1,2021,2022-04-23,Montpellier @ Lyon,1X2,draw,,5.53,0.2764,0.1808,23.79,lose,-1.0,0.364,pinnacle
ligue1,2021,2022-04-23,Monaco @ St Etienne,1X2,draw,,4.29,0.2551,0.2331,4.24,lose,-1.0,0.364,pinnacle
ligue1,2021,2022-04-23,Monaco @ St Etienne,TOTAL,under,2.5,2.04,0.569,0.4902,7.23,lose,-1.0,0.364,pinnacle
ligue1,2021,2022-04-24,Angers @ Clermont,1X2,angers,,3.84,0.3468,0.2604,14.93,lose,-1.0,0.334,pinnacle
ligue1,2021,2022-04-24,Brest @ Metz,1X2,brest,,2.84,0.4592,0.3521,13.69,win,1.8399999999999999,0.364,pinnacle
ligue1,2021,2022-04-24,Bordeaux @ Nantes,TOTAL,over,2.5,1.91,0.5828,0.5236,5.09,win,0.9099999999999999,0.364,pinnacle
ligue1,2021,2022-04-24,Troyes @ Nice,1X2,draw,,4.45,0.2965,0.2247,14.37,lose,-1.0,0.334,pinnacle
ligue1,2021,2022-04-24,Marseille @ Reims,1X2,reims,,4.33,0.2811,0.2309,9.77,lose,-1.0,0.364,pinnacle
ligue1,2021,2022-04-24,Marseille @ Reims,1X2,draw,,3.48,0.3363,0.2874,7.66,lose,-1.0,0.364,pinnacle
ligue1,2021,2022-04-29,Paris SG @ Strasbourg,1X2,strasbourg,,3.58,0.3186,0.2793,6.32,lose,-1.0,0.364,pinnacle
ligue1,2021,2022-04-29,Paris SG @ Strasbourg,TOTAL,under,2.5,2.3,0.4912,0.4348,5.84,lose,-1.0,0.364,pinnacle
ligue1,2021,2022-04-30,Nantes @ Lens,1X2,draw,,4.22,0.2655,0.237,5.41,win,3.2199999999999998,0.334,pinnacle
ligue1,2021,2022-04-30,Nantes @ Lens,1X2,nantes,,5.48,0.2673,0.1825,20.92,lose,-1.0,0.334,pinnacle
ligue1,2021,2022-05-01,Lille @ Troyes,1X2,troyes,,3.54,0.3035,0.2825,3.34,win,2.54,0.334,pinnacle
ligue1,2021,2022-05-01,Lille @ Troyes,TOTAL,under,2.5,1.71,0.6665,0.5848,6.29,lose,-1.0,0.334,pinnacle
ligue1,2021,2022-05-01,Clermont @ Brest,TOTAL,over,2.5,2.0,0.5336,0.5,3.02,lose,-1.0,0.334,pinnacle
ligue1,2021,2022-05-01,Reims @ Lorient,1X2,reims,,3.73,0.389,0.2681,20.3,win,2.73,0.334,pinnacle
ligue1,2021,2022-05-01,Reims @ Lorient,TOTAL,under,2.5,1.67,0.6543,0.5988,4.17,lose,-1.0,0.334,pinnacle
ligue1,2021,2022-05-01,Angers @ Monaco,1X2,draw,,5.6,0.2219,0.1786,10.92,lose,-1.0,0.364,pinnacle
ligue1,2021,2022-05-01,Angers @ Monaco,TOTAL,under,2.5,2.3,0.493,0.4348,6.02,win,1.2999999999999998,0.364,pinnacle
ligue1,2021,2022-05-01,Metz @ Montpellier,1X2,montpellier,,1.85,0.6089,0.5405,5.69,lose,-1.0,0.364,pinnacle
ligue1,2021,2022-05-01,Nice @ Bordeaux,1X2,nice,,2.27,0.5446,0.4405,10.63,win,1.27,0.364,pinnacle
ligue1,2021,2022-05-01,Lyon @ Marseille,1X2,marseille,,2.46,0.54,0.4065,14.77,lose,-1.0,0.364,pinnacle
ligue1,2021,2022-05-06,Monaco @ Lille,1X2,lille,,3.86,0.3031,0.2591,7.65,lose,-1.0,0.364,pinnacle
ligue1,2021,2022-05-06,Monaco @ Lille,1X2,draw,,3.75,0.2949,0.2667,4.76,lose,-1.0,0.364,pinnacle
ligue1,2021,2022-05-06,Monaco @ Lille,TOTAL,under,2.5,2.07,0.5955,0.4831,10.47,lose,-1.0,0.364,pinnacle
ligue1,2021,2022-05-07,Strasbourg @ Brest,1X2,brest,,3.98,0.3221,0.2513,12.7,lose,-1.0,0.364,pinnacle
ligue1,2021,2022-05-08,Lyon @ Metz,1X2,draw,,6.0,0.2454,0.1667,21.25,lose,-1.0,0.364,pinnacle
ligue1,2021,2022-05-08,Bordeaux @ Angers,1X2,angers,,2.5,0.5434,0.4,16.13,win,1.5,0.364,pinnacle
ligue1,2021,2022-05-08,Lens @ Reims,1X2,reims,,3.41,0.3724,0.2933,12.14,lose,-1.0,0.334,pinnacle
ligue1,2021,2022-05-08,Lens @ Reims,TOTAL,under,2.5,1.81,0.603,0.5525,4.12,lose,-1.0,0.334,pinnacle
ligue1,2021,2022-05-08,Marseille @ Lorient,1X2,marseille,,2.09,0.5355,0.4785,5.36,win,1.0899999999999999,0.334,pinnacle
ligue1,2021,2022-05-08,Marseille @ Lorient,TOTAL,under,2.5,2.08,0.5382,0.4808,5.37,lose,-1.0,0.334,pinnacle
ligue1,2021,2022-05-11,Rennes @ Nantes,1X2,nantes,,5.82,0.2544,0.1718,21.63,win,4.82,0.364,pinnacle
ligue1,2021,2022-05-11,Rennes @ Nantes,1X2,draw,,4.58,0.2571,0.2183,7.99,lose,-1.0,0.364,pinnacle
ligue1,2021,2022-05-14,Lorient @ Bordeaux,1X2,bordeaux,,2.46,0.4681,0.4065,6.82,lose,-1.0,0.334,pinnacle
ligue1,2021,2022-05-14,Nantes @ Lyon,1X2,draw,,4.99,0.2544,0.2004,12.11,lose,-1.0,0.364,pinnacle
ligue1,2021,2022-05-14,Nantes @ Lyon,1X2,nantes,,5.8,0.2414,0.1724,18.01,lose,-1.0,0.364,pinnacle
ligue1,2021,2022-05-14,Angers @ Metz,1X2,angers,,3.03,0.3746,0.33,6.08,lose,-1.0,0.364,pinnacle
ligue1,2021,2022-05-14,Angers @ Metz,TOTAL,under,2.5,2.08,0.5439,0.4808,5.91,win,1.08,0.364,pinnacle
ligue1,2021,2022-05-14,Lille @ Nice,1X2,draw,,4.15,0.3072,0.241,12.37,lose,-1.0,0.364,pinnacle
ligue1,2021,2022-05-14,Marseille @ Rennes,TOTAL,under,2.5,2.23,0.4887,0.4484,4.04,win,1.23,0.364,pinnacle
ligue1,2021,2022-05-14,Reims @ St Etienne,TOTAL,under,2.5,2.07,0.5936,0.4831,10.3,lose,-1.0,0.364,pinnacle
ligue1,2021,2022-05-14,Lens @ Troyes,1X2,troyes,,3.81,0.2923,0.2625,5.11,lose,-1.0,0.334,pinnacle
ligue1,2021,2022-05-14,Lens @ Troyes,TOTAL,under,2.5,2.12,0.571,0.4717,9.48,lose,-1.0,0.334,pinnacle
ligue1,2021,2022-05-21,Montpellier @ Angers,1X2,montpellier,,3.52,0.3107,0.2841,4.21,lose,-1.0,0.364,pinnacle
ligue1,2021,2022-05-21,Montpellier @ Angers,TOTAL,under,2.5,2.31,0.4902,0.4329,5.96,win,1.31,0.364,pinnacle
ligue1,2021,2022-05-21,Monaco @ Lens,1X2,lens,,3.37,0.3763,0.2967,12.06,lose,-1.0,0.334,pinnacle
ligue1,2021,2022-05-21,Monaco @ Lens,TOTAL,under,2.5,2.56,0.497,0.3906,12.26,lose,-1.0,0.334,pinnacle
ligue1,2021,2022-05-21,Rennes @ Lille,TOTAL,under,2.5,2.39,0.4888,0.4184,7.57,lose,-1.0,0.364,pinnacle
ligue1,2021,2022-05-21,Troyes @ Lorient,1X2,draw,,3.63,0.3067,0.2755,5.09,win,2.63,0.334,pinnacle
ligue1,2021,2022-05-21,Troyes @ Lorient,1X2,troyes,,3.33,0.3317,0.3003,4.7,lose,-1.0,0.334,pinnacle
ligue1,2021,2022-05-21,Strasbourg @ Marseille,TOTAL,under,2.5,2.19,0.5576,0.4566,9.95,lose,-1.0,0.364,pinnacle
ligue1,2021,2022-05-21,Nice @ Reims,1X2,reims,,4.06,0.3148,0.2463,12.52,lose,-1.0,0.364,pinnacle
ligue1,2021,2022-05-21,Nice @ Reims,1X2,draw,,3.74,0.3365,0.2674,11.63,lose,-1.0,0.364,pinnacle
epl,2022,2022-09-17,Man City @ Wolves,1X2,draw,,5.65,0.3101,0.177,33.84,lose,-1.0,0.364,pinnacle
epl,2022,2022-09-17,Leicester @ Tottenham,TOTAL,over,2.5,1.63,0.689,0.6135,5.54,win,0.6299999999999999,0.364,pinnacle
epl,2022,2022-09-18,Arsenal @ Brentford,TOTAL,over,2.5,1.72,0.7025,0.5814,9.37,win,0.72,0.334,pinnacle
epl,2022,2022-10-01,Chelsea @ Crystal Palace,TOTAL,over,2.5,2.12,0.5136,0.4717,3.99,win,1.12,0.364,pinnacle
epl,2022,2022-10-01,Newcastle @ Fulham,1X2,fulham,,2.95,0.4872,0.339,19.67,lose,-1.0,0.364,pinnacle
epl,2022,2022-10-01,Brighton @ Liverpool,1X2,draw,,4.76,0.2465,0.2101,7.8,win,3.76,0.364,pinnacle
epl,2022,2022-10-01,Everton @ Southampton,1X2,draw,,3.32,0.3259,0.3012,3.7,lose,-1.0,0.364,pinnacle
epl,2022,2022-10-01,Wolves @ West Ham,1X2,draw,,3.36,0.3697,0.2976,10.9,lose,-1.0,0.364,pinnacle
epl,2022,2022-10-03,Nott'm Forest @ Leicester,TOTAL,over,2.5,1.68,0.6786,0.5952,6.3,win,0.6799999999999999,0.334,pinnacle
epl,2022,2022-10-08,Leicester @ Bournemouth,1X2,bournemouth,,3.45,0.4083,0.2899,18.39,win,2.45,0.364,pinnacle
epl,2022,2022-10-08,Leicester @ Bournemouth,TOTAL,over,2.5,1.88,0.6594,0.5319,10.78,win,0.8799999999999999,0.364,pinnacle
epl,2022,2022-10-08,Wolves @ Chelsea,1X2,draw,,4.36,0.2743,0.2294,8.82,lose,-1.0,0.364,pinnacle
epl,2022,2022-10-08,Brentford @ Newcastle,1X2,brentford,,5.35,0.2104,0.1869,5.65,lose,-1.0,0.334,pinnacle
epl,2022,2022-10-08,Tottenham @ Brighton,1X2,brighton,,2.58,0.5055,0.3876,13.69,lose,-1.0,0.364,pinnacle
epl,2022,2022-10-08,Tottenham @ Brighton,TOTAL,over,2.5,1.86,0.633,0.5376,7.98,lose,-1.0,0.364,pinnacle
epl,2022,2022-10-09,Fulham @ West Ham,1X2,draw,,4.11,0.2819,0.2433,7.13,lose,-1.0,0.364,pinnacle
epl,2022,2022-10-09,Fulham @ West Ham,1X2,fulham,,5.89,0.2598,0.1698,23.86,lose,-1.0,0.364,pinnacle
epl,2022,2022-10-09,Fulham @ West Ham,TOTAL,under,2.5,2.08,0.5693,0.4808,8.29,lose,-1.0,0.364,pinnacle
epl,2022,2022-10-09,Liverpool @ Arsenal,TOTAL,over,2.5,1.63,0.691,0.6135,5.68,win,0.6299999999999999,0.364,pinnacle
epl,2022,2022-10-09,Man United @ Everton,TOTAL,under,2.5,2.02,0.5521,0.495,5.19,lose,-1.0,0.364,pinnacle
epl,2022,2022-10-10,Aston Villa @ Nott'm Forest,1X2,nottingham forest,,3.79,0.378,0.2639,19.47,lose,-1.0,0.334,pinnacle
epl,2022,2022-10-10,Aston Villa @ Nott'm Forest,1X2,draw,,3.64,0.2982,0.2747,3.85,win,2.64,0.334,pinnacle
epl,2022,2022-10-10,Aston Villa @ Nott'm Forest,TOTAL,under,2.5,1.87,0.6025,0.5348,5.7,win,0.8700000000000001,0.334,pinnacle
epl,2022,2022-10-14,Brighton @ Brentford,1X2,brentford,,3.35,0.4423,0.2985,21.67,win,2.35,0.334,pinnacle
epl,2022,2022-10-14,Brighton @ Brentford,TOTAL,over,2.5,1.95,0.608,0.5128,8.35,lose,-1.0,0.334,pinnacle
epl,2022,2022-10-15,Crystal Palace @ Leicester,1X2,leicester city,,2.49,0.5082,0.4016,11.94,lose,-1.0,0.364,pinnacle
epl,2022,2022-10-15,Crystal Palace @ Leicester,TOTAL,over,2.5,1.86,0.655,0.5376,9.83,lose,-1.0,0.364,pinnacle
epl,2022,2022-10-15,Nott'm Forest @ Wolves,1X2,draw,,3.91,0.3004,0.2558,7.86,lose,-1.0,0.334,pinnacle
epl,2022,2022-10-15,Nott'm Forest @ Wolves,TOTAL,under,2.5,1.83,0.6625,0.5464,9.55,win,0.8300000000000001,0.334,pinnacle
epl,2022,2022-10-15,Everton @ Tottenham,TOTAL,under,2.5,2.15,0.5335,0.4651,6.62,win,1.15,0.364,pinnacle
epl,2022,2022-10-16,Chelsea @ Aston Villa,1X2,aston villa,,3.97,0.389,0.2519,24.49,lose,-1.0,0.364,pinnacle
epl,2022,2022-10-16,Chelsea @ Aston Villa,TOTAL,under,2.5,1.81,0.6139,0.5525,5.0,win,0.81,0.364,pinnacle
epl,2022,2022-10-16,Arsenal @ Leeds,1X2,leeds united,,4.97,0.3474,0.2012,32.71,lose,-1.0,0.364,pinnacle
epl,2022,2022-10-16,Newcastle @ Man United,1X2,newcastle united,,3.71,0.3635,0.2695,15.69,lose,-1.0,0.364,pinnacle
epl,2022,2022-10-16,West Ham @ Southampton,1X2,southampton,,3.01,0.3967,0.3322,8.73,lose,-1.0,0.364,pinnacle
epl,2022,2022-10-16,West Ham @ Southampton,TOTAL,under,2.5,1.87,0.6388,0.5348,8.75,win,0.8700000000000001,0.364,pinnacle
epl,2022,2022-10-16,Man City @ Liverpool,1X2,liverpool,,3.81,0.3729,0.2625,18.94,win,2.81,0.364,pinnacle
epl,2022,2022-10-18,Wolves @ Crystal Palace,1X2,crystal palace,,2.13,0.5566,0.4695,8.35,win,1.13,0.364,pinnacle
epl,2022,2022-10-19,Tottenham @ Man United,1X2,tottenham,,3.05,0.4402,0.3279,15.42,lose,-1.0,0.364,pinnacle
epl,2022,2022-10-20,Leeds @ Leicester,1X2,leicester city,,2.37,0.4943,0.4219,7.71,win,1.37,0.364,pinnacle
epl,2022,2022-10-20,Leeds @ Leicester,TOTAL,over,2.5,1.75,0.6151,0.5714,3.44,lose,-1.0,0.364,pinnacle
epl,2022,2022-10-22,Liverpool @ Nott'm Forest,1X2,draw,,5.5,0.2705,0.1818,21.95,lose,-1.0,0.334,pinnacle
epl,2022,2022-10-22,Crystal Palace @ Everton,1X2,draw,,3.18,0.3703,0.3145,7.99,lose,-1.0,0.364,pinnacle
epl,2022,2022-10-22,Man United @ Chelsea,TOTAL,under,2.5,1.99,0.6094,0.5025,9.57,win,0.99,0.364,pinnacle
epl,2022,2022-10-23,Brentford @ Aston Villa,1X2,draw,,3.57,0.3088,0.2801,4.61,lose,-1.0,0.334,pinnacle
epl,2022,2022-10-23,Brentford @ Aston Villa,1X2,brentford,,3.81,0.4001,0.2625,23.6,lose,-1.0,0.334,pinnacle
epl,2022,2022-10-23,Brentford @ Aston Villa,TOTAL,under,2.5,1.88,0.6439,0.5319,9.47,lose,-1.0,0.334,pinnacle
epl,2022,2022-10-23,Fulham @ Leeds,TOTAL,under,2.5,2.23,0.5055,0.4484,5.73,lose,-1.0,0.334,pinnacle
epl,2022,2022-10-23,Arsenal @ Southampton,1X2,draw,,4.79,0.2579,0.2088,10.59,win,3.79,0.364,pinnacle
epl,2022,2022-10-23,Arsenal @ Southampton,TOTAL,under,2.5,2.2,0.5213,0.4545,6.61,win,1.2000000000000002,0.364,pinnacle
epl,2022,2022-10-23,Leicester @ Wolves,1X2,wolverhampton wanderers,,2.41,0.4494,0.4149,3.74,lose,-1.0,0.364,pinnacle
epl,2022,2022-10-23,Leicester @ Wolves,TOTAL,under,2.5,1.83,0.62,0.5464,6.06,lose,-1.0,0.364,pinnacle
epl,2022,2022-10-23,Newcastle @ Tottenham,1X2,tottenham,,2.25,0.5438,0.4444,10.06,lose,-1.0,0.364,pinnacle
epl,2022,2022-10-23,Newcastle @ Tottenham,TOTAL,under,2.5,1.98,0.5773,0.5051,6.44,lose,-1.0,0.364,pinnacle
epl,2022,2022-10-24,Bournemouth @ West Ham,TOTAL,under,2.5,1.84,0.5933,0.5435,4.12,win,0.8400000000000001,0.364,pinnacle
epl,2022,2022-10-29,Tottenham @ Bournemouth,1X2,bournemouth,,5.18,0.2516,0.1931,13.65,lose,-1.0,0.364,pinnacle
epl,2022,2022-10-29,Chelsea @ Brighton,1X2,brighton,,3.17,0.4442,0.3155,18.36,win,2.17,0.364,pinnacle
epl,2022,2022-10-29,Southampton @ Crystal Palace,1X2,crystal palace,,2.08,0.5577,0.4808,7.2,win,1.08,0.364,pinnacle
epl,2022,2022-10-29,Aston Villa @ Newcastle,1X2,newcastle united,,1.78,0.6943,0.5618,10.61,win,0.78,0.364,pinnacle
epl,2022,2022-10-29,Aston Villa @ Newcastle,TOTAL,under,2.5,1.99,0.5534,0.5025,4.56,lose,-1.0,0.364,pinnacle
epl,2022,2022-10-29,Everton @ Fulham,1X2,fulham,,2.33,0.5345,0.4292,11.04,lose,-1.0,0.364,pinnacle
epl,2022,2022-10-30,West Ham @ Man United,1X2,draw,,3.97,0.2841,0.2519,5.75,lose,-1.0,0.364,pinnacle
epl,2022,2022-10-30,West Ham @ Man United,TOTAL,under,2.5,2.02,0.6106,0.495,10.5,win,1.02,0.364,pinnacle
epl,2022,2022-11-05,Bournemouth @ Leeds,TOTAL,over,2.5,1.85,0.5805,0.5405,3.33,win,0.8500000000000001,0.334,pinnacle
epl,2022,2022-11-05,Brentford @ Nott'm Forest,1X2,brentford,,2.92,0.4005,0.3425,7.63,lose,-1.0,0.334,pinnacle
epl,2022,2022-11-05,Brighton @ Wolves,TOTAL,under,2.5,1.76,0.6656,0.5682,7.72,lose,-1.0,0.364,pinnacle
epl,2022,2022-11-06,Arsenal @ Chelsea,1X2,arsenal,,2.69,0.4358,0.3717,7.75,win,1.69,0.364,pinnacle
epl,2022,2022-11-06,Man United @ Aston Villa,1X2,aston villa,,3.18,0.3779,0.3145,9.08,win,2.18,0.364,pinnacle
epl,2022,2022-11-06,Man United @ Aston Villa,TOTAL,under,2.5,1.96,0.5823,0.5102,6.36,lose,-1.0,0.364,pinnacle
epl,2022,2022-11-06,Newcastle @ Southampton,1X2,draw,,3.8,0.2918,0.2632,4.9,lose,-1.0,0.364,pinnacle
epl,2022,2022-11-06,Newcastle @ Southampton,TOTAL,under,2.5,1.93,0.6311,0.5181,9.81,lose,-1.0,0.364,pinnacle
epl,2022,2022-11-06,Crystal Palace @ West Ham,1X2,draw,,3.59,0.3312,0.2786,8.51,lose,-1.0,0.364,pinnacle
epl,2022,2022-11-06,Liverpool @ Tottenham,TOTAL,over,2.5,1.73,0.6331,0.578,4.28,win,0.73,0.364,pinnacle
epl,2022,2022-11-12,Everton @ Bournemouth,TOTAL,under,2.5,1.75,0.6398,0.5714,5.39,lose,-1.0,0.364,pinnacle
epl,2022,2022-11-12,Leeds @ Tottenham,TOTAL,over,2.5,1.63,0.6749,0.6135,4.51,win,0.6299999999999999,0.364,pinnacle
epl,2022,2022-11-12,Leicester @ West Ham,TOTAL,under,2.5,1.94,0.5557,0.5155,3.51,win,0.94,0.364,pinnacle
epl,2022,2022-11-12,Arsenal @ Wolves,TOTAL,under,2.5,2.08,0.5673,0.4808,8.1,win,1.08,0.364,pinnacle
epl,2022,2022-11-13,Aston Villa @ Brighton,1X2,brighton,,1.76,0.6488,0.5682,6.38,lose,-1.0,0.364,pinnacle
epl,2022,2022-12-26,Tottenham @ Brentford,1X2,brentford,,3.36,0.4128,0.2976,17.42,lose,-1.0,0.334,pinnacle
epl,2022,2022-12-26,Tottenham @ Brentford,TOTAL,over,2.5,1.81,0.6683,0.5525,9.44,win,0.81,0.334,pinnacle
epl,2022,2022-12-26,Fulham @ Crystal Palace,1X2,crystal palace,,2.29,0.4844,0.4367,4.92,lose,-1.0,0.364,pinnacle
epl,2022,2022-12-26,Wolves @ Everton,1X2,everton,,2.57,0.5302,0.3891,16.32,lose,-1.0,0.364,pinnacle
epl,2022,2022-12-26,Brighton @ Southampton,1X2,southampton,,3.83,0.3055,0.2611,7.65,lose,-1.0,0.364,pinnacle
epl,2022,2022-12-26,Liverpool @ Aston Villa,1X2,aston villa,,4.89,0.3196,0.2045,25.33,lose,-1.0,0.364,pinnacle
epl,2022,2022-12-26,Liverpool @ Aston Villa,1X2,draw,,4.13,0.2674,0.2421,4.69,lose,-1.0,0.364,pinnacle
epl,2022,2022-12-26,Liverpool @ Aston Villa,TOTAL,under,2.5,2.31,0.4875,0.4329,5.68,lose,-1.0,0.364,pinnacle
epl,2022,2022-12-26,West Ham @ Arsenal,TOTAL,under,2.5,2.12,0.5161,0.4717,4.24,lose,-1.0,0.364,pinnacle
epl,2022,2022-12-27,Bournemouth @ Chelsea,1X2,draw,,5.35,0.2226,0.1869,8.59,lose,-1.0,0.364,pinnacle
epl,2022,2022-12-28,Man City @ Leeds,1X2,draw,,6.03,0.202,0.1658,9.81,lose,-1.0,0.364,pinnacle
epl,2022,2022-12-30,Brentford @ West Ham,1X2,brentford,,3.53,0.3132,0.2833,4.75,win,2.53,0.334,pinnacle
epl,2022,2022-12-30,Brentford @ West Ham,TOTAL,under,2.5,1.94,0.5646,0.5155,4.29,win,0.94,0.334,pinnacle
epl,2022,2022-12-30,Leicester @ Liverpool,1X2,draw,,6.43,0.1756,0.1555,5.8,lose,-1.0,0.364,pinnacle
epl,2022,2022-12-31,Man United @ Wolves,1X2,draw,,3.69,0.2941,0.271,3.84,lose,-1.0,0.364,pinnacle
epl,2022,2022-12-31,Man United @ Wolves,TOTAL,under,2.5,1.93,0.609,0.5181,7.89,win,0.9299999999999999,0.364,pinnacle
epl,2022,2022-12-31,Crystal Palace @ Bournemouth,1X2,bournemouth,,3.01,0.4071,0.3322,10.14,lose,-1.0,0.364,pinnacle
epl,2022,2022-12-31,Southampton @ Fulham,1X2,fulham,,1.84,0.6778,0.5435,11.12,win,0.8400000000000001,0.364,pinnacle
epl,2022,2022-12-31,Southampton @ Fulham,TOTAL,over,2.5,1.76,0.6223,0.5682,4.29,win,0.76,0.364,pinnacle
epl,2022,2022-12-31,Arsenal @ Brighton,1X2,brighton,,4.47,0.2811,0.2237,11.55,lose,-1.0,0.364,pinnacle
epl,2022,2023-01-01,Aston Villa @ Tottenham,TOTAL,over,2.5,1.8,0.6429,0.5556,7.07,lose,-1.0,0.364,pinnacle
epl,2022,2023-01-01,Chelsea @ Nott'm Forest,1X2,nottingham forest,,5.8,0.2265,0.1724,14.12,lose,-1.0,0.334,pinnacle
epl,2022,2023-01-01,Chelsea @ Nott'm Forest,1X2,draw,,4.2,0.2846,0.2381,8.8,win,3.2,0.334,pinnacle
epl,2022,2023-01-01,Chelsea @ Nott'm Forest,TOTAL,under,2.5,1.89,0.6013,0.5291,6.14,win,0.8899999999999999,0.334,pinnacle
epl,2022,2023-01-02,Liverpool @ Brentford,1X2,draw,,4.65,0.2677,0.2151,11.01,lose,-1.0,0.334,pinnacle
epl,2022,2023-01-02,Liverpool @ Brentford,TOTAL,under,2.5,2.43,0.4858,0.4115,8.13,lose,-1.0,0.334,pinnacle
epl,2022,2023-01-03,Newcastle @ Arsenal,1X2,draw,,3.91,0.3052,0.2558,8.7,win,2.91,0.364,pinnacle
epl,2022,2023-01-03,Newcastle @ Arsenal,1X2,newcastle united,,4.88,0.2603,0.2049,12.16,lose,-1.0,0.364,pinnacle
epl,2022,2023-01-03,Brighton @ Everton,TOTAL,under,2.5,1.88,0.6536,0.5319,10.29,lose,-1.0,0.364,pinnacle
epl,2022,2023-01-03,Fulham @ Leicester,1X2,leicester city,,2.36,0.4696,0.4237,4.87,lose,-1.0,0.364,pinnacle
epl,2022,2023-01-03,Fulham @ Leicester,TOTAL,over,2.5,1.78,0.6506,0.5618,7.11,lose,-1.0,0.364,pinnacle
epl,2022,2023-01-03,Bournemouth @ Man United,1X2,draw,,6.05,0.2043,0.1653,10.62,lose,-1.0,0.364,pinnacle
epl,2022,2023-01-03,Bournemouth @ Man United,TOTAL,under,2.5,2.55,0.5197,0.3922,14.63,lose,-1.0,0.364,pinnacle
epl,2022,2023-01-04,Nott'm Forest @ Southampton,1X2,southampton,,2.43,0.5339,0.4115,13.38,lose,-1.0,0.334,pinnacle
epl,2022,2023-01-04,Nott'm Forest @ Southampton,TOTAL,under,2.5,1.85,0.596,0.5405,4.62,win,0.8500000000000001,0.334,pinnacle
epl,2022,2023-01-04,West Ham @ Leeds,1X2,leeds united,,2.93,0.4689,0.3413,16.82,lose,-1.0,0.364,pinnacle
epl,2022,2023-01-04,West Ham @ Leeds,TOTAL,under,2.5,2.09,0.5892,0.4785,10.42,lose,-1.0,0.364,pinnacle
epl,2022,2023-01-04,Wolves @ Aston Villa,TOTAL,under,2.5,1.84,0.6678,0.5435,10.29,win,0.8400000000000001,0.364,pinnacle
epl,2022,2023-01-04,Tottenham @ Crystal Palace,1X2,crystal palace,,3.32,0.3791,0.3012,11.64,lose,-1.0,0.364,pinnacle
epl,2022,2023-01-05,Man City @ Chelsea,1X2,chelsea,,5.44,0.2465,0.1838,15.35,lose,-1.0,0.364,pinnacle
epl,2022,2023-01-12,Chelsea @ Fulham,TOTAL,under,2.5,2.06,0.5406,0.4854,5.11,lose,-1.0,0.364,pinnacle
epl,2022,2023-01-13,Leeds @ Aston Villa,1X2,leeds united,,3.89,0.2925,0.2571,6.19,lose,-1.0,0.364,pinnacle
epl,2022,2023-01-14,Liverpool @ Brighton,1X2,brighton,,2.9,0.4372,0.3448,12.06,win,1.9,0.364,pinnacle
epl,2022,2023-01-14,Liverpool @ Brighton,TOTAL,over,2.5,1.6,0.6788,0.625,3.88,win,0.6000000000000001,0.364,pinnacle
epl,2022,2023-01-14,Southampton @ Everton,1X2,everton,,2.42,0.4745,0.4132,6.67,lose,-1.0,0.364,pinnacle
epl,2022,2023-01-14,Southampton @ Everton,TOTAL,under,2.5,1.79,0.6524,0.5587,7.55,lose,-1.0,0.364,pinnacle
epl,2022,2023-01-14,Leicester @ Nott'm Forest,1X2,leicester city,,2.84,0.4427,0.3521,11.57,lose,-1.0,0.334,pinnacle
epl,2022,2023-01-14,West Ham @ Wolves,1X2,draw,,3.17,0.3468,0.3155,4.47,lose,-1.0,0.364,pinnacle
epl,2022,2023-01-15,Crystal Palace @ Chelsea,TOTAL,under,2.5,1.86,0.637,0.5376,8.31,win,0.8600000000000001,0.364,pinnacle
epl,2022,2023-01-15,Fulham @ Newcastle,TOTAL,under,2.5,2.19,0.5239,0.4566,6.63,win,1.19,0.364,pinnacle
epl,2022,2023-01-15,Arsenal @ Tottenham,TOTAL,over,2.5,1.83,0.5913,0.5464,3.69,lose,-1.0,0.364,pinnacle
epl,2022,2023-01-18,Man United @ Crystal Palace,1X2,crystal palace,,5.4,0.2553,0.1852,17.03,lose,-1.0,0.364,pinnacle
epl,2022,2023-01-18,Man United @ Crystal Palace,1X2,draw,,3.98,0.2899,0.2513,6.92,win,2.98,0.364,pinnacle
epl,2022,2023-01-18,Man United @ Crystal Palace,TOTAL,under,2.5,1.94,0.5992,0.5155,7.31,win,0.94,0.364,pinnacle
epl,2022,2023-01-21,Chelsea @ Liverpool,1X2,liverpool,,2.07,0.5258,0.4831,3.98,lose,-1.0,0.364,pinnacle
epl,2022,2023-01-21,Chelsea @ Liverpool,TOTAL,under,2.5,2.22,0.4918,0.4505,4.13,win,1.2200000000000002,0.364,pinnacle
epl,2022,2023-01-21,Nott'm Forest @ Bournemouth,1X2,bournemouth,,2.93,0.4528,0.3413,14.7,lose,-1.0,0.334,pinnacle
epl,2022,2023-01-21,Brighton @ Leicester,1X2,leicester city,,4.35,0.3381,0.2299,21.18,lose,-1.0,0.364,pinnacle
epl,2022,2023-01-21,Brighton @ Leicester,TOTAL,over,2.5,1.85,0.6522,0.5405,9.3,win,0.8500000000000001,0.364,pinnacle
epl,2022,2023-01-21,Aston Villa @ Southampton,1X2,aston villa,,2.95,0.3658,0.339,3.56,win,1.9500000000000002,0.364,pinnacle
epl,2022,2023-01-21,Everton @ West Ham,1X2,draw,,3.55,0.3349,0.2817,8.51,lose,-1.0,0.364,pinnacle
epl,2022,2023-01-21,Everton @ West Ham,1X2,everton,,4.75,0.2488,0.2105,8.18,lose,-1.0,0.364,pinnacle
epl,2022,2023-01-21,Newcastle @ Crystal Palace,1X2,newcastle united,,1.87,0.6371,0.5348,8.61,lose,-1.0,0.364,pinnacle
epl,2022,2023-01-22,Brentford @ Leeds,1X2,brentford,,3.09,0.3691,0.3236,6.32,lose,-1.0,0.334,pinnacle
epl,2022,2023-01-22,Brentford @ Leeds,TOTAL,over,2.5,1.68,0.6589,0.5952,4.81,lose,-1.0,0.334,pinnacle
epl,2022,2023-01-22,Man United @ Arsenal,1X2,arsenal,,1.86,0.6666,0.5376,10.79,win,0.8600000000000001,0.364,pinnacle
epl,2022,2023-01-23,Tottenham @ Fulham,TOTAL,over,2.5,1.7,0.6858,0.5882,7.47,lose,-1.0,0.364,pinnacle
epl,2022,2023-02-03,Fulham @ Chelsea,1X2,draw,,4.18,0.2959,0.2392,10.66,win,3.1799999999999997,0.364,pinnacle
epl,2022,2023-02-03,Fulham @ Chelsea,1X2,fulham,,6.09,0.2894,0.1642,34.3,lose,-1.0,0.364,pinnacle
epl,2022,2023-02-03,Fulham @ Chelsea,TOTAL,under,2.5,2.01,0.6033,0.4975,9.57,win,1.0099999999999998,0.364,pinnacle
epl,2022,2023-02-04,Arsenal @ Everton,TOTAL,under,2.5,2.05,0.5399,0.4878,4.81,win,1.0499999999999998,0.364,pinnacle
epl,2022,2023-02-04,Southampton @ Brentford,1X2,brentford,,1.82,0.6714,0.5495,9.99,win,0.8200000000000001,0.334,pinnacle
epl,2022,2023-02-04,Southampton @ Brentford,TOTAL,over,2.5,2.06,0.5706,0.4854,7.9,win,1.06,0.334,pinnacle
epl,2022,2023-02-04,Crystal Palace @ Man United,1X2,draw,,5.11,0.2409,0.1957,10.4,lose,-1.0,0.364,pinnacle
epl,2022,2023-02-04,Crystal Palace @ Man United,TOTAL,under,2.5,2.03,0.53,0.4926,3.41,lose,-1.0,0.364,pinnacle
epl,2022,2023-02-04,Liverpool @ Wolves,TOTAL,under,2.5,2.14,0.5722,0.4673,10.1,lose,-1.0,0.364,pinnacle
epl,2022,2023-02-04,West Ham @ Newcastle,TOTAL,under,2.5,1.82,0.6461,0.5495,7.92,win,0.8200000000000001,0.364,pinnacle
epl,2022,2023-02-05,Man City @ Tottenham,1X2,tottenham,,4.03,0.2985,0.2481,9.13,win,3.0300000000000002,0.364,pinnacle
epl,2022,2023-02-05,Man City @ Tottenham,TOTAL,over,2.5,1.71,0.7129,0.5848,9.86,lose,-1.0,0.364,pinnacle
epl,2022,2023-02-11,Chelsea @ West Ham,1X2,west ham united,,3.51,0.3306,0.2849,7.22,lose,-1.0,0.364,pinnacle
epl,2022,2023-02-11,Chelsea @ West Ham,1X2,draw,,3.38,0.349,0.2959,8.08,win,2.38,0.364,pinnacle
epl,2022,2023-02-11,Brentford @ Arsenal,TOTAL,over,2.5,1.76,0.6289,0.5682,4.81,lose,-1.0,0.334,pinnacle
epl,2022,2023-02-11,Brighton @ Crystal Palace,1X2,crystal palace,,5.15,0.2898,0.1942,22.16,lose,-1.0,0.364,pinnacle
epl,2022,2023-02-11,Nott'm Forest @ Fulham,1X2,fulham,,1.97,0.644,0.5076,12.09,win,0.97,0.334,pinnacle
epl,2022,2023-02-11,Nott'm Forest @ Fulham,TOTAL,over,2.5,2.12,0.511,0.4717,3.75,lose,-1.0,0.334,pinnacle
epl,2022,2023-02-11,Tottenham @ Leicester,1X2,leicester city,,3.57,0.386,0.2801,17.01,win,2.57,0.364,pinnacle
epl,2022,2023-02-11,Tottenham @ Leicester,TOTAL,over,2.5,1.76,0.6875,0.5682,9.45,win,0.76,0.364,pinnacle
epl,2022,2023-02-11,Wolves @ Southampton,1X2,southampton,,3.26,0.4041,0.3067,14.28,lose,-1.0,0.364,pinnacle
epl,2022,2023-02-11,Wolves @ Southampton,TOTAL,under,2.5,1.66,0.6744,0.6024,5.38,lose,-1.0,0.364,pinnacle
epl,2022,2023-02-11,Newcastle @ Bournemouth,TOTAL,under,2.5,1.85,0.585,0.5405,3.7,win,0.8500000000000001,0.364,pinnacle
epl,2022,2023-02-12,Man United @ Leeds,1X2,leeds united,,3.81,0.32,0.2625,9.87,lose,-1.0,0.364,pinnacle
epl,2022,2023-02-13,Everton @ Liverpool,TOTAL,under,2.5,2.13,0.5451,0.4695,7.25,win,1.13,0.364,pinnacle
epl,2022,2023-02-15,Man City @ Arsenal,TOTAL,over,2.5,1.89,0.5773,0.5291,4.1,win,0.8899999999999999,0.364,pinnacle
epl,2022,2023-02-18,Crystal Palace @ Brentford,1X2,brentford,,1.83,0.6093,0.5464,5.17,lose,-1.0,0.334,pinnacle
epl,2022,2023-02-18,Fulham @ Brighton,1X2,fulham,,6.39,0.2238,0.1565,19.36,win,5.39,0.364,pinnacle
epl,2022,2023-02-18,Southampton @ Chelsea,1X2,draw,,4.68,0.2549,0.2137,8.69,lose,-1.0,0.364,pinnacle
epl,2022,2023-02-18,Southampton @ Chelsea,TOTAL,under,2.5,1.93,0.6184,0.5181,8.71,win,0.9299999999999999,0.364,pinnacle
epl,2022,2023-02-18,Leeds @ Everton,1X2,everton,,2.82,0.3827,0.3546,3.56,win,1.8199999999999998,0.364,pinnacle
epl,2022,2023-02-18,Leeds @ Everton,TOTAL,under,2.5,1.8,0.6016,0.5556,3.73,win,0.8,0.364,pinnacle
epl,2022,2023-02-18,Man City @ Nott'm Forest,1X2,draw,,5.4,0.2155,0.1852,7.37,win,4.4,0.334,pinnacle
epl,2022,2023-02-18,Bournemouth @ Wolves,1X2,bournemouth,,4.98,0.2254,0.2008,5.51,win,3.9800000000000004,0.364,pinnacle
epl,2022,2023-02-18,Bournemouth @ Wolves,TOTAL,under,2.5,1.78,0.6082,0.5618,3.72,win,0.78,0.364,pinnacle
epl,2022,2023-02-18,Liverpool @ Newcastle,TOTAL,under,2.5,2.09,0.5584,0.4785,7.51,win,1.0899999999999999,0.364,pinnacle
epl,2022,2023-02-19,Leicester @ Man United,1X2,leicester city,,5.87,0.2002,0.1704,7.88,lose,-1.0,0.364,pinnacle
epl,2022,2023-02-19,Leicester @ Man United,TOTAL,over,2.5,1.65,0.6656,0.6061,4.42,win,0.6499999999999999,0.364,pinnacle
epl,2022,2023-02-19,West Ham @ Tottenham,1X2,tottenham,,1.88,0.5891,0.5319,4.84,win,0.8799999999999999,0.364,pinnacle
epl,2022,2023-02-25,Southampton @ Leeds,1X2,leeds united,,1.96,0.559,0.5102,4.3,win,0.96,0.364,pinnacle
epl,2022,2023-02-25,Arsenal @ Leicester,1X2,leicester city,,6.02,0.241,0.1661,20.29,lose,-1.0,0.364,pinnacle
epl,2022,2023-02-25,Arsenal @ Leicester,TOTAL,over,2.5,1.7,0.6782,0.5882,6.88,lose,-1.0,0.364,pinnacle
epl,2022,2023-02-25,Nott'm Forest @ West Ham,1X2,draw,,3.84,0.307,0.2604,8.04,lose,-1.0,0.334,pinnacle
epl,2022,2023-02-25,Nott'm Forest @ West Ham,1X2,nottingham forest,,5.6,0.205,0.1786,6.65,lose,-1.0,0.334,pinnacle
epl,2022,2023-02-25,Nott'm Forest @ West Ham,TOTAL,under,2.5,1.72,0.6823,0.5814,7.81,lose,-1.0,0.334,pinnacle
epl,2022,2023-02-25,Liverpool @ Crystal Palace,1X2,crystal palace,,5.08,0.2942,0.1969,22.25,lose,-1.0,0.364,pinnacle
epl,2022,2023-02-25,Liverpool @ Crystal Palace,1X2,draw,,4.12,0.2804,0.2427,6.98,win,3.12,0.364,pinnacle
epl,2022,2023-02-25,Liverpool @ Crystal Palace,TOTAL,under,2.5,2.07,0.5469,0.4831,5.94,win,1.0699999999999998,0.364,pinnacle
epl,2022,2023-02-26,Chelsea @ Tottenham,1X2,tottenham,,3.04,0.4761,0.3289,20.13,win,2.04,0.364,pinnacle
epl,2022,2023-03-01,Wolves @ Liverpool,TOTAL,under,2.5,2.16,0.5328,0.463,6.79,win,1.1600000000000001,0.364,pinnacle
epl,2022,2023-03-04,Newcastle @ Man City,1X2,draw,,4.55,0.2764,0.2198,11.6,lose,-1.0,0.364,pinnacle
epl,2022,2023-03-04,Newcastle @ Man City,TOTAL,under,2.5,2.2,0.5605,0.4545,10.49,win,1.2000000000000002,0.364,pinnacle
epl,2022,2023-03-04,Leeds @ Chelsea,1X2,draw,,4.2,0.2868,0.2381,9.2,lose,-1.0,0.364,pinnacle
epl,2022,2023-03-04,Leeds @ Chelsea,1X2,leeds united,,6.11,0.2191,0.1637,15.23,lose,-1.0,0.364,pinnacle
epl,2022,2023-03-04,Leeds @ Chelsea,TOTAL,under,2.5,1.97,0.614,0.5076,9.43,win,0.97,0.364,pinnacle
epl,2022,2023-03-04,Tottenham @ Wolves,1X2,tottenham,,2.37,0.5106,0.4219,9.45,lose,-1.0,0.364,pinnacle
epl,2022,2023-03-04,Leicester @ Southampton,TOTAL,over,2.5,2.09,0.5224,0.4785,4.13,lose,-1.0,0.364,pinnacle
epl,2022,2023-03-05,Everton @ Nott'm Forest,1X2,nottingham forest,,3.1,0.406,0.3226,11.64,lose,-1.0,0.334,pinnacle
epl,2022,2023-03-05,Man United @ Liverpool,1X2,liverpool,,2.43,0.4802,0.4115,7.51,win,1.4300000000000002,0.364,pinnacle
epl,2022,2023-03-11,Liverpool @ Bournemouth,1X2,draw,,5.15,0.2238,0.1942,6.87,lose,-1.0,0.364,pinnacle
epl,2022,2023-03-11,Brentford @ Everton,1X2,brentford,,2.99,0.4551,0.3344,16.23,lose,-1.0,0.334,pinnacle
epl,2022,2023-03-11,Brighton @ Leeds,1X2,leeds united,,4.47,0.3072,0.2237,16.79,lose,-1.0,0.364,pinnacle
epl,2022,2023-03-11,Brighton @ Leeds,TOTAL,over,2.5,1.88,0.572,0.5319,3.39,win,0.8799999999999999,0.364,pinnacle
epl,2022,2023-03-11,Chelsea @ Leicester,1X2,draw,,3.75,0.2909,0.2667,4.08,lose,-1.0,0.364,pinnacle
epl,2022,2023-03-11,Chelsea @ Leicester,TOTAL,under,2.5,1.86,0.5883,0.5376,4.24,lose,-1.0,0.364,pinnacle
epl,2022,2023-03-11,Nott'm Forest @ Tottenham,TOTAL,over,2.5,1.87,0.6221,0.5348,7.35,win,0.8700000000000001,0.334,pinnacle
epl,2022,2023-03-11,Man City @ Crystal Palace,1X2,draw,,5.17,0.2377,0.1934,10.3,lose,-1.0,0.364,pinnacle
epl,2022,2023-03-11,Man City @ Crystal Palace,TOTAL,under,2.5,2.1,0.5088,0.4762,3.08,win,1.1,0.364,pinnacle
epl,2022,2023-03-12,Arsenal @ Fulham,1X2,draw,,4.9,0.2515,0.2041,10.46,lose,-1.0,0.364,pinnacle
epl,2022,2023-03-12,Southampton @ Man United,1X2,draw,,6.28,0.1933,0.1592,9.64,win,5.28,0.364,pinnacle
epl,2022,2023-03-12,Aston Villa @ West Ham,TOTAL,under,2.5,1.83,0.5926,0.5464,3.8,win,0.8300000000000001,0.364,pinnacle
epl,2022,2023-03-12,Wolves @ Newcastle,TOTAL,under,2.5,1.74,0.652,0.5747,6.05,lose,-1.0,0.364,pinnacle
epl,2022,2023-03-15,Crystal Palace @ Brighton,1X2,draw,,5.23,0.2128,0.1912,5.08,lose,-1.0,0.364,pinnacle
epl,2022,2023-03-15,Brentford @ Southampton,1X2,brentford,,2.42,0.4941,0.4132,8.8,win,1.42,0.334,pinnacle
epl,2022,2023-03-17,Newcastle @ Nott'm Forest,TOTAL,under,2.5,1.85,0.6377,0.5405,8.08,lose,-1.0,0.334,pinnacle
epl,2022,2023-03-18,Bournemouth @ Aston Villa,TOTAL,over,2.5,1.95,0.5553,0.5128,3.73,win,0.95,0.334,pinnacle
epl,2022,2023-03-18,Leicester @ Brentford,1X2,brentford,,1.9,0.5759,0.5263,4.24,lose,-1.0,0.334,pinnacle
epl,2022,2023-03-18,Leicester @ Brentford,TOTAL,over,2.5,1.85,0.6032,0.5405,5.22,lose,-1.0,0.334,pinnacle
epl,2022,2023-03-18,Tottenham @ Southampton,1X2,tottenham,,1.85,0.5835,0.5405,3.57,lose,-1.0,0.364,pinnacle
epl,2022,2023-03-18,Tottenham @ Southampton,TOTAL,under,2.5,1.87,0.5741,0.5348,3.31,lose,-1.0,0.364,pinnacle
epl,2022,2023-03-18,Leeds @ Wolves,1X2,leeds united,,3.43,0.3152,0.2915,3.65,win,2.43,0.364,pinnacle
epl,2022,2023-03-18,Everton @ Chelsea,1X2,draw,,4.14,0.297,0.2415,10.34,win,3.1399999999999997,0.364,pinnacle
epl,2022,2023-04-01,Liverpool @ Man City,TOTAL,over,2.5,1.69,0.6388,0.5917,3.58,win,0.69,0.364,pinnacle
epl,2022,2023-04-01,Fulham @ Bournemouth,1X2,fulham,,2.97,0.4567,0.3367,16.04,lose,-1.0,0.334,pinnacle
epl,2022,2023-04-01,Fulham @ Bournemouth,TOTAL,over,2.5,2.07,0.5188,0.4831,3.33,win,1.0699999999999998,0.334,pinnacle
epl,2022,2023-04-01,Brentford @ Brighton,1X2,brentford,,5.57,0.2296,0.1795,12.54,lose,-1.0,0.334,pinnacle
epl,2022,2023-04-01,Brentford @ Brighton,TOTAL,over,2.5,1.78,0.6005,0.5618,3.1,win,0.78,0.334,pinnacle
epl,2022,2023-04-01,Leicester @ Crystal Palace,1X2,leicester city,,3.27,0.33,0.3058,3.56,lose,-1.0,0.364,pinnacle
epl,2022,2023-04-01,Wolves @ Nott'm Forest,1X2,nottingham forest,,3.44,0.3976,0.2907,16.55,lose,-1.0,0.334,pinnacle
epl,2022,2023-04-01,Wolves @ Nott'm Forest,TOTAL,under,2.5,1.63,0.6606,0.6135,3.45,win,0.6299999999999999,0.334,pinnacle
epl,2022,2023-04-01,Aston Villa @ Chelsea,1X2,draw,,4.09,0.2878,0.2445,7.97,lose,-1.0,0.364,pinnacle
epl,2022,2023-04-01,Aston Villa @ Chelsea,1X2,aston villa,,6.06,0.2278,0.165,17.12,win,5.06,0.364,pinnacle
epl,2022,2023-04-01,Aston Villa @ Chelsea,TOTAL,under,2.5,1.89,0.6104,0.5291,6.92,win,0.8899999999999999,0.364,pinnacle
epl,2022,2023-04-02,Southampton @ West Ham,1X2,draw,,3.8,0.292,0.2632,4.93,lose,-1.0,0.364,pinnacle
epl,2022,2023-04-02,Southampton @ West Ham,TOTAL,under,2.5,1.81,0.651,0.5525,8.02,win,0.81,0.364,pinnacle
epl,2022,2023-04-02,Man United @ Newcastle,TOTAL,under,2.5,1.93,0.5584,0.5181,3.49,win,0.9299999999999999,0.364,pinnacle
epl,2022,2023-04-04,Brighton @ Bournemouth,1X2,bournemouth,,5.99,0.2089,0.1669,11.31,lose,-1.0,0.364,pinnacle
epl,2022,2023-04-04,Aston Villa @ Leicester,1X2,leicester city,,2.74,0.4413,0.365,9.41,lose,-1.0,0.364,pinnacle
epl,2022,2023-04-04,Liverpool @ Chelsea,1X2,draw,,3.47,0.3153,0.2882,4.24,win,2.47,0.364,pinnacle
epl,2022,2023-04-04,Liverpool @ Chelsea,1X2,liverpool,,3.5,0.3347,0.2857,7.71,lose,-1.0,0.364,pinnacle
epl,2022,2023-04-05,Brentford @ Man United,1X2,draw,,4.31,0.2567,0.232,4.79,lose,-1.0,0.334,pinnacle
epl,2022,2023-04-05,Brentford @ Man United,1X2,brentford,,5.48,0.3147,0.1825,32.61,lose,-1.0,0.334,pinnacle
epl,2022,2023-04-05,Newcastle @ West Ham,1X2,draw,,3.33,0.351,0.3003,7.6,lose,-1.0,0.364,pinnacle
epl,2022,2023-04-08,Everton @ Man United,1X2,draw,,4.2,0.2734,0.2381,6.67,lose,-1.0,0.364,pinnacle
epl,2022,2023-04-08,Everton @ Man United,TOTAL,under,2.5,2.03,0.6166,0.4926,11.32,win,1.0299999999999998,0.364,pinnacle
epl,2022,2023-04-08,Nott'm Forest @ Aston Villa,TOTAL,under,2.5,1.9,0.5617,0.5263,3.02,win,0.8999999999999999,0.334,pinnacle
epl,2022,2023-04-08,Newcastle @ Brentford,1X2,brentford,,4.28,0.2603,0.2336,5.13,lose,-1.0,0.334,pinnacle
epl,2022,2023-04-08,Newcastle @ Brentford,1X2,draw,,3.58,0.341,0.2793,9.94,lose,-1.0,0.334,pinnacle
epl,2022,2023-04-08,West Ham @ Fulham,TOTAL,under,2.5,1.75,0.6158,0.5714,3.49,win,0.75,0.364,pinnacle
epl,2022,2023-04-08,Brighton @ Tottenham,1X2,tottenham,,2.83,0.4918,0.3534,17.63,win,1.83,0.364,pinnacle
epl,2022,2023-04-08,Brighton @ Tottenham,TOTAL,over,2.5,1.81,0.6393,0.5525,7.07,win,0.81,0.364,pinnacle
epl,2022,2023-04-08,Chelsea @ Wolves,1X2,wolverhampton wanderers,,5.08,0.3288,0.1969,30.18,win,4.08,0.364,pinnacle
epl,2022,2023-04-08,Chelsea @ Wolves,1X2,draw,,3.7,0.3661,0.2703,15.95,lose,-1.0,0.364,pinnacle
epl,2022,2023-04-08,Man City @ Southampton,1X2,draw,,6.4,0.1869,0.1562,8.82,lose,-1.0,0.364,pinnacle
epl,2022,2023-04-09,Arsenal @ Liverpool,1X2,arsenal,,2.51,0.4341,0.3984,4.04,lose,-1.0,0.364,pinnacle
epl,2022,2023-04-15,Newcastle @ Aston Villa,TOTAL,under,2.5,1.86,0.6129,0.5376,6.3,lose,-1.0,0.364,pinnacle
epl,2022,2023-04-15,Brighton @ Chelsea,TOTAL,under,2.5,1.95,0.5929,0.5128,7.03,lose,-1.0,0.364,pinnacle
epl,2022,2023-04-15,Fulham @ Everton,1X2,fulham,,3.55,0.3922,0.2817,17.66,win,2.55,0.364,pinnacle
epl,2022,2023-04-15,Fulham @ Everton,TOTAL,under,2.5,1.72,0.6248,0.5814,3.36,lose,-1.0,0.364,pinnacle
epl,2022,2023-04-15,Crystal Palace @ Southampton,TOTAL,under,2.5,1.64,0.662,0.6098,3.86,win,0.6399999999999999,0.364,pinnacle
epl,2022,2023-04-15,Bournemouth @ Tottenham,TOTAL,over,2.5,1.71,0.6813,0.5848,7.43,win,0.71,0.364,pinnacle
epl,2022,2023-04-15,Brentford @ Wolves,1X2,brentford,,2.75,0.4303,0.3636,8.25,lose,-1.0,0.334,pinnacle
epl,2022,2023-04-16,Man United @ Nott'm Forest,1X2,nottingham forest,,5.14,0.2268,0.1946,7.46,lose,-1.0,0.334,pinnacle
epl,2022,2023-04-16,Man United @ Nott'm Forest,TOTAL,under,2.5,2.08,0.5322,0.4808,4.81,win,1.08,0.334,pinnacle
epl,2022,2023-04-17,Liverpool @ Leeds,1X2,leeds united,,4.48,0.29,0.2232,13.46,lose,-1.0,0.364,pinnacle
epl,2022,2023-04-22,Leeds @ Fulham,TOTAL,over,2.5,1.9,0.6198,0.5263,7.99,win,0.8999999999999999,0.334,pinnacle
epl,2022,2023-04-22,Aston Villa @ Brentford,1X2,brentford,,2.72,0.4639,0.3676,11.78,lose,-1.0,0.334,pinnacle
epl,2022,2023-04-22,Everton @ Crystal Palace,TOTAL,under,2.5,1.63,0.6798,0.6135,4.86,win,0.6299999999999999,0.364,pinnacle
epl,2022,2023-04-22,Wolves @ Leicester,1X2,leicester city,,2.45,0.4854,0.4082,8.51,win,1.4500000000000002,0.364,pinnacle
epl,2022,2023-04-23,West Ham @ Bournemouth,1X2,bournemouth,,3.03,0.3653,0.33,4.8,lose,-1.0,0.364,pinnacle
epl,2022,2023-04-23,Tottenham @ Newcastle,1X2,newcastle united,,1.93,0.5837,0.5181,5.69,win,0.9299999999999999,0.364,pinnacle
epl,2022,2023-04-25,Crystal Palace @ Wolves,1X2,draw,,3.05,0.3648,0.3279,5.07,lose,-1.0,0.364,pinnacle
epl,2022,2023-04-25,Crystal Palace @ Wolves,1X2,crystal palace,,3.82,0.2921,0.2618,5.22,lose,-1.0,0.364,pinnacle
epl,2022,2023-04-25,Fulham @ Aston Villa,1X2,fulham,,4.99,0.2578,0.2004,12.89,lose,-1.0,0.334,pinnacle
epl,2022,2023-04-25,Fulham @ Aston Villa,TOTAL,under,2.5,2.07,0.5555,0.4831,6.74,win,1.0699999999999998,0.334,pinnacle
epl,2022,2023-04-26,Brentford @ Chelsea,1X2,draw,,3.69,0.3067,0.271,5.93,lose,-1.0,0.334,pinnacle
epl,2022,2023-04-26,Brentford @ Chelsea,1X2,brentford,,4.55,0.3107,0.2198,18.61,win,3.55,0.334,pinnacle
epl,2022,2023-04-26,Brentford @ Chelsea,TOTAL,under,2.5,1.91,0.6327,0.5236,9.38,win,0.9099999999999999,0.334,pinnacle
epl,2022,2023-04-26,Liverpool @ West Ham,TOTAL,under,2.5,2.24,0.5378,0.4464,9.21,lose,-1.0,0.364,pinnacle
epl,2022,2023-04-26,Arsenal @ Man City,1X2,arsenal,,5.2,0.2314,0.1923,9.15,lose,-1.0,0.364,pinnacle
epl,2022,2023-04-26,Arsenal @ Man City,TOTAL,over,2.5,1.64,0.6874,0.6098,5.73,win,0.6399999999999999,0.364,pinnacle
epl,2022,2023-04-27,Newcastle @ Everton,1X2,newcastle united,,1.84,0.58,0.5435,3.02,win,0.8400000000000001,0.364,pinnacle
epl,2022,2023-04-27,Newcastle @ Everton,TOTAL,under,2.5,1.84,0.6537,0.5435,9.12,lose,-1.0,0.364,pinnacle
epl,2022,2023-04-27,Bournemouth @ Southampton,1X2,southampton,,2.62,0.4418,0.3817,7.09,lose,-1.0,0.364,pinnacle
epl,2022,2023-04-27,Man United @ Tottenham,1X2,tottenham,,2.95,0.4562,0.339,15.56,lose,-1.0,0.364,pinnacle
epl,2022,2023-04-29,West Ham @ Crystal Palace,1X2,draw,,3.26,0.3818,0.3067,11.01,lose,-1.0,0.364,pinnacle
epl,2022,2023-04-29,Nott'm Forest @ Brentford,1X2,brentford,,1.77,0.6946,0.565,10.32,win,0.77,0.334,pinnacle
epl,2022,2023-04-29,Nott'm Forest @ Brentford,TOTAL,under,2.5,1.89,0.5806,0.5291,4.38,lose,-1.0,0.334,pinnacle
epl,2022,2023-04-29,Wolves @ Brighton,TOTAL,under,2.5,2.07,0.5564,0.4831,6.83,lose,-1.0,0.364,pinnacle
epl,2022,2023-04-30,Leeds @ Bournemouth,1X2,leeds united,,3.01,0.4032,0.3322,9.62,lose,-1.0,0.334,pinnacle
epl,2022,2023-04-30,Man City @ Fulham,1X2,draw,,6.36,0.2232,0.1572,18.87,lose,-1.0,0.364,pinnacle
epl,2022,2023-04-30,Aston Villa @ Man United,1X2,draw,,4.05,0.2751,0.2469,5.13,lose,-1.0,0.364,pinnacle
epl,2022,2023-04-30,Aston Villa @ Man United,1X2,aston villa,,4.72,0.277,0.2119,13.84,lose,-1.0,0.364,pinnacle
epl,2022,2023-04-30,Aston Villa @ Man United,TOTAL,under,2.5,2.28,0.535,0.4386,9.89,win,1.2799999999999998,0.364,pinnacle
epl,2022,2023-04-30,Southampton @ Newcastle,TOTAL,under,2.5,2.22,0.5534,0.4505,10.29,lose,-1.0,0.364,pinnacle
epl,2022,2023-05-01,Everton @ Leicester,1X2,leicester city,,2.06,0.5503,0.4854,6.01,lose,-1.0,0.364,pinnacle
epl,2022,2023-05-02,Chelsea @ Arsenal,TOTAL,under,2.5,2.14,0.509,0.4673,4.02,lose,-1.0,0.364,pinnacle
epl,2022,2023-05-03,Fulham @ Liverpool,1X2,draw,,6.15,0.2384,0.1626,20.99,lose,-1.0,0.364,pinnacle
epl,2022,2023-05-04,Man United @ Brighton,1X2,brighton,,2.18,0.571,0.4587,11.02,win,1.1800000000000002,0.364,pinnacle
epl,2022,2023-05-06,Chelsea @ Bournemouth,1X2,bournemouth,,3.62,0.3429,0.2762,10.86,lose,-1.0,0.364,pinnacle
epl,2022,2023-05-06,Chelsea @ Bournemouth,1X2,draw,,3.67,0.3079,0.2725,5.85,lose,-1.0,0.364,pinnacle
epl,2022,2023-05-06,Chelsea @ Bournemouth,TOTAL,under,2.5,1.92,0.6332,0.5208,9.71,lose,-1.0,0.364,pinnacle
epl,2022,2023-05-06,Aston Villa @ Wolves,TOTAL,under,2.5,1.71,0.6352,0.5848,3.88,win,0.71,0.364,pinnacle
epl,2022,2023-05-06,Brentford @ Liverpool,1X2,draw,,5.39,0.2495,0.1855,15.53,lose,-1.0,0.334,pinnacle
epl,2022,2023-05-07,Arsenal @ Newcastle,1X2,newcastle united,,2.32,0.4958,0.431,6.77,lose,-1.0,0.364,pinnacle
epl,2022,2023-05-07,Man United @ West Ham,1X2,west ham united,,3.64,0.3798,0.2747,17.21,win,2.64,0.364,pinnacle
epl,2022,2023-05-07,Man United @ West Ham,1X2,draw,,3.76,0.3059,0.266,6.75,lose,-1.0,0.364,pinnacle
epl,2022,2023-05-08,Southampton @ Nott'm Forest,TOTAL,under,2.5,1.86,0.5966,0.5376,4.94,lose,-1.0,0.334,pinnacle
epl,2022,2023-05-13,Nott'm Forest @ Chelsea,1X2,draw,,4.38,0.2702,0.2283,8.26,win,3.38,0.334,pinnacle
epl,2022,2023-05-13,Nott'm Forest @ Chelsea,TOTAL,under,2.5,2.03,0.607,0.4926,10.45,lose,-1.0,0.334,pinnacle
epl,2022,2023-05-13,Bournemouth @ Crystal Palace,TOTAL,under,2.5,1.96,0.5582,0.5102,4.23,win,0.96,0.364,pinnacle
epl,2022,2023-05-13,Wolves @ Man United,1X2,draw,,5.39,0.2517,0.1855,16.06,lose,-1.0,0.364,pinnacle
epl,2022,2023-05-13,Fulham @ Southampton,1X2,fulham,,2.65,0.4603,0.3774,9.89,win,1.65,0.364,pinnacle
epl,2022,2023-05-14,Brighton @ Arsenal,1X2,arsenal,,1.74,0.6348,0.5747,4.7,lose,-1.0,0.364,pinnacle
epl,2022,2023-05-15,Liverpool @ Leicester,1X2,leicester city,,4.63,0.2685,0.216,10.94,lose,-1.0,0.364,pinnacle
epl,2022,2023-05-20,Brentford @ Tottenham,1X2,brentford,,3.69,0.3065,0.271,5.9,win,2.69,0.334,pinnacle
epl,2022,2023-05-20,Brentford @ Tottenham,TOTAL,over,2.5,1.79,0.6248,0.5587,5.33,win,0.79,0.334,pinnacle
epl,2022,2023-05-20,Man United @ Bournemouth,1X2,draw,,5.39,0.2618,0.1855,18.5,lose,-1.0,0.364,pinnacle
epl,2022,2023-05-20,Man United @ Bournemouth,TOTAL,under,2.5,2.48,0.5081,0.4032,11.71,win,1.48,0.364,pinnacle
epl,2022,2023-05-20,Crystal Palace @ Fulham,1X2,fulham,,2.44,0.5074,0.4098,10.71,lose,-1.0,0.364,pinnacle
epl,2022,2023-05-20,Aston Villa @ Liverpool,1X2,draw,,5.0,0.2341,0.2,7.66,win,4.0,0.364,pinnacle
epl,2022,2023-05-20,Aston Villa @ Liverpool,1X2,aston villa,,6.46,0.187,0.1548,9.35,lose,-1.0,0.364,pinnacle
epl,2022,2023-05-20,Everton @ Wolves,1X2,wolverhampton wanderers,,3.24,0.4164,0.3086,15.71,lose,-1.0,0.364,pinnacle
epl,2022,2023-05-20,Everton @ Wolves,1X2,draw,,3.58,0.3203,0.2793,6.59,win,2.58,0.364,pinnacle
epl,2022,2023-05-20,Everton @ Wolves,TOTAL,under,2.5,1.79,0.6857,0.5587,10.23,win,0.79,0.364,pinnacle
epl,2022,2023-05-21,Leeds @ West Ham,1X2,west ham united,,2.74,0.49,0.365,15.42,win,1.7400000000000002,0.364,pinnacle
epl,2022,2023-05-25,Chelsea @ Man United,1X2,draw,,4.39,0.2887,0.2278,12.03,lose,-1.0,0.364,pinnacle
epl,2022,2023-05-28,Brighton @ Aston Villa,1X2,draw,,4.07,0.2664,0.2457,3.79,lose,-1.0,0.364,pinnacle
epl,2022,2023-05-28,Brighton @ Aston Villa,1X2,brighton,,3.95,0.3079,0.2532,9.73,lose,-1.0,0.364,pinnacle
epl,2022,2023-05-28,Brighton @ Aston Villa,TOTAL,under,2.5,2.57,0.4876,0.3891,11.39,lose,-1.0,0.364,pinnacle
epl,2022,2023-05-28,Man City @ Brentford,1X2,manchester city,,2.25,0.4955,0.4444,5.17,lose,-1.0,0.334,pinnacle
epl,2022,2023-05-28,Newcastle @ Chelsea,1X2,draw,,3.82,0.2953,0.2618,5.76,win,2.82,0.364,pinnacle
epl,2022,2023-05-28,Nott'm Forest @ Crystal Palace,1X2,draw,,4.19,0.2676,0.2387,5.45,win,3.1900000000000004,0.334,pinnacle
epl,2022,2023-05-28,Nott'm Forest @ Crystal Palace,1X2,nottingham forest,,5.75,0.1967,0.1739,5.89,lose,-1.0,0.334,pinnacle
epl,2022,2023-05-28,Bournemouth @ Everton,1X2,draw,,4.26,0.2826,0.2347,9.18,lose,-1.0,0.364,pinnacle
epl,2022,2023-05-28,Bournemouth @ Everton,1X2,bournemouth,,5.31,0.2539,0.1883,15.66,lose,-1.0,0.364,pinnacle
epl,2022,2023-05-28,West Ham @ Leicester,TOTAL,under,2.5,2.23,0.4809,0.4484,3.26,lose,-1.0,0.364,pinnacle
epl,2022,2023-05-28,Fulham @ Man United,1X2,draw,,5.09,0.2665,0.1965,16.04,lose,-1.0,0.364,pinnacle
epl,2022,2023-05-28,Fulham @ Man United,1X2,fulham,,6.14,0.2439,0.1629,22.39,lose,-1.0,0.364,pinnacle
laliga,2022,2022-09-30,Almeria @ Ath Bilbao,1X2,draw,,5.12,0.2601,0.1953,14.93,lose,-1.0,0.334,pinnacle
laliga,2022,2022-10-01,Villarreal @ Cadiz,TOTAL,under,2.5,1.89,0.6175,0.5291,7.52,win,0.8899999999999999,0.364,pinnacle
laliga,2022,2022-10-01,Valladolid @ Getafe,1X2,getafe,,2.48,0.445,0.4032,4.66,lose,-1.0,0.364,pinnacle
laliga,2022,2022-10-01,Ath Madrid @ Sevilla,1X2,atletico madrid,,2.39,0.4951,0.4184,8.25,win,1.3900000000000001,0.364,pinnacle
laliga,2022,2022-10-01,Ath Madrid @ Sevilla,TOTAL,over,2.5,2.4,0.5257,0.4167,11.77,lose,-1.0,0.364,pinnacle
laliga,2022,2022-10-01,Barcelona @ Mallorca,TOTAL,under,2.5,2.36,0.5327,0.4237,11.57,win,1.3599999999999999,0.364,pinnacle
laliga,2022,2022-10-02,Valencia @ Espanol,TOTAL,over,2.5,2.09,0.5178,0.4785,3.7,win,1.0899999999999999,0.364,pinnacle
laliga,2022,2022-10-02,Sociedad @ Girona,1X2,girona,,3.62,0.3864,0.2762,17.94,lose,-1.0,0.334,pinnacle
laliga,2022,2022-10-02,Osasuna @ Real Madrid,1X2,draw,,5.34,0.2578,0.1873,16.95,win,4.34,0.364,pinnacle
laliga,2022,2022-10-02,Osasuna @ Real Madrid,TOTAL,under,2.5,2.38,0.496,0.4202,8.12,win,1.38,0.364,pinnacle
laliga,2022,2022-10-03,Elche @ Vallecano,1X2,draw,,4.35,0.2511,0.2299,4.15,lose,-1.0,0.334,pinnacle
laliga,2022,2022-10-07,Valencia @ Osasuna,1X2,valencia,,3.12,0.3746,0.3205,7.59,win,2.12,0.364,pinnacle
laliga,2022,2022-10-08,Vallecano @ Almeria,1X2,rayo vallecano,,2.45,0.478,0.4082,7.69,lose,-1.0,0.334,pinnacle
laliga,2022,2022-10-08,Girona @ Ath Madrid,1X2,draw,,4.92,0.2455,0.2033,9.35,lose,-1.0,0.334,pinnacle
laliga,2022,2022-10-08,Ath Bilbao @ Sevilla,TOTAL,over,2.5,2.15,0.537,0.4651,6.95,lose,-1.0,0.364,pinnacle
laliga,2022,2022-10-08,Real Madrid @ Getafe,TOTAL,over,2.5,1.82,0.6628,0.5495,9.28,lose,-1.0,0.364,pinnacle
laliga,2022,2022-10-09,Betis @ Valladolid,TOTAL,under,2.5,1.9,0.5833,0.5263,4.87,win,0.8999999999999999,0.364,pinnacle
laliga,2022,2022-10-09,Villarreal @ Sociedad,TOTAL,under,2.5,1.79,0.6054,0.5587,3.77,win,0.79,0.364,pinnacle
laliga,2022,2022-10-10,Mallorca @ Elche,1X2,mallorca,,2.72,0.5082,0.3676,17.2,lose,-1.0,0.334,pinnacle
laliga,2022,2022-10-14,Getafe @ Vallecano,1X2,getafe,,4.97,0.2714,0.2012,15.7,lose,-1.0,0.364,pinnacle
laliga,2022,2022-10-15,Cadiz @ Girona,1X2,girona,,1.97,0.569,0.5076,5.44,lose,-1.0,0.334,pinnacle
laliga,2022,2022-10-15,Cadiz @ Girona,TOTAL,over,2.5,2.54,0.4827,0.3937,10.18,lose,-1.0,0.334,pinnacle
laliga,2022,2022-10-15,Sevilla @ Mallorca,1X2,mallorca,,3.22,0.4186,0.3106,15.65,lose,-1.0,0.364,pinnacle
laliga,2022,2022-10-15,Ath Madrid @ Ath Bilbao,1X2,athletic,,2.32,0.4781,0.431,4.91,lose,-1.0,0.364,pinnacle
laliga,2022,2022-10-16,Valladolid @ Espanol,1X2,real valladolid,,3.96,0.2916,0.2525,6.96,lose,-1.0,0.364,pinnacle
laliga,2022,2022-10-16,Valladolid @ Espanol,TOTAL,over,2.5,2.12,0.5195,0.4717,4.56,lose,-1.0,0.364,pinnacle
laliga,2022,2022-10-16,Almeria @ Betis,1X2,draw,,4.15,0.2865,0.241,8.51,lose,-1.0,0.334,pinnacle
laliga,2022,2022-10-17,Osasuna @ Villarreal,1X2,draw,,3.72,0.3332,0.2688,10.78,lose,-1.0,0.364,pinnacle
laliga,2022,2022-10-18,Ath Bilbao @ Getafe,1X2,athletic,,1.86,0.6248,0.5376,7.3,lose,-1.0,0.364,pinnacle
laliga,2022,2022-10-19,Betis @ Cadiz,TOTAL,under,2.5,1.66,0.6663,0.6024,4.77,win,0.6599999999999999,0.364,pinnacle
laliga,2022,2022-10-19,Celta @ Valladolid,TOTAL,under,2.5,1.72,0.6322,0.5814,3.93,lose,-1.0,0.364,pinnacle
laliga,2022,2022-10-19,Mallorca @ Sociedad,1X2,draw,,3.86,0.2922,0.2591,5.76,lose,-1.0,0.364,pinnacle
laliga,2022,2022-10-19,Mallorca @ Sociedad,TOTAL,under,2.5,1.79,0.6013,0.5587,3.43,win,0.79,0.364,pinnacle
laliga,2022,2022-10-20,Girona @ Almeria,1X2,girona,,2.78,0.4094,0.3597,6.21,lose,-1.0,0.334,pinnacle
laliga,2022,2022-10-20,Girona @ Almeria,TOTAL,over,2.5,2.16,0.5122,0.463,4.79,win,1.1600000000000001,0.334,pinnacle
laliga,2022,2022-10-20,Espanol @ Osasuna,1X2,espanyol,,3.53,0.3257,0.2833,6.74,lose,-1.0,0.364,pinnacle
laliga,2022,2022-10-22,Cadiz @ Vallecano,1X2,rayo vallecano,,1.75,0.6298,0.5714,4.6,win,0.75,0.334,pinnacle
laliga,2022,2022-10-22,Cadiz @ Vallecano,TOTAL,under,2.5,1.69,0.7075,0.5917,8.8,lose,-1.0,0.334,pinnacle
laliga,2022,2022-10-22,Sociedad @ Valladolid,1X2,draw,,3.53,0.3037,0.2833,3.24,lose,-1.0,0.364,pinnacle
laliga,2022,2022-10-22,Sociedad @ Valladolid,TOTAL,under,2.5,1.78,0.6469,0.5618,6.82,win,0.78,0.364,pinnacle
laliga,2022,2022-10-22,Sevilla @ Real Madrid,TOTAL,under,2.5,2.44,0.4903,0.4098,8.84,lose,-1.0,0.364,pinnacle
laliga,2022,2022-10-23,Elche @ Espanol,1X2,elche,,6.1,0.2124,0.1639,13.32,lose,-1.0,0.334,pinnacle
laliga,2022,2022-10-23,Ath Madrid @ Betis,1X2,real betis,,3.4,0.3398,0.2941,6.99,lose,-1.0,0.364,pinnacle
laliga,2022,2022-10-23,Ath Madrid @ Betis,1X2,draw,,3.09,0.3599,0.3236,5.04,lose,-1.0,0.364,pinnacle
laliga,2022,2022-10-23,Osasuna @ Girona,TOTAL,under,2.5,1.68,0.6539,0.5952,4.43,win,0.6799999999999999,0.334,pinnacle
laliga,2022,2022-10-23,Almeria @ Villarreal,1X2,draw,,5.52,0.2994,0.1812,29.38,lose,-1.0,0.334,pinnacle
laliga,2022,2022-10-23,Ath Bilbao @ Barcelona,1X2,draw,,4.99,0.3045,0.2004,23.37,lose,-1.0,0.364,pinnacle
laliga,2022,2022-10-24,Getafe @ Celta,TOTAL,over,2.5,2.39,0.5402,0.4184,13.1,lose,-1.0,0.364,pinnacle
laliga,2022,2022-10-29,Celta @ Almeria,1X2,almeria,,3.16,0.4462,0.3165,18.44,win,2.16,0.334,pinnacle
laliga,2022,2022-10-29,Celta @ Almeria,TOTAL,over,2.5,2.07,0.5437,0.4831,5.65,win,1.0699999999999998,0.334,pinnacle
laliga,2022,2022-10-29,Vallecano @ Sevilla,TOTAL,over,2.5,2.21,0.4943,0.4525,4.16,lose,-1.0,0.364,pinnacle
laliga,2022,2022-10-29,Barcelona @ Valencia,1X2,draw,,4.64,0.239,0.2155,4.89,lose,-1.0,0.364,pinnacle
laliga,2022,2022-10-29,Barcelona @ Valencia,TOTAL,under,2.5,2.44,0.513,0.4098,11.33,win,1.44,0.364,pinnacle
laliga,2022,2022-10-30,Valladolid @ Osasuna,1X2,draw,,3.64,0.3064,0.2747,5.18,lose,-1.0,0.364,pinnacle
laliga,2022,2022-10-30,Valladolid @ Osasuna,1X2,real valladolid,,4.77,0.245,0.2096,7.6,lose,-1.0,0.364,pinnacle
laliga,2022,2022-10-30,Valladolid @ Osasuna,TOTAL,under,2.5,1.72,0.6554,0.5814,5.73,win,0.72,0.364,pinnacle
laliga,2022,2022-10-30,Villarreal @ Ath Bilbao,1X2,draw,,3.52,0.3172,0.2841,5.24,lose,-1.0,0.364,pinnacle
laliga,2022,2022-10-30,Villarreal @ Ath Bilbao,1X2,villarreal,,3.81,0.3457,0.2625,14.26,lose,-1.0,0.364,pinnacle
laliga,2022,2022-10-30,Betis @ Sociedad,1X2,real betis,,4.16,0.3662,0.2404,23.56,win,3.16,0.364,pinnacle
laliga,2022,2022-10-30,Betis @ Sociedad,TOTAL,under,2.5,1.78,0.6505,0.5618,7.1,win,0.78,0.364,pinnacle
laliga,2022,2022-10-31,Getafe @ Elche,1X2,getafe,,3.13,0.413,0.3195,13.17,win,2.13,0.364,pinnacle
laliga,2022,2022-11-04,Ath Bilbao @ Girona,TOTAL,over,2.5,2.0,0.5432,0.5,3.89,win,1.0,0.334,pinnacle
laliga,2022,2022-11-05,Cadiz @ Getafe,1X2,getafe,,2.17,0.5208,0.4608,5.86,lose,-1.0,0.364,pinnacle
laliga,2022,2022-11-05,Elche @ Valladolid,1X2,real valladolid,,1.98,0.5418,0.5051,3.27,win,0.98,0.334,pinnacle
laliga,2022,2022-11-05,Elche @ Valladolid,TOTAL,under,2.5,1.92,0.5619,0.5208,3.55,lose,-1.0,0.334,pinnacle
laliga,2022,2022-11-06,Espanol @ Ath Madrid,TOTAL,over,2.5,2.08,0.5644,0.4808,7.83,lose,-1.0,0.364,pinnacle
laliga,2022,2022-11-06,Valencia @ Sociedad,1X2,valencia,,4.6,0.3444,0.2174,26.29,lose,-1.0,0.364,pinnacle
laliga,2022,2022-11-06,Valencia @ Sociedad,TOTAL,over,2.5,2.21,0.4861,0.4525,3.34,lose,-1.0,0.364,pinnacle
laliga,2022,2022-11-06,Mallorca @ Villarreal,1X2,draw,,3.57,0.3254,0.2801,7.28,lose,-1.0,0.364,pinnacle
laliga,2022,2022-11-06,Sevilla @ Betis,1X2,real betis,,2.17,0.5985,0.4608,13.45,lose,-1.0,0.364,pinnacle
laliga,2022,2022-11-06,Sevilla @ Betis,TOTAL,under,2.5,1.76,0.6476,0.5682,6.29,win,0.76,0.364,pinnacle
laliga,2022,2022-11-07,Real Madrid @ Vallecano,1X2,rayo vallecano,,4.88,0.2316,0.2049,5.86,win,3.88,0.364,pinnacle
laliga,2022,2022-11-08,Girona @ Elche,1X2,girona,,2.19,0.5441,0.4566,8.62,win,1.19,0.334,pinnacle
laliga,2022,2022-11-08,Girona @ Elche,TOTAL,over,2.5,2.22,0.5138,0.4505,6.33,win,1.2200000000000002,0.334,pinnacle
laliga,2022,2022-11-08,Valladolid @ Ath Bilbao,1X2,draw,,4.82,0.2449,0.2075,8.12,lose,-1.0,0.364,pinnacle
laliga,2022,2022-11-08,Valladolid @ Ath Bilbao,TOTAL,under,2.5,2.19,0.5481,0.4566,9.01,lose,-1.0,0.364,pinnacle
laliga,2022,2022-11-08,Barcelona @ Osasuna,1X2,draw,,4.3,0.2947,0.2326,12.02,lose,-1.0,0.364,pinnacle
laliga,2022,2022-11-09,Getafe @ Almeria,1X2,getafe,,4.39,0.2953,0.2278,13.34,lose,-1.0,0.334,pinnacle
laliga,2022,2022-11-09,Sociedad @ Sevilla,1X2,real sociedad,,3.08,0.4096,0.3247,11.78,win,2.08,0.364,pinnacle
laliga,2022,2022-11-09,Villarreal @ Espanol,1X2,draw,,3.48,0.3271,0.2874,6.22,lose,-1.0,0.364,pinnacle
laliga,2022,2022-11-09,Villarreal @ Espanol,1X2,villarreal,,2.7,0.4119,0.3704,5.05,win,1.7000000000000002,0.364,pinnacle
laliga,2022,2022-11-09,Ath Madrid @ Mallorca,1X2,mallorca,,3.92,0.2767,0.2551,3.8,win,2.92,0.364,pinnacle
laliga,2022,2022-11-10,Celta @ Vallecano,1X2,rayo vallecano,,2.15,0.5925,0.4651,12.33,lose,-1.0,0.364,pinnacle
laliga,2022,2022-11-10,Celta @ Vallecano,TOTAL,over,2.5,2.23,0.5759,0.4484,12.79,lose,-1.0,0.364,pinnacle
laliga,2022,2022-11-10,Betis @ Valencia,1X2,real betis,,3.81,0.3789,0.2625,19.97,lose,-1.0,0.364,pinnacle
laliga,2022,2022-11-10,Betis @ Valencia,TOTAL,under,2.5,1.77,0.6574,0.565,7.36,lose,-1.0,0.364,pinnacle
laliga,2022,2022-12-29,Vallecano @ Girona,1X2,rayo vallecano,,3.69,0.3777,0.271,17.72,lose,-1.0,0.334,pinnacle
laliga,2022,2022-12-29,Vallecano @ Girona,TOTAL,over,2.5,2.07,0.5412,0.4831,5.42,win,1.0699999999999998,0.334,pinnacle
laliga,2022,2022-12-29,Ath Bilbao @ Betis,1X2,real betis,,3.12,0.3642,0.3205,6.13,lose,-1.0,0.364,pinnacle
laliga,2022,2022-12-29,Ath Bilbao @ Betis,TOTAL,under,2.5,1.9,0.622,0.5263,8.18,win,0.8999999999999999,0.364,pinnacle
laliga,2022,2022-12-30,Mallorca @ Getafe,1X2,mallorca,,3.27,0.3732,0.3058,9.92,lose,-1.0,0.364,pinnacle
laliga,2022,2022-12-30,Sevilla @ Celta,1X2,sevilla,,3.54,0.3188,0.2825,5.79,lose,-1.0,0.364,pinnacle
laliga,2022,2022-12-31,Osasuna @ Sociedad,1X2,osasuna,,4.82,0.3025,0.2075,20.61,lose,-1.0,0.364,pinnacle
laliga,2022,2022-12-31,Valencia @ Villarreal,1X2,draw,,3.51,0.3215,0.2849,5.78,lose,-1.0,0.364,pinnacle
laliga,2022,2022-12-31,Valencia @ Villarreal,1X2,valencia,,4.0,0.2781,0.25,5.06,lose,-1.0,0.364,pinnacle
laliga,2022,2023-01-06,Celta @ Elche,1X2,elche,,4.06,0.3116,0.2463,11.92,lose,-1.0,0.364,pinnacle
laliga,2022,2023-01-07,Real Madrid @ Villarreal,1X2,villarreal,,3.61,0.3044,0.277,4.44,win,2.61,0.364,pinnacle
laliga,2022,2023-01-07,Real Madrid @ Villarreal,1X2,draw,,3.75,0.2992,0.2667,5.48,lose,-1.0,0.364,pinnacle
laliga,2022,2023-01-07,Valladolid @ Mallorca,TOTAL,under,2.5,1.62,0.6811,0.6173,4.65,win,0.6200000000000001,0.334,pinnacle
laliga,2022,2023-01-07,Girona @ Espanol,TOTAL,over,2.5,2.09,0.5725,0.4785,8.85,win,1.0899999999999999,0.334,pinnacle
laliga,2022,2023-01-08,Sociedad @ Almeria,1X2,almeria,,4.43,0.3138,0.2257,17.56,lose,-1.0,0.334,pinnacle
laliga,2022,2023-01-08,Betis @ Vallecano,TOTAL,under,2.5,1.68,0.6433,0.5952,3.64,lose,-1.0,0.364,pinnacle
laliga,2022,2023-01-08,Getafe @ Sevilla,1X2,getafe,,5.38,0.3199,0.1859,32.44,lose,-1.0,0.364,pinnacle
laliga,2022,2023-01-08,Barcelona @ Ath Madrid,1X2,barcelona,,2.47,0.514,0.4049,12.13,win,1.4700000000000002,0.364,pinnacle
laliga,2022,2023-01-08,Barcelona @ Ath Madrid,TOTAL,under,2.5,1.94,0.6145,0.5155,8.65,win,0.94,0.364,pinnacle
laliga,2022,2023-01-09,Osasuna @ Ath Bilbao,1X2,draw,,3.9,0.2789,0.2564,3.94,win,2.9,0.364,pinnacle
laliga,2022,2023-01-13,Villarreal @ Celta,1X2,villarreal,,2.67,0.4954,0.3745,14.53,lose,-1.0,0.364,pinnacle
laliga,2022,2023-01-13,Villarreal @ Celta,TOTAL,under,2.5,1.76,0.638,0.5682,5.53,win,0.76,0.364,pinnacle
laliga,2022,2023-01-14,Vallecano @ Valladolid,1X2,rayo vallecano,,2.85,0.4616,0.3509,14.2,win,1.85,0.334,pinnacle
laliga,2022,2023-01-14,Sevilla @ Girona,1X2,girona,,2.46,0.5121,0.4065,11.68,win,1.46,0.334,pinnacle
laliga,2022,2023-01-14,Sevilla @ Girona,TOTAL,over,2.5,2.08,0.5673,0.4808,8.1,win,1.08,0.334,pinnacle
laliga,2022,2023-01-14,Mallorca @ Osasuna,1X2,mallorca,,4.22,0.2721,0.237,6.67,lose,-1.0,0.364,pinnacle
laliga,2022,2023-01-14,Ath Bilbao @ Sociedad,1X2,athletic,,3.84,0.3785,0.2604,20.41,lose,-1.0,0.364,pinnacle
laliga,2022,2023-01-15,Espanol @ Getafe,1X2,espanyol,,3.6,0.3242,0.2778,7.52,win,2.6,0.364,pinnacle
laliga,2022,2023-01-15,Ath Madrid @ Almeria,1X2,almeria,,5.1,0.247,0.1961,11.68,lose,-1.0,0.334,pinnacle
laliga,2022,2023-01-15,Ath Madrid @ Almeria,TOTAL,under,2.5,1.93,0.5531,0.5181,3.04,win,0.9299999999999999,0.334,pinnacle
laliga,2022,2023-01-16,Elche @ Cadiz,1X2,elche,,4.56,0.2472,0.2193,5.73,lose,-1.0,0.364,pinnacle
laliga,2022,2023-01-20,Celta @ Mallorca,1X2,mallorca,,2.79,0.4658,0.3584,13.48,win,1.79,0.364,pinnacle
laliga,2022,2023-01-21,Sociedad @ Vallecano,1X2,rayo vallecano,,2.98,0.3764,0.3356,5.47,lose,-1.0,0.364,pinnacle
laliga,2022,2023-01-21,Sociedad @ Vallecano,TOTAL,over,2.5,2.52,0.4835,0.3968,9.83,lose,-1.0,0.364,pinnacle
laliga,2022,2023-01-21,Betis @ Espanol,1X2,real betis,,2.91,0.4232,0.3436,10.42,lose,-1.0,0.364,pinnacle
laliga,2022,2023-01-21,Valladolid @ Ath Madrid,1X2,draw,,5.33,0.2445,0.1876,13.65,lose,-1.0,0.364,pinnacle
laliga,2022,2023-01-21,Valladolid @ Ath Madrid,TOTAL,under,2.5,1.98,0.5817,0.5051,6.83,lose,-1.0,0.364,pinnacle
laliga,2022,2023-01-21,Cadiz @ Sevilla,1X2,cadiz,,5.11,0.2292,0.1957,7.7,lose,-1.0,0.364,pinnacle
laliga,2022,2023-01-22,Girona @ Villarreal,TOTAL,under,2.5,2.17,0.5484,0.4608,8.55,win,1.17,0.334,pinnacle
laliga,2022,2023-01-22,Osasuna @ Elche,1X2,osasuna,,2.65,0.5164,0.3774,16.58,lose,-1.0,0.364,pinnacle
laliga,2022,2023-01-22,Osasuna @ Elche,TOTAL,under,2.5,1.63,0.6547,0.6135,3.02,win,0.6299999999999999,0.364,pinnacle
laliga,2022,2023-01-27,Espanol @ Almeria,1X2,espanyol,,3.44,0.3435,0.2907,8.18,lose,-1.0,0.334,pinnacle
laliga,2022,2023-01-27,Espanol @ Almeria,TOTAL,over,2.5,2.19,0.5152,0.4566,5.77,win,1.19,0.334,pinnacle
laliga,2022,2023-01-28,Mallorca @ Cadiz,1X2,mallorca,,3.26,0.4191,0.3067,16.48,lose,-1.0,0.334,pinnacle
laliga,2022,2023-01-28,Betis @ Getafe,1X2,real betis,,2.89,0.4296,0.346,10.87,win,1.8900000000000001,0.364,pinnacle
laliga,2022,2023-01-29,Valencia @ Valladolid,1X2,valencia,,2.5,0.504,0.4,11.7,lose,-1.0,0.364,pinnacle
laliga,2022,2023-01-29,Ath Madrid @ Osasuna,1X2,osasuna,,4.41,0.3018,0.2268,14.89,lose,-1.0,0.364,pinnacle
laliga,2022,2023-01-29,Ath Madrid @ Osasuna,TOTAL,under,2.5,1.63,0.685,0.6135,5.24,win,0.6299999999999999,0.364,pinnacle
laliga,2022,2023-01-29,Ath Bilbao @ Celta,1X2,athletic,,2.64,0.474,0.3788,11.31,lose,-1.0,0.364,pinnacle
laliga,2022,2023-01-29,Sociedad @ Real Madrid,TOTAL,over,2.5,1.93,0.5688,0.5181,4.4,lose,-1.0,0.364,pinnacle
laliga,2022,2023-01-30,Vallecano @ Villarreal,1X2,draw,,3.71,0.2971,0.2695,4.6,lose,-1.0,0.364,pinnacle
laliga,2022,2023-01-30,Vallecano @ Villarreal,TOTAL,under,2.5,1.88,0.6491,0.5319,9.92,win,0.8799999999999999,0.364,pinnacle
laliga,2022,2023-02-01,Barcelona @ Betis,1X2,draw,,3.74,0.3225,0.2674,9.27,lose,-1.0,0.364,pinnacle
laliga,2022,2023-02-02,Valencia @ Real Madrid,1X2,draw,,5.19,0.2163,0.1927,5.51,lose,-1.0,0.364,pinnacle
laliga,2022,2023-02-03,Cadiz @ Ath Bilbao,1X2,draw,,4.75,0.2446,0.2105,7.28,lose,-1.0,0.364,pinnacle
laliga,2022,2023-02-04,Villarreal @ Elche,1X2,draw,,3.99,0.2757,0.2506,4.51,lose,-1.0,0.364,pinnacle
laliga,2022,2023-02-04,Villarreal @ Elche,TOTAL,under,2.5,1.87,0.6646,0.5348,10.92,lose,-1.0,0.364,pinnacle
laliga,2022,2023-02-05,Real Madrid @ Mallorca,1X2,mallorca,,4.99,0.2356,0.2004,7.89,win,3.99,0.364,pinnacle
laliga,2022,2023-02-05,Real Madrid @ Mallorca,1X2,draw,,3.57,0.3269,0.2801,7.52,lose,-1.0,0.364,pinnacle
laliga,2022,2023-02-05,Real Madrid @ Mallorca,TOTAL,under,2.5,1.7,0.7141,0.5882,9.63,win,0.7,0.364,pinnacle
laliga,2022,2023-02-05,Valencia @ Girona,1X2,girona,,2.37,0.4539,0.4219,3.41,win,1.37,0.334,pinnacle
laliga,2022,2023-02-06,Almeria @ Vallecano,TOTAL,over,2.5,2.08,0.5197,0.4808,3.64,lose,-1.0,0.334,pinnacle
laliga,2022,2023-02-10,Girona @ Cadiz,1X2,girona,,2.6,0.4478,0.3846,7.4,lose,-1.0,0.334,pinnacle
laliga,2022,2023-02-11,Mallorca @ Sevilla,1X2,mallorca,,5.35,0.314,0.1869,30.59,lose,-1.0,0.364,pinnacle
laliga,2022,2023-02-11,Ath Bilbao @ Valencia,1X2,valencia,,3.32,0.3663,0.3012,9.73,lose,-1.0,0.364,pinnacle
laliga,2022,2023-02-12,Vallecano @ Getafe,1X2,rayo vallecano,,2.74,0.4223,0.365,7.07,lose,-1.0,0.364,pinnacle
laliga,2022,2023-02-12,Ath Madrid @ Celta,1X2,atletico madrid,,2.26,0.4955,0.4425,5.4,win,1.2599999999999998,0.364,pinnacle
laliga,2022,2023-02-12,Osasuna @ Valladolid,1X2,osasuna,,3.43,0.3833,0.2915,14.16,lose,-1.0,0.364,pinnacle
laliga,2022,2023-02-12,Barcelona @ Villarreal,1X2,draw,,3.75,0.3093,0.2667,7.2,lose,-1.0,0.364,pinnacle
laliga,2022,2023-02-13,Sociedad @ Espanol,1X2,espanyol,,4.14,0.2911,0.2415,9.24,lose,-1.0,0.364,pinnacle
laliga,2022,2023-02-17,Almeria @ Girona,1X2,almeria,,4.38,0.2585,0.2283,5.95,lose,-1.0,0.334,pinnacle
laliga,2022,2023-02-17,Almeria @ Girona,TOTAL,over,2.5,1.99,0.5772,0.5025,6.69,win,0.99,0.334,pinnacle
laliga,2022,2023-02-18,Celta @ Sociedad,1X2,real sociedad,,1.83,0.634,0.5464,7.21,lose,-1.0,0.364,pinnacle
laliga,2022,2023-02-18,Celta @ Sociedad,TOTAL,over,2.5,2.45,0.5188,0.4082,12.19,lose,-1.0,0.364,pinnacle
laliga,2022,2023-02-18,Valladolid @ Betis,TOTAL,under,2.5,1.86,0.6288,0.5376,7.63,lose,-1.0,0.364,pinnacle
laliga,2022,2023-02-18,Villarreal @ Mallorca,1X2,draw,,2.9,0.3779,0.3448,4.32,lose,-1.0,0.364,pinnacle
laliga,2022,2023-02-18,Real Madrid @ Osasuna,1X2,osasuna,,5.62,0.2382,0.1779,15.24,lose,-1.0,0.364,pinnacle
laliga,2022,2023-02-18,Real Madrid @ Osasuna,1X2,draw,,3.81,0.3149,0.2625,8.99,lose,-1.0,0.364,pinnacle
laliga,2022,2023-02-19,Espanol @ Elche,TOTAL,over,2.5,2.33,0.5117,0.4292,8.65,lose,-1.0,0.334,pinnacle
laliga,2022,2023-02-19,Sevilla @ Vallecano,1X2,rayo vallecano,,2.45,0.5362,0.4082,14.12,lose,-1.0,0.364,pinnacle
laliga,2022,2023-02-20,Valencia @ Getafe,1X2,getafe,,3.43,0.3281,0.2915,5.64,win,2.43,0.364,pinnacle
laliga,2022,2023-02-24,Betis @ Elche,1X2,real betis,,2.07,0.573,0.4831,8.37,win,1.0699999999999998,0.364,pinnacle
laliga,2022,2023-02-25,Vallecano @ Cadiz,1X2,rayo vallecano,,2.77,0.4776,0.361,14.53,lose,-1.0,0.334,pinnacle
laliga,2022,2023-02-25,Ath Madrid @ Real Madrid,TOTAL,under,2.5,1.93,0.6281,0.5181,9.55,win,0.9299999999999999,0.364,pinnacle
laliga,2022,2023-02-25,Sociedad @ Valencia,1X2,valencia,,3.37,0.3327,0.2967,5.45,win,2.37,0.364,pinnacle
laliga,2022,2023-02-26,Girona @ Ath Bilbao,1X2,girona,,5.7,0.2256,0.1754,12.87,win,4.7,0.334,pinnacle
laliga,2022,2023-02-26,Girona @ Ath Bilbao,TOTAL,over,2.5,2.14,0.5614,0.4673,9.07,win,1.1400000000000001,0.334,pinnacle
laliga,2022,2023-02-26,Valladolid @ Celta,1X2,draw,,4.06,0.2929,0.2463,8.51,lose,-1.0,0.364,pinnacle
laliga,2022,2023-02-26,Valladolid @ Celta,1X2,real valladolid,,5.28,0.237,0.1894,11.31,lose,-1.0,0.364,pinnacle
laliga,2022,2023-02-26,Valladolid @ Celta,TOTAL,under,2.5,1.74,0.62,0.5747,3.54,lose,-1.0,0.364,pinnacle
laliga,2022,2023-02-26,Osasuna @ Sevilla,1X2,draw,,3.7,0.3268,0.2703,9.41,lose,-1.0,0.364,pinnacle
laliga,2022,2023-02-26,Osasuna @ Sevilla,1X2,osasuna,,5.75,0.2975,0.1739,31.98,win,4.75,0.364,pinnacle
laliga,2022,2023-02-26,Osasuna @ Sevilla,TOTAL,under,2.5,1.64,0.6939,0.6098,6.21,lose,-1.0,0.364,pinnacle
laliga,2022,2023-02-27,Getafe @ Villarreal,1X2,getafe,,6.07,0.1928,0.1647,7.66,lose,-1.0,0.364,pinnacle
laliga,2022,2023-02-27,Getafe @ Villarreal,TOTAL,under,2.5,1.66,0.6757,0.6024,5.47,lose,-1.0,0.364,pinnacle
laliga,2022,2023-03-04,Girona @ Getafe,1X2,girona,,3.06,0.387,0.3268,8.29,lose,-1.0,0.334,pinnacle
laliga,2022,2023-03-04,Villarreal @ Almeria,1X2,almeria,,3.46,0.3266,0.289,5.85,lose,-1.0,0.334,pinnacle
laliga,2022,2023-03-04,Villarreal @ Almeria,TOTAL,under,2.5,2.14,0.5478,0.4673,7.75,win,1.1400000000000001,0.334,pinnacle
laliga,2022,2023-03-05,Espanol @ Valladolid,1X2,espanyol,,3.45,0.3941,0.2899,16.19,lose,-1.0,0.364,pinnacle
laliga,2022,2023-03-05,Valencia @ Barcelona,TOTAL,under,2.5,2.03,0.5468,0.4926,4.95,win,1.0299999999999998,0.364,pinnacle
laliga,2022,2023-03-05,Ath Bilbao @ Vallecano,1X2,rayo vallecano,,2.97,0.4143,0.3367,10.37,lose,-1.0,0.364,pinnacle
laliga,2022,2023-03-05,Real Madrid @ Betis,1X2,real betis,,4.79,0.2662,0.2088,12.37,lose,-1.0,0.364,pinnacle
laliga,2022,2023-03-05,Real Madrid @ Betis,1X2,draw,,4.05,0.2735,0.2469,4.84,win,3.05,0.364,pinnacle
laliga,2022,2023-03-05,Real Madrid @ Betis,TOTAL,under,2.5,2.04,0.5353,0.4902,4.14,win,1.04,0.364,pinnacle
laliga,2022,2023-03-06,Celta @ Osasuna,1X2,osasuna,,2.73,0.475,0.3663,13.35,lose,-1.0,0.364,pinnacle
laliga,2022,2023-03-10,Getafe @ Cadiz,1X2,getafe,,3.62,0.3347,0.2762,9.52,lose,-1.0,0.364,pinnacle
laliga,2022,2023-03-11,Valladolid @ Elche,TOTAL,under,2.5,1.76,0.6378,0.5682,5.52,win,0.76,0.334,pinnacle
laliga,2022,2023-03-11,Vallecano @ Celta,1X2,rayo vallecano,,4.15,0.3685,0.241,23.82,lose,-1.0,0.364,pinnacle
laliga,2022,2023-03-11,Osasuna @ Valencia,1X2,draw,,3.27,0.3292,0.3058,3.44,lose,-1.0,0.364,pinnacle
laliga,2022,2023-03-11,Osasuna @ Valencia,1X2,osasuna,,4.31,0.2682,0.232,7.02,lose,-1.0,0.364,pinnacle
laliga,2022,2023-03-12,Sociedad @ Mallorca,1X2,mallorca,,4.01,0.3057,0.2494,10.16,lose,-1.0,0.364,pinnacle
laliga,2022,2023-03-12,Almeria @ Sevilla,1X2,almeria,,5.66,0.2747,0.1767,24.95,lose,-1.0,0.334,pinnacle
laliga,2022,2023-03-12,Almeria @ Sevilla,TOTAL,over,2.5,1.93,0.5753,0.5181,4.97,win,0.9299999999999999,0.334,pinnacle
laliga,2022,2023-03-12,Betis @ Villarreal,1X2,draw,,4.09,0.3084,0.2445,11.76,win,3.09,0.364,pinnacle
laliga,2022,2023-03-12,Betis @ Villarreal,1X2,real betis,,5.47,0.2789,0.1828,23.65,lose,-1.0,0.364,pinnacle
laliga,2022,2023-03-12,Barcelona @ Ath Bilbao,1X2,barcelona,,2.15,0.5105,0.4651,4.39,win,1.15,0.364,pinnacle
laliga,2022,2023-03-12,Barcelona @ Ath Bilbao,TOTAL,under,2.5,1.75,0.6347,0.5714,4.98,win,0.75,0.364,pinnacle
laliga,2022,2023-03-13,Ath Madrid @ Girona,TOTAL,over,2.5,2.17,0.532,0.4608,6.95,lose,-1.0,0.334,pinnacle
laliga,2022,2023-03-17,Ath Bilbao @ Valladolid,1X2,draw,,3.57,0.3025,0.2801,3.59,lose,-1.0,0.364,pinnacle
laliga,2022,2023-03-17,Ath Bilbao @ Valladolid,TOTAL,under,2.5,1.93,0.6396,0.5181,10.55,lose,-1.0,0.364,pinnacle
laliga,2022,2023-03-18,Girona @ Vallecano,1X2,girona,,4.0,0.2736,0.25,4.25,lose,-1.0,0.334,pinnacle
laliga,2022,2023-03-18,Girona @ Vallecano,TOTAL,over,2.5,2.17,0.5319,0.4608,6.94,win,1.17,0.334,pinnacle
laliga,2022,2023-03-18,Celta @ Espanol,1X2,espanyol,,3.02,0.437,0.3311,14.39,lose,-1.0,0.364,pinnacle
laliga,2022,2023-03-18,Celta @ Espanol,TOTAL,over,2.5,2.34,0.5237,0.4274,10.15,win,1.3399999999999999,0.364,pinnacle
laliga,2022,2023-03-18,Valencia @ Ath Madrid,1X2,draw,,4.19,0.2599,0.2387,4.01,lose,-1.0,0.364,pinnacle
laliga,2022,2023-03-19,Villarreal @ Osasuna,1X2,draw,,3.2,0.3518,0.3125,5.65,lose,-1.0,0.364,pinnacle
laliga,2022,2023-03-19,Sevilla @ Getafe,1X2,getafe,,2.82,0.4467,0.3546,11.69,win,1.8199999999999998,0.364,pinnacle
laliga,2022,2023-03-19,Real Madrid @ Barcelona,1X2,barcelona,,2.25,0.4873,0.4444,4.34,win,1.25,0.364,pinnacle
laliga,2022,2023-03-31,Osasuna @ Mallorca,1X2,osasuna,,4.5,0.2568,0.2222,7.0,lose,-1.0,0.364,pinnacle
laliga,2022,2023-04-01,Espanol @ Girona,1X2,girona,,1.96,0.5534,0.5102,3.81,win,0.96,0.334,pinnacle
laliga,2022,2023-04-01,Getafe @ Ath Bilbao,1X2,getafe,,6.25,0.1862,0.16,7.37,lose,-1.0,0.364,pinnacle
laliga,2022,2023-04-01,Sevilla @ Cadiz,1X2,cadiz,,3.53,0.385,0.2833,16.16,lose,-1.0,0.364,pinnacle
laliga,2022,2023-04-01,Barcelona @ Elche,TOTAL,under,2.5,2.18,0.5008,0.4587,4.13,lose,-1.0,0.364,pinnacle
laliga,2022,2023-04-02,Almeria @ Celta,1X2,draw,,4.58,0.2395,0.2183,4.36,win,3.58,0.334,pinnacle
laliga,2022,2023-04-02,Almeria @ Celta,TOTAL,over,2.5,1.9,0.5629,0.5263,3.13,win,0.8999999999999999,0.334,pinnacle
laliga,2022,2023-04-02,Sociedad @ Villarreal,TOTAL,under,2.5,1.68,0.6698,0.5952,5.64,win,0.6799999999999999,0.364,pinnacle
laliga,2022,2023-04-02,Betis @ Ath Madrid,1X2,draw,,4.7,0.276,0.2128,13.37,lose,-1.0,0.364,pinnacle
laliga,2022,2023-04-02,Betis @ Ath Madrid,TOTAL,under,2.5,1.88,0.6182,0.5319,7.3,win,0.8799999999999999,0.364,pinnacle
laliga,2022,2023-04-03,Vallecano @ Valencia,1X2,rayo vallecano,,4.11,0.3025,0.2433,10.95,lose,-1.0,0.364,pinnacle
laliga,2022,2023-04-07,Celta @ Sevilla,1X2,celta vigo,,3.35,0.3354,0.2985,5.56,lose,-1.0,0.364,pinnacle
laliga,2022,2023-04-07,Celta @ Sevilla,TOTAL,over,2.5,2.2,0.5233,0.4545,6.81,win,1.2000000000000002,0.364,pinnacle
laliga,2022,2023-04-08,Elche @ Osasuna,1X2,osasuna,,1.82,0.5922,0.5495,3.5,win,0.8200000000000001,0.364,pinnacle
laliga,2022,2023-04-08,Ath Bilbao @ Espanol,1X2,espanyol,,4.12,0.3143,0.2427,13.28,lose,-1.0,0.364,pinnacle
laliga,2022,2023-04-08,Ath Bilbao @ Espanol,TOTAL,over,2.5,2.39,0.4924,0.4184,7.96,win,1.3900000000000001,0.364,pinnacle
laliga,2022,2023-04-08,Villarreal @ Real Madrid,1X2,draw,,4.9,0.2475,0.2041,9.57,lose,-1.0,0.364,pinnacle
laliga,2022,2023-04-09,Mallorca @ Valladolid,1X2,mallorca,,3.39,0.3746,0.295,12.15,lose,-1.0,0.334,pinnacle
laliga,2022,2023-04-09,Valencia @ Almeria,1X2,almeria,,3.48,0.3752,0.2874,13.76,win,2.48,0.334,pinnacle
laliga,2022,2023-04-09,Ath Madrid @ Vallecano,1X2,rayo vallecano,,5.02,0.2436,0.1992,10.04,lose,-1.0,0.364,pinnacle
laliga,2022,2023-04-14,Osasuna @ Vallecano,1X2,osasuna,,4.53,0.2445,0.2208,4.85,lose,-1.0,0.334,pinnacle
laliga,2022,2023-04-15,Valladolid @ Villarreal,TOTAL,under,2.5,2.35,0.5418,0.4255,12.29,lose,-1.0,0.364,pinnacle
laliga,2022,2023-04-15,Sociedad @ Ath Bilbao,1X2,real sociedad,,3.9,0.3191,0.2564,11.0,lose,-1.0,0.364,pinnacle
laliga,2022,2023-04-15,Espanol @ Betis,1X2,real betis,,2.11,0.5613,0.4739,8.3,win,1.1099999999999999,0.364,pinnacle
laliga,2022,2023-04-15,Espanol @ Betis,TOTAL,over,2.5,2.19,0.4952,0.4566,3.8,win,1.19,0.364,pinnacle
laliga,2022,2023-04-16,Elche @ Girona,TOTAL,over,2.5,1.86,0.6319,0.5376,7.89,lose,-1.0,0.334,pinnacle
laliga,2022,2023-04-16,Barcelona @ Getafe,1X2,barcelona,,1.8,0.6209,0.5556,5.3,lose,-1.0,0.364,pinnacle
laliga,2022,2023-04-17,Mallorca @ Celta,1X2,mallorca,,5.66,0.2591,0.1767,20.99,win,4.66,0.364,pinnacle
laliga,2022,2023-04-21,Cadiz @ Espanol,1X2,espanyol,,2.25,0.5041,0.4444,6.04,lose,-1.0,0.334,pinnacle
laliga,2022,2023-04-22,Betis @ Osasuna,1X2,draw,,3.19,0.3347,0.3135,3.05,lose,-1.0,0.364,pinnacle
laliga,2022,2023-04-22,Betis @ Osasuna,1X2,real betis,,3.32,0.3472,0.3012,6.87,lose,-1.0,0.364,pinnacle
laliga,2022,2023-04-22,Ath Bilbao @ Almeria,1X2,almeria,,5.23,0.2765,0.1912,20.07,lose,-1.0,0.334,pinnacle
laliga,2022,2023-04-22,Vallecano @ Sociedad,1X2,draw,,3.75,0.2877,0.2667,3.55,lose,-1.0,0.364,pinnacle
laliga,2022,2023-04-22,Vallecano @ Sociedad,1X2,rayo vallecano,,5.91,0.2286,0.1692,15.81,lose,-1.0,0.364,pinnacle
laliga,2022,2023-04-22,Girona @ Valladolid,1X2,girona,,2.94,0.4697,0.3401,17.14,lose,-1.0,0.334,pinnacle
laliga,2022,2023-04-23,Ath Madrid @ Barcelona,TOTAL,under,2.5,1.73,0.6991,0.578,9.43,win,0.73,0.364,pinnacle
laliga,2022,2023-04-23,Getafe @ Mallorca,1X2,mallorca,,2.76,0.4292,0.3623,8.31,win,1.7599999999999998,0.364,pinnacle
laliga,2022,2023-04-25,Osasuna @ Cadiz,1X2,draw,,3.22,0.3556,0.3106,6.53,lose,-1.0,0.364,pinnacle
laliga,2022,2023-04-25,Osasuna @ Cadiz,1X2,osasuna,,4.19,0.3171,0.2387,14.78,win,3.1900000000000004,0.364,pinnacle
laliga,2022,2023-04-25,Sociedad @ Betis,1X2,real betis,,2.91,0.384,0.3436,5.29,lose,-1.0,0.364,pinnacle
laliga,2022,2023-04-25,Sociedad @ Betis,TOTAL,under,2.5,1.64,0.6828,0.6098,5.39,win,0.6399999999999999,0.364,pinnacle
laliga,2022,2023-04-26,Mallorca @ Ath Madrid,1X2,draw,,4.75,0.2893,0.2105,16.83,lose,-1.0,0.364,pinnacle
laliga,2022,2023-04-26,Mallorca @ Ath Madrid,TOTAL,under,2.5,1.64,0.7286,0.6098,8.77,lose,-1.0,0.364,pinnacle
laliga,2022,2023-04-26,Almeria @ Getafe,1X2,almeria,,4.81,0.2975,0.2079,19.39,win,3.8099999999999996,0.334,pinnacle
laliga,2022,2023-04-26,Barcelona @ Vallecano,1X2,draw,,3.98,0.2966,0.2513,8.12,lose,-1.0,0.364,pinnacle
laliga,2022,2023-04-26,Barcelona @ Vallecano,TOTAL,under,2.5,1.79,0.6718,0.5587,9.11,lose,-1.0,0.364,pinnacle
laliga,2022,2023-04-27,Valladolid @ Valencia,TOTAL,under,2.5,1.94,0.5877,0.5155,6.31,lose,-1.0,0.364,pinnacle
laliga,2022,2023-04-27,Sevilla @ Ath Bilbao,TOTAL,over,2.5,2.12,0.5152,0.4717,4.15,lose,-1.0,0.364,pinnacle
laliga,2022,2023-04-28,Sociedad @ Osasuna,1X2,osasuna,,3.91,0.2766,0.2558,3.66,lose,-1.0,0.364,pinnacle
laliga,2022,2023-04-28,Sociedad @ Osasuna,1X2,draw,,3.07,0.4153,0.3257,12.37,lose,-1.0,0.364,pinnacle
laliga,2022,2023-04-29,Vallecano @ Elche,1X2,rayo vallecano,,2.12,0.5472,0.4717,7.2,lose,-1.0,0.334,pinnacle
laliga,2022,2023-04-29,Vallecano @ Elche,TOTAL,under,2.5,1.7,0.7167,0.5882,9.83,lose,-1.0,0.334,pinnacle
laliga,2022,2023-04-29,Betis @ Barcelona,1X2,draw,,5.28,0.2764,0.1894,20.67,lose,-1.0,0.364,pinnacle
laliga,2022,2023-04-30,Valencia @ Cadiz,1X2,cadiz,,3.16,0.3589,0.3165,6.04,win,2.16,0.364,pinnacle
laliga,2022,2023-04-30,Celta @ Villarreal,1X2,draw,,4.06,0.2843,0.2463,6.94,lose,-1.0,0.364,pinnacle
laliga,2022,2023-04-30,Celta @ Villarreal,1X2,celta vigo,,5.49,0.2291,0.1821,11.6,lose,-1.0,0.364,pinnacle
laliga,2022,2023-04-30,Celta @ Villarreal,TOTAL,under,2.5,2.0,0.5982,0.5,8.83,lose,-1.0,0.364,pinnacle
laliga,2022,2023-04-30,Getafe @ Espanol,1X2,espanyol,,2.51,0.4485,0.3984,5.66,win,1.5099999999999998,0.364,pinnacle
laliga,2022,2023-04-30,Ath Madrid @ Valladolid,1X2,draw,,4.08,0.2695,0.2451,4.48,lose,-1.0,0.364,pinnacle
laliga,2022,2023-05-01,Girona @ Sevilla,1X2,girona,,4.36,0.3459,0.2294,22.87,win,3.3600000000000003,0.334,pinnacle
laliga,2022,2023-05-01,Girona @ Sevilla,TOTAL,over,2.5,2.0,0.5887,0.5,7.98,lose,-1.0,0.334,pinnacle
laliga,2022,2023-05-02,Elche @ Almeria,1X2,almeria,,1.73,0.6278,0.578,3.87,win,0.73,0.334,pinnacle
laliga,2022,2023-05-02,Real Madrid @ Sociedad,1X2,real madrid,,3.42,0.3569,0.2924,9.93,lose,-1.0,0.364,pinnacle
laliga,2022,2023-05-02,Real Madrid @ Sociedad,TOTAL,under,2.5,1.85,0.6662,0.5405,10.46,win,0.8500000000000001,0.364,pinnacle
laliga,2022,2023-05-03,Villarreal @ Valencia,1X2,draw,,3.39,0.3487,0.295,8.2,win,2.39,0.364,pinnacle
laliga,2022,2023-05-03,Cadiz @ Ath Madrid,1X2,draw,,5.91,0.2153,0.1692,12.26,lose,-1.0,0.364,pinnacle
laliga,2022,2023-05-04,Espanol @ Sevilla,1X2,espanyol,,4.4,0.2573,0.2273,5.95,lose,-1.0,0.364,pinnacle
laliga,2022,2023-05-04,Betis @ Ath Bilbao,1X2,draw,,3.93,0.3146,0.2545,10.64,lose,-1.0,0.364,pinnacle
laliga,2022,2023-05-04,Betis @ Ath Bilbao,1X2,real betis,,6.13,0.2659,0.1631,28.35,win,5.13,0.364,pinnacle
laliga,2022,2023-05-04,Valladolid @ Vallecano,1X2,rayo vallecano,,1.96,0.6322,0.5102,10.76,win,0.96,0.334,pinnacle
laliga,2022,2023-05-12,Cadiz @ Mallorca,1X2,mallorca,,2.25,0.5244,0.4444,8.1,win,1.25,0.334,pinnacle
laliga,2022,2023-05-13,Almeria @ Osasuna,1X2,draw,,3.9,0.2812,0.2564,4.36,lose,-1.0,0.334,pinnacle
laliga,2022,2023-05-13,Almeria @ Osasuna,TOTAL,under,2.5,2.02,0.5781,0.495,7.55,lose,-1.0,0.334,pinnacle
laliga,2022,2023-05-13,Ath Bilbao @ Villarreal,1X2,draw,,3.7,0.2921,0.2703,3.63,lose,-1.0,0.364,pinnacle
laliga,2022,2023-05-13,Ath Bilbao @ Villarreal,TOTAL,under,2.5,1.92,0.6051,0.5208,7.28,lose,-1.0,0.364,pinnacle
laliga,2022,2023-05-14,Ath Madrid @ Elche,TOTAL,under,2.5,2.29,0.4854,0.4367,5.02,win,1.29,0.364,pinnacle
laliga,2022,2023-05-14,Sevilla @ Valladolid,1X2,sevilla,,3.01,0.385,0.3322,7.15,win,2.01,0.364,pinnacle
laliga,2022,2023-05-14,Barcelona @ Espanol,TOTAL,under,2.5,2.1,0.5528,0.4762,7.24,lose,-1.0,0.364,pinnacle
laliga,2022,2023-05-19,Valladolid @ Cadiz,TOTAL,under,2.5,1.89,0.6268,0.5291,8.31,win,0.8899999999999999,0.334,pinnacle
laliga,2022,2023-05-20,Celta @ Ath Bilbao,1X2,celta vigo,,5.95,0.1999,0.1681,8.52,lose,-1.0,0.364,pinnacle
laliga,2022,2023-05-20,Mallorca @ Almeria,1X2,mallorca,,3.61,0.3265,0.277,8.04,lose,-1.0,0.334,pinnacle
laliga,2022,2023-05-20,Sociedad @ Barcelona,1X2,barcelona,,1.76,0.6123,0.5682,3.49,lose,-1.0,0.364,pinnacle
laliga,2022,2023-05-20,Sociedad @ Barcelona,TOTAL,under,2.5,1.93,0.6462,0.5181,11.12,lose,-1.0,0.364,pinnacle
laliga,2022,2023-05-21,Espanol @ Vallecano,TOTAL,over,2.5,2.03,0.5637,0.4926,6.5,win,1.0299999999999998,0.364,pinnacle
laliga,2022,2023-05-21,Osasuna @ Ath Madrid,1X2,draw,,4.7,0.2442,0.2128,6.65,lose,-1.0,0.364,pinnacle
laliga,2022,2023-05-21,Real Madrid @ Valencia,1X2,real madrid,,2.25,0.5009,0.4444,5.71,lose,-1.0,0.364,pinnacle
laliga,2022,2023-05-21,Real Madrid @ Valencia,TOTAL,under,2.5,2.1,0.5171,0.4762,3.86,win,1.1,0.364,pinnacle
laliga,2022,2023-05-21,Betis @ Sevilla,1X2,real betis,,3.77,0.3529,0.2653,14.88,lose,-1.0,0.364,pinnacle
laliga,2022,2023-05-23,Girona @ Celta,1X2,girona,,3.72,0.3542,0.2688,14.29,lose,-1.0,0.334,pinnacle
laliga,2022,2023-05-23,Almeria @ Sociedad,1X2,draw,,4.98,0.2231,0.2008,5.0,lose,-1.0,0.334,pinnacle
laliga,2022,2023-05-23,Almeria @ Sociedad,TOTAL,under,2.5,2.48,0.5155,0.4032,12.54,win,1.48,0.334,pinnacle
laliga,2022,2023-05-24,Sevilla @ Elche,TOTAL,under,2.5,2.06,0.5653,0.4854,7.41,win,1.06,0.364,pinnacle
laliga,2022,2023-05-24,Cadiz @ Villarreal,TOTAL,under,2.5,2.39,0.5314,0.4184,12.15,win,1.3900000000000001,0.364,pinnacle
laliga,2022,2023-05-24,Getafe @ Betis,1X2,real betis,,2.34,0.504,0.4274,8.07,lose,-1.0,0.364,pinnacle
laliga,2022,2023-05-24,Ath Madrid @ Espanol,TOTAL,under,2.5,2.12,0.514,0.4717,4.03,lose,-1.0,0.364,pinnacle
laliga,2022,2023-05-25,Valencia @ Mallorca,1X2,mallorca,,3.07,0.3876,0.3257,8.55,win,2.07,0.364,pinnacle
laliga,2022,2023-05-25,Ath Bilbao @ Osasuna,1X2,osasuna,,3.23,0.3405,0.3096,4.49,win,2.23,0.364,pinnacle
laliga,2022,2023-05-25,Ath Bilbao @ Osasuna,TOTAL,under,2.5,1.76,0.6768,0.5682,8.6,win,0.76,0.364,pinnacle
laliga,2022,2023-05-27,Real Madrid @ Sevilla,1X2,real madrid,,2.31,0.5097,0.4329,7.98,win,1.31,0.364,pinnacle
laliga,2022,2023-05-27,Real Madrid @ Sevilla,TOTAL,under,2.5,2.06,0.5878,0.4854,9.49,lose,-1.0,0.364,pinnacle
laliga,2022,2023-05-28,Valladolid @ Almeria,1X2,almeria,,2.31,0.5732,0.4329,14.59,lose,-1.0,0.334,pinnacle
laliga,2022,2023-05-28,Elche @ Ath Bilbao,TOTAL,under,2.5,2.33,0.5299,0.4292,10.56,win,1.33,0.364,pinnacle
laliga,2022,2023-05-28,Sociedad @ Ath Madrid,1X2,atletico madrid,,2.34,0.4948,0.4274,7.1,win,1.3399999999999999,0.364,pinnacle
laliga,2022,2023-05-28,Mallorca @ Barcelona,1X2,draw,,6.06,0.2067,0.165,11.37,lose,-1.0,0.364,pinnacle
laliga,2022,2023-05-28,Celta @ Cadiz,1X2,celta vigo,,3.25,0.3515,0.3077,6.41,lose,-1.0,0.364,pinnacle
laliga,2022,2023-05-28,Celta @ Cadiz,TOTAL,under,2.5,1.73,0.6272,0.578,3.83,win,0.73,0.364,pinnacle
laliga,2022,2023-05-28,Osasuna @ Getafe,1X2,getafe,,2.48,0.4357,0.4032,3.62,win,1.48,0.364,pinnacle
laliga,2022,2023-05-28,Osasuna @ Getafe,1X2,draw,,2.93,0.3664,0.3413,3.31,lose,-1.0,0.364,pinnacle
laliga,2022,2023-05-28,Espanol @ Valencia,TOTAL,under,2.5,2.03,0.5905,0.4926,8.94,lose,-1.0,0.364,pinnacle
laliga,2022,2023-05-28,Villarreal @ Vallecano,1X2,draw,,3.9,0.2858,0.2564,5.16,lose,-1.0,0.364,pinnacle
laliga,2022,2023-06-04,Vallecano @ Mallorca,1X2,mallorca,,3.17,0.4043,0.3155,12.68,win,2.17,0.334,pinnacle
laliga,2022,2023-06-04,Vallecano @ Mallorca,TOTAL,under,2.5,1.75,0.6343,0.5714,4.95,lose,-1.0,0.334,pinnacle
laliga,2022,2023-06-04,Girona @ Osasuna,1X2,girona,,3.6,0.3216,0.2778,7.09,lose,-1.0,0.334,pinnacle
laliga,2022,2023-06-04,Girona @ Osasuna,TOTAL,under,2.5,1.98,0.5646,0.5051,5.3,lose,-1.0,0.334,pinnacle
laliga,2022,2023-06-04,Sevilla @ Sociedad,1X2,draw,,4.35,0.2519,0.2299,4.31,lose,-1.0,0.364,pinnacle
laliga,2022,2023-06-04,Sevilla @ Sociedad,TOTAL,under,2.5,2.07,0.5499,0.4831,6.22,lose,-1.0,0.364,pinnacle
laliga,2022,2023-06-04,Ath Madrid @ Villarreal,1X2,draw,,3.8,0.2853,0.2632,3.79,win,2.8,0.364,pinnacle
laliga,2022,2023-06-04,Barcelona @ Celta,TOTAL,under,2.5,2.11,0.5938,0.4739,11.38,lose,-1.0,0.364,pinnacle
laliga,2022,2023-06-04,Almeria @ Espanol,1X2,espanyol,,2.44,0.4948,0.4098,9.33,lose,-1.0,0.334,pinnacle
laliga,2022,2023-06-04,Getafe @ Valladolid,1X2,getafe,,4.37,0.3421,0.2288,22.28,lose,-1.0,0.364,pinnacle
laliga,2022,2023-06-04,Getafe @ Valladolid,TOTAL,under,2.5,1.67,0.6452,0.5988,3.49,win,0.6699999999999999,0.364,pinnacle
seriea,2022,2022-09-16,Lecce @ Salernitana,TOTAL,under,2.5,1.85,0.603,0.5405,5.2,lose,-1.0,0.334,pinnacle
seriea,2022,2022-09-17,Empoli @ Bologna,TOTAL,under,2.5,2.0,0.5943,0.5,8.49,win,1.0,0.364,pinnacle
seriea,2022,2022-09-17,Sampdoria @ Spezia,TOTAL,under,2.5,1.81,0.6028,0.5525,4.09,lose,-1.0,0.364,pinnacle
seriea,2022,2022-09-18,Inter @ Udinese,TOTAL,over,2.5,1.75,0.6149,0.5714,3.42,win,0.75,0.364,pinnacle
seriea,2022,2022-09-18,Lazio @ Cremonese,1X2,cremonese,,4.14,0.2745,0.2415,6.14,lose,-1.0,0.334,pinnacle
seriea,2022,2022-09-18,Lazio @ Cremonese,1X2,draw,,3.83,0.2939,0.2611,5.65,lose,-1.0,0.334,pinnacle
seriea,2022,2022-09-18,Verona @ Fiorentina,TOTAL,under,2.5,2.08,0.6036,0.4808,11.5,win,1.08,0.364,pinnacle
seriea,2022,2022-09-18,Juventus @ Monza,TOTAL,under,2.5,1.91,0.6261,0.5236,8.82,win,0.9099999999999999,0.334,pinnacle
seriea,2022,2022-09-18,Atalanta @ Roma,1X2,draw,,3.41,0.3246,0.2933,4.81,lose,-1.0,0.364,pinnacle
seriea,2022,2022-09-18,Atalanta @ Roma,1X2,atalanta,,3.58,0.391,0.2793,17.99,win,2.58,0.364,pinnacle
seriea,2022,2022-09-18,Napoli @ Milan,1X2,napoli,,3.29,0.3438,0.304,5.9,win,2.29,0.364,pinnacle
seriea,2022,2022-10-01,Torino @ Napoli,TOTAL,under,2.5,2.04,0.5695,0.4902,7.28,lose,-1.0,0.364,pinnacle
seriea,2022,2022-10-01,Milan @ Empoli,1X2,draw,,4.29,0.295,0.2331,11.95,lose,-1.0,0.364,pinnacle
seriea,2022,2022-10-01,Milan @ Empoli,TOTAL,under,2.5,2.07,0.5894,0.4831,9.91,lose,-1.0,0.364,pinnacle
seriea,2022,2022-10-02,Spezia @ Lazio,TOTAL,under,2.5,2.37,0.4925,0.4219,7.52,lose,-1.0,0.364,pinnacle
seriea,2022,2022-10-02,Cremonese @ Lecce,1X2,lecce,,2.09,0.5296,0.4785,4.81,lose,-1.0,0.334,pinnacle
seriea,2022,2022-10-02,Cremonese @ Lecce,TOTAL,under,2.5,1.86,0.6045,0.5376,5.6,win,0.8600000000000001,0.334,pinnacle
seriea,2022,2022-10-02,Monza @ Sampdoria,1X2,sampdoria,,2.58,0.4341,0.3876,5.4,lose,-1.0,0.334,pinnacle
seriea,2022,2022-10-02,Monza @ Sampdoria,TOTAL,under,2.5,1.91,0.6274,0.5236,8.92,lose,-1.0,0.334,pinnacle
seriea,2022,2022-10-02,Salernitana @ Sassuolo,1X2,draw,,3.62,0.3088,0.2762,5.3,lose,-1.0,0.334,pinnacle
seriea,2022,2022-10-02,Salernitana @ Sassuolo,1X2,salernitana,,3.5,0.3619,0.2857,12.0,lose,-1.0,0.334,pinnacle
seriea,2022,2022-10-02,Fiorentina @ Atalanta,1X2,atalanta,,2.18,0.5673,0.4587,10.65,win,1.1800000000000002,0.364,pinnacle
seriea,2022,2022-10-02,Bologna @ Juventus,1X2,draw,,4.15,0.266,0.241,4.67,lose,-1.0,0.364,pinnacle
seriea,2022,2022-10-02,Bologna @ Juventus,TOTAL,under,2.5,2.03,0.6133,0.4926,11.02,lose,-1.0,0.364,pinnacle
seriea,2022,2022-10-03,Udinese @ Verona,1X2,udinese,,2.18,0.5212,0.4587,6.13,win,1.1800000000000002,0.364,pinnacle
seriea,2022,2022-10-08,Juventus @ Milan,1X2,juventus,,3.72,0.315,0.2688,7.72,lose,-1.0,0.364,pinnacle
seriea,2022,2022-10-08,Sampdoria @ Bologna,1X2,bologna,,2.1,0.546,0.4762,6.59,lose,-1.0,0.364,pinnacle
seriea,2022,2022-10-08,Sampdoria @ Bologna,TOTAL,under,2.5,1.93,0.5883,0.5181,6.1,win,0.9299999999999999,0.364,pinnacle
seriea,2022,2022-10-09,Empoli @ Torino,1X2,draw,,4.07,0.3091,0.2457,11.61,win,3.0700000000000003,0.364,pinnacle
seriea,2022,2022-10-09,Empoli @ Torino,1X2,empoli,,5.62,0.2565,0.1779,19.87,lose,-1.0,0.364,pinnacle
seriea,2022,2022-10-09,Empoli @ Torino,TOTAL,under,2.5,1.82,0.6576,0.5495,8.86,win,0.8200000000000001,0.364,pinnacle
seriea,2022,2022-10-09,Atalanta @ Udinese,1X2,draw,,3.45,0.3187,0.2899,4.47,win,2.45,0.364,pinnacle
seriea,2022,2022-10-09,Napoli @ Cremonese,TOTAL,under,2.5,2.3,0.4973,0.4348,6.47,lose,-1.0,0.334,pinnacle
seriea,2022,2022-10-09,Lecce @ Roma,1X2,draw,,4.39,0.2911,0.2278,12.51,lose,-1.0,0.334,pinnacle
seriea,2022,2022-10-10,Lazio @ Fiorentina,1X2,draw,,3.5,0.3183,0.2857,5.13,lose,-1.0,0.364,pinnacle
seriea,2022,2022-10-10,Lazio @ Fiorentina,1X2,lazio,,3.16,0.45,0.3165,18.99,win,2.16,0.364,pinnacle
seriea,2022,2022-10-15,Monza @ Empoli,1X2,empoli,,2.85,0.4526,0.3509,13.04,win,1.85,0.334,pinnacle
seriea,2022,2022-10-15,Monza @ Empoli,TOTAL,under,2.5,1.92,0.6062,0.5208,7.38,win,0.9199999999999999,0.334,pinnacle
seriea,2022,2022-10-15,Juventus @ Torino,1X2,juventus,,2.68,0.4324,0.3731,7.15,win,1.6800000000000002,0.364,pinnacle
seriea,2022,2022-10-15,Juventus @ Torino,TOTAL,under,2.5,1.68,0.7214,0.5952,9.54,win,0.6799999999999999,0.364,pinnacle
seriea,2022,2022-10-15,Sassuolo @ Atalanta,1X2,draw,,4.06,0.2705,0.2463,4.42,lose,-1.0,0.364,pinnacle
seriea,2022,2022-10-16,Salernitana @ Inter,1X2,draw,,6.25,0.2247,0.16,18.2,lose,-1.0,0.334,pinnacle
seriea,2022,2022-10-16,Cremonese @ Spezia,1X2,spezia,,2.57,0.4605,0.3891,8.26,lose,-1.0,0.334,pinnacle
seriea,2022,2022-10-17,Roma @ Sampdoria,1X2,sampdoria,,5.62,0.2149,0.1779,9.35,lose,-1.0,0.364,pinnacle
seriea,2022,2022-10-17,Roma @ Sampdoria,1X2,draw,,3.86,0.2864,0.2591,4.75,lose,-1.0,0.364,pinnacle
seriea,2022,2022-10-17,Roma @ Sampdoria,TOTAL,under,2.5,1.91,0.6162,0.5236,7.97,win,0.9099999999999999,0.364,pinnacle
seriea,2022,2022-10-17,Fiorentina @ Lecce,TOTAL,under,2.5,1.76,0.6829,0.5682,9.08,win,0.76,0.334,pinnacle
seriea,2022,2022-10-21,Empoli @ Juventus,1X2,draw,,5.2,0.2974,0.1923,24.59,lose,-1.0,0.364,pinnacle
seriea,2022,2022-10-22,Spezia @ Salernitana,1X2,salernitana,,2.23,0.5458,0.4484,9.77,win,1.23,0.334,pinnacle
seriea,2022,2022-10-22,Inter @ Fiorentina,1X2,fiorentina,,3.37,0.3289,0.2967,4.88,lose,-1.0,0.364,pinnacle
seriea,2022,2022-10-22,Inter @ Fiorentina,TOTAL,under,2.5,2.06,0.543,0.4854,5.34,lose,-1.0,0.364,pinnacle
seriea,2022,2022-10-23,Torino @ Udinese,1X2,udinese,,2.03,0.6377,0.4926,13.25,lose,-1.0,0.364,pinnacle
seriea,2022,2022-10-23,Lecce @ Bologna,1X2,lecce,,3.89,0.308,0.2571,8.91,lose,-1.0,0.334,pinnacle
seriea,2022,2022-10-23,Lazio @ Atalanta,1X2,draw,,3.49,0.349,0.2865,9.81,lose,-1.0,0.364,pinnacle
seriea,2022,2022-10-23,Lazio @ Atalanta,1X2,lazio,,3.81,0.3326,0.2625,12.02,win,2.81,0.364,pinnacle
seriea,2022,2022-10-23,Napoli @ Roma,TOTAL,under,2.5,2.07,0.536,0.4831,4.93,win,1.0699999999999998,0.364,pinnacle
seriea,2022,2022-10-24,Sampdoria @ Cremonese,1X2,cremonese,,2.22,0.4922,0.4505,4.17,lose,-1.0,0.334,pinnacle
seriea,2022,2022-10-24,Sampdoria @ Cremonese,TOTAL,under,2.5,1.93,0.5824,0.5181,5.58,win,0.9299999999999999,0.334,pinnacle
seriea,2022,2022-10-24,Verona @ Sassuolo,1X2,sassuolo,,2.31,0.5812,0.4329,15.42,win,1.31,0.364,pinnacle
seriea,2022,2022-10-24,Verona @ Sassuolo,TOTAL,under,2.5,2.21,0.5138,0.4525,6.1,lose,-1.0,0.364,pinnacle
seriea,2022,2022-10-29,Sassuolo @ Napoli,1X2,draw,,6.25,0.2002,0.16,11.31,lose,-1.0,0.364,pinnacle
seriea,2022,2022-10-29,Juventus @ Lecce,1X2,juventus,,2.17,0.4944,0.4608,3.28,win,1.17,0.334,pinnacle
seriea,2022,2022-10-29,Juventus @ Lecce,TOTAL,under,2.5,1.72,0.6987,0.5814,9.08,win,0.72,0.334,pinnacle
seriea,2022,2022-10-30,Atalanta @ Empoli,1X2,empoli,,5.22,0.2232,0.1916,7.42,lose,-1.0,0.364,pinnacle
seriea,2022,2022-10-30,Atalanta @ Empoli,1X2,draw,,4.0,0.3113,0.25,11.04,lose,-1.0,0.364,pinnacle
seriea,2022,2022-10-30,Udinese @ Cremonese,1X2,udinese,,2.0,0.5499,0.5,4.49,lose,-1.0,0.334,pinnacle
seriea,2022,2022-10-30,Fiorentina @ Spezia,1X2,spezia,,4.34,0.3737,0.2304,27.98,lose,-1.0,0.364,pinnacle
seriea,2022,2022-10-30,Fiorentina @ Spezia,TOTAL,under,2.5,1.93,0.5762,0.5181,5.05,lose,-1.0,0.364,pinnacle
seriea,2022,2022-10-31,Roma @ Verona,1X2,verona,,4.54,0.2549,0.2203,7.08,lose,-1.0,0.364,pinnacle
seriea,2022,2022-10-31,Roma @ Verona,TOTAL,under,2.5,1.93,0.6041,0.5181,7.47,lose,-1.0,0.364,pinnacle
seriea,2022,2022-10-31,Bologna @ Monza,1X2,bologna,,3.37,0.33,0.2967,5.04,win,2.37,0.334,pinnacle
seriea,2022,2022-11-04,Lecce @ Udinese,TOTAL,under,2.5,1.93,0.5758,0.5181,5.01,win,0.9299999999999999,0.334,pinnacle
seriea,2022,2022-11-05,Sassuolo @ Empoli,1X2,empoli,,3.23,0.3445,0.3096,5.07,win,2.23,0.364,pinnacle
seriea,2022,2022-11-05,Sassuolo @ Empoli,1X2,draw,,3.66,0.3017,0.2732,4.7,lose,-1.0,0.364,pinnacle
seriea,2022,2022-11-05,Napoli @ Atalanta,1X2,atalanta,,3.38,0.3358,0.2959,6.07,lose,-1.0,0.364,pinnacle
seriea,2022,2022-11-05,Napoli @ Atalanta,1X2,draw,,3.68,0.3031,0.2717,5.19,lose,-1.0,0.364,pinnacle
seriea,2022,2022-11-06,Torino @ Bologna,1X2,bologna,,3.19,0.4027,0.3135,12.81,win,2.19,0.364,pinnacle
seriea,2022,2022-11-06,Fiorentina @ Sampdoria,1X2,sampdoria,,4.57,0.267,0.2188,9.91,lose,-1.0,0.364,pinnacle
seriea,2022,2022-11-06,Fiorentina @ Sampdoria,1X2,draw,,3.53,0.3045,0.2833,3.37,lose,-1.0,0.364,pinnacle
seriea,2022,2022-11-06,Fiorentina @ Sampdoria,TOTAL,under,2.5,1.83,0.6395,0.5464,7.66,win,0.8300000000000001,0.364,pinnacle
seriea,2022,2022-11-08,Udinese @ Spezia,1X2,udinese,,2.01,0.5747,0.4975,6.98,lose,-1.0,0.364,pinnacle
seriea,2022,2022-11-09,Atalanta @ Lecce,1X2,atalanta,,2.34,0.4665,0.4274,4.12,lose,-1.0,0.334,pinnacle
seriea,2022,2022-11-09,Roma @ Sassuolo,1X2,sassuolo,,3.34,0.3391,0.2994,5.96,lose,-1.0,0.364,pinnacle
seriea,2022,2022-11-09,Roma @ Sassuolo,1X2,draw,,3.62,0.3173,0.2762,6.68,win,2.62,0.364,pinnacle
seriea,2022,2022-11-09,Salernitana @ Fiorentina,1X2,draw,,4.41,0.2782,0.2268,10.2,lose,-1.0,0.334,pinnacle
seriea,2022,2022-11-09,Salernitana @ Fiorentina,TOTAL,under,2.5,2.15,0.5293,0.4651,6.21,lose,-1.0,0.334,pinnacle
seriea,2022,2022-11-09,Bologna @ Inter,1X2,draw,,5.18,0.2226,0.1931,6.88,lose,-1.0,0.364,pinnacle
seriea,2022,2022-11-10,Juventus @ Verona,TOTAL,under,2.5,1.89,0.6152,0.5291,7.32,win,0.8899999999999999,0.364,pinnacle
seriea,2022,2022-11-11,Cremonese @ Empoli,1X2,empoli,,2.61,0.4338,0.3831,5.95,win,1.6099999999999999,0.334,pinnacle
seriea,2022,2022-11-11,Cremonese @ Empoli,1X2,draw,,3.31,0.3641,0.3021,9.23,lose,-1.0,0.334,pinnacle
seriea,2022,2022-11-12,Udinese @ Napoli,TOTAL,under,2.5,2.48,0.4988,0.4032,10.66,lose,-1.0,0.364,pinnacle
seriea,2022,2022-11-12,Lecce @ Sampdoria,1X2,draw,,2.84,0.3774,0.3521,3.23,lose,-1.0,0.334,pinnacle
seriea,2022,2022-11-12,Lecce @ Sampdoria,1X2,lecce,,2.91,0.4402,0.3436,12.64,win,1.9100000000000001,0.334,pinnacle
seriea,2022,2022-11-13,Salernitana @ Monza,TOTAL,under,2.5,2.02,0.5805,0.495,7.77,lose,-1.0,0.334,pinnacle
seriea,2022,2022-11-13,Torino @ Roma,1X2,draw,,3.38,0.3255,0.2959,4.51,win,2.38,0.364,pinnacle
seriea,2022,2022-11-13,Spezia @ Verona,1X2,draw,,3.69,0.3076,0.271,6.08,lose,-1.0,0.364,pinnacle
seriea,2022,2022-11-13,Spezia @ Verona,1X2,spezia,,3.93,0.3509,0.2545,17.06,win,2.93,0.364,pinnacle
seriea,2022,2022-11-13,Spezia @ Verona,TOTAL,under,2.5,1.98,0.6323,0.5051,11.34,lose,-1.0,0.364,pinnacle
seriea,2022,2023-01-04,Milan @ Salernitana,1X2,draw,,4.95,0.2494,0.202,10.54,lose,-1.0,0.334,pinnacle
seriea,2022,2023-01-04,Sampdoria @ Sassuolo,TOTAL,under,2.5,1.93,0.6295,0.5181,9.67,lose,-1.0,0.364,pinnacle
seriea,2022,2023-01-04,Atalanta @ Spezia,1X2,spezia,,4.98,0.2506,0.2008,11.17,lose,-1.0,0.364,pinnacle
seriea,2022,2023-01-04,Atalanta @ Spezia,1X2,draw,,4.01,0.2765,0.2494,4.89,win,3.01,0.364,pinnacle
seriea,2022,2023-01-04,Atalanta @ Spezia,TOTAL,under,2.5,2.18,0.5561,0.4587,9.55,lose,-1.0,0.364,pinnacle
seriea,2022,2023-01-04,Lazio @ Lecce,TOTAL,under,2.5,1.65,0.6742,0.6061,5.06,lose,-1.0,0.334,pinnacle
seriea,2022,2023-01-04,Juventus @ Cremonese,1X2,juventus,,1.83,0.6255,0.5464,6.51,win,0.8300000000000001,0.334,pinnacle
seriea,2022,2023-01-04,Juventus @ Cremonese,TOTAL,under,2.5,1.87,0.6565,0.5348,10.25,win,0.8700000000000001,0.334,pinnacle
seriea,2022,2023-01-04,Napoli @ Inter,1X2,napoli,,3.08,0.4605,0.3247,18.82,lose,-1.0,0.364,pinnacle
seriea,2022,2023-01-04,Napoli @ Inter,TOTAL,over,2.5,1.71,0.6909,0.5848,8.16,lose,-1.0,0.364,pinnacle
seriea,2022,2023-01-04,Empoli @ Udinese,TOTAL,under,2.5,2.2,0.5573,0.4545,10.18,win,1.2000000000000002,0.364,pinnacle
seriea,2022,2023-01-07,Sassuolo @ Fiorentina,1X2,draw,,3.94,0.2814,0.2538,4.89,lose,-1.0,0.364,pinnacle
seriea,2022,2023-01-07,Inter @ Monza,1X2,monza,,6.19,0.2774,0.1616,32.28,lose,-1.0,0.334,pinnacle
seriea,2022,2023-01-08,Empoli @ Lazio,TOTAL,under,2.5,2.16,0.5837,0.463,11.74,lose,-1.0,0.364,pinnacle
seriea,2022,2023-01-08,Lecce @ Spezia,1X2,lecce,,3.41,0.3524,0.2933,9.08,lose,-1.0,0.334,pinnacle
seriea,2022,2023-01-09,Cremonese @ Verona,TOTAL,under,2.5,1.94,0.6091,0.5155,8.17,win,0.94,0.334,pinnacle
seriea,2022,2023-01-09,Atalanta @ Bologna,1X2,bologna,,3.58,0.3179,0.2793,6.21,lose,-1.0,0.364,pinnacle
seriea,2022,2023-01-13,Juventus @ Napoli,TOTAL,under,2.5,1.81,0.6771,0.5525,10.15,lose,-1.0,0.364,pinnacle
seriea,2022,2023-01-14,Monza @ Cremonese,1X2,monza,,2.78,0.3937,0.3597,4.25,win,1.7799999999999998,0.334,pinnacle
seriea,2022,2023-01-14,Monza @ Cremonese,TOTAL,under,2.5,1.82,0.6125,0.5495,5.17,lose,-1.0,0.334,pinnacle
seriea,2022,2023-01-14,Milan @ Lecce,1X2,lecce,,5.65,0.2867,0.177,27.89,lose,-1.0,0.334,pinnacle
seriea,2022,2023-01-14,Milan @ Lecce,1X2,draw,,3.76,0.2917,0.266,4.36,win,2.76,0.334,pinnacle
seriea,2022,2023-01-14,Milan @ Lecce,TOTAL,under,2.5,1.85,0.5903,0.5405,4.14,lose,-1.0,0.334,pinnacle
seriea,2022,2023-01-15,Lazio @ Sassuolo,TOTAL,under,2.5,2.11,0.5547,0.4739,7.66,win,1.1099999999999999,0.364,pinnacle
seriea,2022,2023-01-15,Spezia @ Torino,TOTAL,under,2.5,1.83,0.5917,0.5464,3.72,win,0.8300000000000001,0.364,pinnacle
seriea,2022,2023-01-15,Bologna @ Udinese,1X2,udinese,,1.93,0.5987,0.5181,7.0,lose,-1.0,0.364,pinnacle
seriea,2022,2023-01-15,Bologna @ Udinese,TOTAL,over,2.5,2.01,0.5535,0.4975,5.06,win,1.0099999999999998,0.364,pinnacle
seriea,2022,2023-01-15,Salernitana @ Atalanta,1X2,draw,,5.53,0.2242,0.1808,10.79,lose,-1.0,0.334,pinnacle
seriea,2022,2023-01-15,Fiorentina @ Roma,1X2,roma,,2.14,0.5053,0.4673,3.66,win,1.1400000000000001,0.364,pinnacle
seriea,2022,2023-01-15,Fiorentina @ Roma,TOTAL,under,2.5,1.82,0.6038,0.5495,4.46,win,0.8200000000000001,0.364,pinnacle
seriea,2022,2023-01-16,Sampdoria @ Empoli,1X2,empoli,,2.14,0.5685,0.4673,9.74,win,1.1400000000000001,0.364,pinnacle
seriea,2022,2023-01-16,Sampdoria @ Empoli,TOTAL,under,2.5,1.7,0.6783,0.5882,6.89,win,0.7,0.364,pinnacle
seriea,2022,2023-01-21,Lecce @ Verona,1X2,lecce,,3.91,0.3815,0.2558,22.12,lose,-1.0,0.334,pinnacle
seriea,2022,2023-01-21,Torino @ Fiorentina,1X2,torino,,4.65,0.2733,0.2151,12.19,win,3.6500000000000004,0.364,pinnacle
seriea,2022,2023-01-21,Torino @ Fiorentina,TOTAL,under,2.5,1.72,0.6354,0.5814,4.18,win,0.72,0.364,pinnacle
seriea,2022,2023-01-22,Udinese @ Sampdoria,1X2,udinese,,2.36,0.5528,0.4237,13.7,win,1.3599999999999999,0.364,pinnacle
seriea,2022,2023-01-22,Udinese @ Sampdoria,TOTAL,under,2.5,1.76,0.6307,0.5682,4.95,win,0.76,0.364,pinnacle
seriea,2022,2023-01-22,Sassuolo @ Monza,1X2,monza,,2.19,0.5194,0.4566,6.19,lose,-1.0,0.334,pinnacle
seriea,2022,2023-01-22,Sassuolo @ Monza,TOTAL,under,2.5,2.08,0.5163,0.4808,3.33,win,1.08,0.334,pinnacle
seriea,2022,2023-01-22,Roma @ Spezia,1X2,spezia,,5.62,0.2553,0.1779,19.56,lose,-1.0,0.364,pinnacle
seriea,2022,2023-01-22,Roma @ Spezia,TOTAL,under,2.5,1.81,0.641,0.5525,7.21,win,0.81,0.364,pinnacle
seriea,2022,2023-01-22,Atalanta @ Juventus,1X2,juventus,,2.19,0.5088,0.4566,5.14,lose,-1.0,0.364,pinnacle
seriea,2022,2023-01-22,Atalanta @ Juventus,TOTAL,under,2.5,1.85,0.5833,0.5405,3.56,lose,-1.0,0.364,pinnacle
seriea,2022,2023-01-23,Cremonese @ Bologna,1X2,bologna,,1.83,0.5943,0.5464,3.94,lose,-1.0,0.334,pinnacle
seriea,2022,2023-01-23,Cremonese @ Bologna,TOTAL,over,2.5,2.11,0.5078,0.4739,3.21,lose,-1.0,0.334,pinnacle
seriea,2022,2023-01-23,Empoli @ Inter,1X2,draw,,5.8,0.2095,0.1724,9.68,lose,-1.0,0.364,pinnacle
seriea,2022,2023-01-24,Milan @ Lazio,1X2,lazio,,2.83,0.4944,0.3534,17.96,win,1.83,0.364,pinnacle
seriea,2022,2023-01-27,Spezia @ Bologna,TOTAL,over,2.5,2.24,0.498,0.4464,5.2,lose,-1.0,0.364,pinnacle
seriea,2022,2023-01-27,Salernitana @ Lecce,1X2,salernitana,,5.03,0.2258,0.1988,6.1,win,4.03,0.334,pinnacle
seriea,2022,2023-01-28,Torino @ Empoli,1X2,empoli,,3.2,0.3629,0.3125,7.25,lose,-1.0,0.364,pinnacle
seriea,2022,2023-01-29,Roma @ Napoli,1X2,napoli,,1.79,0.6154,0.5587,4.57,win,0.79,0.364,pinnacle
seriea,2022,2023-01-30,Verona @ Udinese,1X2,udinese,,1.93,0.6295,0.5181,9.67,lose,-1.0,0.364,pinnacle
seriea,2022,2023-02-04,Lecce @ Cremonese,1X2,lecce,,3.02,0.3901,0.3311,8.02,win,2.02,0.334,pinnacle
seriea,2022,2023-02-04,Lecce @ Cremonese,TOTAL,under,2.5,1.61,0.6643,0.6211,3.13,win,0.6100000000000001,0.334,pinnacle
seriea,2022,2023-02-04,Empoli @ Roma,1X2,draw,,4.31,0.2905,0.232,11.34,lose,-1.0,0.364,pinnacle
seriea,2022,2023-02-05,Udinese @ Torino,1X2,udinese,,3.32,0.3332,0.3012,4.78,lose,-1.0,0.364,pinnacle
seriea,2022,2023-02-05,Udinese @ Torino,TOTAL,under,2.5,1.72,0.636,0.5814,4.23,win,0.72,0.364,pinnacle
seriea,2022,2023-02-05,Bologna @ Fiorentina,1X2,bologna,,4.74,0.2894,0.211,16.72,win,3.74,0.364,pinnacle
seriea,2022,2023-02-05,Milan @ Inter,1X2,milan,,4.31,0.2644,0.232,6.28,lose,-1.0,0.364,pinnacle
seriea,2022,2023-02-06,Lazio @ Verona,1X2,lazio,,1.97,0.6005,0.5076,8.23,lose,-1.0,0.364,pinnacle
seriea,2022,2023-02-06,Sampdoria @ Monza,1X2,monza,,1.85,0.6552,0.5405,9.54,lose,-1.0,0.334,pinnacle
seriea,2022,2023-02-07,Juventus @ Salernitana,1X2,draw,,4.37,0.2531,0.2288,4.76,lose,-1.0,0.334,pinnacle
seriea,2022,2023-02-10,Torino @ Milan,1X2,torino,,5.43,0.2483,0.1842,15.67,lose,-1.0,0.364,pinnacle
seriea,2022,2023-02-10,Torino @ Milan,TOTAL,over,2.5,2.23,0.4852,0.4484,3.69,lose,-1.0,0.364,pinnacle
seriea,2022,2023-02-11,Spezia @ Empoli,TOTAL,under,2.5,1.82,0.6428,0.5495,7.64,lose,-1.0,0.334,pinnacle
seriea,2022,2023-02-11,Roma @ Lecce,1X2,lecce,,4.19,0.2818,0.2387,8.13,lose,-1.0,0.334,pinnacle
seriea,2022,2023-02-11,Atalanta @ Lazio,1X2,lazio,,2.26,0.5183,0.4425,7.71,lose,-1.0,0.364,pinnacle
seriea,2022,2023-02-12,Sassuolo @ Udinese,1X2,udinese,,2.07,0.537,0.4831,5.03,lose,-1.0,0.364,pinnacle
seriea,2022,2023-02-12,Sassuolo @ Udinese,TOTAL,under,2.5,2.11,0.5316,0.4739,5.48,lose,-1.0,0.364,pinnacle
seriea,2022,2023-02-12,Monza @ Bologna,1X2,bologna,,2.43,0.4451,0.4115,3.67,lose,-1.0,0.334,pinnacle
seriea,2022,2023-02-12,Monza @ Bologna,TOTAL,over,2.5,2.14,0.5439,0.4673,7.38,lose,-1.0,0.334,pinnacle
seriea,2022,2023-02-12,Fiorentina @ Juventus,1X2,juventus,,1.76,0.6171,0.5682,3.88,win,0.76,0.364,pinnacle
seriea,2022,2023-02-13,Salernitana @ Verona,1X2,salernitana,,5.15,0.3082,0.1942,26.42,lose,-1.0,0.334,pinnacle
seriea,2022,2023-02-18,Bologna @ Sampdoria,1X2,bologna,,2.29,0.5003,0.4367,6.55,win,1.29,0.364,pinnacle
seriea,2022,2023-02-18,Milan @ Monza,1X2,monza,,3.56,0.3679,0.2809,13.94,lose,-1.0,0.334,pinnacle
seriea,2022,2023-02-18,Milan @ Monza,TOTAL,over,2.5,2.1,0.5795,0.4762,9.76,lose,-1.0,0.334,pinnacle
seriea,2022,2023-02-18,Udinese @ Inter,1X2,draw,,4.77,0.2455,0.2096,7.7,lose,-1.0,0.364,pinnacle
seriea,2022,2023-02-19,Lecce @ Atalanta,TOTAL,under,2.5,2.05,0.5211,0.4878,3.07,lose,-1.0,0.334,pinnacle
seriea,2022,2023-02-19,Empoli @ Fiorentina,1X2,draw,,3.97,0.3182,0.2519,11.85,win,2.97,0.364,pinnacle
seriea,2022,2023-02-19,Empoli @ Fiorentina,1X2,empoli,,5.31,0.2979,0.1883,26.17,lose,-1.0,0.364,pinnacle
seriea,2022,2023-02-19,Lazio @ Salernitana,1X2,lazio,,1.8,0.5948,0.5556,3.18,win,0.8,0.334,pinnacle
seriea,2022,2023-02-19,Verona @ Roma,1X2,roma,,1.78,0.6143,0.5618,4.2,win,0.78,0.364,pinnacle
seriea,2022,2023-02-20,Cremonese @ Torino,TOTAL,under,2.5,1.76,0.6368,0.5682,5.43,lose,-1.0,0.334,pinnacle
seriea,2022,2023-02-25,Napoli @ Empoli,TOTAL,under,2.5,2.22,0.5209,0.4505,7.04,win,1.2200000000000002,0.364,pinnacle
seriea,2022,2023-02-25,Sassuolo @ Lecce,1X2,lecce,,2.64,0.4638,0.3788,10.1,lose,-1.0,0.334,pinnacle
seriea,2022,2023-02-26,Inter @ Bologna,1X2,bologna,,5.15,0.2863,0.1942,21.35,win,4.15,0.364,pinnacle
seriea,2022,2023-02-26,Inter @ Bologna,TOTAL,over,2.5,1.96,0.5991,0.5102,7.84,lose,-1.0,0.364,pinnacle
seriea,2022,2023-02-26,Monza @ Salernitana,1X2,salernitana,,3.89,0.3199,0.2571,10.99,win,2.89,0.334,pinnacle
seriea,2022,2023-02-26,Spezia @ Udinese,1X2,udinese,,1.79,0.6117,0.5587,4.27,lose,-1.0,0.364,pinnacle
seriea,2022,2023-02-26,Atalanta @ Milan,1X2,atalanta,,3.44,0.3703,0.2907,12.32,lose,-1.0,0.364,pinnacle
seriea,2022,2023-02-26,Atalanta @ Milan,TOTAL,over,2.5,1.89,0.6162,0.5291,7.41,lose,-1.0,0.364,pinnacle
seriea,2022,2023-02-27,Fiorentina @ Verona,1X2,verona,,3.58,0.3414,0.2793,10.0,lose,-1.0,0.364,pinnacle
seriea,2022,2023-02-27,Fiorentina @ Verona,TOTAL,under,2.5,1.7,0.6302,0.5882,3.21,lose,-1.0,0.364,pinnacle
seriea,2022,2023-03-03,Lazio @ Napoli,TOTAL,under,2.5,1.93,0.5702,0.5181,4.52,win,0.9299999999999999,0.364,pinnacle
seriea,2022,2023-03-04,Empoli @ Monza,1X2,empoli,,4.38,0.2648,0.2283,7.2,lose,-1.0,0.334,pinnacle
seriea,2022,2023-03-04,Udinese @ Atalanta,1X2,udinese,,5.16,0.2327,0.1938,9.03,lose,-1.0,0.364,pinnacle
seriea,2022,2023-03-04,Milan @ Fiorentina,1X2,milan,,2.87,0.4053,0.3484,7.34,lose,-1.0,0.364,pinnacle
seriea,2022,2023-03-04,Milan @ Fiorentina,TOTAL,over,2.5,2.2,0.5031,0.4545,4.81,win,1.2000000000000002,0.364,pinnacle
seriea,2022,2023-03-05,Lecce @ Inter,1X2,draw,,4.75,0.2477,0.2105,7.95,lose,-1.0,0.334,pinnacle
seriea,2022,2023-03-05,Juventus @ Roma,1X2,juventus,,2.99,0.3607,0.3344,3.53,lose,-1.0,0.364,pinnacle
seriea,2022,2023-03-06,Bologna @ Torino,1X2,bologna,,3.63,0.3033,0.2755,4.54,lose,-1.0,0.364,pinnacle
seriea,2022,2023-03-10,Inter @ Spezia,1X2,draw,,4.78,0.2313,0.2092,4.76,lose,-1.0,0.364,pinnacle
seriea,2022,2023-03-11,Udinese @ Empoli,TOTAL,under,2.5,1.88,0.6067,0.5319,6.32,win,0.8799999999999999,0.364,pinnacle
seriea,2022,2023-03-11,Atalanta @ Napoli,1X2,napoli,,1.7,0.6788,0.5882,6.93,win,0.7,0.364,pinnacle
seriea,2022,2023-03-11,Lazio @ Bologna,1X2,lazio,,2.55,0.4987,0.3922,12.23,lose,-1.0,0.364,pinnacle
seriea,2022,2023-03-12,Torino @ Lecce,1X2,lecce,,2.84,0.3757,0.3521,3.02,lose,-1.0,0.334,pinnacle
seriea,2022,2023-03-12,Fiorentina @ Cremonese,1X2,cremonese,,5.17,0.2665,0.1934,17.0,lose,-1.0,0.334,pinnacle
seriea,2022,2023-03-12,Fiorentina @ Cremonese,1X2,draw,,3.93,0.2813,0.2545,4.75,lose,-1.0,0.334,pinnacle
seriea,2022,2023-03-12,Monza @ Verona,1X2,monza,,3.17,0.3871,0.3155,10.22,lose,-1.0,0.334,pinnacle
seriea,2022,2023-03-13,Salernitana @ Milan,1X2,draw,,6.13,0.1955,0.1631,8.94,win,5.13,0.334,pinnacle
seriea,2022,2023-03-13,Salernitana @ Milan,TOTAL,over,2.5,1.67,0.6464,0.5988,3.57,lose,-1.0,0.334,pinnacle
seriea,2022,2023-03-17,Spezia @ Sassuolo,TOTAL,under,2.5,2.23,0.4819,0.4484,3.36,win,1.23,0.364,pinnacle
seriea,2022,2023-03-17,Empoli @ Atalanta,1X2,draw,,5.0,0.2411,0.2,9.26,lose,-1.0,0.364,pinnacle
seriea,2022,2023-03-17,Empoli @ Atalanta,TOTAL,under,2.5,2.24,0.5291,0.4464,8.33,lose,-1.0,0.364,pinnacle
seriea,2022,2023-03-18,Cremonese @ Monza,1X2,monza,,1.99,0.5916,0.5025,7.98,lose,-1.0,0.334,pinnacle
seriea,2022,2023-03-18,Bologna @ Salernitana,1X2,salernitana,,3.62,0.3477,0.2762,11.64,lose,-1.0,0.334,pinnacle
seriea,2022,2023-03-18,Bologna @ Salernitana,TOTAL,over,2.5,2.24,0.5025,0.4464,5.66,win,1.2400000000000002,0.334,pinnacle
seriea,2022,2023-03-18,Milan @ Udinese,1X2,udinese,,3.79,0.3986,0.2639,22.99,win,2.79,0.364,pinnacle
seriea,2022,2023-03-19,Verona @ Sampdoria,TOTAL,under,2.5,1.61,0.7346,0.6211,8.22,lose,-1.0,0.364,pinnacle
seriea,2022,2023-03-19,Lecce @ Fiorentina,1X2,draw,,3.82,0.3016,0.2618,6.85,lose,-1.0,0.334,pinnacle
seriea,2022,2023-03-19,Lecce @ Fiorentina,TOTAL,under,2.5,1.76,0.6459,0.5682,6.16,win,0.76,0.334,pinnacle
seriea,2022,2023-03-19,Napoli @ Torino,1X2,napoli,,1.82,0.6122,0.5495,5.14,win,0.8200000000000001,0.364,pinnacle
seriea,2022,2023-03-19,Juventus @ Inter,1X2,juventus,,4.28,0.3594,0.2336,24.22,win,3.2800000000000002,0.364,pinnacle
seriea,2022,2023-04-01,Atalanta @ Cremonese,1X2,cremonese,,6.48,0.1765,0.1543,6.46,lose,-1.0,0.334,pinnacle
seriea,2022,2023-04-02,Udinese @ Bologna,1X2,udinese,,3.54,0.3622,0.2825,12.7,lose,-1.0,0.364,pinnacle
seriea,2022,2023-04-02,Lazio @ Monza,1X2,lazio,,2.19,0.5158,0.4566,5.83,win,1.19,0.334,pinnacle
seriea,2022,2023-04-02,Salernitana @ Spezia,1X2,salernitana,,3.32,0.3481,0.3012,7.01,lose,-1.0,0.334,pinnacle
seriea,2022,2023-04-02,Sampdoria @ Roma,1X2,draw,,5.01,0.2301,0.1996,6.88,lose,-1.0,0.364,pinnacle
seriea,2022,2023-04-02,Sampdoria @ Roma,TOTAL,under,2.5,1.81,0.6067,0.5525,4.41,lose,-1.0,0.364,pinnacle
seriea,2022,2023-04-03,Lecce @ Empoli,TOTAL,under,2.5,1.63,0.7035,0.6135,6.6,win,0.6299999999999999,0.334,pinnacle
seriea,2022,2023-04-03,Torino @ Sassuolo,1X2,sassuolo,,2.57,0.4199,0.3891,3.56,lose,-1.0,0.364,pinnacle
seriea,2022,2023-04-07,Empoli @ Milan,1X2,draw,,4.91,0.2355,0.2037,7.03,win,3.91,0.364,pinnacle
seriea,2022,2023-04-08,Spezia @ Fiorentina,1X2,draw,,4.86,0.264,0.2058,12.73,win,3.8600000000000003,0.364,pinnacle
seriea,2022,2023-04-08,Spezia @ Fiorentina,TOTAL,under,2.5,2.1,0.5891,0.4762,10.67,win,1.1,0.364,pinnacle
seriea,2022,2023-04-08,Bologna @ Atalanta,1X2,bologna,,5.68,0.2177,0.1761,10.64,win,4.68,0.364,pinnacle
seriea,2022,2023-04-08,Bologna @ Atalanta,TOTAL,over,2.5,1.99,0.5469,0.5025,3.97,lose,-1.0,0.364,pinnacle
seriea,2022,2023-04-08,Cremonese @ Sampdoria,1X2,draw,,3.38,0.3165,0.2959,3.14,lose,-1.0,0.334,pinnacle
seriea,2022,2023-04-08,Cremonese @ Sampdoria,1X2,cremonese,,3.52,0.3369,0.2841,8.37,win,2.52,0.334,pinnacle
seriea,2022,2023-04-08,Cremonese @ Sampdoria,TOTAL,under,2.5,1.73,0.6604,0.578,6.41,lose,-1.0,0.334,pinnacle
seriea,2022,2023-04-08,Roma @ Torino,1X2,roma,,2.64,0.4046,0.3788,3.07,win,1.6400000000000001,0.364,pinnacle
seriea,2022,2023-04-08,Sassuolo @ Verona,1X2,sassuolo,,3.16,0.4171,0.3165,14.31,lose,-1.0,0.364,pinnacle
seriea,2022,2023-04-08,Juventus @ Lazio,1X2,lazio,,2.98,0.414,0.3356,10.52,win,1.98,0.364,pinnacle
seriea,2022,2023-04-14,Empoli @ Cremonese,1X2,empoli,,3.59,0.3762,0.2786,15.78,lose,-1.0,0.334,pinnacle
seriea,2022,2023-04-14,Empoli @ Cremonese,TOTAL,under,2.5,1.81,0.6253,0.5525,5.93,win,0.81,0.334,pinnacle
seriea,2022,2023-04-14,Lazio @ Spezia,1X2,lazio,,1.84,0.6214,0.5435,6.45,win,0.8400000000000001,0.364,pinnacle
seriea,2022,2023-04-15,Milan @ Bologna,TOTAL,over,2.5,2.44,0.5389,0.4098,14.18,lose,-1.0,0.364,pinnacle
seriea,2022,2023-04-15,Verona @ Napoli,TOTAL,over,2.5,2.0,0.6066,0.5,9.6,lose,-1.0,0.364,pinnacle
seriea,2022,2023-04-16,Sampdoria @ Lecce,TOTAL,under,2.5,1.6,0.6884,0.625,4.56,win,0.6000000000000001,0.334,pinnacle
seriea,2022,2023-04-16,Salernitana @ Torino,1X2,salernitana,,6.48,0.254,0.1543,29.06,lose,-1.0,0.334,pinnacle
seriea,2022,2023-04-16,Juventus @ Sassuolo,1X2,juventus,,2.26,0.5215,0.4425,8.04,lose,-1.0,0.364,pinnacle
seriea,2022,2023-04-16,Udinese @ Roma,1X2,udinese,,4.97,0.2324,0.2012,6.98,lose,-1.0,0.364,pinnacle
seriea,2022,2023-04-17,Atalanta @ Fiorentina,1X2,atalanta,,3.22,0.3687,0.3106,8.43,lose,-1.0,0.364,pinnacle
seriea,2022,2023-04-17,Atalanta @ Fiorentina,TOTAL,under,2.5,2.04,0.5416,0.4902,4.72,win,1.04,0.364,pinnacle
seriea,2022,2023-04-21,Bologna @ Verona,1X2,bologna,,2.98,0.4437,0.3356,14.5,lose,-1.0,0.364,pinnacle
seriea,2022,2023-04-22,Sassuolo @ Salernitana,1X2,salernitana,,3.33,0.3622,0.3003,9.28,win,2.33,0.334,pinnacle
seriea,2022,2023-04-22,Torino @ Lazio,1X2,lazio,,2.0,0.6389,0.5,12.5,lose,-1.0,0.364,pinnacle
seriea,2022,2023-04-22,Spezia @ Sampdoria,TOTAL,under,2.5,1.78,0.6661,0.5618,8.36,win,0.78,0.364,pinnacle
seriea,2022,2023-04-23,Inter @ Empoli,1X2,empoli,,6.09,0.2422,0.1642,21.39,lose,-1.0,0.364,pinnacle
seriea,2022,2023-04-23,Inter @ Empoli,1X2,draw,,4.11,0.2866,0.2433,8.0,lose,-1.0,0.364,pinnacle
seriea,2022,2023-04-23,Inter @ Empoli,TOTAL,under,2.5,2.06,0.5963,0.4854,10.27,lose,-1.0,0.364,pinnacle
seriea,2022,2023-04-23,Fiorentina @ Monza,1X2,monza,,3.68,0.356,0.2717,13.95,win,2.68,0.334,pinnacle
seriea,2022,2023-04-23,Fiorentina @ Monza,TOTAL,under,2.5,1.81,0.5905,0.5525,3.1,lose,-1.0,0.334,pinnacle
seriea,2022,2023-04-23,Napoli @ Juventus,1X2,napoli,,2.61,0.4279,0.3831,5.26,win,1.6099999999999999,0.364,pinnacle
seriea,2022,2023-04-24,Roma @ Atalanta,1X2,roma,,3.18,0.3399,0.3145,3.64,lose,-1.0,0.364,pinnacle
seriea,2022,2023-04-28,Udinese @ Lecce,1X2,udinese,,4.04,0.3946,0.2475,26.73,lose,-1.0,0.334,pinnacle
seriea,2022,2023-04-28,Monza @ Spezia,1X2,monza,,2.76,0.4197,0.3623,7.13,win,1.7599999999999998,0.334,pinnacle
seriea,2022,2023-04-29,Milan @ Roma,1X2,roma,,2.78,0.4402,0.3597,10.08,lose,-1.0,0.364,pinnacle
seriea,2022,2023-04-30,Lazio @ Inter,TOTAL,under,2.5,1.79,0.607,0.5587,3.9,lose,-1.0,0.364,pinnacle
seriea,2022,2023-04-30,Verona @ Cremonese,1X2,cremonese,,3.5,0.3543,0.2857,10.81,lose,-1.0,0.334,pinnacle
seriea,2022,2023-04-30,Salernitana @ Napoli,TOTAL,over,2.5,1.65,0.654,0.6061,3.56,lose,-1.0,0.334,pinnacle
seriea,2022,2023-04-30,Empoli @ Sassuolo,TOTAL,under,2.5,2.12,0.5944,0.4717,11.71,lose,-1.0,0.364,pinnacle
seriea,2022,2023-04-30,Sampdoria @ Fiorentina,1X2,draw,,5.71,0.2461,0.1751,18.24,lose,-1.0,0.364,pinnacle
seriea,2022,2023-05-03,Lecce @ Juventus,1X2,draw,,3.83,0.2823,0.2611,3.65,lose,-1.0,0.334,pinnacle
seriea,2022,2023-05-03,Lecce @ Juventus,TOTAL,under,2.5,1.69,0.6755,0.5917,6.37,lose,-1.0,0.334,pinnacle
seriea,2022,2023-05-03,Fiorentina @ Salernitana,1X2,salernitana,,4.42,0.3034,0.2262,15.35,lose,-1.0,0.334,pinnacle
seriea,2022,2023-05-03,Fiorentina @ Salernitana,1X2,draw,,3.78,0.2877,0.2646,3.94,win,2.78,0.334,pinnacle
seriea,2022,2023-05-03,Fiorentina @ Salernitana,TOTAL,under,2.5,1.97,0.5704,0.5076,5.57,lose,-1.0,0.334,pinnacle
seriea,2022,2023-05-03,Torino @ Sampdoria,1X2,draw,,3.54,0.3062,0.2825,3.78,lose,-1.0,0.364,pinnacle
seriea,2022,2023-05-03,Torino @ Sampdoria,TOTAL,under,2.5,1.68,0.6978,0.5952,7.76,win,0.6799999999999999,0.364,pinnacle
seriea,2022,2023-05-03,Sassuolo @ Lazio,TOTAL,under,2.5,2.04,0.5724,0.4902,7.55,win,1.04,0.364,pinnacle
seriea,2022,2023-05-03,Roma @ Monza,1X2,monza,,4.18,0.3033,0.2392,12.05,lose,-1.0,0.334,pinnacle
seriea,2022,2023-05-03,Inter @ Verona,1X2,verona,,6.03,0.19,0.1658,6.57,lose,-1.0,0.364,pinnacle
seriea,2022,2023-05-03,Inter @ Verona,1X2,draw,,4.12,0.2762,0.2427,6.21,lose,-1.0,0.364,pinnacle
seriea,2022,2023-05-03,Inter @ Verona,TOTAL,under,2.5,1.78,0.6076,0.5618,3.66,lose,-1.0,0.364,pinnacle
seriea,2022,2023-05-04,Bologna @ Empoli,1X2,bologna,,2.87,0.4067,0.3484,7.53,lose,-1.0,0.364,pinnacle
seriea,2022,2023-05-06,Lazio @ Milan,1X2,draw,,3.62,0.3366,0.2762,9.83,lose,-1.0,0.364,pinnacle
seriea,2022,2023-05-06,Inter @ Roma,1X2,roma,,3.29,0.353,0.304,7.26,lose,-1.0,0.364,pinnacle
seriea,2022,2023-05-06,Inter @ Roma,TOTAL,under,2.5,1.66,0.6913,0.6024,6.64,win,0.6599999999999999,0.364,pinnacle
seriea,2022,2023-05-06,Spezia @ Cremonese,1X2,draw,,3.39,0.3237,0.295,4.38,lose,-1.0,0.334,pinnacle
seriea,2022,2023-05-07,Monza @ Torino,1X2,monza,,3.91,0.2986,0.2558,7.54,lose,-1.0,0.334,pinnacle
seriea,2022,2023-05-07,Fiorentina @ Napoli,1X2,napoli,,1.83,0.6608,0.5464,9.42,win,0.8300000000000001,0.364,pinnacle
seriea,2022,2023-05-07,Fiorentina @ Napoli,TOTAL,under,2.5,2.05,0.5842,0.4878,8.89,win,1.0499999999999998,0.364,pinnacle
seriea,2022,2023-05-08,Salernitana @ Empoli,1X2,salernitana,,4.21,0.3286,0.2375,17.26,lose,-1.0,0.334,pinnacle
seriea,2022,2023-05-08,Sampdoria @ Udinese,TOTAL,under,2.5,2.01,0.5353,0.4975,3.42,win,1.0099999999999998,0.364,pinnacle
seriea,2022,2023-05-12,Lecce @ Lazio,1X2,lazio,,1.74,0.6309,0.5747,4.4,lose,-1.0,0.334,pinnacle
seriea,2022,2023-05-13,Atalanta @ Salernitana,1X2,salernitana,,4.75,0.276,0.2105,14.0,win,3.75,0.334,pinnacle
seriea,2022,2023-05-13,Milan @ Spezia,1X2,milan,,1.92,0.5723,0.5208,4.45,lose,-1.0,0.364,pinnacle
seriea,2022,2023-05-14,Torino @ Verona,1X2,torino,,3.09,0.4009,0.3236,10.74,win,2.09,0.364,pinnacle
seriea,2022,2023-05-14,Udinese @ Fiorentina,1X2,udinese,,4.73,0.2932,0.2114,17.42,lose,-1.0,0.364,pinnacle
seriea,2022,2023-05-14,Udinese @ Fiorentina,TOTAL,under,2.5,1.98,0.5408,0.5051,3.19,win,0.98,0.364,pinnacle
seriea,2022,2023-05-14,Roma @ Bologna,1X2,roma,,3.18,0.3756,0.3145,8.74,lose,-1.0,0.364,pinnacle
seriea,2022,2023-05-15,Empoli @ Sampdoria,1X2,draw,,3.42,0.3194,0.2924,4.16,win,2.42,0.364,pinnacle
seriea,2022,2023-05-19,Monza @ Sassuolo,1X2,monza,,3.53,0.3523,0.2833,10.96,win,2.53,0.334,pinnacle
seriea,2022,2023-05-21,Spezia @ Lecce,TOTAL,under,2.5,1.63,0.6664,0.6135,3.88,win,0.6299999999999999,0.334,pinnacle
seriea,2022,2023-05-21,Fiorentina @ Torino,1X2,fiorentina,,4.1,0.3375,0.2439,17.27,lose,-1.0,0.364,pinnacle
seriea,2022,2023-05-21,Fiorentina @ Torino,TOTAL,under,2.5,1.71,0.6297,0.5848,3.46,win,0.71,0.364,pinnacle
seriea,2022,2023-05-21,Inter @ Napoli,1X2,napoli,,2.01,0.5627,0.4975,5.9,win,1.0099999999999998,0.364,pinnacle
seriea,2022,2023-05-21,Lazio @ Udinese,1X2,udinese,,4.12,0.2639,0.2427,3.93,lose,-1.0,0.364,pinnacle
seriea,2022,2023-05-21,Lazio @ Udinese,TOTAL,under,2.5,1.89,0.606,0.5291,6.54,win,0.8899999999999999,0.364,pinnacle
seriea,2022,2023-05-26,Sassuolo @ Sampdoria,1X2,draw,,4.1,0.272,0.2439,5.18,win,3.0999999999999996,0.364,pinnacle
seriea,2022,2023-05-27,Torino @ Spezia,1X2,torino,,3.0,0.4115,0.3333,10.56,win,2.0,0.364,pinnacle
seriea,2022,2023-05-27,Torino @ Spezia,TOTAL,under,2.5,1.67,0.666,0.5988,5.05,lose,-1.0,0.364,pinnacle
seriea,2022,2023-05-27,Roma @ Fiorentina,1X2,roma,,3.49,0.3219,0.2865,5.56,lose,-1.0,0.364,pinnacle
seriea,2022,2023-05-27,Atalanta @ Inter,TOTAL,over,2.5,1.76,0.6071,0.5682,3.08,win,0.76,0.364,pinnacle
seriea,2022,2023-05-28,Empoli @ Verona,1X2,draw,,3.68,0.3166,0.2717,7.43,win,2.68,0.334,pinnacle
seriea,2022,2023-05-28,Empoli @ Verona,1X2,empoli,,4.27,0.372,0.2342,26.48,lose,-1.0,0.334,pinnacle
seriea,2022,2023-05-28,Napoli @ Bologna,1X2,napoli,,1.99,0.5583,0.5025,5.0,lose,-1.0,0.364,pinnacle
seriea,2022,2023-05-28,Lecce @ Monza,1X2,monza,,2.29,0.4861,0.4367,5.09,lose,-1.0,0.334,pinnacle
seriea,2022,2023-05-28,Milan @ Juventus,1X2,juventus,,2.56,0.477,0.3906,9.95,lose,-1.0,0.364,pinnacle
seriea,2022,2023-06-02,Fiorentina @ Sassuolo,1X2,fiorentina,,2.74,0.4085,0.365,5.36,win,1.7400000000000002,0.364,pinnacle
seriea,2022,2023-06-03,Inter @ Torino,1X2,inter,,2.93,0.4226,0.3413,10.71,win,1.9300000000000002,0.364,pinnacle
seriea,2022,2023-06-03,Salernitana @ Cremonese,1X2,salernitana,,2.72,0.4373,0.3676,8.53,lose,-1.0,0.334,pinnacle
seriea,2022,2023-06-03,Lazio @ Empoli,1X2,draw,,3.85,0.2913,0.2597,5.47,lose,-1.0,0.364,pinnacle
seriea,2022,2023-06-04,Monza @ Atalanta,1X2,draw,,4.75,0.2468,0.2105,7.75,lose,-1.0,0.334,pinnacle
seriea,2022,2023-06-04,Monza @ Atalanta,1X2,monza,,5.96,0.233,0.1678,17.49,lose,-1.0,0.334,pinnacle
seriea,2022,2023-06-04,Bologna @ Lecce,1X2,draw,,3.46,0.312,0.289,3.57,lose,-1.0,0.334,pinnacle
seriea,2022,2023-06-04,Bologna @ Lecce,1X2,bologna,,2.86,0.3776,0.3497,3.6,win,1.8599999999999999,0.334,pinnacle
seriea,2022,2023-06-04,Bologna @ Lecce,TOTAL,under,2.5,1.92,0.6491,0.5208,11.08,lose,-1.0,0.334,pinnacle
seriea,2022,2023-06-04,Verona @ Milan,1X2,milan,,1.7,0.6776,0.5882,6.84,win,0.7,0.364,pinnacle
seriea,2022,2023-06-04,Spezia @ Roma,1X2,roma,,1.79,0.6359,0.5587,6.22,win,0.79,0.364,pinnacle
seriea,2022,2023-06-04,Spezia @ Roma,TOTAL,under,2.5,1.88,0.5741,0.5319,3.56,lose,-1.0,0.364,pinnacle
seriea,2022,2023-06-04,Juventus @ Udinese,1X2,udinese,,5.32,0.2838,0.188,22.94,lose,-1.0,0.364,pinnacle
seriea,2022,2023-06-04,Juventus @ Udinese,1X2,draw,,4.25,0.2906,0.2353,10.59,lose,-1.0,0.364,pinnacle
seriea,2022,2023-06-04,Juventus @ Udinese,TOTAL,under,2.5,1.92,0.5877,0.5208,5.78,win,0.9199999999999999,0.364,pinnacle
bundesliga,2022,2022-09-16,Hertha @ Mainz,1X2,draw,,3.9,0.2822,0.2564,4.52,win,2.9,0.364,pinnacle
bundesliga,2022,2022-09-16,Hertha @ Mainz,TOTAL,under,2.5,2.15,0.562,0.4651,9.37,win,1.15,0.364,pinnacle
bundesliga,2022,2022-09-17,Schalke 04 @ Dortmund,1X2,draw,,5.18,0.2681,0.1931,17.48,lose,-1.0,0.364,pinnacle
bundesliga,2022,2022-09-17,Ein Frankfurt @ Stuttgart,1X2,eintracht frankfurt,,2.86,0.454,0.3497,13.44,win,1.8599999999999999,0.364,pinnacle
bundesliga,2022,2022-09-17,RB Leipzig @ M'gladbach,1X2,borussia m gladbach,,3.18,0.3504,0.3145,5.15,win,2.18,0.364,pinnacle
bundesliga,2022,2022-09-18,Wolfsburg @ Union Berlin,1X2,union berlin,,2.08,0.6026,0.4808,11.41,win,1.08,0.364,pinnacle
bundesliga,2022,2022-09-18,Freiburg @ Hoffenheim,1X2,freiburg,,3.27,0.4495,0.3058,21.14,lose,-1.0,0.364,pinnacle
bundesliga,2022,2022-09-18,Freiburg @ Hoffenheim,TOTAL,under,2.5,2.41,0.5018,0.4149,9.42,win,1.4100000000000001,0.364,pinnacle
bundesliga,2022,2022-09-30,Leverkusen @ Bayern Munich,1X2,draw,,6.1,0.2081,0.1639,12.12,lose,-1.0,0.364,pinnacle
bundesliga,2022,2022-10-01,Union Berlin @ Ein Frankfurt,TOTAL,over,2.5,2.02,0.5986,0.495,9.42,lose,-1.0,0.364,pinnacle
bundesliga,2022,2022-10-01,Dortmund @ FC Koln,1X2,draw,,3.79,0.2879,0.2639,4.1,lose,-1.0,0.364,pinnacle
bundesliga,2022,2022-10-01,Mainz @ Freiburg,1X2,freiburg,,2.21,0.4884,0.4525,3.58,win,1.21,0.364,pinnacle
bundesliga,2022,2022-10-01,Mainz @ Freiburg,TOTAL,under,2.5,1.97,0.6282,0.5076,10.69,lose,-1.0,0.364,pinnacle
bundesliga,2022,2022-10-01,Stuttgart @ Wolfsburg,1X2,stuttgart,,2.93,0.4523,0.3413,14.63,lose,-1.0,0.364,pinnacle
bundesliga,2022,2022-10-01,Stuttgart @ Wolfsburg,TOTAL,under,2.5,1.95,0.5776,0.5128,5.68,lose,-1.0,0.364,pinnacle
bundesliga,2022,2022-10-01,M'gladbach @ Werder Bremen,1X2,borussia m gladbach,,2.53,0.5124,0.3953,13.34,lose,-1.0,0.364,pinnacle
bundesliga,2022,2022-10-01,M'gladbach @ Werder Bremen,TOTAL,under,2.5,2.51,0.4984,0.3984,11.3,lose,-1.0,0.364,pinnacle
bundesliga,2022,2022-10-02,Hoffenheim @ Hertha,1X2,hoffenheim,,2.42,0.4733,0.4132,6.54,lose,-1.0,0.364,pinnacle
bundesliga,2022,2022-10-02,Augsburg @ Schalke 04,1X2,draw,,3.88,0.2817,0.2577,4.18,lose,-1.0,0.364,pinnacle
bundesliga,2022,2022-10-02,Augsburg @ Schalke 04,1X2,augsburg,,4.18,0.3389,0.2392,18.74,win,3.1799999999999997,0.364,pinnacle
bundesliga,2022,2022-10-02,Augsburg @ Schalke 04,TOTAL,under,2.5,2.1,0.5405,0.4762,6.07,lose,-1.0,0.364,pinnacle
bundesliga,2022,2022-10-07,Werder Bremen @ Hoffenheim,1X2,werder bremen,,3.74,0.3382,0.2674,11.92,win,2.74,0.364,pinnacle
bundesliga,2022,2022-10-08,Wolfsburg @ Augsburg,1X2,augsburg,,2.95,0.3911,0.339,6.92,lose,-1.0,0.364,pinnacle
bundesliga,2022,2022-10-08,Ein Frankfurt @ Bochum,TOTAL,over,2.5,1.68,0.6774,0.5952,6.21,win,0.6799999999999999,0.334,pinnacle
bundesliga,2022,2022-10-08,Schalke 04 @ Leverkusen,1X2,draw,,5.23,0.248,0.1912,13.36,lose,-1.0,0.364,pinnacle
bundesliga,2022,2022-10-08,Bayern Munich @ Dortmund,1X2,bayern munich,,1.77,0.6292,0.565,5.11,lose,-1.0,0.364,pinnacle
bundesliga,2022,2022-10-09,FC Koln @ M'gladbach,1X2,cologne,,3.47,0.4118,0.2882,19.3,lose,-1.0,0.364,pinnacle
bundesliga,2022,2022-10-09,FC Koln @ M'gladbach,TOTAL,under,2.5,2.37,0.5083,0.4219,9.21,lose,-1.0,0.364,pinnacle
bundesliga,2022,2022-10-09,Freiburg @ Hertha,1X2,freiburg,,2.32,0.4748,0.431,4.57,lose,-1.0,0.364,pinnacle
bundesliga,2022,2022-10-14,Hoffenheim @ Schalke 04,1X2,hoffenheim,,2.11,0.5478,0.4739,7.01,win,1.1099999999999999,0.364,pinnacle
bundesliga,2022,2022-10-15,Leverkusen @ Ein Frankfurt,1X2,eintracht frankfurt,,2.63,0.4537,0.3802,8.69,win,1.63,0.364,pinnacle
bundesliga,2022,2022-10-15,Leverkusen @ Ein Frankfurt,TOTAL,over,2.5,1.68,0.6735,0.5952,5.92,win,0.6799999999999999,0.364,pinnacle
bundesliga,2022,2022-10-15,Bochum @ Stuttgart,1X2,bochum,,5.07,0.2533,0.1972,12.78,lose,-1.0,0.334,pinnacle
bundesliga,2022,2022-10-15,Mainz @ Werder Bremen,1X2,werder bremen,,2.29,0.5476,0.4367,11.43,lose,-1.0,0.364,pinnacle
bundesliga,2022,2022-10-15,M'gladbach @ Wolfsburg,1X2,borussia m gladbach,,2.44,0.5001,0.4098,9.91,lose,-1.0,0.364,pinnacle
bundesliga,2022,2022-10-15,Hertha @ RB Leipzig,1X2,draw,,4.74,0.2689,0.211,12.36,lose,-1.0,0.364,pinnacle
bundesliga,2022,2022-10-15,Hertha @ RB Leipzig,TOTAL,under,2.5,2.56,0.4998,0.3906,12.58,lose,-1.0,0.364,pinnacle
bundesliga,2022,2022-10-16,Augsburg @ FC Koln,1X2,draw,,4.47,0.2499,0.2237,5.26,lose,-1.0,0.364,pinnacle
bundesliga,2022,2022-10-16,Augsburg @ FC Koln,1X2,augsburg,,5.39,0.265,0.1855,19.28,lose,-1.0,0.364,pinnacle
bundesliga,2022,2022-10-16,Dortmund @ Union Berlin,TOTAL,under,2.5,1.91,0.5666,0.5236,3.7,win,0.9099999999999999,0.364,pinnacle
bundesliga,2022,2022-10-16,Freiburg @ Bayern Munich,1X2,draw,,5.23,0.2542,0.1912,14.83,lose,-1.0,0.364,pinnacle
bundesliga,2022,2022-10-21,FC Koln @ Mainz,1X2,cologne,,3.63,0.3718,0.2755,15.73,lose,-1.0,0.364,pinnacle
bundesliga,2022,2022-10-22,RB Leipzig @ Augsburg,1X2,augsburg,,5.28,0.3355,0.1894,34.72,lose,-1.0,0.364,pinnacle
bundesliga,2022,2022-10-22,RB Leipzig @ Augsburg,1X2,draw,,4.21,0.2597,0.2375,4.21,win,3.21,0.364,pinnacle
bundesliga,2022,2022-10-22,Stuttgart @ Dortmund,1X2,draw,,4.49,0.268,0.2227,9.15,lose,-1.0,0.364,pinnacle
bundesliga,2022,2022-10-22,Stuttgart @ Dortmund,1X2,stuttgart,,5.7,0.2937,0.1754,30.33,lose,-1.0,0.364,pinnacle
bundesliga,2022,2022-10-22,Stuttgart @ Dortmund,TOTAL,under,2.5,2.43,0.4997,0.4115,9.64,lose,-1.0,0.364,pinnacle
bundesliga,2022,2022-10-22,Werder Bremen @ Freiburg,1X2,werder bremen,,3.83,0.3436,0.2611,14.22,lose,-1.0,0.364,pinnacle
bundesliga,2022,2022-10-22,Bayern Munich @ Hoffenheim,1X2,hoffenheim,,5.22,0.2559,0.1916,15.12,lose,-1.0,0.364,pinnacle
bundesliga,2022,2022-10-22,Bayern Munich @ Hoffenheim,1X2,draw,,4.69,0.2556,0.2132,8.95,lose,-1.0,0.364,pinnacle
bundesliga,2022,2022-10-22,Wolfsburg @ Leverkusen,1X2,wolfsburg,,4.63,0.3075,0.216,19.07,lose,-1.0,0.364,pinnacle
bundesliga,2022,2022-10-22,Ein Frankfurt @ M'gladbach,1X2,borussia m gladbach,,2.74,0.4626,0.365,12.04,lose,-1.0,0.364,pinnacle
bundesliga,2022,2022-10-22,Ein Frankfurt @ M'gladbach,TOTAL,over,2.5,1.63,0.6937,0.6135,5.89,win,0.6299999999999999,0.364,pinnacle
bundesliga,2022,2022-10-23,Union Berlin @ Bochum,TOTAL,over,2.5,2.11,0.5126,0.4739,3.67,win,1.1099999999999999,0.334,pinnacle
bundesliga,2022,2022-10-29,Leverkusen @ RB Leipzig,1X2,bayer leverkusen,,5.01,0.2198,0.1996,4.56,lose,-1.0,0.364,pinnacle
bundesliga,2022,2022-10-29,Augsburg @ Stuttgart,1X2,draw,,4.49,0.2578,0.2227,7.08,lose,-1.0,0.364,pinnacle
bundesliga,2022,2022-10-29,Dortmund @ Ein Frankfurt,1X2,eintracht frankfurt,,2.61,0.4682,0.3831,9.99,lose,-1.0,0.364,pinnacle
bundesliga,2022,2022-10-29,Dortmund @ Ein Frankfurt,TOTAL,over,2.5,1.64,0.6551,0.6098,3.35,win,0.6399999999999999,0.364,pinnacle
bundesliga,2022,2022-10-30,M'gladbach @ Union Berlin,1X2,union berlin,,1.97,0.6129,0.5076,9.33,win,0.97,0.364,pinnacle
bundesliga,2022,2022-10-30,Hoffenheim @ FC Koln,1X2,cologne,,3.38,0.3511,0.2959,8.4,lose,-1.0,0.364,pinnacle
bundesliga,2022,2022-11-04,Stuttgart @ M'gladbach,1X2,borussia m gladbach,,2.33,0.5487,0.4292,12.54,win,1.33,0.364,pinnacle
bundesliga,2022,2022-11-05,Ein Frankfurt @ Augsburg,1X2,augsburg,,4.49,0.341,0.2227,23.89,lose,-1.0,0.364,pinnacle
bundesliga,2022,2022-11-05,Ein Frankfurt @ Augsburg,TOTAL,over,2.5,1.63,0.6558,0.6135,3.1,win,0.6299999999999999,0.364,pinnacle
bundesliga,2022,2022-11-05,RB Leipzig @ Hoffenheim,1X2,hoffenheim,,2.71,0.4835,0.369,13.96,lose,-1.0,0.364,pinnacle
bundesliga,2022,2022-11-05,Wolfsburg @ Mainz,1X2,wolfsburg,,3.86,0.2806,0.2591,3.73,win,2.86,0.364,pinnacle
bundesliga,2022,2022-11-05,Wolfsburg @ Mainz,TOTAL,over,2.5,1.85,0.5792,0.5405,3.21,win,0.8500000000000001,0.364,pinnacle
bundesliga,2022,2022-11-05,Schalke 04 @ Werder Bremen,TOTAL,over,2.5,1.64,0.6589,0.6098,3.63,win,0.6399999999999999,0.364,pinnacle
bundesliga,2022,2022-11-06,FC Koln @ Freiburg,1X2,cologne,,5.52,0.2116,0.1812,7.56,lose,-1.0,0.364,pinnacle
bundesliga,2022,2022-11-08,Dortmund @ Wolfsburg,1X2,wolfsburg,,3.0,0.3576,0.3333,3.28,win,2.0,0.364,pinnacle
bundesliga,2022,2022-11-08,Dortmund @ Wolfsburg,TOTAL,under,2.5,2.19,0.528,0.4566,7.04,win,1.19,0.364,pinnacle
bundesliga,2022,2022-11-08,Hertha @ Stuttgart,TOTAL,under,2.5,2.17,0.5041,0.4608,4.23,lose,-1.0,0.364,pinnacle
bundesliga,2022,2022-11-09,Leverkusen @ FC Koln,1X2,cologne,,3.25,0.4537,0.3077,21.35,lose,-1.0,0.364,pinnacle
bundesliga,2022,2022-11-09,Hoffenheim @ Ein Frankfurt,1X2,hoffenheim,,5.03,0.2649,0.1988,14.96,lose,-1.0,0.364,pinnacle
bundesliga,2022,2022-11-09,Freiburg @ RB Leipzig,1X2,freiburg,,4.73,0.2823,0.2114,15.09,lose,-1.0,0.364,pinnacle
bundesliga,2022,2022-11-09,Freiburg @ RB Leipzig,TOTAL,under,2.5,2.26,0.516,0.4425,7.48,lose,-1.0,0.364,pinnacle
bundesliga,2022,2022-11-09,Mainz @ Schalke 04,1X2,schalke 04,,3.71,0.3245,0.2695,9.17,win,2.71,0.364,pinnacle
bundesliga,2022,2022-11-11,Dortmund @ M'gladbach,1X2,borussia m gladbach,,3.47,0.408,0.2882,18.7,win,2.47,0.364,pinnacle
bundesliga,2022,2022-11-11,Dortmund @ M'gladbach,1X2,draw,,4.01,0.2874,0.2494,6.86,lose,-1.0,0.364,pinnacle
bundesliga,2022,2022-11-12,FC Koln @ Hertha,1X2,hertha berlin,,2.63,0.503,0.3802,14.53,win,1.63,0.364,pinnacle
bundesliga,2022,2022-11-12,FC Koln @ Hertha,TOTAL,under,2.5,2.22,0.5211,0.4505,7.06,win,1.2200000000000002,0.364,pinnacle
bundesliga,2022,2022-11-12,Wolfsburg @ Hoffenheim,1X2,draw,,3.72,0.2898,0.2688,3.51,lose,-1.0,0.364,pinnacle
bundesliga,2022,2022-11-12,Wolfsburg @ Hoffenheim,1X2,wolfsburg,,3.63,0.3034,0.2755,4.56,win,2.63,0.364,pinnacle
bundesliga,2022,2022-11-12,Stuttgart @ Leverkusen,1X2,stuttgart,,4.37,0.2777,0.2288,9.61,lose,-1.0,0.364,pinnacle
bundesliga,2022,2022-11-12,RB Leipzig @ Werder Bremen,1X2,werder bremen,,3.68,0.4164,0.2717,23.96,lose,-1.0,0.364,pinnacle
bundesliga,2022,2022-11-13,Ein Frankfurt @ Mainz,1X2,eintracht frankfurt,,2.64,0.4142,0.3788,4.21,lose,-1.0,0.364,pinnacle
bundesliga,2022,2022-11-13,Ein Frankfurt @ Mainz,TOTAL,over,2.5,1.74,0.6567,0.5747,6.42,lose,-1.0,0.364,pinnacle
bundesliga,2022,2022-11-13,Union Berlin @ Freiburg,1X2,union berlin,,4.21,0.2766,0.2375,7.4,lose,-1.0,0.364,pinnacle
bundesliga,2022,2022-11-13,Union Berlin @ Freiburg,TOTAL,under,2.5,1.71,0.633,0.5848,3.71,lose,-1.0,0.364,pinnacle
bundesliga,2022,2023-01-21,Hertha @ Bochum,1X2,hertha berlin,,3.23,0.4374,0.3096,18.58,lose,-1.0,0.334,pinnacle
bundesliga,2022,2023-01-21,Hoffenheim @ Union Berlin,1X2,union berlin,,2.29,0.511,0.4367,7.66,win,1.29,0.364,pinnacle
bundesliga,2022,2023-01-21,Hoffenheim @ Union Berlin,TOTAL,over,2.5,1.99,0.5432,0.5025,3.64,win,0.99,0.364,pinnacle
bundesliga,2022,2023-01-21,Freiburg @ Wolfsburg,1X2,freiburg,,3.37,0.3184,0.2967,3.29,lose,-1.0,0.364,pinnacle
bundesliga,2022,2023-01-21,Werder Bremen @ FC Koln,1X2,werder bremen,,3.78,0.3369,0.2646,12.3,lose,-1.0,0.364,pinnacle
bundesliga,2022,2023-01-21,Werder Bremen @ FC Koln,TOTAL,over,2.5,1.66,0.6648,0.6024,4.66,win,0.6599999999999999,0.364,pinnacle
bundesliga,2022,2023-01-22,Augsburg @ Dortmund,1X2,draw,,6.1,0.2158,0.1639,14.23,lose,-1.0,0.364,pinnacle
bundesliga,2022,2023-01-22,Leverkusen @ M'gladbach,TOTAL,over,2.5,1.63,0.6915,0.6135,5.72,win,0.6299999999999999,0.364,pinnacle
bundesliga,2022,2023-01-24,RB Leipzig @ Schalke 04,1X2,schalke 04,,6.24,0.1834,0.1603,6.49,lose,-1.0,0.364,pinnacle
bundesliga,2022,2023-01-24,Stuttgart @ Hoffenheim,1X2,hoffenheim,,2.14,0.5575,0.4673,8.68,lose,-1.0,0.364,pinnacle
bundesliga,2022,2023-01-24,Stuttgart @ Hoffenheim,TOTAL,under,2.5,2.19,0.5076,0.4566,5.02,lose,-1.0,0.364,pinnacle
bundesliga,2022,2023-01-25,Dortmund @ Mainz,1X2,mainz 05,,3.27,0.3983,0.3058,13.61,lose,-1.0,0.364,pinnacle
bundesliga,2022,2023-01-25,M'gladbach @ Augsburg,1X2,augsburg,,3.23,0.3656,0.3096,8.14,win,2.23,0.364,pinnacle
bundesliga,2022,2023-01-25,Ein Frankfurt @ Freiburg,1X2,eintracht frankfurt,,3.28,0.3501,0.3049,6.68,lose,-1.0,0.364,pinnacle
bundesliga,2022,2023-01-25,Ein Frankfurt @ Freiburg,TOTAL,over,2.5,1.82,0.6328,0.5495,6.83,lose,-1.0,0.364,pinnacle
bundesliga,2022,2023-01-25,Bochum @ Leverkusen,TOTAL,over,2.5,1.66,0.6724,0.6024,5.22,lose,-1.0,0.334,pinnacle
bundesliga,2022,2023-01-25,Union Berlin @ Werder Bremen,1X2,werder bremen,,3.05,0.3546,0.3279,3.67,lose,-1.0,0.364,pinnacle
bundesliga,2022,2023-01-28,Augsburg @ Freiburg,TOTAL,under,2.5,2.23,0.5684,0.4484,12.03,lose,-1.0,0.364,pinnacle
bundesliga,2022,2023-01-28,Union Berlin @ Hertha,1X2,hertha berlin,,3.86,0.2837,0.2591,4.28,lose,-1.0,0.364,pinnacle
bundesliga,2022,2023-01-28,Bochum @ Mainz,1X2,mainz 05,,1.84,0.6062,0.5435,5.19,win,0.8400000000000001,0.334,pinnacle
bundesliga,2022,2023-01-28,Bochum @ Mainz,TOTAL,under,2.5,2.04,0.5736,0.4902,7.65,lose,-1.0,0.334,pinnacle
bundesliga,2022,2023-01-28,Wolfsburg @ Werder Bremen,1X2,wolfsburg,,2.09,0.5274,0.4785,4.6,lose,-1.0,0.364,pinnacle
bundesliga,2022,2023-01-29,FC Koln @ Schalke 04,TOTAL,over,2.5,1.81,0.6132,0.5525,4.95,lose,-1.0,0.364,pinnacle
bundesliga,2022,2023-01-29,Dortmund @ Leverkusen,1X2,bayer leverkusen,,2.57,0.4425,0.3891,6.18,lose,-1.0,0.364,pinnacle
bundesliga,2022,2023-02-03,Leverkusen @ Augsburg,1X2,augsburg,,3.92,0.3836,0.2551,22.66,win,2.92,0.364,pinnacle
bundesliga,2022,2023-02-04,Hoffenheim @ Bochum,1X2,hoffenheim,,2.6,0.4363,0.3846,6.05,lose,-1.0,0.334,pinnacle
bundesliga,2022,2023-02-04,Freiburg @ Dortmund,1X2,freiburg,,5.02,0.254,0.1992,12.38,lose,-1.0,0.364,pinnacle
bundesliga,2022,2023-02-04,Hertha @ Ein Frankfurt,TOTAL,over,2.5,1.68,0.6506,0.5952,4.19,win,0.6799999999999999,0.364,pinnacle
bundesliga,2022,2023-02-04,RB Leipzig @ FC Koln,1X2,cologne,,3.87,0.3349,0.2584,13.32,lose,-1.0,0.364,pinnacle
bundesliga,2022,2023-02-04,RB Leipzig @ FC Koln,TOTAL,over,2.5,1.75,0.6606,0.5714,7.02,lose,-1.0,0.364,pinnacle
bundesliga,2022,2023-02-04,Mainz @ Union Berlin,1X2,union berlin,,1.95,0.5797,0.5128,5.87,win,0.95,0.364,pinnacle
bundesliga,2022,2023-02-04,Mainz @ Union Berlin,TOTAL,over,2.5,2.28,0.5658,0.4386,13.05,win,1.2799999999999998,0.364,pinnacle
bundesliga,2022,2023-02-04,Schalke 04 @ M'gladbach,TOTAL,over,2.5,1.6,0.6785,0.625,3.85,lose,-1.0,0.364,pinnacle
bundesliga,2022,2023-02-05,Werder Bremen @ Stuttgart,1X2,werder bremen,,4.53,0.3043,0.2208,17.02,win,3.5300000000000002,0.364,pinnacle
bundesliga,2022,2023-02-05,Werder Bremen @ Stuttgart,TOTAL,over,2.5,1.71,0.6347,0.5848,3.84,lose,-1.0,0.364,pinnacle
bundesliga,2022,2023-02-05,Bayern Munich @ Wolfsburg,1X2,wolfsburg,,5.73,0.297,0.1745,31.57,lose,-1.0,0.364,pinnacle
bundesliga,2022,2023-02-05,Bayern Munich @ Wolfsburg,1X2,draw,,4.69,0.2448,0.2132,6.67,lose,-1.0,0.364,pinnacle
bundesliga,2022,2023-02-10,Wolfsburg @ Schalke 04,1X2,wolfsburg,,2.11,0.6113,0.4739,13.04,lose,-1.0,0.364,pinnacle
bundesliga,2022,2023-02-11,Stuttgart @ Freiburg,1X2,freiburg,,2.15,0.5797,0.4651,11.09,win,1.15,0.364,pinnacle
bundesliga,2022,2023-02-11,Stuttgart @ Freiburg,TOTAL,over,2.5,1.97,0.5827,0.5076,6.66,win,0.97,0.364,pinnacle
bundesliga,2022,2023-02-11,Leverkusen @ Hoffenheim,1X2,hoffenheim,,2.71,0.4271,0.369,7.09,lose,-1.0,0.364,pinnacle
bundesliga,2022,2023-02-11,Leverkusen @ Hoffenheim,TOTAL,over,2.5,1.69,0.6331,0.5917,3.15,win,0.69,0.364,pinnacle
bundesliga,2022,2023-02-11,Dortmund @ Werder Bremen,1X2,werder bremen,,4.47,0.3397,0.2237,23.33,lose,-1.0,0.364,pinnacle
bundesliga,2022,2023-02-11,Union Berlin @ RB Leipzig,1X2,union berlin,,5.41,0.251,0.1848,16.1,win,4.41,0.364,pinnacle
bundesliga,2022,2023-02-11,Union Berlin @ RB Leipzig,TOTAL,over,2.5,2.17,0.5721,0.4608,10.87,win,1.17,0.364,pinnacle
bundesliga,2022,2023-02-12,M'gladbach @ Hertha,1X2,borussia m gladbach,,2.53,0.4494,0.3953,6.16,lose,-1.0,0.364,pinnacle
bundesliga,2022,2023-02-12,Ein Frankfurt @ FC Koln,1X2,eintracht frankfurt,,2.64,0.4114,0.3788,3.87,lose,-1.0,0.364,pinnacle
bundesliga,2022,2023-02-12,Ein Frankfurt @ FC Koln,TOTAL,over,2.5,1.78,0.634,0.5618,5.78,win,0.78,0.364,pinnacle
bundesliga,2022,2023-02-17,Hoffenheim @ Augsburg,1X2,augsburg,,2.7,0.466,0.3704,11.62,win,1.7000000000000002,0.364,pinnacle
bundesliga,2022,2023-02-18,Freiburg @ Bochum,1X2,freiburg,,2.58,0.4625,0.3876,8.7,win,1.58,0.334,pinnacle
bundesliga,2022,2023-02-18,Freiburg @ Bochum,TOTAL,over,2.5,1.93,0.6375,0.5181,10.37,lose,-1.0,0.334,pinnacle
bundesliga,2022,2023-02-18,FC Koln @ Stuttgart,1X2,cologne,,3.28,0.3838,0.3049,11.65,lose,-1.0,0.364,pinnacle
bundesliga,2022,2023-02-18,RB Leipzig @ Wolfsburg,1X2,wolfsburg,,3.08,0.4704,0.3247,20.2,lose,-1.0,0.364,pinnacle
bundesliga,2022,2023-02-18,RB Leipzig @ Wolfsburg,TOTAL,over,2.5,1.81,0.6086,0.5525,4.57,win,0.81,0.364,pinnacle
bundesliga,2022,2023-02-18,Werder Bremen @ Ein Frankfurt,TOTAL,over,2.5,1.62,0.7244,0.6173,7.81,lose,-1.0,0.364,pinnacle
bundesliga,2022,2023-02-19,Schalke 04 @ Union Berlin,TOTAL,over,2.5,2.13,0.5723,0.4695,9.86,lose,-1.0,0.364,pinnacle
bundesliga,2022,2023-02-19,Mainz @ Leverkusen,TOTAL,over,2.5,1.77,0.6129,0.565,3.82,win,0.77,0.364,pinnacle
bundesliga,2022,2023-02-24,M'gladbach @ Mainz,TOTAL,over,2.5,1.76,0.6541,0.5682,6.8,win,0.76,0.364,pinnacle
bundesliga,2022,2023-02-25,Wolfsburg @ FC Koln,1X2,wolfsburg,,3.17,0.3542,0.3155,5.52,win,2.17,0.364,pinnacle
bundesliga,2022,2023-02-25,Wolfsburg @ FC Koln,TOTAL,over,2.5,1.88,0.592,0.5319,5.08,lose,-1.0,0.364,pinnacle
bundesliga,2022,2023-02-25,Augsburg @ Hertha,1X2,augsburg,,3.64,0.3022,0.2747,4.5,lose,-1.0,0.364,pinnacle
bundesliga,2022,2023-02-25,Dortmund @ Hoffenheim,1X2,hoffenheim,,4.64,0.2767,0.2155,12.77,lose,-1.0,0.364,pinnacle
bundesliga,2022,2023-02-25,Ein Frankfurt @ RB Leipzig,1X2,eintracht frankfurt,,5.5,0.2424,0.1818,15.0,lose,-1.0,0.364,pinnacle
bundesliga,2022,2023-02-25,Ein Frankfurt @ RB Leipzig,TOTAL,over,2.5,1.71,0.6404,0.5848,4.28,win,0.71,0.364,pinnacle
bundesliga,2022,2023-02-25,Bochum @ Werder Bremen,1X2,werder bremen,,1.93,0.6257,0.5181,9.34,win,0.9299999999999999,0.334,pinnacle
bundesliga,2022,2023-02-25,Stuttgart @ Schalke 04,TOTAL,under,2.5,1.85,0.5833,0.5405,3.56,lose,-1.0,0.364,pinnacle
bundesliga,2022,2023-02-26,Leverkusen @ Freiburg,1X2,freiburg,,2.43,0.5182,0.4115,11.67,lose,-1.0,0.364,pinnacle
bundesliga,2022,2023-02-26,Leverkusen @ Freiburg,TOTAL,over,2.5,1.85,0.6271,0.5405,7.21,lose,-1.0,0.364,pinnacle
bundesliga,2022,2023-03-03,RB Leipzig @ Dortmund,1X2,borussia dortmund,,2.38,0.4921,0.4202,7.7,win,1.38,0.364,pinnacle
bundesliga,2022,2023-03-04,Schalke 04 @ Bochum,1X2,bochum,,2.69,0.4969,0.3717,15.15,lose,-1.0,0.334,pinnacle
bundesliga,2022,2023-03-04,Hoffenheim @ Mainz,1X2,mainz 05,,1.93,0.6117,0.5181,8.13,win,0.9299999999999999,0.364,pinnacle
bundesliga,2022,2023-03-04,Hoffenheim @ Mainz,TOTAL,over,2.5,1.71,0.6415,0.5848,4.36,lose,-1.0,0.364,pinnacle
bundesliga,2022,2023-03-04,Freiburg @ M'gladbach,TOTAL,over,2.5,1.76,0.6363,0.5682,5.39,lose,-1.0,0.364,pinnacle
bundesliga,2022,2023-03-04,FC Koln @ Union Berlin,1X2,union berlin,,2.08,0.5771,0.4808,9.02,lose,-1.0,0.364,pinnacle
bundesliga,2022,2023-03-04,FC Koln @ Union Berlin,TOTAL,over,2.5,2.31,0.5524,0.4329,12.42,lose,-1.0,0.364,pinnacle
bundesliga,2022,2023-03-05,Hertha @ Leverkusen,TOTAL,over,2.5,1.71,0.6271,0.5848,3.26,win,0.71,0.364,pinnacle
bundesliga,2022,2023-03-05,Ein Frankfurt @ Wolfsburg,1X2,wolfsburg,,2.47,0.492,0.4049,9.69,lose,-1.0,0.364,pinnacle
bundesliga,2022,2023-03-05,Ein Frankfurt @ Wolfsburg,TOTAL,over,2.5,1.85,0.6288,0.5405,7.35,win,0.8500000000000001,0.364,pinnacle
bundesliga,2022,2023-03-10,Bochum @ FC Koln,1X2,cologne,,1.75,0.6726,0.5714,7.97,lose,-1.0,0.334,pinnacle
bundesliga,2022,2023-03-10,Bochum @ FC Koln,TOTAL,over,2.5,1.9,0.6338,0.5263,9.19,lose,-1.0,0.334,pinnacle
bundesliga,2022,2023-03-11,Stuttgart @ Ein Frankfurt,TOTAL,over,2.5,1.86,0.6524,0.5376,9.61,lose,-1.0,0.364,pinnacle
bundesliga,2022,2023-03-11,Mainz @ Hertha,1X2,hertha berlin,,3.24,0.3368,0.3086,4.1,lose,-1.0,0.364,pinnacle
bundesliga,2022,2023-03-11,Mainz @ Hertha,TOTAL,over,2.5,1.91,0.5812,0.5236,4.95,lose,-1.0,0.364,pinnacle
bundesliga,2022,2023-03-11,Dortmund @ Schalke 04,1X2,borussia dortmund,,1.84,0.6203,0.5435,6.36,lose,-1.0,0.364,pinnacle
bundesliga,2022,2023-03-11,Dortmund @ Schalke 04,TOTAL,under,2.5,2.24,0.518,0.4464,7.21,lose,-1.0,0.364,pinnacle
bundesliga,2022,2023-03-12,Hoffenheim @ Freiburg,1X2,freiburg,,1.88,0.6001,0.5319,5.77,win,0.8799999999999999,0.364,pinnacle
bundesliga,2022,2023-03-12,Leverkusen @ Werder Bremen,1X2,werder bremen,,3.67,0.4216,0.2725,24.62,lose,-1.0,0.364,pinnacle
bundesliga,2022,2023-03-12,Leverkusen @ Werder Bremen,TOTAL,over,2.5,1.68,0.6662,0.5952,5.37,win,0.6799999999999999,0.364,pinnacle
bundesliga,2022,2023-03-12,Union Berlin @ Wolfsburg,1X2,wolfsburg,,2.79,0.4825,0.3584,15.57,lose,-1.0,0.364,pinnacle
bundesliga,2022,2023-03-12,Union Berlin @ Wolfsburg,TOTAL,over,2.5,2.32,0.5172,0.431,9.0,lose,-1.0,0.364,pinnacle
bundesliga,2022,2023-03-17,Werder Bremen @ M'gladbach,TOTAL,over,2.5,1.63,0.6865,0.6135,5.35,win,0.6299999999999999,0.364,pinnacle
bundesliga,2022,2023-03-18,RB Leipzig @ Bochum,TOTAL,over,2.5,1.72,0.6401,0.5814,4.54,lose,-1.0,0.334,pinnacle
bundesliga,2022,2023-03-18,Wolfsburg @ Stuttgart,TOTAL,over,2.5,1.99,0.5424,0.5025,3.58,lose,-1.0,0.364,pinnacle
bundesliga,2022,2023-03-19,Ein Frankfurt @ Union Berlin,1X2,union berlin,,2.38,0.4658,0.4202,4.89,win,1.38,0.364,pinnacle
bundesliga,2022,2023-03-19,Ein Frankfurt @ Union Berlin,TOTAL,over,2.5,2.36,0.5338,0.4237,11.69,lose,-1.0,0.364,pinnacle
bundesliga,2022,2023-03-19,Freiburg @ Mainz,1X2,freiburg,,4.03,0.2686,0.2481,3.71,lose,-1.0,0.364,pinnacle
bundesliga,2022,2023-03-19,Freiburg @ Mainz,TOTAL,over,2.5,2.01,0.5514,0.4975,4.87,lose,-1.0,0.364,pinnacle
bundesliga,2022,2023-03-31,Bochum @ Ein Frankfurt,TOTAL,over,2.5,1.72,0.7064,0.5814,9.67,lose,-1.0,0.334,pinnacle
bundesliga,2022,2023-04-01,Hertha @ Freiburg,1X2,freiburg,,1.88,0.6352,0.5319,8.73,lose,-1.0,0.364,pinnacle
bundesliga,2022,2023-04-01,Hertha @ Freiburg,TOTAL,over,2.5,1.98,0.5832,0.5051,6.96,lose,-1.0,0.364,pinnacle
bundesliga,2022,2023-04-01,Leverkusen @ Schalke 04,1X2,schalke 04,,4.4,0.2679,0.2273,8.05,lose,-1.0,0.364,pinnacle
bundesliga,2022,2023-04-01,Stuttgart @ Union Berlin,TOTAL,over,2.5,2.43,0.4963,0.4115,9.27,win,1.4300000000000002,0.364,pinnacle
bundesliga,2022,2023-04-01,Augsburg @ Wolfsburg,TOTAL,over,2.5,1.74,0.6151,0.5747,3.16,win,0.74,0.364,pinnacle
bundesliga,2022,2023-04-02,M'gladbach @ FC Koln,1X2,borussia m gladbach,,3.38,0.3398,0.2959,6.68,lose,-1.0,0.364,pinnacle
bundesliga,2022,2023-04-02,Hoffenheim @ Werder Bremen,1X2,werder bremen,,2.18,0.5276,0.4587,6.76,lose,-1.0,0.364,pinnacle
bundesliga,2022,2023-04-02,Hoffenheim @ Werder Bremen,TOTAL,over,2.5,1.79,0.6512,0.5587,7.45,win,0.79,0.364,pinnacle
bundesliga,2022,2023-04-08,Union Berlin @ Dortmund,1X2,union berlin,,5.33,0.2468,0.1876,14.21,lose,-1.0,0.364,pinnacle
bundesliga,2022,2023-04-08,Bayern Munich @ Freiburg,1X2,freiburg,,6.49,0.2507,0.1541,28.2,lose,-1.0,0.364,pinnacle
bundesliga,2022,2023-04-08,Bayern Munich @ Freiburg,1X2,draw,,4.91,0.2285,0.2037,5.48,lose,-1.0,0.364,pinnacle
bundesliga,2022,2023-04-08,Ein Frankfurt @ Leverkusen,1X2,eintracht frankfurt,,4.08,0.2877,0.2451,7.82,lose,-1.0,0.364,pinnacle
bundesliga,2022,2023-04-08,Ein Frankfurt @ Leverkusen,TOTAL,over,2.5,1.68,0.6545,0.5952,4.48,win,0.6799999999999999,0.364,pinnacle
bundesliga,2022,2023-04-08,Werder Bremen @ Mainz,TOTAL,over,2.5,1.74,0.6598,0.5747,6.66,win,0.74,0.364,pinnacle
bundesliga,2022,2023-04-08,RB Leipzig @ Hertha,1X2,hertha berlin,,5.48,0.2603,0.1825,19.19,lose,-1.0,0.364,pinnacle
bundesliga,2022,2023-04-09,Stuttgart @ Bochum,1X2,bochum,,3.25,0.4007,0.3077,13.6,lose,-1.0,0.334,pinnacle
bundesliga,2022,2023-04-09,Schalke 04 @ Hoffenheim,1X2,hoffenheim,,1.95,0.5912,0.5128,6.88,win,0.95,0.364,pinnacle
bundesliga,2022,2023-04-14,Hertha @ Schalke 04,1X2,hertha berlin,,3.26,0.3447,0.3067,5.57,lose,-1.0,0.364,pinnacle
bundesliga,2022,2023-04-15,Mainz @ FC Koln,TOTAL,over,2.5,2.06,0.5548,0.4854,6.43,lose,-1.0,0.364,pinnacle
bundesliga,2022,2023-04-15,Dortmund @ Stuttgart,1X2,borussia dortmund,,2.41,0.5132,0.4149,10.66,lose,-1.0,0.364,pinnacle
bundesliga,2022,2023-04-15,M'gladbach @ Ein Frankfurt,1X2,eintracht frankfurt,,1.95,0.561,0.5128,4.23,lose,-1.0,0.364,pinnacle
bundesliga,2022,2023-04-15,M'gladbach @ Ein Frankfurt,TOTAL,over,2.5,1.67,0.6442,0.5988,3.41,lose,-1.0,0.364,pinnacle
bundesliga,2022,2023-04-16,Freiburg @ Werder Bremen,1X2,werder bremen,,2.8,0.4002,0.3571,5.43,lose,-1.0,0.364,pinnacle
bundesliga,2022,2023-04-16,Freiburg @ Werder Bremen,TOTAL,over,2.5,1.93,0.5809,0.5181,5.45,win,0.9299999999999999,0.364,pinnacle
bundesliga,2022,2023-04-16,Leverkusen @ Wolfsburg,1X2,wolfsburg,,2.86,0.4978,0.3497,19.07,lose,-1.0,0.364,pinnacle
bundesliga,2022,2023-04-16,Leverkusen @ Wolfsburg,TOTAL,over,2.5,1.74,0.6252,0.5747,3.95,lose,-1.0,0.364,pinnacle
bundesliga,2022,2023-04-22,Wolfsburg @ Bochum,1X2,wolfsburg,,2.23,0.5145,0.4484,6.63,win,1.23,0.334,pinnacle
bundesliga,2022,2023-04-22,Wolfsburg @ Bochum,TOTAL,over,2.5,1.91,0.5655,0.5236,3.61,win,0.9099999999999999,0.334,pinnacle
bundesliga,2022,2023-04-22,Werder Bremen @ Hertha,1X2,werder bremen,,3.17,0.3487,0.3155,4.74,win,2.17,0.364,pinnacle
bundesliga,2022,2023-04-22,Werder Bremen @ Hertha,TOTAL,over,2.5,1.96,0.633,0.5102,10.83,win,0.96,0.364,pinnacle
bundesliga,2022,2023-04-22,FC Koln @ Hoffenheim,1X2,hoffenheim,,2.35,0.4751,0.4255,5.24,lose,-1.0,0.364,pinnacle
bundesliga,2022,2023-04-22,Bayern Munich @ Mainz,1X2,mainz 05,,6.26,0.2611,0.1597,28.55,win,5.26,0.364,pinnacle
bundesliga,2022,2023-04-23,Schalke 04 @ Freiburg,1X2,freiburg,,1.84,0.6465,0.5435,8.53,win,0.8400000000000001,0.364,pinnacle
bundesliga,2022,2023-04-23,Schalke 04 @ Freiburg,TOTAL,over,2.5,2.11,0.5074,0.4739,3.18,win,1.1099999999999999,0.364,pinnacle
bundesliga,2022,2023-04-23,RB Leipzig @ Leverkusen,1X2,bayer leverkusen,,2.72,0.4223,0.3676,6.69,win,1.7200000000000002,0.364,pinnacle
bundesliga,2022,2023-04-23,RB Leipzig @ Leverkusen,TOTAL,over,2.5,1.79,0.6074,0.5587,3.93,lose,-1.0,0.364,pinnacle
bundesliga,2022,2023-04-23,Union Berlin @ M'gladbach,1X2,union berlin,,3.02,0.3676,0.3311,4.95,win,2.02,0.364,pinnacle
bundesliga,2022,2023-04-29,Freiburg @ FC Koln,1X2,freiburg,,3.0,0.3613,0.3333,3.78,win,2.0,0.364,pinnacle
bundesliga,2022,2023-04-29,Freiburg @ FC Koln,TOTAL,over,2.5,2.15,0.5086,0.4651,4.21,lose,-1.0,0.364,pinnacle
bundesliga,2022,2023-04-29,M'gladbach @ Stuttgart,1X2,draw,,4.25,0.2593,0.2353,4.59,lose,-1.0,0.364,pinnacle
bundesliga,2022,2023-04-29,M'gladbach @ Stuttgart,1X2,borussia m gladbach,,4.82,0.344,0.2075,29.61,lose,-1.0,0.364,pinnacle
bundesliga,2022,2023-04-29,Werder Bremen @ Schalke 04,1X2,werder bremen,,2.8,0.4245,0.3571,8.49,lose,-1.0,0.364,pinnacle
bundesliga,2022,2023-04-30,Mainz @ Wolfsburg,1X2,wolfsburg,,2.28,0.51,0.4386,7.33,win,1.2799999999999998,0.364,pinnacle
bundesliga,2022,2023-04-30,Mainz @ Wolfsburg,TOTAL,over,2.5,1.88,0.5733,0.5319,3.5,win,0.8799999999999999,0.364,pinnacle
bundesliga,2022,2023-05-06,Stuttgart @ Hertha,1X2,hertha berlin,,3.02,0.4102,0.3311,10.75,win,2.02,0.364,pinnacle
bundesliga,2022,2023-05-07,Wolfsburg @ Dortmund,1X2,draw,,5.16,0.2247,0.1938,7.17,lose,-1.0,0.364,pinnacle
bundesliga,2022,2023-05-07,Wolfsburg @ Dortmund,1X2,wolfsburg,,5.36,0.2403,0.1866,12.97,lose,-1.0,0.364,pinnacle
bundesliga,2022,2023-05-12,Hertha @ FC Koln,1X2,cologne,,1.93,0.5821,0.5181,5.56,win,0.9299999999999999,0.364,pinnacle
bundesliga,2022,2023-05-12,Hertha @ FC Koln,TOTAL,over,2.5,1.85,0.5858,0.5405,3.77,win,0.8500000000000001,0.364,pinnacle
bundesliga,2022,2023-05-13,Augsburg @ Bochum,1X2,augsburg,,3.11,0.3723,0.3215,7.1,lose,-1.0,0.334,pinnacle
bundesliga,2022,2023-05-13,Hoffenheim @ Wolfsburg,1X2,wolfsburg,,1.98,0.6138,0.5051,9.69,win,0.98,0.364,pinnacle
bundesliga,2022,2023-05-14,Leverkusen @ Stuttgart,1X2,bayer leverkusen,,2.74,0.4039,0.365,4.8,lose,-1.0,0.364,pinnacle
bundesliga,2022,2023-05-20,Bochum @ Hertha,1X2,hertha berlin,,2.45,0.5426,0.4082,14.82,lose,-1.0,0.334,pinnacle
bundesliga,2022,2023-05-20,Bochum @ Hertha,TOTAL,over,2.5,1.71,0.6248,0.5848,3.08,lose,-1.0,0.334,pinnacle
bundesliga,2022,2023-05-20,Union Berlin @ Hoffenheim,1X2,union berlin,,3.35,0.3954,0.2985,14.61,lose,-1.0,0.364,pinnacle
bundesliga,2022,2023-05-20,Ein Frankfurt @ Schalke 04,1X2,eintracht frankfurt,,2.48,0.4765,0.4032,8.18,lose,-1.0,0.364,pinnacle
bundesliga,2022,2023-05-20,FC Koln @ Werder Bremen,1X2,werder bremen,,2.52,0.4693,0.3968,8.22,lose,-1.0,0.364,pinnacle
bundesliga,2022,2023-05-20,FC Koln @ Werder Bremen,TOTAL,over,2.5,1.68,0.6409,0.5952,3.45,lose,-1.0,0.364,pinnacle
bundesliga,2022,2023-05-21,Dortmund @ Augsburg,1X2,augsburg,,6.4,0.2373,0.1562,23.35,lose,-1.0,0.364,pinnacle
bundesliga,2022,2023-05-21,Dortmund @ Augsburg,1X2,draw,,5.62,0.217,0.1779,9.89,lose,-1.0,0.364,pinnacle
bundesliga,2022,2023-05-21,M'gladbach @ Leverkusen,1X2,draw,,6.15,0.2176,0.1626,15.21,win,5.15,0.364,pinnacle
bundesliga,2022,2023-05-27,Leverkusen @ Bochum,1X2,bochum,,4.48,0.2526,0.2232,5.93,win,3.4800000000000004,0.334,pinnacle
bundesliga,2022,2023-05-27,Leverkusen @ Bochum,1X2,draw,,4.62,0.2383,0.2165,4.54,lose,-1.0,0.334,pinnacle
bundesliga,2022,2023-05-27,Bayern Munich @ FC Koln,1X2,cologne,,5.94,0.2213,0.1684,14.16,lose,-1.0,0.364,pinnacle
bundesliga,2022,2023-05-27,Bayern Munich @ FC Koln,1X2,draw,,5.44,0.2172,0.1838,8.16,lose,-1.0,0.364,pinnacle
bundesliga,2022,2023-05-27,Augsburg @ M'gladbach,1X2,borussia m gladbach,,1.98,0.5715,0.5051,5.92,win,0.98,0.364,pinnacle
bundesliga,2022,2023-05-27,Hoffenheim @ Stuttgart,1X2,draw,,4.85,0.2498,0.2062,9.51,win,3.8499999999999996,0.364,pinnacle
bundesliga,2022,2023-05-27,Hoffenheim @ Stuttgart,1X2,hoffenheim,,5.77,0.2834,0.1733,28.59,lose,-1.0,0.364,pinnacle
ligue1,2022,2022-09-09,Troyes @ Lens,1X2,troyes,,5.93,0.2445,0.1686,20.24,lose,-1.0,0.334,pinnacle
ligue1,2022,2022-09-09,Troyes @ Lens,TOTAL,over,2.5,1.62,0.7349,0.6173,8.58,lose,-1.0,0.334,pinnacle
ligue1,2022,2022-09-10,Lille @ Marseille,TOTAL,over,2.5,1.83,0.5904,0.5464,3.62,win,0.8300000000000001,0.364,pinnacle
ligue1,2022,2022-09-11,Nantes @ Lorient,1X2,nantes,,3.14,0.3512,0.3185,4.62,lose,-1.0,0.364,pinnacle
ligue1,2022,2022-09-11,Reims @ Toulouse,1X2,reims,,2.95,0.4375,0.339,13.08,lose,-1.0,0.334,pinnacle
ligue1,2022,2022-09-11,Reims @ Toulouse,TOTAL,over,2.5,1.88,0.6491,0.5319,9.91,lose,-1.0,0.334,pinnacle
ligue1,2022,2022-09-11,Auxerre @ Rennes,1X2,draw,,5.0,0.2656,0.2,14.77,lose,-1.0,0.334,pinnacle
ligue1,2022,2022-09-11,Auxerre @ Rennes,TOTAL,under,2.5,2.37,0.4887,0.4219,7.12,lose,-1.0,0.334,pinnacle
ligue1,2022,2022-09-11,Lyon @ Monaco,TOTAL,over,2.5,1.6,0.6712,0.625,3.33,win,0.6000000000000001,0.364,pinnacle
ligue1,2022,2022-09-17,Strasbourg @ Montpellier,1X2,montpellier,,2.51,0.4329,0.3984,3.9,win,1.5099999999999998,0.364,pinnacle
ligue1,2022,2022-09-17,Toulouse @ Lille,1X2,toulouse,,4.86,0.3363,0.2058,28.56,lose,-1.0,0.364,pinnacle
ligue1,2022,2022-09-17,Toulouse @ Lille,TOTAL,over,2.5,1.68,0.6536,0.5952,4.41,win,0.6799999999999999,0.364,pinnacle
ligue1,2022,2022-09-18,Monaco @ Reims,1X2,reims,,3.23,0.3555,0.3096,6.67,lose,-1.0,0.364,pinnacle
ligue1,2022,2022-09-18,Monaco @ Reims,TOTAL,over,2.5,1.75,0.6311,0.5714,4.7,win,0.75,0.364,pinnacle
ligue1,2022,2022-09-18,Ajaccio @ Brest,1X2,ajaccio,,4.23,0.32,0.2364,15.92,win,3.2300000000000004,0.334,pinnacle
ligue1,2022,2022-09-18,Troyes @ Clermont,1X2,troyes,,3.3,0.3549,0.303,7.71,win,2.3,0.334,pinnacle
ligue1,2022,2022-09-18,Troyes @ Clermont,TOTAL,over,2.5,1.98,0.5894,0.5051,7.52,win,0.98,0.334,pinnacle
ligue1,2022,2022-09-18,Rennes @ Marseille,TOTAL,under,2.5,2.09,0.5899,0.4785,10.48,win,1.0899999999999999,0.364,pinnacle
ligue1,2022,2022-09-18,Angers @ Nice,1X2,draw,,4.13,0.2775,0.2421,6.57,lose,-1.0,0.364,pinnacle
ligue1,2022,2022-09-18,Angers @ Nice,1X2,angers,,5.55,0.2898,0.1802,27.38,win,4.55,0.364,pinnacle
ligue1,2022,2022-09-18,Angers @ Nice,TOTAL,under,2.5,2.0,0.5381,0.5,3.43,win,1.0,0.364,pinnacle
ligue1,2022,2022-09-18,Lens @ Nantes,1X2,lens,,2.03,0.582,0.4926,8.16,lose,-1.0,0.364,pinnacle
ligue1,2022,2022-10-01,Rennes @ Strasbourg,1X2,rennes,,2.21,0.5141,0.4525,6.13,win,1.21,0.364,pinnacle
ligue1,2022,2022-10-01,Rennes @ Strasbourg,TOTAL,under,2.5,1.98,0.6146,0.5051,9.76,lose,-1.0,0.364,pinnacle
ligue1,2022,2022-10-02,Lille @ Lorient,1X2,lorient,,3.12,0.433,0.3205,15.79,win,2.12,0.364,pinnacle
ligue1,2022,2022-10-02,Brest @ Auxerre,1X2,auxerre,,3.19,0.3372,0.3135,3.41,lose,-1.0,0.334,pinnacle
ligue1,2022,2022-10-02,Brest @ Auxerre,TOTAL,over,2.5,1.86,0.5864,0.5376,4.08,lose,-1.0,0.334,pinnacle
ligue1,2022,2022-10-02,Montpellier @ Toulouse,TOTAL,over,2.5,1.7,0.6906,0.5882,7.83,win,0.7,0.334,pinnacle
ligue1,2022,2022-10-02,Reims @ Troyes,1X2,troyes,,2.8,0.4332,0.3571,9.59,lose,-1.0,0.334,pinnacle
ligue1,2022,2022-10-02,Nantes @ Monaco,1X2,draw,,5.22,0.27,0.1916,18.42,lose,-1.0,0.364,pinnacle
ligue1,2022,2022-10-02,Nantes @ Monaco,TOTAL,under,2.5,2.33,0.4959,0.4292,6.99,lose,-1.0,0.364,pinnacle
ligue1,2022,2022-10-07,Toulouse @ Lyon,1X2,draw,,5.24,0.2468,0.1908,13.2,win,4.24,0.364,pinnacle
ligue1,2022,2022-10-08,Ajaccio @ Marseille,TOTAL,under,2.5,1.99,0.5859,0.5025,7.47,lose,-1.0,0.334,pinnacle
ligue1,2022,2022-10-09,Monaco @ Montpellier,1X2,montpellier,,4.31,0.347,0.232,22.3,lose,-1.0,0.364,pinnacle
ligue1,2022,2022-10-09,Strasbourg @ Angers,1X2,strasbourg,,2.76,0.4328,0.3623,8.75,win,1.7599999999999998,0.364,pinnacle
ligue1,2022,2022-10-09,Auxerre @ Clermont,TOTAL,over,2.5,2.08,0.5653,0.4808,7.92,win,1.08,0.334,pinnacle
ligue1,2022,2022-10-09,Nantes @ Rennes,1X2,draw,,4.6,0.2543,0.2174,7.64,lose,-1.0,0.364,pinnacle
ligue1,2022,2022-10-09,Nantes @ Rennes,TOTAL,under,2.5,2.27,0.5144,0.4405,7.55,lose,-1.0,0.364,pinnacle
ligue1,2022,2022-10-14,Lille @ Strasbourg,TOTAL,over,2.5,2.03,0.5621,0.4926,6.35,win,1.0299999999999998,0.364,pinnacle
ligue1,2022,2022-10-15,Reims @ Lorient,TOTAL,over,2.5,1.89,0.656,0.5291,10.8,lose,-1.0,0.364,pinnacle
ligue1,2022,2022-10-15,Montpellier @ Lens,1X2,draw,,4.87,0.2321,0.2053,5.86,lose,-1.0,0.364,pinnacle
ligue1,2022,2022-10-16,Angers @ Toulouse,1X2,angers,,4.22,0.2735,0.237,6.94,lose,-1.0,0.334,pinnacle
ligue1,2022,2022-10-16,Angers @ Toulouse,TOTAL,over,2.5,1.75,0.6128,0.5714,3.26,win,0.75,0.334,pinnacle
ligue1,2022,2022-10-16,Brest @ Nantes,1X2,brest,,3.48,0.3686,0.2874,12.72,lose,-1.0,0.364,pinnacle
ligue1,2022,2022-10-16,Brest @ Nantes,TOTAL,over,2.5,2.12,0.505,0.4717,3.17,win,1.12,0.364,pinnacle
ligue1,2022,2022-10-16,Lyon @ Rennes,TOTAL,under,2.5,2.22,0.4924,0.4505,4.19,lose,-1.0,0.364,pinnacle
ligue1,2022,2022-10-16,Ajaccio @ Troyes,1X2,troyes,,2.33,0.4628,0.4292,3.52,lose,-1.0,0.334,pinnacle
ligue1,2022,2022-10-16,Clermont @ Monaco,1X2,draw,,5.5,0.2472,0.1818,16.17,win,4.5,0.334,pinnacle
ligue1,2022,2022-10-16,Marseille @ Paris SG,1X2,draw,,5.22,0.2936,0.1916,23.96,lose,-1.0,0.364,pinnacle
ligue1,2022,2022-10-21,Paris SG @ Ajaccio,TOTAL,under,2.5,2.2,0.4951,0.4545,4.02,lose,-1.0,0.334,pinnacle
ligue1,2022,2022-10-22,Lyon @ Montpellier,1X2,montpellier,,3.72,0.3174,0.2688,8.13,lose,-1.0,0.364,pinnacle
ligue1,2022,2022-10-22,Lyon @ Montpellier,TOTAL,over,2.5,1.61,0.7012,0.6211,5.81,win,0.6100000000000001,0.364,pinnacle
ligue1,2022,2022-10-22,Lens @ Marseille,1X2,draw,,3.46,0.3268,0.289,5.89,lose,-1.0,0.364,pinnacle
ligue1,2022,2022-10-22,Lens @ Marseille,1X2,lens,,3.43,0.3244,0.2915,5.06,win,2.43,0.364,pinnacle
ligue1,2022,2022-10-23,Rennes @ Angers,TOTAL,over,2.5,1.74,0.6834,0.5747,8.51,win,0.74,0.364,pinnacle
ligue1,2022,2022-10-23,Brest @ Clermont,1X2,clermont foot,,2.17,0.5099,0.4608,4.79,lose,-1.0,0.334,pinnacle
ligue1,2022,2022-10-23,Brest @ Clermont,TOTAL,over,2.5,2.03,0.5662,0.4926,6.72,win,1.0299999999999998,0.334,pinnacle
ligue1,2022,2022-10-23,Auxerre @ Reims,1X2,auxerre,,4.45,0.3282,0.2247,20.72,lose,-1.0,0.334,pinnacle
ligue1,2022,2022-10-23,Nantes @ Nice,1X2,nantes,,3.86,0.3499,0.2591,15.78,lose,-1.0,0.364,pinnacle
ligue1,2022,2022-10-23,Monaco @ Lille,1X2,monaco,,2.66,0.4413,0.3759,7.82,lose,-1.0,0.364,pinnacle
ligue1,2022,2022-10-23,Monaco @ Lille,TOTAL,over,2.5,1.69,0.6588,0.5917,5.1,win,0.69,0.364,pinnacle
ligue1,2022,2022-10-29,Marseille @ Strasbourg,1X2,marseille,,2.11,0.6071,0.4739,12.65,lose,-1.0,0.364,pinnacle
ligue1,2022,2022-10-29,Marseille @ Strasbourg,TOTAL,under,2.5,1.99,0.5779,0.5025,6.75,lose,-1.0,0.364,pinnacle
ligue1,2022,2022-10-30,Reims @ Brest,1X2,reims,,2.62,0.4311,0.3817,5.83,lose,-1.0,0.364,pinnacle
ligue1,2022,2022-10-30,Reims @ Brest,TOTAL,over,2.5,1.94,0.5681,0.5155,4.59,lose,-1.0,0.364,pinnacle
ligue1,2022,2022-10-30,Montpellier @ Rennes,1X2,draw,,5.71,0.2081,0.1751,8.46,lose,-1.0,0.364,pinnacle
ligue1,2022,2022-10-30,Nice @ Lorient,1X2,lorient,,2.8,0.4853,0.3571,16.15,lose,-1.0,0.364,pinnacle
ligue1,2022,2022-10-30,Lille @ Lyon,1X2,lille,,3.85,0.3699,0.2597,19.09,lose,-1.0,0.364,pinnacle
ligue1,2022,2022-10-30,Lille @ Lyon,TOTAL,over,2.5,1.62,0.6881,0.6173,5.16,lose,-1.0,0.364,pinnacle
ligue1,2022,2022-11-04,Auxerre @ Troyes,1X2,troyes,,2.1,0.5123,0.4762,3.41,lose,-1.0,0.334,pinnacle
ligue1,2022,2022-11-05,Strasbourg @ Ajaccio,1X2,strasbourg,,2.64,0.4175,0.3788,4.6,lose,-1.0,0.334,pinnacle
ligue1,2022,2022-11-06,Paris SG @ Lorient,1X2,draw,,5.75,0.1964,0.1739,5.82,lose,-1.0,0.364,pinnacle
ligue1,2022,2022-11-06,Montpellier @ Clermont,TOTAL,over,2.5,1.85,0.6489,0.5405,9.02,lose,-1.0,0.334,pinnacle
ligue1,2022,2022-11-06,Brest @ Nice,1X2,brest,,4.49,0.2717,0.2227,9.91,lose,-1.0,0.364,pinnacle
ligue1,2022,2022-11-06,Brest @ Nice,TOTAL,under,2.5,1.93,0.5571,0.5181,3.39,win,0.9299999999999999,0.364,pinnacle
ligue1,2022,2022-11-06,Nantes @ Reims,1X2,nantes,,3.51,0.3571,0.2849,11.41,lose,-1.0,0.364,pinnacle
ligue1,2022,2022-11-06,Monaco @ Toulouse,1X2,monaco,,2.19,0.5031,0.4566,4.58,win,1.19,0.334,pinnacle
ligue1,2022,2022-11-06,Rennes @ Lille,TOTAL,over,2.5,1.75,0.6496,0.5714,6.16,lose,-1.0,0.364,pinnacle
ligue1,2022,2022-11-06,Lyon @ Marseille,TOTAL,under,2.5,2.15,0.5486,0.4651,8.08,win,1.15,0.364,pinnacle
ligue1,2022,2022-11-11,Nice @ Lyon,1X2,draw,,3.82,0.2941,0.2618,5.56,win,2.82,0.364,pinnacle
ligue1,2022,2022-11-11,Nice @ Lyon,1X2,nice,,4.92,0.2764,0.2033,16.19,lose,-1.0,0.364,pinnacle
ligue1,2022,2022-11-11,Nice @ Lyon,TOTAL,under,2.5,2.09,0.6026,0.4785,11.67,win,1.0899999999999999,0.364,pinnacle
ligue1,2022,2022-11-12,Clermont @ Lens,1X2,draw,,4.55,0.249,0.2198,5.98,lose,-1.0,0.334,pinnacle
ligue1,2022,2022-11-13,Troyes @ Brest,TOTAL,over,2.5,1.74,0.6694,0.5747,7.42,win,0.74,0.334,pinnacle
ligue1,2022,2022-11-13,Angers @ Lille,1X2,draw,,5.96,0.1948,0.1678,7.23,lose,-1.0,0.364,pinnacle
ligue1,2022,2022-11-13,Angers @ Lille,TOTAL,over,2.5,1.63,0.7078,0.6135,6.92,lose,-1.0,0.364,pinnacle
ligue1,2022,2022-11-13,Reims @ Montpellier,1X2,montpellier,,2.97,0.4041,0.3367,9.01,lose,-1.0,0.364,pinnacle
ligue1,2022,2022-11-13,Reims @ Montpellier,TOTAL,over,2.5,1.85,0.5811,0.5405,3.37,lose,-1.0,0.364,pinnacle
ligue1,2022,2022-11-13,Ajaccio @ Nantes,1X2,ajaccio,,3.91,0.3072,0.2558,9.05,lose,-1.0,0.334,pinnacle
ligue1,2022,2022-11-13,Lorient @ Strasbourg,TOTAL,over,2.5,1.81,0.6056,0.5525,4.33,lose,-1.0,0.364,pinnacle
ligue1,2022,2022-11-13,Marseille @ Monaco,1X2,marseille,,3.03,0.4319,0.33,13.89,win,2.03,0.364,pinnacle
ligue1,2022,2022-11-13,Marseille @ Monaco,TOTAL,under,2.5,2.23,0.5313,0.4484,8.31,lose,-1.0,0.364,pinnacle
ligue1,2022,2022-12-28,Angers @ Ajaccio,TOTAL,over,2.5,2.27,0.4958,0.4405,5.64,lose,-1.0,0.334,pinnacle
ligue1,2022,2022-12-28,Nantes @ Troyes,1X2,troyes,,2.75,0.4439,0.3636,9.93,lose,-1.0,0.334,pinnacle
ligue1,2022,2022-12-28,Nantes @ Troyes,TOTAL,over,2.5,1.85,0.6419,0.5405,8.44,lose,-1.0,0.334,pinnacle
ligue1,2022,2022-12-28,Monaco @ Auxerre,TOTAL,over,2.5,1.76,0.6359,0.5682,5.36,win,0.76,0.334,pinnacle
ligue1,2022,2022-12-28,Lille @ Clermont,1X2,clermont foot,,4.61,0.3108,0.2169,19.47,lose,-1.0,0.334,pinnacle
ligue1,2022,2022-12-28,Lille @ Clermont,TOTAL,over,2.5,1.88,0.5994,0.5319,5.71,lose,-1.0,0.334,pinnacle
ligue1,2022,2022-12-28,Lyon @ Brest,1X2,lyon,,2.26,0.53,0.4425,8.9,win,1.2599999999999998,0.364,pinnacle
ligue1,2022,2022-12-29,Montpellier @ Lorient,1X2,montpellier,,4.37,0.2751,0.2288,9.1,win,3.37,0.364,pinnacle
ligue1,2022,2022-12-29,Montpellier @ Lorient,TOTAL,over,2.5,1.79,0.6813,0.5587,9.88,lose,-1.0,0.364,pinnacle
ligue1,2022,2022-12-29,Toulouse @ Marseille,1X2,draw,,5.32,0.2246,0.188,8.76,lose,-1.0,0.364,pinnacle
ligue1,2022,2022-12-29,Lens @ Nice,TOTAL,under,2.5,1.72,0.6881,0.5814,8.26,win,0.72,0.364,pinnacle
ligue1,2022,2023-01-01,Lorient @ Angers,TOTAL,over,2.5,1.92,0.5734,0.5208,4.54,win,0.9199999999999999,0.364,pinnacle
ligue1,2022,2023-01-01,Auxerre @ Nantes,1X2,auxerre,,4.79,0.2651,0.2088,12.14,lose,-1.0,0.334,pinnacle
ligue1,2022,2023-01-01,Ajaccio @ Toulouse,1X2,ajaccio,,3.8,0.3702,0.2632,18.31,lose,-1.0,0.334,pinnacle
ligue1,2022,2023-01-01,Clermont @ Lyon,1X2,clermont foot,,5.85,0.2297,0.1709,15.48,win,4.85,0.334,pinnacle
ligue1,2022,2023-01-01,Paris SG @ Lens,1X2,draw,,3.58,0.3182,0.2793,6.26,lose,-1.0,0.364,pinnacle
ligue1,2022,2023-01-02,Troyes @ Strasbourg,TOTAL,over,2.5,1.88,0.6332,0.5319,8.57,win,0.8799999999999999,0.334,pinnacle
ligue1,2022,2023-01-02,Reims @ Lille,1X2,reims,,5.76,0.2641,0.1736,23.45,lose,-1.0,0.364,pinnacle
ligue1,2022,2023-01-02,Nice @ Rennes,TOTAL,under,2.5,2.02,0.5894,0.495,8.58,lose,-1.0,0.364,pinnacle
ligue1,2022,2023-01-11,Toulouse @ Auxerre,1X2,toulouse,,2.49,0.4489,0.4016,5.3,win,1.4900000000000002,0.334,pinnacle
ligue1,2022,2023-01-11,Toulouse @ Auxerre,TOTAL,over,2.5,1.9,0.5893,0.5263,5.39,win,0.8999999999999999,0.334,pinnacle
ligue1,2022,2023-01-11,Lille @ Brest,TOTAL,over,2.5,1.89,0.6115,0.5291,7.01,lose,-1.0,0.364,pinnacle
ligue1,2022,2023-01-11,Rennes @ Clermont,1X2,rennes,,1.97,0.5543,0.5076,4.14,lose,-1.0,0.334,pinnacle
ligue1,2022,2023-01-11,Lyon @ Nantes,TOTAL,under,2.5,2.02,0.5389,0.495,3.99,win,1.02,0.364,pinnacle
ligue1,2022,2023-01-11,Monaco @ Lorient,1X2,lorient,,4.47,0.348,0.2237,24.99,lose,-1.0,0.364,pinnacle
ligue1,2022,2023-01-11,Monaco @ Lorient,TOTAL,over,2.5,1.74,0.6331,0.5747,4.57,win,0.74,0.364,pinnacle
ligue1,2022,2023-01-11,Montpellier @ Nice,1X2,montpellier,,4.56,0.34,0.2193,24.77,lose,-1.0,0.364,pinnacle
ligue1,2022,2023-01-11,Marseille @ Troyes,TOTAL,over,2.5,1.76,0.6473,0.5682,6.26,lose,-1.0,0.334,pinnacle
ligue1,2022,2023-01-14,Auxerre @ Lens,TOTAL,under,2.5,2.09,0.5125,0.4785,3.2,win,1.0899999999999999,0.334,pinnacle
ligue1,2022,2023-01-14,Lorient @ Marseille,1X2,draw,,4.96,0.2408,0.2016,8.75,lose,-1.0,0.364,pinnacle
ligue1,2022,2023-01-14,Lorient @ Marseille,TOTAL,under,2.5,2.44,0.5023,0.4098,10.16,lose,-1.0,0.364,pinnacle
ligue1,2022,2023-01-14,Strasbourg @ Lyon,TOTAL,under,2.5,2.25,0.5146,0.4444,7.11,lose,-1.0,0.364,pinnacle
ligue1,2022,2023-01-15,Troyes @ Lille,TOTAL,over,2.5,1.63,0.6738,0.6135,4.43,win,0.6299999999999999,0.334,pinnacle
ligue1,2022,2023-01-15,Nantes @ Montpellier,1X2,nantes,,3.19,0.3454,0.3135,4.58,win,2.19,0.364,pinnacle
ligue1,2022,2023-01-15,Nice @ Reims,1X2,nice,,3.18,0.3656,0.3145,7.31,lose,-1.0,0.364,pinnacle
ligue1,2022,2023-01-15,Nice @ Reims,TOTAL,under,2.5,1.8,0.6349,0.5556,6.42,win,0.8,0.364,pinnacle
ligue1,2022,2023-01-15,Brest @ Toulouse,1X2,brest,,4.46,0.2539,0.2242,5.97,lose,-1.0,0.334,pinnacle
ligue1,2022,2023-01-15,Brest @ Toulouse,TOTAL,over,2.5,1.8,0.6074,0.5556,4.2,lose,-1.0,0.334,pinnacle
ligue1,2022,2023-01-15,Paris SG @ Rennes,1X2,rennes,,5.42,0.2121,0.1845,6.73,win,4.42,0.364,pinnacle
ligue1,2022,2023-01-27,Rennes @ Lorient,1X2,lorient,,4.25,0.2742,0.2353,7.44,win,3.25,0.364,pinnacle
ligue1,2022,2023-01-27,Rennes @ Lorient,TOTAL,over,2.5,1.99,0.586,0.5025,7.48,win,0.99,0.364,pinnacle
ligue1,2022,2023-01-28,Monaco @ Marseille,1X2,marseille,,2.04,0.5237,0.4902,3.07,lose,-1.0,0.364,pinnacle
ligue1,2022,2023-01-28,Monaco @ Marseille,TOTAL,over,2.5,1.78,0.6063,0.5618,3.56,lose,-1.0,0.364,pinnacle
ligue1,2022,2023-01-29,Montpellier @ Auxerre,TOTAL,over,2.5,2.02,0.6213,0.495,11.48,lose,-1.0,0.334,pinnacle
ligue1,2022,2023-01-29,Toulouse @ Strasbourg,1X2,toulouse,,3.08,0.3952,0.3247,9.77,win,2.08,0.364,pinnacle
ligue1,2022,2023-01-29,Toulouse @ Strasbourg,TOTAL,over,2.5,1.8,0.6334,0.5556,6.3,win,0.8,0.364,pinnacle
ligue1,2022,2023-02-01,Ajaccio @ Angers,1X2,ajaccio,,3.54,0.3562,0.2825,11.74,win,2.54,0.334,pinnacle
ligue1,2022,2023-02-01,Clermont @ Lille,1X2,draw,,4.04,0.2676,0.2475,3.65,win,3.04,0.334,pinnacle
ligue1,2022,2023-02-01,Clermont @ Lille,TOTAL,under,2.5,2.05,0.5366,0.4878,4.5,win,1.0499999999999998,0.334,pinnacle
ligue1,2022,2023-02-01,Marseille @ Nantes,TOTAL,under,2.5,1.94,0.6237,0.5155,9.45,win,0.94,0.364,pinnacle
ligue1,2022,2023-02-01,Lorient @ Reims,1X2,draw,,3.8,0.2837,0.2632,3.51,lose,-1.0,0.364,pinnacle
ligue1,2022,2023-02-01,Lorient @ Reims,TOTAL,under,2.5,1.94,0.5519,0.5155,3.18,lose,-1.0,0.364,pinnacle
ligue1,2022,2023-02-01,Troyes @ Toulouse,1X2,troyes,,5.35,0.3337,0.1869,35.34,lose,-1.0,0.334,pinnacle
ligue1,2022,2023-02-01,Troyes @ Toulouse,TOTAL,over,2.5,1.68,0.7013,0.5952,8.01,win,0.6799999999999999,0.334,pinnacle
ligue1,2022,2023-02-01,Nice @ Lens,1X2,draw,,3.45,0.3118,0.2899,3.41,lose,-1.0,0.364,pinnacle
ligue1,2022,2023-02-01,Brest @ Lyon,1X2,draw,,4.55,0.2573,0.2198,7.69,win,3.55,0.364,pinnacle
ligue1,2022,2023-02-01,Brest @ Lyon,1X2,brest,,6.27,0.1879,0.1595,8.01,lose,-1.0,0.364,pinnacle
ligue1,2022,2023-02-01,Brest @ Lyon,TOTAL,under,2.5,2.32,0.5471,0.431,12.12,win,1.3199999999999998,0.364,pinnacle
ligue1,2022,2023-02-01,Strasbourg @ Rennes,TOTAL,over,2.5,1.92,0.5854,0.5208,5.58,win,0.9199999999999999,0.364,pinnacle
ligue1,2022,2023-02-04,Lyon @ Troyes,1X2,troyes,,5.46,0.2366,0.1832,13.12,lose,-1.0,0.334,pinnacle
ligue1,2022,2023-02-04,Lyon @ Troyes,1X2,draw,,4.33,0.2669,0.2309,7.0,lose,-1.0,0.334,pinnacle
ligue1,2022,2023-02-04,Lyon @ Troyes,TOTAL,under,2.5,2.26,0.5319,0.4425,9.09,lose,-1.0,0.334,pinnacle
ligue1,2022,2023-02-04,Lille @ Rennes,1X2,rennes,,2.45,0.516,0.4082,11.89,lose,-1.0,0.364,pinnacle
ligue1,2022,2023-02-05,Nantes @ Ajaccio,1X2,nantes,,3.31,0.417,0.3021,17.11,win,2.31,0.334,pinnacle
ligue1,2022,2023-02-05,Reims @ Auxerre,1X2,reims,,1.98,0.547,0.5051,3.74,lose,-1.0,0.334,pinnacle
ligue1,2022,2023-02-05,Reims @ Auxerre,TOTAL,under,2.5,1.82,0.6024,0.5495,4.34,win,0.8200000000000001,0.334,pinnacle
ligue1,2022,2023-02-05,Angers @ Lorient,TOTAL,over,2.5,2.01,0.6206,0.4975,11.13,lose,-1.0,0.364,pinnacle
ligue1,2022,2023-02-05,Montpellier @ Strasbourg,1X2,montpellier,,3.85,0.377,0.2597,20.31,lose,-1.0,0.364,pinnacle
ligue1,2022,2023-02-05,Montpellier @ Strasbourg,TOTAL,over,2.5,2.0,0.5939,0.5,8.45,lose,-1.0,0.364,pinnacle
ligue1,2022,2023-02-05,Lens @ Brest,1X2,lens,,1.84,0.6337,0.5435,7.47,lose,-1.0,0.364,pinnacle
ligue1,2022,2023-02-05,Lens @ Brest,TOTAL,under,2.5,1.89,0.6401,0.5291,9.44,win,0.8899999999999999,0.364,pinnacle
ligue1,2022,2023-02-05,Nice @ Marseille,1X2,draw,,3.98,0.3076,0.2513,10.09,lose,-1.0,0.364,pinnacle
ligue1,2022,2023-02-11,Paris SG @ Monaco,TOTAL,over,2.5,1.71,0.6332,0.5848,3.72,win,0.71,0.364,pinnacle
ligue1,2022,2023-02-12,Rennes @ Toulouse,1X2,rennes,,2.58,0.507,0.3876,13.86,lose,-1.0,0.364,pinnacle
ligue1,2022,2023-02-12,Rennes @ Toulouse,TOTAL,over,2.5,1.78,0.6475,0.5618,6.87,win,0.78,0.364,pinnacle
ligue1,2022,2023-02-12,Auxerre @ Angers,1X2,auxerre,,3.27,0.3402,0.3058,5.06,lose,-1.0,0.334,pinnacle
ligue1,2022,2023-02-12,Strasbourg @ Lille,TOTAL,over,2.5,1.8,0.6019,0.5556,3.75,lose,-1.0,0.364,pinnacle
ligue1,2022,2023-02-12,Brest @ Montpellier,1X2,brest,,3.34,0.3451,0.2994,6.86,lose,-1.0,0.364,pinnacle
ligue1,2022,2023-02-12,Brest @ Montpellier,TOTAL,over,2.5,2.02,0.5889,0.495,8.53,win,1.02,0.364,pinnacle
ligue1,2022,2023-02-12,Troyes @ Reims,1X2,draw,,4.55,0.2454,0.2198,5.24,lose,-1.0,0.334,pinnacle
ligue1,2022,2023-02-12,Troyes @ Reims,1X2,troyes,,6.34,0.2597,0.1577,29.11,lose,-1.0,0.334,pinnacle
ligue1,2022,2023-02-12,Lorient @ Nantes,1X2,lorient,,4.14,0.3675,0.2415,23.47,lose,-1.0,0.364,pinnacle
ligue1,2022,2023-02-12,Lens @ Lyon,1X2,lens,,3.0,0.4194,0.3333,11.61,lose,-1.0,0.364,pinnacle
ligue1,2022,2023-02-17,Lyon @ Auxerre,1X2,lyon,,1.91,0.6169,0.5236,8.02,lose,-1.0,0.334,pinnacle
ligue1,2022,2023-02-18,Reims @ Nice,1X2,draw,,3.44,0.3145,0.2907,3.69,win,2.44,0.364,pinnacle
ligue1,2022,2023-02-18,Reims @ Nice,TOTAL,under,2.5,1.8,0.6697,0.5556,9.25,win,0.8,0.364,pinnacle
ligue1,2022,2023-02-18,Angers @ Strasbourg,TOTAL,over,2.5,2.09,0.5284,0.4785,4.7,win,1.0899999999999999,0.364,pinnacle
ligue1,2022,2023-02-19,Monaco @ Brest,1X2,monaco,,1.89,0.6088,0.5291,6.78,win,0.8899999999999999,0.364,pinnacle
ligue1,2022,2023-02-19,Monaco @ Brest,TOTAL,over,2.5,1.86,0.6346,0.5376,8.11,win,0.8600000000000001,0.364,pinnacle
ligue1,2022,2023-02-19,Ajaccio @ Lorient,1X2,lorient,,2.06,0.6086,0.4854,11.42,win,1.06,0.334,pinnacle
ligue1,2022,2023-02-19,Ajaccio @ Lorient,TOTAL,over,2.5,2.39,0.5385,0.4184,12.91,win,1.3900000000000001,0.334,pinnacle
ligue1,2022,2023-02-19,Montpellier @ Troyes,1X2,troyes,,3.43,0.3891,0.2915,15.06,lose,-1.0,0.334,pinnacle
ligue1,2022,2023-02-19,Nantes @ Lens,1X2,draw,,4.33,0.2994,0.2309,13.33,lose,-1.0,0.364,pinnacle
ligue1,2022,2023-02-19,Marseille @ Toulouse,1X2,marseille,,2.05,0.5608,0.4878,6.73,win,1.0499999999999998,0.364,pinnacle
ligue1,2022,2023-02-24,Brest @ Lille,1X2,draw,,5.37,0.2143,0.1862,6.79,lose,-1.0,0.364,pinnacle
ligue1,2022,2023-02-25,Lyon @ Angers,1X2,lyon,,1.82,0.6073,0.5495,4.74,win,0.8200000000000001,0.364,pinnacle
ligue1,2022,2023-02-26,Auxerre @ Lorient,TOTAL,over,2.5,1.94,0.5919,0.5155,6.68,lose,-1.0,0.334,pinnacle
ligue1,2022,2023-02-26,Strasbourg @ Clermont,1X2,clermont foot,,2.99,0.411,0.3344,10.31,lose,-1.0,0.334,pinnacle
ligue1,2022,2023-02-26,Rennes @ Nantes,1X2,rennes,,2.26,0.4898,0.4425,4.81,win,1.2599999999999998,0.364,pinnacle
ligue1,2022,2023-02-26,Nice @ Monaco,1X2,nice,,3.9,0.2829,0.2564,4.64,win,2.9,0.364,pinnacle
ligue1,2022,2023-02-26,Paris SG @ Marseille,1X2,marseille,,3.21,0.3665,0.3115,7.94,lose,-1.0,0.364,pinnacle
ligue1,2022,2023-03-04,Lille @ Lens,1X2,lens,,2.51,0.4458,0.3984,5.36,lose,-1.0,0.364,pinnacle
ligue1,2022,2023-03-04,Lille @ Lens,TOTAL,under,2.5,1.9,0.5799,0.5263,4.58,win,0.8999999999999999,0.364,pinnacle
ligue1,2022,2023-03-04,Nantes @ Paris SG,1X2,draw,,5.97,0.1998,0.1675,8.67,lose,-1.0,0.364,pinnacle
ligue1,2022,2023-03-05,Brest @ Strasbourg,1X2,brest,,4.27,0.3017,0.2342,12.97,win,3.2699999999999996,0.364,pinnacle
ligue1,2022,2023-03-05,Brest @ Strasbourg,TOTAL,over,2.5,2.13,0.5088,0.4695,3.77,lose,-1.0,0.364,pinnacle
ligue1,2022,2023-03-05,Clermont @ Toulouse,1X2,clermont foot,,5.5,0.2814,0.1818,24.64,win,4.5,0.334,pinnacle
ligue1,2022,2023-03-05,Lorient @ Lyon,1X2,draw,,4.42,0.2569,0.2262,6.1,win,3.42,0.364,pinnacle
ligue1,2022,2023-03-05,Lorient @ Lyon,1X2,lorient,,5.83,0.2637,0.1715,24.19,lose,-1.0,0.364,pinnacle
ligue1,2022,2023-03-05,Marseille @ Rennes,1X2,rennes,,3.02,0.3565,0.3311,3.45,lose,-1.0,0.364,pinnacle
ligue1,2022,2023-03-10,Lyon @ Lille,1X2,lyon,,4.42,0.327,0.2262,20.04,lose,-1.0,0.364,pinnacle
ligue1,2022,2023-03-10,Lyon @ Lille,TOTAL,under,2.5,2.26,0.4914,0.4425,4.98,lose,-1.0,0.364,pinnacle
ligue1,2022,2023-03-11,Rennes @ Auxerre,1X2,rennes,,2.09,0.6272,0.4785,13.98,lose,-1.0,0.334,pinnacle
ligue1,2022,2023-03-11,Rennes @ Auxerre,TOTAL,over,2.5,2.12,0.5333,0.4717,5.88,lose,-1.0,0.334,pinnacle
ligue1,2022,2023-03-12,Lens @ Clermont,1X2,draw,,3.95,0.2971,0.2532,7.8,lose,-1.0,0.334,pinnacle
ligue1,2022,2023-03-12,Lens @ Clermont,TOTAL,under,2.5,1.71,0.666,0.5848,6.25,lose,-1.0,0.334,pinnacle
ligue1,2022,2023-03-12,Montpellier @ Ajaccio,1X2,montpellier,,2.47,0.5171,0.4049,12.47,win,1.4700000000000002,0.334,pinnacle
ligue1,2022,2023-03-12,Toulouse @ Angers,1X2,toulouse,,2.05,0.5759,0.4878,8.12,win,1.0499999999999998,0.364,pinnacle
ligue1,2022,2023-03-12,Toulouse @ Angers,TOTAL,over,2.5,1.77,0.6259,0.565,4.86,lose,-1.0,0.364,pinnacle
ligue1,2022,2023-03-12,Troyes @ Lorient,TOTAL,over,2.5,1.83,0.6679,0.5464,10.0,lose,-1.0,0.334,pinnacle
ligue1,2022,2023-03-12,Nice @ Nantes,1X2,nice,,2.71,0.4481,0.369,9.64,lose,-1.0,0.364,pinnacle
ligue1,2022,2023-03-12,Nice @ Nantes,TOTAL,under,2.5,1.65,0.6968,0.6061,6.73,lose,-1.0,0.364,pinnacle
ligue1,2022,2023-03-12,Reims @ Monaco,1X2,reims,,4.09,0.2915,0.2445,8.65,win,3.09,0.364,pinnacle
ligue1,2022,2023-03-17,Nantes @ Lyon,1X2,draw,,4.14,0.27,0.2415,5.3,win,3.1399999999999997,0.364,pinnacle
ligue1,2022,2023-03-17,Nantes @ Lyon,1X2,nantes,,5.5,0.2169,0.1818,8.68,lose,-1.0,0.364,pinnacle
ligue1,2022,2023-03-17,Nantes @ Lyon,TOTAL,under,2.5,2.17,0.5604,0.4608,9.73,win,1.17,0.364,pinnacle
ligue1,2022,2023-03-18,Lille @ Toulouse,1X2,toulouse,,3.64,0.312,0.2747,6.11,lose,-1.0,0.364,pinnacle
ligue1,2022,2023-03-18,Lille @ Toulouse,TOTAL,over,2.5,1.68,0.6756,0.5952,6.07,lose,-1.0,0.364,pinnacle
ligue1,2022,2023-03-19,Monaco @ Ajaccio,TOTAL,over,2.5,2.12,0.5935,0.4717,11.62,lose,-1.0,0.334,pinnacle
ligue1,2022,2023-03-19,Clermont @ Montpellier,1X2,clermont foot,,4.85,0.2678,0.2062,13.45,lose,-1.0,0.334,pinnacle
ligue1,2022,2023-03-19,Clermont @ Montpellier,TOTAL,over,2.5,2.17,0.5195,0.4608,5.73,win,1.17,0.334,pinnacle
ligue1,2022,2023-03-19,Lorient @ Nice,1X2,draw,,3.97,0.2896,0.2519,6.73,win,2.97,0.364,pinnacle
ligue1,2022,2023-03-19,Lorient @ Nice,1X2,lorient,,5.89,0.2541,0.1698,22.35,lose,-1.0,0.364,pinnacle
ligue1,2022,2023-03-19,Lorient @ Nice,TOTAL,under,2.5,1.89,0.5987,0.5291,5.92,win,0.8899999999999999,0.364,pinnacle
ligue1,2022,2023-03-19,Brest @ Troyes,1X2,troyes,,3.15,0.4,0.3175,11.7,lose,-1.0,0.334,pinnacle
ligue1,2022,2023-03-19,Brest @ Troyes,TOTAL,over,2.5,2.03,0.5909,0.4926,8.98,win,1.0299999999999998,0.334,pinnacle
ligue1,2022,2023-03-19,Rennes @ Paris SG,1X2,draw,,4.88,0.2299,0.2049,5.49,lose,-1.0,0.364,pinnacle
ligue1,2022,2023-03-19,Marseille @ Reims,TOTAL,under,2.5,2.02,0.6038,0.495,9.88,lose,-1.0,0.364,pinnacle
ligue1,2022,2023-03-31,Montpellier @ Marseille,TOTAL,over,2.5,1.7,0.6364,0.5882,3.68,lose,-1.0,0.364,pinnacle
ligue1,2022,2023-04-01,Troyes @ Auxerre,TOTAL,over,2.5,2.05,0.5691,0.4878,7.5,lose,-1.0,0.334,pinnacle
ligue1,2022,2023-04-01,Lens @ Rennes,TOTAL,under,2.5,1.89,0.6258,0.5291,8.22,win,0.8899999999999999,0.364,pinnacle
ligue1,2022,2023-04-02,Lorient @ Lille,1X2,draw,,5.49,0.2458,0.1821,15.72,lose,-1.0,0.364,pinnacle
ligue1,2022,2023-04-02,Toulouse @ Brest,1X2,toulouse,,2.66,0.428,0.3759,6.23,lose,-1.0,0.334,pinnacle
ligue1,2022,2023-04-02,Toulouse @ Brest,TOTAL,over,2.5,1.88,0.5833,0.5319,4.35,win,0.8799999999999999,0.334,pinnacle
ligue1,2022,2023-04-02,Reims @ Nantes,1X2,draw,,3.46,0.3107,0.289,3.37,lose,-1.0,0.364,pinnacle
ligue1,2022,2023-04-02,Reims @ Nantes,TOTAL,under,2.5,1.79,0.6569,0.5587,7.91,lose,-1.0,0.364,pinnacle
ligue1,2022,2023-04-02,Strasbourg @ Monaco,TOTAL,over,2.5,1.74,0.6646,0.5747,7.04,win,0.74,0.364,pinnacle
ligue1,2022,2023-04-02,Lyon @ Paris SG,1X2,draw,,5.25,0.2251,0.1905,8.18,lose,-1.0,0.364,pinnacle
ligue1,2022,2023-04-08,Lille @ Angers,TOTAL,over,2.5,1.69,0.6323,0.5917,3.09,lose,-1.0,0.364,pinnacle
ligue1,2022,2023-04-08,Paris SG @ Nice,1X2,nice,,4.36,0.272,0.2294,8.37,lose,-1.0,0.364,pinnacle
ligue1,2022,2023-04-08,Paris SG @ Nice,TOTAL,under,2.5,2.21,0.5574,0.4525,10.44,win,1.21,0.364,pinnacle
ligue1,2022,2023-04-09,Rennes @ Lyon,1X2,rennes,,3.36,0.3607,0.2976,9.54,lose,-1.0,0.364,pinnacle
ligue1,2022,2023-04-09,Rennes @ Lyon,TOTAL,under,2.5,1.95,0.5597,0.5128,4.11,lose,-1.0,0.364,pinnacle
ligue1,2022,2023-04-09,Auxerre @ Ajaccio,1X2,auxerre,,3.07,0.349,0.3257,3.21,win,2.07,0.334,pinnacle
ligue1,2022,2023-04-09,Toulouse @ Montpellier,1X2,toulouse,,3.77,0.3269,0.2653,10.46,win,2.77,0.364,pinnacle
ligue1,2022,2023-04-09,Brest @ Reims,TOTAL,under,2.5,2.07,0.5662,0.4831,7.74,win,1.0699999999999998,0.364,pinnacle
ligue1,2022,2023-04-09,Clermont @ Troyes,1X2,troyes,,3.0,0.3629,0.3333,3.99,lose,-1.0,0.334,pinnacle
ligue1,2022,2023-04-09,Clermont @ Troyes,TOTAL,over,2.5,2.07,0.5348,0.4831,4.82,lose,-1.0,0.334,pinnacle
ligue1,2022,2023-04-09,Marseille @ Lorient,1X2,lorient,,6.04,0.2521,0.1656,23.51,lose,-1.0,0.364,pinnacle
ligue1,2022,2023-04-09,Marseille @ Lorient,1X2,draw,,4.52,0.254,0.2212,6.65,win,3.5199999999999996,0.364,pinnacle
ligue1,2022,2023-04-15,Reims @ Rennes,1X2,reims,,3.41,0.3151,0.2933,3.36,lose,-1.0,0.364,pinnacle
ligue1,2022,2023-04-15,Reims @ Rennes,TOTAL,under,2.5,2.0,0.6136,0.5,10.23,lose,-1.0,0.364,pinnacle
ligue1,2022,2023-04-15,Lens @ Paris SG,1X2,draw,,4.19,0.2873,0.2387,9.17,lose,-1.0,0.364,pinnacle
ligue1,2022,2023-04-15,Lens @ Paris SG,1X2,lens,,4.57,0.3182,0.2188,20.44,lose,-1.0,0.364,pinnacle
ligue1,2022,2023-04-16,Montpellier @ Lille,1X2,montpellier,,6.41,0.2342,0.156,22.57,lose,-1.0,0.364,pinnacle
ligue1,2022,2023-04-16,Nantes @ Auxerre,1X2,nantes,,2.94,0.4073,0.3401,8.89,lose,-1.0,0.334,pinnacle
ligue1,2022,2023-04-16,Angers @ Clermont,TOTAL,under,2.5,1.92,0.5658,0.5208,3.88,lose,-1.0,0.334,pinnacle
ligue1,2022,2023-04-16,Ajaccio @ Strasbourg,1X2,ajaccio,,6.21,0.2013,0.161,11.25,lose,-1.0,0.334,pinnacle
ligue1,2022,2023-04-16,Ajaccio @ Strasbourg,TOTAL,over,2.5,2.49,0.4818,0.4016,8.99,win,1.4900000000000002,0.334,pinnacle
ligue1,2022,2023-04-16,Lorient @ Monaco,1X2,draw,,6.09,0.227,0.1642,17.21,lose,-1.0,0.364,pinnacle
ligue1,2022,2023-04-23,Strasbourg @ Reims,1X2,reims,,2.35,0.5231,0.4255,10.32,lose,-1.0,0.364,pinnacle
ligue1,2022,2023-04-23,Brest @ Ajaccio,1X2,brest,,2.55,0.4672,0.3922,8.61,lose,-1.0,0.334,pinnacle
ligue1,2022,2023-04-23,Toulouse @ Lorient,1X2,lorient,,2.59,0.4559,0.3861,8.14,lose,-1.0,0.334,pinnacle
ligue1,2022,2023-04-23,Toulouse @ Lorient,TOTAL,over,2.5,1.77,0.6086,0.565,3.48,lose,-1.0,0.334,pinnacle
ligue1,2022,2023-04-23,Troyes @ Nantes,1X2,draw,,4.64,0.2524,0.2155,7.69,win,3.6399999999999997,0.334,pinnacle
ligue1,2022,2023-04-23,Clermont @ Nice,1X2,draw,,3.77,0.303,0.2653,6.4,lose,-1.0,0.334,pinnacle
ligue1,2022,2023-04-23,Clermont @ Nice,1X2,clermont foot,,5.64,0.2083,0.1773,7.87,win,4.64,0.334,pinnacle
ligue1,2022,2023-04-23,Clermont @ Nice,TOTAL,under,2.5,1.76,0.6694,0.5682,8.01,lose,-1.0,0.334,pinnacle
ligue1,2022,2023-04-23,Rennes @ Montpellier,1X2,rennes,,2.3,0.4854,0.4348,5.24,lose,-1.0,0.364,pinnacle
ligue1,2022,2023-04-23,Rennes @ Montpellier,TOTAL,over,2.5,1.94,0.5757,0.5155,5.26,lose,-1.0,0.364,pinnacle
ligue1,2022,2023-04-23,Marseille @ Lyon,1X2,marseille,,2.74,0.3967,0.365,3.92,win,1.7400000000000002,0.364,pinnacle
ligue1,2022,2023-04-23,Marseille @ Lyon,TOTAL,under,2.5,2.22,0.5351,0.4505,8.45,lose,-1.0,0.364,pinnacle
ligue1,2022,2023-04-28,Lyon @ Strasbourg,1X2,lyon,,2.73,0.4827,0.3663,14.3,win,1.73,0.364,pinnacle
ligue1,2022,2023-04-28,Lyon @ Strasbourg,TOTAL,over,2.5,1.98,0.5434,0.5051,3.42,win,0.98,0.364,pinnacle
ligue1,2022,2023-04-30,Montpellier @ Monaco,1X2,montpellier,,5.64,0.2242,0.1773,11.9,win,4.64,0.364,pinnacle
ligue1,2022,2023-04-30,Montpellier @ Monaco,TOTAL,over,2.5,1.6,0.7265,0.625,7.31,win,0.6000000000000001,0.364,pinnacle
ligue1,2022,2023-04-30,Reims @ Clermont,1X2,draw,,3.63,0.3096,0.2755,5.57,lose,-1.0,0.334,pinnacle
ligue1,2022,2023-04-30,Reims @ Clermont,TOTAL,under,2.5,1.85,0.6462,0.5405,8.8,win,0.8500000000000001,0.334,pinnacle
ligue1,2022,2023-04-30,Nice @ Troyes,1X2,troyes,,5.21,0.2196,0.1919,6.47,lose,-1.0,0.334,pinnacle
ligue1,2022,2023-04-30,Auxerre @ Marseille,1X2,draw,,5.96,0.1918,0.1678,6.44,lose,-1.0,0.334,pinnacle
ligue1,2022,2023-05-02,Lens @ Toulouse,TOTAL,under,2.5,2.47,0.4816,0.4049,8.53,win,1.4700000000000002,0.334,pinnacle
ligue1,2022,2023-05-03,Nantes @ Brest,1X2,nantes,,3.23,0.3358,0.3096,3.81,lose,-1.0,0.364,pinnacle
ligue1,2022,2023-05-03,Nantes @ Brest,TOTAL,under,2.5,1.87,0.5764,0.5348,3.51,win,0.8700000000000001,0.364,pinnacle
ligue1,2022,2023-05-06,Rennes @ Nice,1X2,draw,,3.53,0.3094,0.2833,4.15,lose,-1.0,0.364,pinnacle
ligue1,2022,2023-05-06,Rennes @ Nice,TOTAL,under,2.5,1.81,0.6382,0.5525,6.98,lose,-1.0,0.364,pinnacle
ligue1,2022,2023-05-06,Lille @ Reims,1X2,reims,,3.78,0.3208,0.2646,9.57,win,2.78,0.364,pinnacle
ligue1,2022,2023-05-06,Lille @ Reims,TOTAL,under,2.5,2.22,0.5535,0.4505,10.29,win,1.2200000000000002,0.364,pinnacle
ligue1,2022,2023-05-06,Marseille @ Lens,TOTAL,under,2.5,2.01,0.6159,0.4975,10.7,lose,-1.0,0.364,pinnacle
ligue1,2022,2023-05-07,Toulouse @ Ajaccio,1X2,toulouse,,2.04,0.5493,0.4902,5.43,lose,-1.0,0.334,pinnacle
ligue1,2022,2023-05-07,Toulouse @ Ajaccio,TOTAL,over,2.5,2.19,0.4999,0.4566,4.26,lose,-1.0,0.334,pinnacle
ligue1,2022,2023-05-07,Clermont @ Auxerre,1X2,clermont foot,,3.15,0.4113,0.3175,13.3,lose,-1.0,0.334,pinnacle
ligue1,2022,2023-05-07,Brest @ Lorient,1X2,lorient,,2.64,0.469,0.3788,10.71,win,1.6400000000000001,0.364,pinnacle
ligue1,2022,2023-05-07,Strasbourg @ Nantes,1X2,nantes,,2.86,0.3746,0.3497,3.21,lose,-1.0,0.364,pinnacle
ligue1,2022,2023-05-07,Montpellier @ Lyon,1X2,montpellier,,4.66,0.2505,0.2146,7.53,lose,-1.0,0.364,pinnacle
ligue1,2022,2023-05-12,Reims @ Lens,1X2,draw,,4.49,0.3001,0.2227,15.64,lose,-1.0,0.364,pinnacle
ligue1,2022,2023-05-13,Nice @ Strasbourg,1X2,nice,,2.94,0.4387,0.3401,13.04,lose,-1.0,0.364,pinnacle
ligue1,2022,2023-05-14,Lyon @ Clermont,1X2,draw,,3.91,0.2772,0.2558,3.77,lose,-1.0,0.334,pinnacle
ligue1,2022,2023-05-14,Lyon @ Clermont,TOTAL,under,2.5,2.14,0.5465,0.4673,7.63,lose,-1.0,0.334,pinnacle
ligue1,2022,2023-05-14,Auxerre @ Brest,1X2,auxerre,,4.73,0.259,0.2114,10.13,lose,-1.0,0.334,pinnacle
ligue1,2022,2023-05-14,Lorient @ Montpellier,1X2,lorient,,4.17,0.3542,0.2398,21.47,lose,-1.0,0.364,pinnacle
ligue1,2022,2023-05-14,Lorient @ Montpellier,TOTAL,over,2.5,1.77,0.6181,0.565,4.23,lose,-1.0,0.364,pinnacle
ligue1,2022,2023-05-14,Lille @ Monaco,1X2,monaco,,2.92,0.3979,0.3425,7.28,lose,-1.0,0.364,pinnacle
ligue1,2022,2023-05-14,Lille @ Monaco,TOTAL,over,2.5,1.68,0.6746,0.5952,6.0,lose,-1.0,0.364,pinnacle
ligue1,2022,2023-05-20,Montpellier @ Nantes,1X2,montpellier,,3.48,0.4168,0.2874,20.27,win,2.48,0.364,pinnacle
ligue1,2022,2023-05-21,Clermont @ Brest,1X2,clermont foot,,3.92,0.3384,0.2551,14.7,lose,-1.0,0.334,pinnacle
ligue1,2022,2023-05-21,Clermont @ Brest,TOTAL,under,2.5,1.84,0.6107,0.5435,5.57,lose,-1.0,0.334,pinnacle
ligue1,2022,2023-05-21,Toulouse @ Nice,1X2,draw,,4.02,0.2794,0.2488,5.54,win,3.0199999999999996,0.364,pinnacle
ligue1,2022,2023-05-21,Toulouse @ Nice,TOTAL,under,2.5,2.16,0.5753,0.463,10.92,win,1.1600000000000001,0.364,pinnacle
ligue1,2022,2023-05-21,Angers @ Reims,1X2,draw,,5.76,0.2195,0.1736,11.9,win,4.76,0.364,pinnacle
ligue1,2022,2023-05-21,Angers @ Reims,TOTAL,under,2.5,2.41,0.5267,0.4149,12.12,lose,-1.0,0.364,pinnacle
ligue1,2022,2023-05-21,Strasbourg @ Troyes,1X2,draw,,5.04,0.2346,0.1984,8.2,win,4.04,0.334,pinnacle
ligue1,2022,2023-05-21,Strasbourg @ Troyes,TOTAL,over,2.5,1.74,0.6426,0.5747,5.32,lose,-1.0,0.334,pinnacle
ligue1,2022,2023-05-21,Lens @ Lorient,1X2,lorient,,5.2,0.217,0.1923,5.78,lose,-1.0,0.364,pinnacle
ligue1,2022,2023-05-21,Lens @ Lorient,1X2,draw,,4.01,0.2755,0.2494,4.72,lose,-1.0,0.364,pinnacle
ligue1,2022,2023-05-21,Lens @ Lorient,TOTAL,under,2.5,2.13,0.5792,0.4695,10.52,lose,-1.0,0.364,pinnacle
ligue1,2022,2023-05-27,Lorient @ Clermont,1X2,lorient,,3.36,0.3629,0.2976,9.87,lose,-1.0,0.334,pinnacle
ligue1,2022,2023-05-27,Lorient @ Clermont,TOTAL,under,2.5,1.94,0.5586,0.5155,3.77,win,0.94,0.334,pinnacle
ligue1,2022,2023-05-27,Nantes @ Lille,1X2,draw,,4.87,0.2328,0.2053,6.02,lose,-1.0,0.364,pinnacle
ligue1,2022,2023-05-27,Nantes @ Lille,TOTAL,under,2.5,2.24,0.4988,0.4464,5.28,lose,-1.0,0.364,pinnacle
ligue1,2022,2023-05-27,Reims @ Lyon,1X2,draw,,4.74,0.2814,0.211,15.02,lose,-1.0,0.364,pinnacle
ligue1,2022,2023-05-27,Reims @ Lyon,1X2,reims,,4.33,0.2757,0.2309,8.72,lose,-1.0,0.364,pinnacle
ligue1,2022,2023-05-27,Brest @ Marseille,1X2,draw,,6.28,0.2285,0.1592,19.57,lose,-1.0,0.364,pinnacle
ligue1,2022,2023-05-27,Brest @ Marseille,TOTAL,under,2.5,2.43,0.485,0.4115,8.03,lose,-1.0,0.364,pinnacle
ligue1,2022,2023-05-27,Nice @ Montpellier,1X2,nice,,2.94,0.3722,0.3401,4.24,win,1.94,0.364,pinnacle
ligue1,2022,2023-05-27,Nice @ Montpellier,TOTAL,under,2.5,2.09,0.5462,0.4785,6.37,lose,-1.0,0.364,pinnacle
ligue1,2022,2023-05-27,Paris SG @ Strasbourg,1X2,paris saint germain,,1.78,0.6474,0.5618,6.85,lose,-1.0,0.364,pinnacle
ligue1,2022,2023-05-27,Auxerre @ Toulouse,1X2,toulouse,,2.1,0.5123,0.4762,3.41,lose,-1.0,0.334,pinnacle
ligue1,2022,2023-06-03,Lens @ Auxerre,TOTAL,under,2.5,2.1,0.566,0.4762,8.49,lose,-1.0,0.334,pinnacle
ligue1,2022,2023-06-03,Rennes @ Brest,TOTAL,under,2.5,2.29,0.515,0.4367,8.07,lose,-1.0,0.364,pinnacle
ligue1,2022,2023-06-03,Strasbourg @ Lorient,1X2,lorient,,3.09,0.4364,0.3236,15.69,win,2.09,0.364,pinnacle
ligue1,2022,2023-06-03,Toulouse @ Monaco,1X2,draw,,6.07,0.2225,0.1647,15.78,lose,-1.0,0.364,pinnacle
ligue1,2022,2023-06-03,Angers @ Nantes,1X2,draw,,4.46,0.2646,0.2242,8.11,lose,-1.0,0.364,pinnacle
ligue1,2022,2023-06-03,Angers @ Nantes,1X2,angers,,5.82,0.2208,0.1718,12.84,lose,-1.0,0.364,pinnacle
ligue1,2022,2023-06-03,Angers @ Nantes,TOTAL,under,2.5,2.44,0.5375,0.4098,14.02,win,1.44,0.364,pinnacle
ligue1,2022,2023-06-03,Lyon @ Nice,1X2,draw,,4.12,0.2978,0.2427,10.21,lose,-1.0,0.364,pinnacle
ligue1,2022,2023-06-03,Clermont @ Paris SG,1X2,draw,,6.36,0.1971,0.1572,11.41,lose,-1.0,0.334,pinnacle
ligue1,2022,2023-06-03,Montpellier @ Reims,1X2,draw,,4.34,0.265,0.2304,6.75,lose,-1.0,0.364,pinnacle
ligue1,2022,2023-06-03,Montpellier @ Reims,1X2,montpellier,,3.83,0.3185,0.2611,9.89,win,2.83,0.364,pinnacle
epl,2023,2023-09-30,Arsenal @ Bournemouth,1X2,bournemouth,,6.06,0.1905,0.165,6.95,lose,-1.0,0.364,pinnacle
epl,2023,2023-09-30,Arsenal @ Bournemouth,1X2,draw,,4.62,0.2405,0.2165,5.0,lose,-1.0,0.364,pinnacle
epl,2023,2023-09-30,Arsenal @ Bournemouth,TOTAL,under,2.5,2.5,0.4808,0.4,9.09,lose,-1.0,0.364,pinnacle
epl,2023,2023-09-30,Crystal Palace @ Man United,1X2,draw,,4.37,0.2834,0.2288,10.73,lose,-1.0,0.364,pinnacle
epl,2023,2023-09-30,Crystal Palace @ Man United,TOTAL,under,2.5,2.09,0.548,0.4785,6.54,win,1.0899999999999999,0.364,pinnacle
epl,2023,2023-09-30,Sheffield United @ West Ham,TOTAL,over,2.5,1.64,0.6666,0.6098,4.19,lose,-1.0,0.364,pinnacle
epl,2023,2023-10-01,Brentford @ Nott'm Forest,1X2,brentford,,2.99,0.3808,0.3344,6.24,lose,-1.0,0.334,pinnacle
epl,2023,2023-10-01,Brentford @ Nott'm Forest,TOTAL,over,2.5,2.13,0.5375,0.4695,6.52,lose,-1.0,0.334,pinnacle
epl,2023,2023-10-02,Chelsea @ Fulham,1X2,draw,,3.49,0.3126,0.2865,4.1,lose,-1.0,0.364,pinnacle
epl,2023,2023-10-03,Burnley @ Luton,1X2,luton town,,2.95,0.4308,0.339,12.19,lose,-1.0,0.334,pinnacle
epl,2023,2023-10-07,Chelsea @ Burnley,1X2,draw,,4.07,0.2761,0.2457,5.57,lose,-1.0,0.364,pinnacle
epl,2023,2023-10-07,Bournemouth @ Everton,1X2,bournemouth,,4.18,0.2951,0.2392,10.51,lose,-1.0,0.364,pinnacle
epl,2023,2023-10-07,Bournemouth @ Everton,TOTAL,under,2.5,2.04,0.5333,0.4902,3.96,lose,-1.0,0.364,pinnacle
epl,2023,2023-10-07,Sheffield United @ Fulham,1X2,draw,,4.56,0.2729,0.2193,10.99,lose,-1.0,0.334,pinnacle
epl,2023,2023-10-07,Brentford @ Man United,1X2,draw,,4.33,0.2689,0.2309,7.4,lose,-1.0,0.364,pinnacle
epl,2023,2023-10-07,Brentford @ Man United,TOTAL,under,2.5,2.28,0.4964,0.4386,5.93,lose,-1.0,0.364,pinnacle
epl,2023,2023-10-08,Newcastle @ West Ham,1X2,newcastle united,,2.11,0.5069,0.4739,3.13,lose,-1.0,0.364,pinnacle
epl,2023,2023-10-08,Newcastle @ West Ham,TOTAL,over,2.5,1.75,0.6469,0.5714,5.94,win,0.75,0.364,pinnacle
epl,2023,2023-10-08,Aston Villa @ Wolves,1X2,aston villa,,2.08,0.5657,0.4808,7.95,lose,-1.0,0.364,pinnacle
epl,2023,2023-10-08,Man City @ Arsenal,TOTAL,under,2.5,2.1,0.5254,0.4762,4.65,win,1.1,0.364,pinnacle
epl,2023,2023-10-21,Everton @ Liverpool,1X2,draw,,5.5,0.2349,0.1818,13.14,lose,-1.0,0.364,pinnacle
epl,2023,2023-10-21,Burnley @ Brentford,TOTAL,over,2.5,1.97,0.5809,0.5076,6.5,win,0.97,0.334,pinnacle
epl,2023,2023-10-21,Brighton @ Man City,1X2,draw,,5.69,0.2078,0.1757,8.21,lose,-1.0,0.364,pinnacle
epl,2023,2023-10-21,Crystal Palace @ Newcastle,1X2,draw,,4.49,0.271,0.2227,9.76,lose,-1.0,0.364,pinnacle
epl,2023,2023-10-21,Crystal Palace @ Newcastle,TOTAL,under,2.5,2.04,0.5572,0.4902,6.15,lose,-1.0,0.364,pinnacle
epl,2023,2023-10-21,Luton @ Nott'm Forest,1X2,luton town,,5.39,0.2407,0.1855,13.38,lose,-1.0,0.334,pinnacle
epl,2023,2023-10-21,Man United @ Sheffield United,1X2,draw,,5.6,0.2534,0.1786,18.86,lose,-1.0,0.364,pinnacle
epl,2023,2023-10-22,West Ham @ Aston Villa,1X2,west ham united,,4.54,0.2911,0.2203,14.48,lose,-1.0,0.364,pinnacle
epl,2023,2023-10-27,Tottenham @ Crystal Palace,TOTAL,under,2.5,1.95,0.5758,0.5128,5.53,lose,-1.0,0.364,pinnacle
epl,2023,2023-10-28,Brentford @ Chelsea,1X2,draw,,4.05,0.2739,0.2469,4.92,lose,-1.0,0.364,pinnacle
epl,2023,2023-10-28,Brentford @ Chelsea,1X2,brentford,,5.6,0.2763,0.1786,24.63,win,4.6,0.364,pinnacle
epl,2023,2023-10-28,Brentford @ Chelsea,TOTAL,under,2.5,2.06,0.531,0.4854,4.22,win,1.06,0.364,pinnacle
epl,2023,2023-10-28,Burnley @ Bournemouth,1X2,burnley,,3.51,0.3184,0.2849,5.29,lose,-1.0,0.334,pinnacle
epl,2023,2023-10-28,Newcastle @ Wolves,1X2,newcastle united,,1.93,0.6121,0.5181,8.16,lose,-1.0,0.364,pinnacle
epl,2023,2023-10-28,Newcastle @ Wolves,TOTAL,over,2.5,1.8,0.6327,0.5556,6.24,win,0.8,0.364,pinnacle
epl,2023,2023-10-29,Everton @ West Ham,1X2,west ham united,,2.08,0.5146,0.4808,3.17,lose,-1.0,0.364,pinnacle
epl,2023,2023-10-29,Man City @ Man United,1X2,draw,,4.3,0.2534,0.2326,4.03,lose,-1.0,0.364,pinnacle
epl,2023,2023-10-29,Man City @ Man United,TOTAL,under,2.5,2.15,0.5521,0.4651,8.42,lose,-1.0,0.364,pinnacle
epl,2023,2023-11-04,Man United @ Fulham,1X2,fulham,,3.03,0.3751,0.33,6.15,lose,-1.0,0.364,pinnacle
epl,2023,2023-11-04,Man United @ Fulham,TOTAL,under,2.5,2.07,0.5547,0.4831,6.67,win,1.0699999999999998,0.364,pinnacle
epl,2023,2023-11-04,West Ham @ Brentford,1X2,brentford,,2.16,0.5059,0.463,4.17,win,1.1600000000000001,0.364,pinnacle
epl,2023,2023-11-04,Brighton @ Everton,1X2,brighton,,2.54,0.4371,0.3937,4.96,lose,-1.0,0.364,pinnacle
epl,2023,2023-11-04,Wolves @ Sheffield United,TOTAL,over,2.5,1.91,0.5709,0.5236,4.07,win,0.9099999999999999,0.364,pinnacle
epl,2023,2023-11-04,Arsenal @ Newcastle,1X2,newcastle united,,2.84,0.3807,0.3521,3.66,win,1.8399999999999999,0.364,pinnacle
epl,2023,2023-11-04,Arsenal @ Newcastle,TOTAL,over,2.5,1.95,0.5795,0.5128,5.85,lose,-1.0,0.364,pinnacle
epl,2023,2023-11-05,Aston Villa @ Nott'm Forest,TOTAL,over,2.5,1.78,0.6239,0.5618,4.97,lose,-1.0,0.334,pinnacle
epl,2023,2023-11-06,Chelsea @ Tottenham,1X2,tottenham,,2.37,0.5413,0.4219,12.73,lose,-1.0,0.364,pinnacle
epl,2023,2023-11-06,Chelsea @ Tottenham,TOTAL,under,2.5,2.18,0.5475,0.4587,8.71,lose,-1.0,0.364,pinnacle
epl,2023,2023-11-11,Tottenham @ Wolves,1X2,tottenham,,2.31,0.5147,0.4329,8.51,lose,-1.0,0.364,pinnacle
epl,2023,2023-11-11,Everton @ Crystal Palace,1X2,crystal palace,,2.71,0.4014,0.369,3.95,lose,-1.0,0.364,pinnacle
epl,2023,2023-11-11,Everton @ Crystal Palace,TOTAL,under,2.5,1.64,0.6627,0.6098,3.91,lose,-1.0,0.364,pinnacle
epl,2023,2023-11-11,Luton @ Man United,1X2,draw,,6.14,0.2663,0.1629,28.59,lose,-1.0,0.334,pinnacle
epl,2023,2023-11-11,Newcastle @ Bournemouth,TOTAL,over,2.5,1.73,0.6688,0.578,7.06,lose,-1.0,0.364,pinnacle
epl,2023,2023-11-12,Fulham @ Aston Villa,TOTAL,over,2.5,1.74,0.6265,0.5747,4.06,win,0.74,0.364,pinnacle
epl,2023,2023-11-12,Brentford @ Liverpool,1X2,draw,,5.51,0.2319,0.1815,12.51,lose,-1.0,0.364,pinnacle
epl,2023,2023-11-12,Nott'm Forest @ West Ham,1X2,nottingham forest,,4.59,0.2886,0.2179,14.6,lose,-1.0,0.334,pinnacle
epl,2023,2023-11-12,Man City @ Chelsea,1X2,chelsea,,4.8,0.2323,0.2083,5.17,lose,-1.0,0.364,pinnacle
epl,2023,2023-11-25,Liverpool @ Man City,1X2,draw,,4.42,0.2541,0.2262,5.54,win,3.42,0.364,pinnacle
epl,2023,2023-11-25,Liverpool @ Man City,1X2,liverpool,,4.61,0.3064,0.2169,18.56,lose,-1.0,0.364,pinnacle
epl,2023,2023-11-25,West Ham @ Burnley,1X2,west ham united,,2.23,0.5444,0.4484,9.63,win,1.23,0.364,pinnacle
epl,2023,2023-11-25,West Ham @ Burnley,TOTAL,over,2.5,1.81,0.6346,0.5525,6.69,win,0.81,0.364,pinnacle
epl,2023,2023-11-25,Crystal Palace @ Luton,1X2,luton town,,4.12,0.3239,0.2427,15.05,win,3.12,0.334,pinnacle
epl,2023,2023-11-25,Chelsea @ Newcastle,TOTAL,over,2.5,1.85,0.6181,0.5405,6.46,win,0.8500000000000001,0.364,pinnacle
epl,2023,2023-11-25,Brighton @ Nott'm Forest,1X2,nottingham forest,,3.69,0.3546,0.271,13.88,lose,-1.0,0.334,pinnacle
epl,2023,2023-11-25,Brighton @ Nott'm Forest,TOTAL,over,2.5,1.76,0.6245,0.5682,4.46,win,0.76,0.334,pinnacle
epl,2023,2023-11-25,Bournemouth @ Sheffield United,1X2,sheffield united,,3.57,0.3985,0.2801,19.02,lose,-1.0,0.334,pinnacle
epl,2023,2023-11-25,Arsenal @ Brentford,1X2,brentford,,5.8,0.2503,0.1724,20.33,lose,-1.0,0.364,pinnacle
epl,2023,2023-11-26,Aston Villa @ Tottenham,1X2,tottenham,,2.7,0.4392,0.3704,8.36,lose,-1.0,0.364,pinnacle
epl,2023,2023-11-26,Man United @ Everton,1X2,everton,,2.68,0.4114,0.3731,4.61,lose,-1.0,0.364,pinnacle
epl,2023,2023-11-26,Man United @ Everton,TOTAL,under,2.5,2.06,0.5868,0.4854,9.4,lose,-1.0,0.364,pinnacle
epl,2023,2023-11-27,Wolves @ Fulham,1X2,wolverhampton wanderers,,3.19,0.3898,0.3135,10.96,lose,-1.0,0.364,pinnacle
epl,2023,2023-12-02,Wolves @ Arsenal,1X2,draw,,6.5,0.1842,0.1538,8.89,lose,-1.0,0.364,pinnacle
epl,2023,2023-12-02,Luton @ Brentford,1X2,luton town,,6.38,0.1932,0.1567,10.46,lose,-1.0,0.334,pinnacle
epl,2023,2023-12-02,Luton @ Brentford,TOTAL,under,2.5,2.25,0.4901,0.4444,4.62,lose,-1.0,0.334,pinnacle
epl,2023,2023-12-02,Sheffield United @ Burnley,1X2,sheffield united,,5.19,0.3178,0.1927,29.22,lose,-1.0,0.364,pinnacle
epl,2023,2023-12-02,Sheffield United @ Burnley,TOTAL,over,2.5,2.06,0.5392,0.4854,4.98,win,1.06,0.364,pinnacle
epl,2023,2023-12-02,Everton @ Nott'm Forest,1X2,nottingham forest,,2.88,0.4319,0.3472,10.98,lose,-1.0,0.334,pinnacle
epl,2023,2023-12-02,Man United @ Newcastle,1X2,newcastle united,,2.0,0.6084,0.5,9.76,win,1.0,0.364,pinnacle
epl,2023,2023-12-03,Crystal Palace @ West Ham,1X2,crystal palace,,4.26,0.2646,0.2347,5.72,lose,-1.0,0.364,pinnacle
epl,2023,2023-12-05,Burnley @ Wolves,1X2,wolverhampton wanderers,,1.95,0.5583,0.5128,3.99,win,0.95,0.364,pinnacle
epl,2023,2023-12-05,Burnley @ Wolves,TOTAL,over,2.5,2.05,0.5676,0.4878,7.37,lose,-1.0,0.364,pinnacle
epl,2023,2023-12-06,Brentford @ Brighton,1X2,brentford,,4.57,0.3307,0.2188,23.0,lose,-1.0,0.364,pinnacle
epl,2023,2023-12-06,Brentford @ Brighton,TOTAL,over,2.5,1.65,0.6612,0.6061,4.1,win,0.6499999999999999,0.364,pinnacle
epl,2023,2023-12-06,Bournemouth @ Crystal Palace,1X2,crystal palace,,2.36,0.4959,0.4237,7.66,lose,-1.0,0.364,pinnacle
epl,2023,2023-12-06,Bournemouth @ Crystal Palace,TOTAL,under,2.5,1.88,0.5777,0.5319,3.88,win,0.8799999999999999,0.364,pinnacle
epl,2023,2023-12-06,Nott'm Forest @ Fulham,1X2,nottingham forest,,3.94,0.36,0.2538,18.82,lose,-1.0,0.334,pinnacle
epl,2023,2023-12-06,Chelsea @ Man United,1X2,manchester united,,2.86,0.4183,0.3497,8.84,win,1.8599999999999999,0.364,pinnacle
epl,2023,2023-12-06,Chelsea @ Man United,TOTAL,under,2.5,2.26,0.53,0.4425,8.9,lose,-1.0,0.364,pinnacle
epl,2023,2023-12-07,Newcastle @ Everton,1X2,newcastle united,,2.31,0.5471,0.4329,11.87,lose,-1.0,0.364,pinnacle
epl,2023,2023-12-07,West Ham @ Tottenham,1X2,west ham united,,4.9,0.2345,0.2041,6.71,win,3.9000000000000004,0.364,pinnacle
epl,2023,2023-12-09,Liverpool @ Crystal Palace,1X2,draw,,4.7,0.2826,0.2128,14.77,lose,-1.0,0.364,pinnacle
epl,2023,2023-12-09,Burnley @ Brighton,TOTAL,over,2.5,1.61,0.6732,0.6211,3.77,lose,-1.0,0.364,pinnacle
epl,2023,2023-12-09,Bournemouth @ Man United,1X2,draw,,4.48,0.2812,0.2232,11.69,lose,-1.0,0.364,pinnacle
epl,2023,2023-12-09,Brentford @ Sheffield United,1X2,brentford,,1.78,0.6035,0.5618,3.34,lose,-1.0,0.334,pinnacle
epl,2023,2023-12-09,Brentford @ Sheffield United,TOTAL,under,2.5,1.97,0.5632,0.5076,4.93,win,0.97,0.334,pinnacle
epl,2023,2023-12-09,Arsenal @ Aston Villa,1X2,aston villa,,3.65,0.3263,0.274,8.6,win,2.65,0.364,pinnacle
epl,2023,2023-12-10,Chelsea @ Everton,TOTAL,under,2.5,2.09,0.532,0.4785,5.03,win,1.0899999999999999,0.364,pinnacle
epl,2023,2023-12-10,West Ham @ Fulham,1X2,west ham united,,3.41,0.3335,0.2933,6.18,lose,-1.0,0.364,pinnacle
epl,2023,2023-12-10,Newcastle @ Tottenham,1X2,newcastle united,,3.41,0.4273,0.2933,20.57,lose,-1.0,0.364,pinnacle
epl,2023,2023-12-15,Tottenham @ Nott'm Forest,1X2,nottingham forest,,5.14,0.2565,0.1946,14.33,lose,-1.0,0.334,pinnacle
epl,2023,2023-12-16,Fulham @ Newcastle,1X2,newcastle united,,1.92,0.5866,0.5208,5.68,win,0.9199999999999999,0.364,pinnacle
epl,2023,2023-12-16,Fulham @ Newcastle,TOTAL,over,2.5,1.73,0.6728,0.578,7.38,win,0.73,0.364,pinnacle
epl,2023,2023-12-17,Brighton @ Arsenal,TOTAL,over,2.5,1.6,0.6776,0.625,3.79,lose,-1.0,0.364,pinnacle
epl,2023,2023-12-17,Wolves @ West Ham,1X2,wolverhampton wanderers,,4.34,0.2843,0.2304,10.53,lose,-1.0,0.364,pinnacle
epl,2023,2023-12-17,Wolves @ West Ham,TOTAL,over,2.5,1.9,0.6294,0.5263,8.81,win,0.8999999999999999,0.364,pinnacle
epl,2023,2023-12-17,Man United @ Liverpool,1X2,draw,,6.1,0.208,0.1639,12.09,win,5.1,0.364,pinnacle
epl,2023,2023-12-21,Brighton @ Crystal Palace,1X2,crystal palace,,3.23,0.3411,0.3096,4.59,lose,-1.0,0.364,pinnacle
epl,2023,2023-12-21,Brighton @ Crystal Palace,TOTAL,over,2.5,1.95,0.5705,0.5128,5.06,lose,-1.0,0.364,pinnacle
epl,2023,2023-12-23,Man United @ West Ham,TOTAL,under,2.5,2.23,0.4858,0.4484,3.75,win,1.23,0.364,pinnacle
epl,2023,2023-12-23,Burnley @ Fulham,1X2,fulham,,1.71,0.6241,0.5848,3.03,lose,-1.0,0.334,pinnacle
epl,2023,2023-12-23,Burnley @ Fulham,TOTAL,over,2.5,1.9,0.6196,0.5263,7.98,lose,-1.0,0.334,pinnacle
epl,2023,2023-12-23,Newcastle @ Luton,TOTAL,over,2.5,1.78,0.6228,0.5618,4.88,lose,-1.0,0.334,pinnacle
epl,2023,2023-12-23,Bournemouth @ Nott'm Forest,1X2,nottingham forest,,2.94,0.3998,0.3401,7.89,lose,-1.0,0.334,pinnacle
epl,2023,2023-12-23,Arsenal @ Liverpool,1X2,liverpool,,2.52,0.4409,0.3968,5.0,lose,-1.0,0.364,pinnacle
epl,2023,2023-12-23,Arsenal @ Liverpool,TOTAL,under,2.5,2.23,0.5388,0.4484,9.07,win,1.23,0.364,pinnacle
epl,2023,2023-12-24,Chelsea @ Wolves,1X2,wolverhampton wanderers,,3.34,0.3582,0.2994,8.83,win,2.34,0.364,pinnacle
epl,2023,2023-12-24,Chelsea @ Wolves,TOTAL,over,2.5,1.87,0.5802,0.5348,3.83,win,0.8700000000000001,0.364,pinnacle
epl,2023,2023-12-26,Nott'm Forest @ Newcastle,TOTAL,over,2.5,1.82,0.5871,0.5495,3.08,win,0.8200000000000001,0.334,pinnacle
epl,2023,2023-12-26,Fulham @ Bournemouth,1X2,fulham,,3.97,0.3152,0.2519,11.32,lose,-1.0,0.334,pinnacle
epl,2023,2023-12-26,Luton @ Sheffield United,1X2,luton town,,3.15,0.3883,0.3175,10.04,win,2.15,0.334,pinnacle
epl,2023,2023-12-26,Liverpool @ Burnley,1X2,draw,,5.65,0.217,0.177,10.18,lose,-1.0,0.364,pinnacle
epl,2023,2023-12-27,Wolves @ Brentford,1X2,brentford,,2.25,0.5367,0.4444,9.34,lose,-1.0,0.364,pinnacle
epl,2023,2023-12-27,Crystal Palace @ Chelsea,1X2,crystal palace,,4.72,0.2372,0.2119,5.39,lose,-1.0,0.364,pinnacle
epl,2023,2023-12-27,Man City @ Everton,1X2,everton,,5.5,0.2882,0.1818,26.32,lose,-1.0,0.364,pinnacle
epl,2023,2023-12-28,Tottenham @ Brighton,1X2,tottenham,,2.71,0.4039,0.369,4.26,lose,-1.0,0.364,pinnacle
epl,2023,2023-12-28,West Ham @ Arsenal,1X2,draw,,6.09,0.2002,0.1642,9.86,lose,-1.0,0.364,pinnacle
epl,2023,2023-12-30,Chelsea @ Luton,1X2,luton town,,5.55,0.324,0.1802,35.91,lose,-1.0,0.334,pinnacle
epl,2023,2023-12-30,Chelsea @ Luton,1X2,draw,,4.6,0.2734,0.2174,11.6,lose,-1.0,0.334,pinnacle
epl,2023,2023-12-30,Chelsea @ Luton,TOTAL,under,2.5,2.3,0.5108,0.4348,7.87,lose,-1.0,0.334,pinnacle
epl,2023,2023-12-30,Brentford @ Crystal Palace,1X2,brentford,,3.89,0.3438,0.2571,15.18,lose,-1.0,0.364,pinnacle
epl,2023,2023-12-30,Everton @ Wolves,1X2,wolverhampton wanderers,,2.97,0.3896,0.3367,7.06,win,1.9700000000000002,0.364,pinnacle
epl,2023,2023-12-30,Everton @ Wolves,TOTAL,under,2.5,1.84,0.6452,0.5435,8.42,lose,-1.0,0.364,pinnacle
epl,2023,2023-12-30,Man United @ Nott'm Forest,1X2,nottingham forest,,3.31,0.3476,0.3021,6.78,win,2.31,0.334,pinnacle
epl,2023,2023-12-30,Man United @ Nott'm Forest,1X2,draw,,3.66,0.3105,0.2732,6.14,lose,-1.0,0.334,pinnacle
epl,2023,2023-12-31,Arsenal @ Fulham,1X2,fulham,,5.78,0.2357,0.173,16.31,win,4.78,0.364,pinnacle
epl,2023,2024-01-01,Newcastle @ Liverpool,1X2,draw,,5.7,0.2316,0.1754,14.4,lose,-1.0,0.364,pinnacle
epl,2023,2024-01-02,Brighton @ West Ham,TOTAL,over,2.5,1.63,0.7204,0.6135,7.84,lose,-1.0,0.364,pinnacle
epl,2023,2024-01-12,Luton @ Burnley,1X2,luton town,,3.6,0.3491,0.2778,11.55,lose,-1.0,0.334,pinnacle
epl,2023,2024-01-12,Luton @ Burnley,TOTAL,over,2.5,1.97,0.5515,0.5076,3.89,lose,-1.0,0.334,pinnacle
epl,2023,2024-01-13,Fulham @ Chelsea,1X2,fulham,,5.3,0.2448,0.1887,13.38,lose,-1.0,0.364,pinnacle
epl,2023,2024-01-13,Man City @ Newcastle,1X2,newcastle united,,5.1,0.3367,0.1961,32.27,lose,-1.0,0.364,pinnacle
epl,2023,2024-01-13,Man City @ Newcastle,TOTAL,over,2.5,1.62,0.6612,0.6173,3.2,win,0.6200000000000001,0.364,pinnacle
epl,2023,2024-01-14,Aston Villa @ Everton,1X2,aston villa,,2.79,0.4509,0.3584,11.61,lose,-1.0,0.364,pinnacle
epl,2023,2024-01-20,Crystal Palace @ Arsenal,1X2,draw,,6.15,0.2242,0.1626,17.05,lose,-1.0,0.364,pinnacle
epl,2023,2024-01-20,Nott'm Forest @ Brentford,1X2,nottingham forest,,4.81,0.2533,0.2079,9.83,lose,-1.0,0.334,pinnacle
epl,2023,2024-01-21,West Ham @ Sheffield United,TOTAL,over,2.5,2.09,0.5777,0.4785,9.33,win,1.0899999999999999,0.364,pinnacle
epl,2023,2024-01-22,Wolves @ Brighton,1X2,wolverhampton wanderers,,5.15,0.2589,0.1942,15.0,lose,-1.0,0.364,pinnacle
epl,2023,2024-01-22,Wolves @ Brighton,TOTAL,over,2.5,1.63,0.664,0.6135,3.7,lose,-1.0,0.364,pinnacle
epl,2023,2024-01-30,Arsenal @ Nott'm Forest,1X2,draw,,5.14,0.2326,0.1946,8.81,lose,-1.0,0.334,pinnacle
epl,2023,2024-01-30,Everton @ Fulham,1X2,everton,,3.64,0.3149,0.2747,6.58,lose,-1.0,0.364,pinnacle
epl,2023,2024-01-30,Brighton @ Luton,1X2,luton town,,4.29,0.3058,0.2331,14.04,win,3.29,0.334,pinnacle
epl,2023,2024-02-01,Bournemouth @ West Ham,TOTAL,over,2.5,1.67,0.6627,0.5988,4.8,lose,-1.0,0.364,pinnacle
epl,2023,2024-02-01,Man United @ Wolves,1X2,wolverhampton wanderers,,3.01,0.4698,0.3322,18.64,lose,-1.0,0.364,pinnacle
epl,2023,2024-02-01,Man United @ Wolves,TOTAL,under,2.5,2.07,0.5385,0.4831,5.16,lose,-1.0,0.364,pinnacle
epl,2023,2024-02-03,Tottenham @ Everton,1X2,everton,,3.1,0.3442,0.3226,3.02,lose,-1.0,0.364,pinnacle
epl,2023,2024-02-03,Tottenham @ Everton,TOTAL,under,2.5,2.32,0.502,0.431,7.41,lose,-1.0,0.364,pinnacle
epl,2023,2024-02-03,Crystal Palace @ Brighton,1X2,crystal palace,,5.23,0.2126,0.1912,5.03,lose,-1.0,0.364,pinnacle
epl,2023,2024-02-03,Fulham @ Burnley,1X2,fulham,,2.59,0.4236,0.3861,4.37,lose,-1.0,0.334,pinnacle
epl,2023,2024-02-03,Aston Villa @ Sheffield United,TOTAL,over,2.5,1.64,0.6515,0.6098,3.08,win,0.6399999999999999,0.364,pinnacle
epl,2023,2024-02-04,Nott'm Forest @ Bournemouth,1X2,draw,,4.37,0.2524,0.2288,4.64,win,3.37,0.334,pinnacle
epl,2023,2024-02-04,Nott'm Forest @ Bournemouth,1X2,nottingham forest,,5.01,0.3041,0.1996,23.57,lose,-1.0,0.334,pinnacle
epl,2023,2024-02-04,Wolves @ Chelsea,1X2,draw,,4.63,0.2412,0.216,5.25,lose,-1.0,0.364,pinnacle
epl,2023,2024-02-04,Wolves @ Chelsea,1X2,wolverhampton wanderers,,6.02,0.2531,0.1661,23.56,win,5.02,0.364,pinnacle
epl,2023,2024-02-04,West Ham @ Man United,1X2,draw,,4.59,0.2809,0.2179,13.03,lose,-1.0,0.364,pinnacle
epl,2023,2024-02-04,West Ham @ Man United,TOTAL,under,2.5,2.35,0.5374,0.4255,11.83,lose,-1.0,0.364,pinnacle
epl,2023,2024-02-04,Liverpool @ Arsenal,1X2,liverpool,,3.26,0.3539,0.3067,6.92,lose,-1.0,0.364,pinnacle
epl,2023,2024-02-04,Liverpool @ Arsenal,TOTAL,under,2.5,2.26,0.5347,0.4425,9.38,lose,-1.0,0.364,pinnacle
epl,2023,2024-02-05,Man City @ Brentford,1X2,draw,,5.4,0.2185,0.1852,8.1,lose,-1.0,0.364,pinnacle
epl,2023,2024-02-10,Bournemouth @ Fulham,1X2,fulham,,2.64,0.4678,0.3788,10.58,win,1.6400000000000001,0.334,pinnacle
epl,2023,2024-02-10,Sheffield United @ Luton,1X2,luton town,,1.72,0.6704,0.5814,6.89,lose,-1.0,0.334,pinnacle
epl,2023,2024-02-10,Sheffield United @ Luton,TOTAL,over,2.5,1.88,0.652,0.5319,10.16,win,0.8799999999999999,0.334,pinnacle
epl,2023,2024-02-10,Brentford @ Wolves,1X2,wolverhampton wanderers,,2.27,0.5122,0.4405,7.32,lose,-1.0,0.364,pinnacle
epl,2023,2024-02-10,Brentford @ Wolves,TOTAL,over,2.5,1.76,0.6323,0.5682,5.08,lose,-1.0,0.364,pinnacle
epl,2023,2024-02-10,Newcastle @ Nott'm Forest,TOTAL,over,2.5,1.72,0.6537,0.5814,5.6,win,0.72,0.334,pinnacle
epl,2023,2024-02-11,Arsenal @ West Ham,1X2,west ham united,,6.25,0.249,0.16,25.03,lose,-1.0,0.364,pinnacle
epl,2023,2024-02-11,Arsenal @ West Ham,1X2,draw,,4.4,0.2511,0.2273,4.72,lose,-1.0,0.364,pinnacle
epl,2023,2024-02-11,Man United @ Aston Villa,1X2,aston villa,,2.18,0.589,0.4587,12.78,lose,-1.0,0.364,pinnacle
epl,2023,2024-02-12,Chelsea @ Crystal Palace,1X2,crystal palace,,5.04,0.3376,0.1984,31.57,lose,-1.0,0.364,pinnacle
epl,2023,2024-02-17,Aston Villa @ Fulham,1X2,aston villa,,2.28,0.4799,0.4386,4.24,win,1.2799999999999998,0.364,pinnacle
epl,2023,2024-02-17,Bournemouth @ Newcastle,1X2,newcastle united,,2.0,0.6445,0.5,13.0,lose,-1.0,0.364,pinnacle
epl,2023,2024-02-17,West Ham @ Nott'm Forest,1X2,west ham united,,3.24,0.3683,0.3086,8.7,lose,-1.0,0.334,pinnacle
epl,2023,2024-02-17,West Ham @ Nott'm Forest,TOTAL,over,2.5,1.89,0.5924,0.5291,5.39,lose,-1.0,0.334,pinnacle
epl,2023,2024-02-17,Wolves @ Tottenham,1X2,wolverhampton wanderers,,5.84,0.2159,0.1712,11.74,win,4.84,0.364,pinnacle
epl,2023,2024-02-18,Man United @ Luton,1X2,luton town,,4.32,0.3463,0.2315,22.32,lose,-1.0,0.334,pinnacle
epl,2023,2024-02-19,Crystal Palace @ Everton,1X2,crystal palace,,5.06,0.255,0.1976,13.05,lose,-1.0,0.364,pinnacle
epl,2023,2024-02-24,Burnley @ Crystal Palace,TOTAL,over,2.5,2.19,0.5247,0.4566,6.71,win,1.19,0.364,pinnacle
epl,2023,2024-02-24,Fulham @ Man United,1X2,draw,,4.26,0.2623,0.2347,5.28,lose,-1.0,0.364,pinnacle
epl,2023,2024-02-24,Fulham @ Man United,1X2,fulham,,5.24,0.2657,0.1908,17.66,win,4.24,0.364,pinnacle
epl,2023,2024-02-24,Fulham @ Man United,TOTAL,under,2.5,2.44,0.4927,0.4098,9.1,lose,-1.0,0.364,pinnacle
epl,2023,2024-02-25,Sheffield United @ Wolves,TOTAL,over,2.5,1.65,0.6569,0.6061,3.78,lose,-1.0,0.364,pinnacle
epl,2023,2024-03-02,Chelsea @ Brentford,1X2,brentford,,3.28,0.3624,0.3049,8.49,lose,-1.0,0.364,pinnacle
epl,2023,2024-03-02,West Ham @ Everton,1X2,west ham united,,3.49,0.3164,0.2865,4.69,win,2.49,0.364,pinnacle
epl,2023,2024-03-02,Brighton @ Fulham,1X2,brighton,,2.81,0.4093,0.3559,6.75,lose,-1.0,0.364,pinnacle
epl,2023,2024-03-02,Wolves @ Newcastle,1X2,wolverhampton wanderers,,4.58,0.2724,0.2183,11.14,lose,-1.0,0.364,pinnacle
epl,2023,2024-03-02,Wolves @ Newcastle,TOTAL,over,2.5,1.6,0.6932,0.625,4.91,win,0.6000000000000001,0.364,pinnacle
epl,2023,2024-03-03,Bournemouth @ Burnley,1X2,burnley,,3.8,0.3111,0.2632,8.2,lose,-1.0,0.334,pinnacle
epl,2023,2024-03-09,Everton @ Man United,1X2,draw,,3.74,0.2902,0.2674,3.84,lose,-1.0,0.364,pinnacle
epl,2023,2024-03-09,Sheffield United @ Bournemouth,1X2,draw,,5.79,0.1985,0.1727,6.72,win,4.79,0.334,pinnacle
epl,2023,2024-03-09,Luton @ Crystal Palace,1X2,luton town,,4.12,0.3224,0.2427,14.77,lose,-1.0,0.334,pinnacle
epl,2023,2024-03-09,Fulham @ Wolves,1X2,wolverhampton wanderers,,2.56,0.4255,0.3906,4.02,win,1.56,0.364,pinnacle
epl,2023,2024-03-09,Fulham @ Wolves,TOTAL,over,2.5,1.92,0.5563,0.5208,3.06,win,0.9199999999999999,0.364,pinnacle
epl,2023,2024-03-10,Tottenham @ Aston Villa,1X2,aston villa,,2.55,0.4932,0.3922,11.59,lose,-1.0,0.364,pinnacle
epl,2023,2024-03-10,Nott'm Forest @ Brighton,TOTAL,over,2.5,1.65,0.6478,0.6061,3.1,lose,-1.0,0.334,pinnacle
epl,2023,2024-03-10,Burnley @ West Ham,TOTAL,over,2.5,1.76,0.6304,0.5682,4.92,win,0.76,0.364,pinnacle
epl,2023,2024-03-11,Newcastle @ Chelsea,1X2,newcastle united,,3.91,0.3947,0.2558,24.45,lose,-1.0,0.364,pinnacle
epl,2023,2024-03-13,Luton @ Bournemouth,1X2,draw,,4.89,0.236,0.2045,6.93,lose,-1.0,0.334,pinnacle
epl,2023,2024-03-13,Luton @ Bournemouth,1X2,luton town,,5.69,0.3012,0.1757,32.11,lose,-1.0,0.334,pinnacle
epl,2023,2024-03-17,Aston Villa @ West Ham,1X2,aston villa,,2.83,0.4597,0.3534,13.55,lose,-1.0,0.364,pinnacle
epl,2023,2024-03-30,Everton @ Bournemouth,TOTAL,under,2.5,2.16,0.5206,0.463,5.6,lose,-1.0,0.364,pinnacle
epl,2023,2024-03-30,Crystal Palace @ Nott'm Forest,1X2,crystal palace,,3.43,0.3134,0.2915,3.37,lose,-1.0,0.334,pinnacle
epl,2023,2024-03-30,Crystal Palace @ Nott'm Forest,TOTAL,over,2.5,2.13,0.502,0.4695,3.12,lose,-1.0,0.334,pinnacle
epl,2023,2024-03-30,Man United @ Brentford,1X2,brentford,,3.39,0.3513,0.295,8.59,lose,-1.0,0.364,pinnacle
epl,2023,2024-03-31,Arsenal @ Man City,1X2,arsenal,,3.72,0.3824,0.2688,19.01,lose,-1.0,0.364,pinnacle
epl,2023,2024-04-02,Everton @ Newcastle,1X2,newcastle united,,2.03,0.5823,0.4926,8.2,lose,-1.0,0.364,pinnacle
epl,2023,2024-04-02,Fulham @ Nott'm Forest,TOTAL,under,2.5,2.08,0.5194,0.4808,3.61,lose,-1.0,0.334,pinnacle
epl,2023,2024-04-02,Crystal Palace @ Bournemouth,1X2,crystal palace,,4.14,0.2678,0.2415,4.89,lose,-1.0,0.364,pinnacle
epl,2023,2024-04-02,Crystal Palace @ Bournemouth,TOTAL,under,2.5,2.21,0.49,0.4525,3.73,win,1.21,0.364,pinnacle
epl,2023,2024-04-02,Tottenham @ West Ham,1X2,west ham united,,3.47,0.3106,0.2882,3.5,lose,-1.0,0.364,pinnacle
epl,2023,2024-04-03,Brighton @ Brentford,1X2,brighton,,2.75,0.3954,0.3636,3.94,lose,-1.0,0.364,pinnacle
epl,2023,2024-04-04,Man United @ Chelsea,1X2,draw,,4.41,0.2508,0.2268,4.76,lose,-1.0,0.364,pinnacle
epl,2023,2024-04-04,Man United @ Chelsea,1X2,manchester united,,3.98,0.3013,0.2513,8.96,lose,-1.0,0.364,pinnacle
epl,2023,2024-04-06,Man City @ Crystal Palace,1X2,draw,,5.35,0.246,0.1869,14.22,lose,-1.0,0.364,pinnacle
epl,2023,2024-04-06,Man City @ Crystal Palace,TOTAL,under,2.5,2.24,0.5676,0.4464,12.21,lose,-1.0,0.364,pinnacle
epl,2023,2024-04-06,Burnley @ Everton,1X2,draw,,3.92,0.2862,0.2551,5.49,lose,-1.0,0.364,pinnacle
epl,2023,2024-04-06,Newcastle @ Fulham,1X2,newcastle united,,2.83,0.3931,0.3534,5.07,win,1.83,0.364,pinnacle
epl,2023,2024-04-06,Bournemouth @ Luton,1X2,luton town,,3.82,0.3528,0.2618,15.64,win,2.82,0.334,pinnacle
epl,2023,2024-04-06,West Ham @ Wolves,1X2,wolverhampton wanderers,,2.91,0.4426,0.3436,12.96,lose,-1.0,0.364,pinnacle
epl,2023,2024-04-06,Arsenal @ Brighton,1X2,draw,,4.6,0.2485,0.2174,6.43,lose,-1.0,0.364,pinnacle
epl,2023,2024-04-06,Arsenal @ Brighton,TOTAL,under,2.5,2.3,0.5639,0.4348,13.37,lose,-1.0,0.364,pinnacle
epl,2023,2024-04-07,Liverpool @ Man United,1X2,draw,,4.85,0.2636,0.2062,12.53,win,3.8499999999999996,0.364,pinnacle
epl,2023,2024-04-13,Tottenham @ Newcastle,1X2,newcastle united,,2.65,0.4151,0.3774,4.5,win,1.65,0.364,pinnacle
epl,2023,2024-04-13,Wolves @ Nott'm Forest,1X2,wolverhampton wanderers,,3.81,0.3695,0.2625,18.35,lose,-1.0,0.334,pinnacle
epl,2023,2024-04-14,Fulham @ West Ham,1X2,west ham united,,2.44,0.4489,0.4098,4.29,lose,-1.0,0.364,pinnacle
epl,2023,2024-04-15,Everton @ Chelsea,1X2,everton,,5.1,0.2368,0.1961,9.34,lose,-1.0,0.364,pinnacle
epl,2023,2024-04-20,Brentford @ Luton,1X2,luton town,,2.92,0.3898,0.3425,6.22,lose,-1.0,0.334,pinnacle
epl,2023,2024-04-21,Nott'm Forest @ Everton,1X2,nottingham forest,,3.36,0.3196,0.2976,3.33,lose,-1.0,0.334,pinnacle
epl,2023,2024-04-21,Nott'm Forest @ Everton,TOTAL,under,2.5,1.98,0.5675,0.5051,5.57,win,0.98,0.334,pinnacle
epl,2023,2024-04-21,Bournemouth @ Aston Villa,1X2,aston villa,,1.87,0.6121,0.5348,6.51,win,0.8700000000000001,0.364,pinnacle
epl,2023,2024-04-21,West Ham @ Crystal Palace,1X2,west ham united,,3.36,0.408,0.2976,16.7,lose,-1.0,0.364,pinnacle
epl,2023,2024-04-24,Bournemouth @ Wolves,1X2,wolverhampton wanderers,,2.81,0.4897,0.3559,16.92,lose,-1.0,0.364,pinnacle
epl,2023,2024-04-24,Newcastle @ Crystal Palace,1X2,newcastle united,,2.31,0.5104,0.4329,8.06,lose,-1.0,0.364,pinnacle
epl,2023,2024-04-24,Liverpool @ Everton,1X2,draw,,5.35,0.2449,0.1869,13.96,lose,-1.0,0.364,pinnacle
epl,2023,2024-04-25,Man City @ Brighton,1X2,draw,,5.85,0.2285,0.1709,15.16,lose,-1.0,0.364,pinnacle
epl,2023,2024-04-27,Liverpool @ West Ham,1X2,west ham united,,5.35,0.2257,0.1869,9.34,lose,-1.0,0.364,pinnacle
epl,2023,2024-04-27,Liverpool @ West Ham,1X2,draw,,4.95,0.2368,0.202,7.74,win,3.95,0.364,pinnacle
epl,2023,2024-04-27,Crystal Palace @ Fulham,1X2,fulham,,2.11,0.541,0.4739,6.37,lose,-1.0,0.364,pinnacle
epl,2023,2024-04-27,Crystal Palace @ Fulham,TOTAL,under,2.5,2.24,0.5259,0.4464,8.01,win,1.2400000000000002,0.364,pinnacle
epl,2023,2024-04-27,Burnley @ Man United,1X2,draw,,5.29,0.2282,0.189,9.32,win,4.29,0.364,pinnacle
epl,2023,2024-04-27,Luton @ Wolves,1X2,luton town,,3.96,0.278,0.2525,4.53,lose,-1.0,0.334,pinnacle
epl,2023,2024-04-27,Brentford @ Everton,TOTAL,under,2.5,2.03,0.5999,0.4926,9.8,win,1.0299999999999998,0.364,pinnacle
epl,2023,2024-04-27,Chelsea @ Aston Villa,1X2,aston villa,,2.05,0.5603,0.4878,6.69,lose,-1.0,0.364,pinnacle
epl,2023,2024-04-28,Brighton @ Bournemouth,1X2,draw,,4.17,0.2604,0.2398,3.86,lose,-1.0,0.364,pinnacle
epl,2023,2024-04-28,Brighton @ Bournemouth,1X2,brighton,,3.57,0.3546,0.2801,11.97,lose,-1.0,0.364,pinnacle
epl,2023,2024-04-28,Man City @ Nott'm Forest,1X2,draw,,6.2,0.2089,0.1613,13.28,lose,-1.0,0.334,pinnacle
epl,2023,2024-05-03,Everton @ Luton,TOTAL,under,2.5,2.13,0.5045,0.4695,3.36,win,1.13,0.334,pinnacle
epl,2023,2024-05-04,Fulham @ Brentford,1X2,fulham,,3.49,0.3264,0.2865,6.26,lose,-1.0,0.334,pinnacle
epl,2023,2024-05-04,Newcastle @ Burnley,1X2,newcastle united,,2.02,0.5875,0.495,8.4,win,1.02,0.364,pinnacle
epl,2023,2024-05-04,Nott'm Forest @ Sheffield United,1X2,sheffield united,,5.08,0.2707,0.1969,16.88,lose,-1.0,0.334,pinnacle
epl,2023,2024-05-05,Aston Villa @ Brighton,1X2,aston villa,,2.84,0.4435,0.3521,11.68,lose,-1.0,0.364,pinnacle
epl,2023,2024-05-05,West Ham @ Chelsea,1X2,west ham united,,5.91,0.2637,0.1692,25.12,lose,-1.0,0.364,pinnacle
epl,2023,2024-05-05,Tottenham @ Liverpool,1X2,draw,,5.9,0.1897,0.1695,5.37,lose,-1.0,0.364,pinnacle
epl,2023,2024-05-06,Man United @ Crystal Palace,1X2,draw,,4.05,0.2673,0.2469,3.72,lose,-1.0,0.364,pinnacle
epl,2023,2024-05-06,Man United @ Crystal Palace,1X2,manchester united,,3.57,0.3667,0.2801,13.91,lose,-1.0,0.364,pinnacle
epl,2023,2024-05-06,Man United @ Crystal Palace,TOTAL,under,2.5,2.54,0.4807,0.3937,9.94,lose,-1.0,0.364,pinnacle
epl,2023,2024-05-11,Sheffield United @ Everton,1X2,draw,,5.07,0.2201,0.1972,5.22,lose,-1.0,0.364,pinnacle
epl,2023,2024-05-11,Crystal Palace @ Wolves,1X2,wolverhampton wanderers,,3.31,0.4238,0.3021,18.12,lose,-1.0,0.364,pinnacle
epl,2023,2024-05-11,Chelsea @ Nott'm Forest,1X2,nottingham forest,,4.04,0.309,0.2475,11.18,lose,-1.0,0.334,pinnacle
epl,2023,2024-05-13,Liverpool @ Aston Villa,1X2,aston villa,,3.9,0.3184,0.2564,10.87,lose,-1.0,0.364,pinnacle
epl,2023,2024-05-13,Liverpool @ Aston Villa,1X2,draw,,4.58,0.2395,0.2183,4.36,win,3.58,0.364,pinnacle
epl,2023,2024-05-14,Man City @ Tottenham,1X2,draw,,6.35,0.2212,0.1575,18.21,lose,-1.0,0.364,pinnacle
epl,2023,2024-05-15,Chelsea @ Brighton,1X2,brighton,,3.2,0.3781,0.3125,9.45,lose,-1.0,0.364,pinnacle
epl,2023,2024-05-15,Newcastle @ Man United,1X2,newcastle united,,2.47,0.4585,0.4049,5.96,lose,-1.0,0.364,pinnacle
epl,2023,2024-05-19,Man United @ Brighton,1X2,brighton,,2.66,0.4612,0.3759,10.21,lose,-1.0,0.364,pinnacle
epl,2023,2024-05-19,Bournemouth @ Chelsea,1X2,draw,,5.59,0.203,0.1789,6.07,lose,-1.0,0.364,pinnacle
epl,2023,2024-05-19,Aston Villa @ Crystal Palace,1X2,draw,,4.64,0.2422,0.2155,5.56,lose,-1.0,0.364,pinnacle
epl,2023,2024-05-19,Fulham @ Luton,1X2,luton town,,3.11,0.3482,0.3215,3.73,lose,-1.0,0.334,pinnacle
laliga,2023,2023-09-27,Getafe @ Ath Bilbao,TOTAL,over,2.5,2.41,0.5001,0.4149,9.23,win,1.4100000000000001,0.364,pinnacle
laliga,2023,2023-09-27,Vallecano @ Cadiz,1X2,cadiz,,2.72,0.4079,0.3676,4.93,lose,-1.0,0.364,pinnacle
laliga,2023,2023-09-27,Sociedad @ Valencia,1X2,valencia,,2.57,0.5029,0.3891,13.16,lose,-1.0,0.364,pinnacle
laliga,2023,2023-09-28,Alaves @ Celta,1X2,draw,,3.99,0.2822,0.2506,5.67,win,2.99,0.364,pinnacle
laliga,2023,2023-09-28,Betis @ Granada,1X2,granada,,2.79,0.4465,0.3584,11.06,lose,-1.0,0.364,pinnacle
laliga,2023,2023-09-28,Betis @ Granada,TOTAL,over,2.5,1.95,0.6353,0.5128,10.75,lose,-1.0,0.364,pinnacle
laliga,2023,2023-09-29,Sevilla @ Barcelona,1X2,draw,,5.74,0.2251,0.1742,13.15,lose,-1.0,0.364,pinnacle
laliga,2023,2023-09-30,Villarreal @ Getafe,1X2,getafe,,2.79,0.4265,0.3584,8.55,lose,-1.0,0.364,pinnacle
laliga,2023,2023-09-30,Villarreal @ Getafe,TOTAL,over,2.5,2.14,0.5119,0.4673,4.3,lose,-1.0,0.364,pinnacle
laliga,2023,2023-09-30,Mallorca @ Vallecano,1X2,mallorca,,4.46,0.3147,0.2242,18.16,lose,-1.0,0.364,pinnacle
laliga,2023,2023-09-30,Real Madrid @ Girona,1X2,draw,,4.06,0.2841,0.2463,6.91,lose,-1.0,0.334,pinnacle
laliga,2023,2023-10-01,Granada @ Almeria,1X2,granada,,3.99,0.3097,0.2506,10.6,lose,-1.0,0.334,pinnacle
laliga,2023,2023-10-01,Granada @ Almeria,TOTAL,over,2.5,1.75,0.6337,0.5714,4.9,win,0.75,0.334,pinnacle
laliga,2023,2023-10-01,Cadiz @ Ath Madrid,1X2,draw,,5.31,0.2573,0.1883,16.48,lose,-1.0,0.364,pinnacle
laliga,2023,2023-10-01,Valencia @ Betis,TOTAL,under,2.5,1.69,0.6362,0.5917,3.39,lose,-1.0,0.364,pinnacle
laliga,2023,2023-10-02,Celta @ Las Palmas,1X2,las palmas,,3.02,0.3582,0.3311,3.68,win,2.02,0.334,pinnacle
laliga,2023,2023-10-02,Celta @ Las Palmas,1X2,draw,,3.09,0.3485,0.3236,3.45,lose,-1.0,0.334,pinnacle
laliga,2023,2023-10-06,Almeria @ Ath Bilbao,1X2,draw,,5.66,0.2014,0.1767,6.3,lose,-1.0,0.334,pinnacle
laliga,2023,2023-10-07,Girona @ Cadiz,TOTAL,over,2.5,1.98,0.5634,0.5051,5.2,lose,-1.0,0.334,pinnacle
laliga,2023,2023-10-07,Osasuna @ Real Madrid,1X2,draw,,6.43,0.239,0.1555,24.15,lose,-1.0,0.364,pinnacle
laliga,2023,2023-10-07,Valencia @ Mallorca,1X2,valencia,,3.35,0.3316,0.2985,4.99,lose,-1.0,0.364,pinnacle
laliga,2023,2023-10-07,Vallecano @ Sevilla,1X2,rayo vallecano,,4.65,0.2629,0.2151,10.02,lose,-1.0,0.364,pinnacle
laliga,2023,2023-10-07,Vallecano @ Sevilla,TOTAL,over,2.5,2.08,0.5171,0.4808,3.4,win,1.08,0.364,pinnacle
laliga,2023,2023-10-08,Las Palmas @ Villarreal,1X2,draw,,4.12,0.3254,0.2427,15.33,lose,-1.0,0.334,pinnacle
laliga,2023,2023-10-08,Las Palmas @ Villarreal,1X2,las palmas,,5.59,0.2831,0.1789,26.21,win,4.59,0.334,pinnacle
laliga,2023,2023-10-08,Sociedad @ Ath Madrid,1X2,atletico madrid,,2.04,0.554,0.4902,5.86,win,1.04,0.364,pinnacle
laliga,2023,2023-10-08,Betis @ Alaves,1X2,real betis,,3.06,0.3653,0.3268,5.3,lose,-1.0,0.364,pinnacle
laliga,2023,2023-10-08,Getafe @ Celta,1X2,getafe,,4.38,0.3356,0.2283,21.16,lose,-1.0,0.364,pinnacle
laliga,2023,2023-10-20,Granada @ Osasuna,1X2,granada,,5.67,0.3242,0.1764,37.71,lose,-1.0,0.364,pinnacle
laliga,2023,2023-10-20,Granada @ Osasuna,TOTAL,over,2.5,1.88,0.6273,0.5319,8.07,lose,-1.0,0.364,pinnacle
laliga,2023,2023-10-21,Mallorca @ Sociedad,1X2,mallorca,,6.36,0.2086,0.1572,14.7,lose,-1.0,0.364,pinnacle
laliga,2023,2023-10-21,Betis @ Getafe,TOTAL,over,2.5,2.48,0.5296,0.4032,14.11,lose,-1.0,0.364,pinnacle
laliga,2023,2023-10-21,Real Madrid @ Sevilla,TOTAL,under,2.5,2.3,0.481,0.4348,4.79,win,1.2999999999999998,0.364,pinnacle
laliga,2023,2023-10-21,Ath Madrid @ Celta,1X2,atletico madrid,,2.23,0.5771,0.4484,12.91,win,1.23,0.364,pinnacle
laliga,2023,2023-10-21,Ath Madrid @ Celta,TOTAL,over,2.5,2.01,0.5962,0.4975,8.92,win,1.0099999999999998,0.364,pinnacle
laliga,2023,2023-10-22,Vallecano @ Las Palmas,TOTAL,under,2.5,1.65,0.694,0.6061,6.53,win,0.6499999999999999,0.334,pinnacle
laliga,2023,2023-10-22,Alaves @ Villarreal,TOTAL,under,2.5,1.93,0.5528,0.5181,3.01,win,0.9299999999999999,0.364,pinnacle
laliga,2023,2023-10-22,Ath Bilbao @ Barcelona,1X2,athletic,,4.49,0.2784,0.2227,11.25,lose,-1.0,0.364,pinnacle
laliga,2023,2023-10-23,Cadiz @ Valencia,1X2,draw,,3.67,0.2958,0.2725,3.86,lose,-1.0,0.364,pinnacle
laliga,2023,2023-10-23,Cadiz @ Valencia,1X2,cadiz,,6.07,0.2516,0.1647,23.71,lose,-1.0,0.364,pinnacle
laliga,2023,2023-10-27,Celta @ Girona,1X2,girona,,1.75,0.7162,0.5714,11.4,win,0.75,0.334,pinnacle
laliga,2023,2023-10-27,Celta @ Girona,TOTAL,over,2.5,1.66,0.6911,0.6024,6.62,lose,-1.0,0.334,pinnacle
laliga,2023,2023-10-28,Las Palmas @ Almeria,1X2,las palmas,,3.42,0.3729,0.2924,12.39,win,2.42,0.334,pinnacle
laliga,2023,2023-10-28,Las Palmas @ Almeria,TOTAL,under,2.5,1.9,0.6004,0.5263,6.33,lose,-1.0,0.334,pinnacle
laliga,2023,2023-10-28,Real Madrid @ Barcelona,TOTAL,under,2.5,2.41,0.52,0.4149,11.4,lose,-1.0,0.364,pinnacle
laliga,2023,2023-10-28,Getafe @ Mallorca,1X2,getafe,,3.9,0.3146,0.2564,10.22,lose,-1.0,0.364,pinnacle
laliga,2023,2023-10-28,Sevilla @ Cadiz,1X2,cadiz,,3.9,0.3184,0.2564,10.88,lose,-1.0,0.364,pinnacle
laliga,2023,2023-10-29,Osasuna @ Betis,1X2,osasuna,,4.21,0.287,0.2375,9.38,lose,-1.0,0.364,pinnacle
laliga,2023,2023-10-29,Sociedad @ Vallecano,1X2,rayo vallecano,,3.38,0.3304,0.2959,5.26,lose,-1.0,0.364,pinnacle
laliga,2023,2023-10-29,Sociedad @ Vallecano,TOTAL,over,2.5,2.5,0.5021,0.4,11.48,win,1.5,0.364,pinnacle
laliga,2023,2023-10-29,Valencia @ Ath Bilbao,1X2,draw,,3.97,0.2814,0.2519,5.27,win,2.97,0.364,pinnacle
laliga,2023,2023-10-29,Valencia @ Ath Bilbao,1X2,valencia,,5.83,0.2355,0.1715,16.78,lose,-1.0,0.364,pinnacle
laliga,2023,2023-10-29,Alaves @ Ath Madrid,TOTAL,over,2.5,1.88,0.5726,0.5319,3.44,win,0.8799999999999999,0.364,pinnacle
laliga,2023,2023-10-30,Villarreal @ Granada,1X2,granada,,2.99,0.4145,0.3344,10.77,lose,-1.0,0.364,pinnacle
laliga,2023,2023-10-30,Villarreal @ Granada,TOTAL,over,2.5,1.72,0.6445,0.5814,4.89,win,0.72,0.364,pinnacle
laliga,2023,2023-11-03,Ath Madrid @ Las Palmas,1X2,las palmas,,5.56,0.2055,0.1799,6.4,win,4.56,0.334,pinnacle
laliga,2023,2023-11-03,Ath Madrid @ Las Palmas,TOTAL,under,2.5,1.75,0.6322,0.5714,4.79,lose,-1.0,0.334,pinnacle
laliga,2023,2023-11-04,Girona @ Osasuna,1X2,girona,,2.56,0.5158,0.3906,14.42,win,1.56,0.334,pinnacle
laliga,2023,2023-11-04,Girona @ Osasuna,TOTAL,over,2.5,1.95,0.57,0.5128,5.02,win,0.95,0.334,pinnacle
laliga,2023,2023-11-04,Mallorca @ Betis,1X2,mallorca,,4.68,0.2653,0.2137,10.87,lose,-1.0,0.364,pinnacle
laliga,2023,2023-11-04,Sevilla @ Celta,1X2,sevilla,,3.13,0.4421,0.3195,17.27,lose,-1.0,0.364,pinnacle
laliga,2023,2023-11-04,Barcelona @ Sociedad,1X2,real sociedad,,3.38,0.3721,0.2959,11.6,lose,-1.0,0.364,pinnacle
laliga,2023,2023-11-04,Barcelona @ Sociedad,TOTAL,over,2.5,1.93,0.596,0.5181,6.76,lose,-1.0,0.364,pinnacle
laliga,2023,2023-11-05,Almeria @ Alaves,1X2,almeria,,4.99,0.2757,0.2004,16.91,lose,-1.0,0.334,pinnacle
laliga,2023,2023-11-05,Almeria @ Alaves,TOTAL,over,2.5,1.98,0.5487,0.5051,3.89,lose,-1.0,0.334,pinnacle
laliga,2023,2023-11-05,Granada @ Valencia,1X2,granada,,5.29,0.2178,0.189,6.85,lose,-1.0,0.364,pinnacle
laliga,2023,2023-11-05,Granada @ Valencia,TOTAL,over,2.5,1.93,0.6258,0.5181,9.35,lose,-1.0,0.364,pinnacle
laliga,2023,2023-11-05,Ath Bilbao @ Villarreal,1X2,villarreal,,3.82,0.3051,0.2618,7.45,lose,-1.0,0.364,pinnacle
laliga,2023,2023-11-05,Vallecano @ Real Madrid,TOTAL,under,2.5,2.58,0.4914,0.3876,12.06,win,1.58,0.364,pinnacle
laliga,2023,2023-11-06,Cadiz @ Getafe,1X2,cadiz,,4.41,0.2624,0.2268,7.07,lose,-1.0,0.364,pinnacle
laliga,2023,2023-11-10,Celta @ Ath Bilbao,1X2,athletic,,1.71,0.6352,0.5848,3.88,win,0.71,0.364,pinnacle
laliga,2023,2023-11-11,Girona @ Vallecano,1X2,girona,,2.46,0.4785,0.4065,7.97,win,1.46,0.334,pinnacle
laliga,2023,2023-11-11,Sociedad @ Almeria,TOTAL,over,2.5,1.87,0.6479,0.5348,9.52,win,0.8700000000000001,0.334,pinnacle
laliga,2023,2023-11-11,Getafe @ Granada,1X2,getafe,,3.19,0.3891,0.3135,10.85,lose,-1.0,0.364,pinnacle
laliga,2023,2023-11-11,Las Palmas @ Osasuna,1X2,draw,,3.36,0.3188,0.2976,3.2,win,2.36,0.334,pinnacle
laliga,2023,2023-11-11,Las Palmas @ Osasuna,1X2,las palmas,,4.47,0.3475,0.2237,24.9,lose,-1.0,0.334,pinnacle
laliga,2023,2023-11-11,Las Palmas @ Osasuna,TOTAL,under,2.5,1.62,0.6672,0.6173,3.64,win,0.6200000000000001,0.334,pinnacle
laliga,2023,2023-11-11,Valencia @ Real Madrid,1X2,draw,,5.79,0.26,0.1727,22.74,lose,-1.0,0.364,pinnacle
laliga,2023,2023-11-12,Alaves @ Barcelona,TOTAL,under,2.5,2.4,0.5146,0.4167,10.58,lose,-1.0,0.364,pinnacle
laliga,2023,2023-11-12,Betis @ Sevilla,1X2,real betis,,3.42,0.332,0.2924,6.1,lose,-1.0,0.364,pinnacle
laliga,2023,2023-11-24,Granada @ Alaves,1X2,granada,,5.45,0.2993,0.1835,28.4,lose,-1.0,0.364,pinnacle
laliga,2023,2023-11-24,Granada @ Alaves,TOTAL,over,2.5,2.16,0.5215,0.463,5.69,win,1.1600000000000001,0.364,pinnacle
laliga,2023,2023-11-25,Barcelona @ Vallecano,1X2,rayo vallecano,,5.0,0.2565,0.2,12.72,lose,-1.0,0.364,pinnacle
laliga,2023,2023-11-25,Barcelona @ Vallecano,1X2,draw,,4.25,0.2684,0.2353,6.33,win,3.25,0.364,pinnacle
laliga,2023,2023-11-25,Barcelona @ Vallecano,TOTAL,under,2.5,2.15,0.5224,0.4651,5.54,win,1.15,0.364,pinnacle
laliga,2023,2023-11-25,Celta @ Valencia,1X2,valencia,,2.3,0.52,0.4348,8.82,lose,-1.0,0.364,pinnacle
laliga,2023,2023-11-25,Celta @ Valencia,TOTAL,over,2.5,2.12,0.5128,0.4717,3.92,lose,-1.0,0.364,pinnacle
laliga,2023,2023-11-25,Almeria @ Getafe,TOTAL,over,2.5,2.07,0.59,0.4831,9.95,win,1.0699999999999998,0.334,pinnacle
laliga,2023,2023-11-25,Mallorca @ Ath Madrid,TOTAL,over,2.5,1.96,0.6137,0.5102,9.13,lose,-1.0,0.364,pinnacle
laliga,2023,2023-11-26,Osasuna @ Villarreal,TOTAL,over,2.5,1.88,0.5766,0.5319,3.78,win,0.8799999999999999,0.364,pinnacle
laliga,2023,2023-11-26,Sevilla @ Sociedad,1X2,sevilla,,6.09,0.2407,0.1642,20.96,lose,-1.0,0.364,pinnacle
laliga,2023,2023-11-26,Sevilla @ Sociedad,TOTAL,over,2.5,2.06,0.5828,0.4854,9.02,win,1.06,0.364,pinnacle
laliga,2023,2023-11-26,Real Madrid @ Cadiz,1X2,draw,,4.7,0.2432,0.2128,6.44,lose,-1.0,0.364,pinnacle
laliga,2023,2023-11-26,Real Madrid @ Cadiz,TOTAL,under,2.5,2.13,0.576,0.4695,10.21,lose,-1.0,0.364,pinnacle
laliga,2023,2023-11-26,Las Palmas @ Betis,1X2,draw,,3.74,0.3259,0.2674,9.85,lose,-1.0,0.334,pinnacle
laliga,2023,2023-11-26,Las Palmas @ Betis,1X2,las palmas,,5.55,0.268,0.1802,21.93,lose,-1.0,0.334,pinnacle
laliga,2023,2023-11-27,Ath Bilbao @ Girona,1X2,girona,,2.27,0.5431,0.4405,10.48,lose,-1.0,0.334,pinnacle
laliga,2023,2023-11-27,Ath Bilbao @ Girona,TOTAL,over,2.5,1.68,0.6982,0.5952,7.79,lose,-1.0,0.334,pinnacle
laliga,2023,2023-11-29,Cadiz @ Mallorca,1X2,cadiz,,5.15,0.2197,0.1942,5.91,lose,-1.0,0.364,pinnacle
laliga,2023,2023-12-02,Valencia @ Girona,TOTAL,over,2.5,1.83,0.5957,0.5464,4.05,win,0.8300000000000001,0.334,pinnacle
laliga,2023,2023-12-02,Vallecano @ Ath Bilbao,1X2,draw,,4.77,0.2421,0.2096,6.98,lose,-1.0,0.364,pinnacle
laliga,2023,2023-12-03,Alaves @ Mallorca,1X2,mallorca,,2.75,0.3941,0.3636,3.77,lose,-1.0,0.364,pinnacle
laliga,2023,2023-12-03,Villarreal @ Sevilla,TOTAL,over,2.5,1.72,0.6265,0.5814,3.49,lose,-1.0,0.364,pinnacle
laliga,2023,2023-12-03,Ath Madrid @ Barcelona,1X2,atletico madrid,,3.83,0.3483,0.2611,15.03,lose,-1.0,0.364,pinnacle
laliga,2023,2023-12-04,Cadiz @ Celta,1X2,draw,,4.28,0.2905,0.2336,10.95,win,3.2800000000000002,0.364,pinnacle
laliga,2023,2023-12-04,Cadiz @ Celta,TOTAL,under,2.5,1.85,0.5946,0.5405,4.5,win,0.8500000000000001,0.364,pinnacle
laliga,2023,2023-12-08,Valencia @ Getafe,1X2,getafe,,2.67,0.4282,0.3745,6.45,win,1.67,0.364,pinnacle
laliga,2023,2023-12-09,Las Palmas @ Alaves,1X2,draw,,3.24,0.3566,0.3086,6.99,lose,-1.0,0.334,pinnacle
laliga,2023,2023-12-09,Las Palmas @ Alaves,1X2,las palmas,,4.4,0.3182,0.2273,17.99,win,3.4000000000000004,0.334,pinnacle
laliga,2023,2023-12-09,Real Madrid @ Betis,1X2,draw,,4.19,0.2843,0.2387,8.6,win,3.1900000000000004,0.364,pinnacle
laliga,2023,2023-12-09,Sociedad @ Villarreal,1X2,villarreal,,3.52,0.3353,0.2841,8.11,lose,-1.0,0.364,pinnacle
laliga,2023,2023-12-09,Sociedad @ Villarreal,TOTAL,over,2.5,1.96,0.6084,0.5102,8.66,win,0.96,0.364,pinnacle
laliga,2023,2023-12-09,Sevilla @ Mallorca,1X2,sevilla,,3.15,0.362,0.3175,6.31,lose,-1.0,0.364,pinnacle
laliga,2023,2023-12-10,Osasuna @ Cadiz,1X2,cadiz,,2.84,0.3842,0.3521,4.11,lose,-1.0,0.364,pinnacle
laliga,2023,2023-12-10,Girona @ Barcelona,1X2,draw,,5.35,0.2436,0.1869,13.65,lose,-1.0,0.334,pinnacle
laliga,2023,2023-12-10,Girona @ Barcelona,1X2,girona,,6.27,0.286,0.1595,35.69,win,5.27,0.334,pinnacle
laliga,2023,2023-12-11,Ath Bilbao @ Granada,1X2,athletic,,1.93,0.5892,0.5181,6.17,lose,-1.0,0.364,pinnacle
laliga,2023,2023-12-11,Ath Bilbao @ Granada,TOTAL,over,2.5,1.74,0.6977,0.5747,9.63,lose,-1.0,0.364,pinnacle
laliga,2023,2023-12-11,Celta @ Vallecano,1X2,rayo vallecano,,2.75,0.468,0.3636,12.91,lose,-1.0,0.364,pinnacle
laliga,2023,2023-12-15,Vallecano @ Osasuna,1X2,rayo vallecano,,3.63,0.3023,0.2755,4.38,lose,-1.0,0.364,pinnacle
laliga,2023,2023-12-16,Granada @ Celta,1X2,granada,,5.39,0.2849,0.1855,24.1,lose,-1.0,0.364,pinnacle
laliga,2023,2023-12-16,Ath Madrid @ Ath Bilbao,1X2,atletico madrid,,2.88,0.3809,0.3472,4.37,lose,-1.0,0.364,pinnacle
laliga,2023,2023-12-16,Ath Madrid @ Ath Bilbao,TOTAL,over,2.5,1.9,0.5856,0.5263,5.07,lose,-1.0,0.364,pinnacle
laliga,2023,2023-12-16,Getafe @ Sevilla,1X2,getafe,,5.24,0.2811,0.1908,21.29,win,4.24,0.364,pinnacle
laliga,2023,2023-12-16,Barcelona @ Valencia,1X2,valencia,,6.04,0.2748,0.1656,29.7,lose,-1.0,0.364,pinnacle
laliga,2023,2023-12-16,Barcelona @ Valencia,1X2,draw,,4.56,0.2696,0.2193,10.32,win,3.5599999999999996,0.364,pinnacle
laliga,2023,2023-12-17,Mallorca @ Almeria,1X2,mallorca,,3.47,0.3872,0.2882,15.46,lose,-1.0,0.334,pinnacle
laliga,2023,2023-12-17,Betis @ Sociedad,1X2,draw,,4.18,0.2648,0.2392,4.82,win,3.1799999999999997,0.364,pinnacle
laliga,2023,2023-12-17,Betis @ Sociedad,1X2,real betis,,6.12,0.2233,0.1634,16.5,lose,-1.0,0.364,pinnacle
laliga,2023,2023-12-17,Cadiz @ Las Palmas,1X2,draw,,3.3,0.3246,0.303,3.21,win,2.3,0.334,pinnacle
laliga,2023,2023-12-19,Valencia @ Vallecano,TOTAL,under,2.5,1.61,0.6687,0.6211,3.45,win,0.6100000000000001,0.364,pinnacle
laliga,2023,2023-12-19,Getafe @ Ath Madrid,1X2,draw,,4.54,0.258,0.2203,7.71,win,3.54,0.364,pinnacle
laliga,2023,2023-12-19,Sevilla @ Granada,1X2,granada,,3.12,0.3517,0.3205,4.38,lose,-1.0,0.364,pinnacle
laliga,2023,2023-12-19,Sevilla @ Granada,TOTAL,over,2.5,2.11,0.5334,0.4739,5.65,win,1.1099999999999999,0.364,pinnacle
laliga,2023,2023-12-20,Las Palmas @ Ath Bilbao,1X2,draw,,5.19,0.2934,0.1927,23.51,lose,-1.0,0.334,pinnacle
laliga,2023,2023-12-21,Girona @ Betis,1X2,girona,,2.69,0.4069,0.3717,4.25,lose,-1.0,0.334,pinnacle
laliga,2023,2023-12-21,Girona @ Betis,TOTAL,under,2.5,2.16,0.5262,0.463,6.15,win,1.1600000000000001,0.334,pinnacle
laliga,2023,2023-12-21,Sociedad @ Cadiz,1X2,cadiz,,6.27,0.222,0.1595,17.63,lose,-1.0,0.364,pinnacle
laliga,2023,2023-12-21,Real Madrid @ Alaves,TOTAL,under,2.5,2.06,0.6087,0.4854,11.43,win,1.06,0.364,pinnacle
laliga,2023,2023-12-21,Osasuna @ Mallorca,1X2,osasuna,,4.11,0.2853,0.2433,7.76,lose,-1.0,0.364,pinnacle
laliga,2023,2024-01-02,Vallecano @ Getafe,1X2,getafe,,2.4,0.5148,0.4167,10.6,lose,-1.0,0.364,pinnacle
laliga,2023,2024-01-02,Villarreal @ Valencia,TOTAL,over,2.5,2.01,0.5342,0.4975,3.32,win,1.0099999999999998,0.364,pinnacle
laliga,2023,2024-01-03,Cadiz @ Granada,1X2,cadiz,,3.82,0.3238,0.2618,10.66,lose,-1.0,0.364,pinnacle
laliga,2023,2024-01-03,Betis @ Celta,1X2,real betis,,3.67,0.394,0.2725,20.07,lose,-1.0,0.364,pinnacle
laliga,2023,2024-01-03,Betis @ Celta,TOTAL,under,2.5,1.85,0.6435,0.5405,8.57,lose,-1.0,0.364,pinnacle
laliga,2023,2024-01-03,Mallorca @ Real Madrid,TOTAL,under,2.5,2.28,0.5355,0.4386,9.94,win,1.2799999999999998,0.364,pinnacle
laliga,2023,2024-01-03,Ath Madrid @ Girona,1X2,girona,,2.7,0.4828,0.3704,13.67,win,1.7000000000000002,0.334,pinnacle
laliga,2023,2024-01-03,Ath Madrid @ Girona,TOTAL,over,2.5,1.68,0.6613,0.5952,5.0,win,0.6799999999999999,0.334,pinnacle
laliga,2023,2024-01-04,Almeria @ Osasuna,TOTAL,over,2.5,1.94,0.6046,0.5155,7.78,lose,-1.0,0.334,pinnacle
laliga,2023,2024-01-04,Ath Bilbao @ Sevilla,1X2,athletic,,2.52,0.4542,0.3968,6.51,win,1.52,0.364,pinnacle
laliga,2023,2024-01-04,Ath Bilbao @ Sevilla,TOTAL,over,2.5,2.09,0.5275,0.4785,4.61,lose,-1.0,0.364,pinnacle
laliga,2023,2024-01-04,Barcelona @ Las Palmas,1X2,draw,,4.68,0.3192,0.2137,22.23,lose,-1.0,0.334,pinnacle
laliga,2023,2024-01-13,Villarreal @ Las Palmas,1X2,las palmas,,2.69,0.487,0.3717,13.95,win,1.69,0.334,pinnacle
laliga,2023,2024-01-13,Villarreal @ Las Palmas,TOTAL,under,2.5,1.89,0.588,0.5291,5.01,lose,-1.0,0.334,pinnacle
laliga,2023,2024-01-13,Sociedad @ Ath Bilbao,1X2,real sociedad,,4.17,0.2752,0.2398,6.64,lose,-1.0,0.364,pinnacle
laliga,2023,2024-01-19,Cadiz @ Alaves,1X2,draw,,3.57,0.311,0.2801,4.96,lose,-1.0,0.364,pinnacle
laliga,2023,2024-01-19,Cadiz @ Alaves,1X2,cadiz,,6.43,0.2339,0.1555,22.68,lose,-1.0,0.364,pinnacle
laliga,2023,2024-01-20,Las Palmas @ Vallecano,1X2,draw,,3.7,0.3545,0.2703,14.02,lose,-1.0,0.334,pinnacle
laliga,2023,2024-01-20,Mallorca @ Villarreal,1X2,mallorca,,3.79,0.3214,0.2639,9.81,lose,-1.0,0.364,pinnacle
laliga,2023,2024-01-20,Ath Bilbao @ Valencia,TOTAL,over,2.5,2.22,0.4829,0.4505,3.25,lose,-1.0,0.364,pinnacle
laliga,2023,2024-01-21,Getafe @ Osasuna,1X2,getafe,,3.59,0.3474,0.2786,11.12,lose,-1.0,0.364,pinnacle
laliga,2023,2024-01-21,Barcelona @ Betis,1X2,real betis,,4.1,0.3318,0.2439,16.22,lose,-1.0,0.364,pinnacle
laliga,2023,2024-01-21,Barcelona @ Betis,1X2,draw,,4.12,0.2886,0.2427,8.5,lose,-1.0,0.364,pinnacle
laliga,2023,2024-01-21,Barcelona @ Betis,TOTAL,under,2.5,2.24,0.5672,0.4464,12.17,lose,-1.0,0.364,pinnacle
laliga,2023,2024-01-21,Sevilla @ Girona,1X2,girona,,1.83,0.6932,0.5464,12.09,win,0.8300000000000001,0.334,pinnacle
laliga,2023,2024-01-21,Sevilla @ Girona,TOTAL,over,2.5,1.69,0.6945,0.5917,7.81,win,0.69,0.334,pinnacle
laliga,2023,2024-01-22,Ath Madrid @ Granada,TOTAL,over,2.5,1.8,0.6706,0.5556,9.32,lose,-1.0,0.364,pinnacle
laliga,2023,2024-01-26,Alaves @ Almeria,1X2,alaves,,2.8,0.3848,0.3571,3.49,win,1.7999999999999998,0.334,pinnacle
laliga,2023,2024-01-27,Real Madrid @ Las Palmas,1X2,draw,,4.86,0.3245,0.2058,25.96,lose,-1.0,0.334,pinnacle
laliga,2023,2024-01-27,Betis @ Mallorca,1X2,real betis,,3.71,0.3336,0.2695,10.69,win,2.71,0.364,pinnacle
laliga,2023,2024-01-28,Girona @ Celta,TOTAL,over,2.5,1.78,0.6187,0.5618,4.56,lose,-1.0,0.334,pinnacle
laliga,2023,2024-01-28,Ath Bilbao @ Cadiz,1X2,athletic,,1.86,0.588,0.5376,4.21,lose,-1.0,0.364,pinnacle
laliga,2023,2024-01-28,Osasuna @ Sevilla,1X2,osasuna,,4.03,0.3289,0.2481,14.64,lose,-1.0,0.364,pinnacle
laliga,2023,2024-01-28,Osasuna @ Sevilla,TOTAL,over,2.5,2.28,0.5519,0.4386,11.62,lose,-1.0,0.364,pinnacle
laliga,2023,2024-01-28,Valencia @ Ath Madrid,1X2,valencia,,6.33,0.2138,0.158,15.9,lose,-1.0,0.364,pinnacle
laliga,2023,2024-01-29,Granada @ Getafe,1X2,getafe,,1.87,0.5772,0.5348,3.57,win,0.8700000000000001,0.364,pinnacle
laliga,2023,2024-01-31,Osasuna @ Barcelona,1X2,draw,,5.77,0.1949,0.1733,5.61,lose,-1.0,0.364,pinnacle
laliga,2023,2024-01-31,Vallecano @ Ath Madrid,TOTAL,under,2.5,2.07,0.5322,0.4831,4.58,lose,-1.0,0.364,pinnacle
laliga,2023,2024-02-01,Real Madrid @ Getafe,TOTAL,under,2.5,1.93,0.5819,0.5181,5.54,win,0.9299999999999999,0.364,pinnacle
laliga,2023,2024-02-03,Almeria @ Valencia,1X2,valencia,,1.74,0.6431,0.5747,5.35,win,0.74,0.334,pinnacle
laliga,2023,2024-02-03,Almeria @ Valencia,TOTAL,over,2.5,2.0,0.5454,0.5,4.09,win,1.0,0.334,pinnacle
laliga,2023,2024-02-03,Las Palmas @ Granada,TOTAL,under,2.5,1.68,0.6413,0.5952,3.49,win,0.6799999999999999,0.334,pinnacle
laliga,2023,2024-02-03,Barcelona @ Alaves,1X2,alaves,,4.3,0.3306,0.2326,18.97,lose,-1.0,0.364,pinnacle
laliga,2023,2024-02-03,Barcelona @ Alaves,TOTAL,under,2.5,1.99,0.5533,0.5025,4.55,lose,-1.0,0.364,pinnacle
laliga,2023,2024-02-03,Sociedad @ Girona,1X2,girona,,2.06,0.528,0.4854,3.95,lose,-1.0,0.334,pinnacle
laliga,2023,2024-02-03,Sociedad @ Girona,TOTAL,over,2.5,2.02,0.5621,0.495,6.09,lose,-1.0,0.334,pinnacle
laliga,2023,2024-02-04,Cadiz @ Villarreal,1X2,cadiz,,5.84,0.2216,0.1712,13.24,lose,-1.0,0.364,pinnacle
laliga,2023,2024-02-04,Celta @ Osasuna,1X2,celta vigo,,4.02,0.2884,0.2488,7.17,win,3.0199999999999996,0.364,pinnacle
laliga,2023,2024-02-04,Getafe @ Betis,1X2,real betis,,2.11,0.5066,0.4739,3.1,lose,-1.0,0.364,pinnacle
laliga,2023,2024-02-04,Getafe @ Betis,TOTAL,under,2.5,1.66,0.6655,0.6024,4.71,win,0.6599999999999999,0.364,pinnacle
laliga,2023,2024-02-05,Sevilla @ Vallecano,1X2,sevilla,,3.91,0.3175,0.2558,10.86,win,2.91,0.364,pinnacle
laliga,2023,2024-02-09,Betis @ Cadiz,1X2,real betis,,2.71,0.4251,0.369,6.84,win,1.71,0.364,pinnacle
laliga,2023,2024-02-10,Villarreal @ Alaves,TOTAL,over,2.5,2.07,0.5401,0.4831,5.31,lose,-1.0,0.364,pinnacle
laliga,2023,2024-02-10,Girona @ Real Madrid,1X2,draw,,5.48,0.242,0.1825,14.68,lose,-1.0,0.334,pinnacle
laliga,2023,2024-02-11,Ath Madrid @ Sevilla,1X2,atletico madrid,,2.05,0.5385,0.4878,4.68,lose,-1.0,0.364,pinnacle
laliga,2023,2024-02-11,Ath Madrid @ Sevilla,TOTAL,over,2.5,1.86,0.6036,0.5376,5.52,lose,-1.0,0.364,pinnacle
laliga,2023,2024-02-12,Ath Bilbao @ Almeria,TOTAL,over,2.5,1.88,0.6021,0.5319,5.94,lose,-1.0,0.334,pinnacle
laliga,2023,2024-02-16,Getafe @ Villarreal,1X2,getafe,,3.71,0.379,0.2695,18.27,lose,-1.0,0.364,pinnacle
laliga,2023,2024-02-16,Getafe @ Villarreal,TOTAL,over,2.5,2.0,0.6168,0.5,10.51,lose,-1.0,0.364,pinnacle
laliga,2023,2024-02-17,Las Palmas @ Ath Madrid,1X2,draw,,4.45,0.2956,0.2247,14.2,lose,-1.0,0.334,pinnacle
laliga,2023,2024-02-17,Cadiz @ Osasuna,1X2,cadiz,,5.43,0.2089,0.1842,6.05,lose,-1.0,0.364,pinnacle
laliga,2023,2024-02-17,Sevilla @ Valencia,1X2,valencia,,2.31,0.475,0.4329,4.37,lose,-1.0,0.364,pinnacle
laliga,2023,2024-02-18,Real Madrid @ Vallecano,TOTAL,under,2.5,2.03,0.5783,0.4926,7.83,win,1.0299999999999998,0.364,pinnacle
laliga,2023,2024-02-18,Almeria @ Granada,1X2,granada,,2.29,0.503,0.4367,6.83,lose,-1.0,0.334,pinnacle
laliga,2023,2024-02-18,Almeria @ Granada,TOTAL,over,2.5,1.97,0.582,0.5076,6.6,lose,-1.0,0.334,pinnacle
laliga,2023,2024-02-18,Alaves @ Betis,1X2,real betis,,2.45,0.4824,0.4082,8.18,lose,-1.0,0.364,pinnacle
laliga,2023,2024-02-18,Alaves @ Betis,TOTAL,under,2.5,1.7,0.6526,0.5882,4.93,win,0.7,0.364,pinnacle
laliga,2023,2024-02-19,Girona @ Ath Bilbao,1X2,girona,,4.5,0.2799,0.2222,11.68,lose,-1.0,0.334,pinnacle
laliga,2023,2024-02-23,Villarreal @ Sociedad,TOTAL,over,2.5,2.02,0.5522,0.495,5.19,win,1.02,0.364,pinnacle
laliga,2023,2024-02-24,Getafe @ Barcelona,TOTAL,over,2.5,1.64,0.6605,0.6098,3.74,win,0.6399999999999999,0.364,pinnacle
laliga,2023,2024-02-24,Mallorca @ Alaves,1X2,mallorca,,5.36,0.2585,0.1866,17.35,lose,-1.0,0.364,pinnacle
laliga,2023,2024-02-24,Ath Madrid @ Almeria,1X2,atletico madrid,,1.71,0.698,0.5848,8.71,lose,-1.0,0.334,pinnacle
laliga,2023,2024-02-24,Ath Madrid @ Almeria,TOTAL,over,2.5,1.79,0.6381,0.5587,6.4,win,0.79,0.334,pinnacle
laliga,2023,2024-02-25,Ath Bilbao @ Betis,1X2,real betis,,4.03,0.281,0.2481,5.96,win,3.0300000000000002,0.364,pinnacle
laliga,2023,2024-02-25,Ath Bilbao @ Betis,TOTAL,under,2.5,1.71,0.6332,0.5848,3.73,lose,-1.0,0.364,pinnacle
laliga,2023,2024-02-25,Osasuna @ Las Palmas,1X2,las palmas,,2.47,0.4531,0.4049,5.36,lose,-1.0,0.334,pinnacle
laliga,2023,2024-03-02,Sociedad @ Sevilla,1X2,real sociedad,,3.07,0.4137,0.3257,12.16,lose,-1.0,0.364,pinnacle
laliga,2023,2024-03-02,Cadiz @ Vallecano,1X2,draw,,3.51,0.3301,0.2849,7.13,win,2.51,0.364,pinnacle
laliga,2023,2024-03-02,Cadiz @ Vallecano,1X2,cadiz,,5.63,0.23,0.1776,13.28,lose,-1.0,0.364,pinnacle
laliga,2023,2024-03-02,Las Palmas @ Getafe,1X2,las palmas,,4.18,0.3178,0.2392,14.78,lose,-1.0,0.334,pinnacle
laliga,2023,2024-03-02,Real Madrid @ Valencia,TOTAL,under,2.5,1.87,0.6143,0.5348,6.69,lose,-1.0,0.364,pinnacle
laliga,2023,2024-03-03,Granada @ Villarreal,TOTAL,over,2.5,1.64,0.6701,0.6098,4.45,win,0.6399999999999999,0.364,pinnacle
laliga,2023,2024-03-03,Betis @ Ath Madrid,1X2,draw,,4.35,0.2573,0.2299,5.37,lose,-1.0,0.364,pinnacle
laliga,2023,2024-03-03,Betis @ Ath Madrid,TOTAL,under,2.5,2.1,0.5311,0.4762,5.18,lose,-1.0,0.364,pinnacle
laliga,2023,2024-03-03,Girona @ Mallorca,1X2,girona,,2.17,0.548,0.4608,8.52,lose,-1.0,0.334,pinnacle
laliga,2023,2024-03-03,Girona @ Mallorca,TOTAL,over,2.5,2.21,0.5273,0.4525,7.44,lose,-1.0,0.334,pinnacle
laliga,2023,2024-03-03,Barcelona @ Ath Bilbao,TOTAL,over,2.5,1.78,0.6299,0.5618,5.46,lose,-1.0,0.364,pinnacle
laliga,2023,2024-03-09,Getafe @ Valencia,1X2,getafe,,5.26,0.261,0.1901,16.77,lose,-1.0,0.364,pinnacle
laliga,2023,2024-03-09,Ath Madrid @ Cadiz,1X2,atletico madrid,,1.79,0.6058,0.5587,3.8,lose,-1.0,0.364,pinnacle
laliga,2023,2024-03-09,Sociedad @ Granada,1X2,granada,,4.75,0.2308,0.2105,4.33,lose,-1.0,0.364,pinnacle
laliga,2023,2024-03-09,Sociedad @ Granada,TOTAL,over,2.5,2.28,0.5195,0.4386,8.3,win,1.2799999999999998,0.364,pinnacle
laliga,2023,2024-03-09,Osasuna @ Girona,TOTAL,over,2.5,1.77,0.6285,0.565,5.06,lose,-1.0,0.334,pinnacle
laliga,2023,2024-03-10,Ath Bilbao @ Las Palmas,1X2,las palmas,,4.83,0.2879,0.207,17.58,lose,-1.0,0.334,pinnacle
laliga,2023,2024-03-10,Ath Bilbao @ Las Palmas,TOTAL,under,2.5,1.69,0.6318,0.5917,3.05,win,0.69,0.334,pinnacle
laliga,2023,2024-03-10,Villarreal @ Betis,1X2,real betis,,2.15,0.5201,0.4651,5.32,lose,-1.0,0.364,pinnacle
laliga,2023,2024-03-15,Cadiz @ Sociedad,1X2,draw,,4.28,0.2545,0.2336,4.03,lose,-1.0,0.364,pinnacle
laliga,2023,2024-03-16,Granada @ Mallorca,1X2,granada,,5.16,0.2307,0.1938,8.58,lose,-1.0,0.364,pinnacle
laliga,2023,2024-03-16,Real Madrid @ Osasuna,TOTAL,under,2.5,2.04,0.543,0.4902,4.85,lose,-1.0,0.364,pinnacle
laliga,2023,2024-03-16,Girona @ Getafe,1X2,girona,,2.13,0.5045,0.4695,3.35,lose,-1.0,0.334,pinnacle
laliga,2023,2024-03-16,Girona @ Getafe,TOTAL,over,2.5,1.85,0.6241,0.5405,6.96,lose,-1.0,0.334,pinnacle
laliga,2023,2024-03-17,Celta @ Sevilla,TOTAL,over,2.5,2.14,0.5021,0.4673,3.35,win,1.1400000000000001,0.364,pinnacle
laliga,2023,2024-03-17,Valencia @ Villarreal,1X2,valencia,,3.41,0.3215,0.2933,4.33,lose,-1.0,0.364,pinnacle
laliga,2023,2024-03-17,Valencia @ Villarreal,TOTAL,over,2.5,2.03,0.5654,0.4926,6.65,lose,-1.0,0.364,pinnacle
laliga,2023,2024-03-17,Betis @ Vallecano,1X2,real betis,,3.11,0.395,0.3215,10.28,lose,-1.0,0.364,pinnacle
laliga,2023,2024-03-17,Betis @ Vallecano,TOTAL,under,2.5,1.65,0.6821,0.6061,5.65,win,0.6499999999999999,0.364,pinnacle
laliga,2023,2024-03-17,Barcelona @ Ath Madrid,1X2,atletico madrid,,2.28,0.484,0.4386,4.66,lose,-1.0,0.364,pinnacle
laliga,2023,2024-03-17,Barcelona @ Ath Madrid,TOTAL,over,2.5,1.68,0.6493,0.5952,4.09,win,0.6799999999999999,0.364,pinnacle
laliga,2023,2024-03-29,Granada @ Cadiz,1X2,granada,,5.12,0.2872,0.1953,21.17,lose,-1.0,0.364,pinnacle
laliga,2023,2024-03-30,Sevilla @ Getafe,1X2,getafe,,2.71,0.4693,0.369,12.23,lose,-1.0,0.364,pinnacle
laliga,2023,2024-03-30,Sevilla @ Getafe,TOTAL,over,2.5,2.25,0.5321,0.4444,8.87,lose,-1.0,0.364,pinnacle
laliga,2023,2024-03-30,Osasuna @ Almeria,1X2,osasuna,,3.07,0.3954,0.3257,9.62,win,2.07,0.334,pinnacle
laliga,2023,2024-03-30,Osasuna @ Almeria,TOTAL,over,2.5,2.13,0.5011,0.4695,3.03,win,1.13,0.334,pinnacle
laliga,2023,2024-03-31,Vallecano @ Celta,1X2,rayo vallecano,,4.42,0.2645,0.2262,7.6,lose,-1.0,0.364,pinnacle
laliga,2023,2024-03-31,Sociedad @ Alaves,1X2,alaves,,4.16,0.2789,0.2404,7.21,lose,-1.0,0.364,pinnacle
laliga,2023,2024-03-31,Ath Bilbao @ Real Madrid,1X2,draw,,4.29,0.2537,0.2331,3.97,lose,-1.0,0.364,pinnacle
laliga,2023,2024-03-31,Ath Bilbao @ Real Madrid,TOTAL,under,2.5,2.09,0.5435,0.4785,6.12,win,1.0899999999999999,0.364,pinnacle
laliga,2023,2024-04-01,Ath Madrid @ Villarreal,TOTAL,over,2.5,1.61,0.694,0.6211,5.28,win,0.6100000000000001,0.364,pinnacle
laliga,2023,2024-04-04,Valencia @ Granada,1X2,valencia,,2.52,0.4493,0.3968,5.95,win,1.52,0.364,pinnacle
laliga,2023,2024-04-13,Girona @ Ath Madrid,1X2,girona,,4.06,0.3219,0.2463,13.8,lose,-1.0,0.334,pinnacle
laliga,2023,2024-04-13,Girona @ Ath Madrid,TOTAL,over,2.5,1.64,0.662,0.6098,3.86,win,0.6399999999999999,0.334,pinnacle
laliga,2023,2024-04-13,Getafe @ Vallecano,1X2,getafe,,3.32,0.3379,0.3012,5.49,lose,-1.0,0.364,pinnacle
laliga,2023,2024-04-13,Real Madrid @ Mallorca,1X2,real madrid,,1.79,0.6319,0.5587,5.9,win,0.79,0.364,pinnacle
laliga,2023,2024-04-13,Real Madrid @ Mallorca,TOTAL,under,2.5,1.8,0.619,0.5556,5.14,win,0.8,0.364,pinnacle
laliga,2023,2024-04-13,Barcelona @ Cadiz,1X2,barcelona,,2.12,0.5869,0.4717,10.99,win,1.12,0.364,pinnacle
laliga,2023,2024-04-14,Sevilla @ Las Palmas,1X2,las palmas,,2.82,0.4287,0.3546,9.41,lose,-1.0,0.334,pinnacle
laliga,2023,2024-04-14,Alaves @ Granada,1X2,alaves,,3.03,0.3676,0.33,5.13,lose,-1.0,0.364,pinnacle
laliga,2023,2024-04-14,Villarreal @ Ath Bilbao,TOTAL,over,2.5,1.74,0.6487,0.5747,5.79,lose,-1.0,0.364,pinnacle
laliga,2023,2024-04-15,Valencia @ Osasuna,1X2,valencia,,3.46,0.3328,0.289,6.82,win,2.46,0.364,pinnacle
laliga,2023,2024-04-20,Las Palmas @ Celta,1X2,draw,,3.93,0.3139,0.2545,10.52,lose,-1.0,0.334,pinnacle
laliga,2023,2024-04-20,Las Palmas @ Celta,1X2,las palmas,,5.42,0.3144,0.1845,31.67,lose,-1.0,0.334,pinnacle
laliga,2023,2024-04-20,Las Palmas @ Celta,TOTAL,under,2.5,1.81,0.6544,0.5525,8.3,lose,-1.0,0.334,pinnacle
laliga,2023,2024-04-20,Osasuna @ Vallecano,1X2,osasuna,,4.27,0.3248,0.2342,17.4,lose,-1.0,0.364,pinnacle
laliga,2023,2024-04-20,Betis @ Valencia,1X2,valencia,,2.82,0.4153,0.3546,7.7,lose,-1.0,0.364,pinnacle
laliga,2023,2024-04-20,Betis @ Valencia,TOTAL,under,2.5,1.68,0.6545,0.5952,4.48,lose,-1.0,0.364,pinnacle
laliga,2023,2024-04-21,Sociedad @ Getafe,1X2,getafe,,3.91,0.3154,0.2558,10.49,lose,-1.0,0.364,pinnacle
laliga,2023,2024-04-21,Ath Madrid @ Alaves,1X2,alaves,,5.39,0.2264,0.1855,9.92,win,4.39,0.364,pinnacle
laliga,2023,2024-04-21,Barcelona @ Real Madrid,1X2,real madrid,,1.73,0.6176,0.578,3.08,win,0.73,0.364,pinnacle
laliga,2023,2024-04-27,Girona @ Las Palmas,1X2,las palmas,,5.27,0.2444,0.1898,12.95,lose,-1.0,0.334,pinnacle
laliga,2023,2024-04-27,Girona @ Las Palmas,TOTAL,under,2.5,2.21,0.4897,0.4525,3.7,win,1.21,0.334,pinnacle
laliga,2023,2024-04-27,Getafe @ Almeria,1X2,getafe,,3.0,0.4361,0.3333,13.87,win,2.0,0.334,pinnacle
laliga,2023,2024-04-27,Ath Bilbao @ Ath Madrid,1X2,athletic,,4.25,0.3208,0.2353,16.35,lose,-1.0,0.364,pinnacle
laliga,2023,2024-04-28,Osasuna @ Granada,1X2,osasuna,,3.46,0.3904,0.289,15.79,lose,-1.0,0.364,pinnacle
laliga,2023,2024-04-28,Osasuna @ Granada,TOTAL,over,2.5,2.38,0.511,0.4202,9.72,win,1.38,0.364,pinnacle
laliga,2023,2024-04-28,Vallecano @ Villarreal,1X2,rayo vallecano,,4.82,0.228,0.2075,4.44,lose,-1.0,0.364,pinnacle
laliga,2023,2024-04-28,Sevilla @ Betis,1X2,sevilla,,4.19,0.2775,0.2387,7.32,lose,-1.0,0.364,pinnacle
laliga,2023,2024-04-29,Valencia @ Barcelona,1X2,draw,,5.86,0.2411,0.1706,18.58,lose,-1.0,0.364,pinnacle
laliga,2023,2024-04-29,Valencia @ Barcelona,TOTAL,under,2.5,2.29,0.4995,0.4367,6.48,lose,-1.0,0.364,pinnacle
laliga,2023,2024-05-03,Ath Bilbao @ Getafe,1X2,getafe,,3.93,0.2928,0.2545,6.78,lose,-1.0,0.364,pinnacle
laliga,2023,2024-05-04,Las Palmas @ Sociedad,1X2,draw,,5.09,0.2751,0.1965,18.02,lose,-1.0,0.334,pinnacle
laliga,2023,2024-05-04,Las Palmas @ Sociedad,TOTAL,under,2.5,1.99,0.6238,0.5025,10.86,win,0.99,0.334,pinnacle
laliga,2023,2024-05-04,Barcelona @ Girona,1X2,girona,,2.93,0.4765,0.3413,17.83,win,1.9300000000000002,0.334,pinnacle
laliga,2023,2024-05-04,Ath Madrid @ Mallorca,1X2,atletico madrid,,2.25,0.4844,0.4444,4.05,win,1.25,0.364,pinnacle
laliga,2023,2024-05-05,Betis @ Osasuna,1X2,osasuna,,3.42,0.3502,0.2924,8.9,lose,-1.0,0.364,pinnacle
laliga,2023,2024-05-05,Villarreal @ Celta,1X2,celta vigo,,2.84,0.3825,0.3521,3.88,win,1.8399999999999999,0.364,pinnacle
laliga,2023,2024-05-05,Almeria @ Vallecano,1X2,draw,,3.97,0.2805,0.2519,5.12,lose,-1.0,0.334,pinnacle
laliga,2023,2024-05-05,Almeria @ Vallecano,1X2,almeria,,5.6,0.22,0.1786,10.45,win,4.6,0.334,pinnacle
laliga,2023,2024-05-05,Almeria @ Vallecano,TOTAL,under,2.5,2.05,0.5932,0.4878,9.72,win,1.0499999999999998,0.334,pinnacle
laliga,2023,2024-05-10,Girona @ Alaves,1X2,girona,,2.27,0.4751,0.4405,3.53,lose,-1.0,0.334,pinnacle
laliga,2023,2024-05-10,Girona @ Alaves,TOTAL,under,2.5,2.08,0.5163,0.4808,3.33,lose,-1.0,0.334,pinnacle
laliga,2023,2024-05-11,Las Palmas @ Mallorca,1X2,draw,,3.53,0.3502,0.2833,10.63,lose,-1.0,0.334,pinnacle
laliga,2023,2024-05-11,Sevilla @ Villarreal,1X2,sevilla,,3.64,0.2954,0.2747,3.39,lose,-1.0,0.364,pinnacle
laliga,2023,2024-05-12,Vallecano @ Valencia,1X2,valencia,,2.28,0.4849,0.4386,4.75,lose,-1.0,0.364,pinnacle
laliga,2023,2024-05-12,Almeria @ Betis,1X2,draw,,5.5,0.2152,0.1818,8.26,lose,-1.0,0.334,pinnacle
laliga,2023,2024-05-13,Sociedad @ Barcelona,1X2,real sociedad,,4.98,0.2484,0.2008,10.68,lose,-1.0,0.364,pinnacle
laliga,2023,2024-05-13,Sociedad @ Barcelona,TOTAL,over,2.5,1.9,0.5684,0.5263,3.6,lose,-1.0,0.364,pinnacle
laliga,2023,2024-05-14,Mallorca @ Osasuna,1X2,osasuna,,2.77,0.4074,0.361,5.78,lose,-1.0,0.364,pinnacle
laliga,2023,2024-05-14,Villarreal @ Girona,1X2,girona,,1.72,0.7015,0.5814,9.3,lose,-1.0,0.334,pinnacle
laliga,2023,2024-05-15,Cadiz @ Sevilla,TOTAL,under,2.5,1.83,0.6239,0.5464,6.38,win,0.8300000000000001,0.364,pinnacle
laliga,2023,2024-05-15,Granada @ Vallecano,1X2,draw,,4.21,0.3078,0.2375,13.32,lose,-1.0,0.334,pinnacle
laliga,2023,2024-05-15,Granada @ Vallecano,TOTAL,under,2.5,1.71,0.6519,0.5848,5.16,lose,-1.0,0.334,pinnacle
laliga,2023,2024-05-15,Ath Madrid @ Getafe,1X2,getafe,,5.1,0.2339,0.1961,8.68,lose,-1.0,0.364,pinnacle
laliga,2023,2024-05-16,Valencia @ Sociedad,1X2,draw,,4.29,0.3111,0.2331,15.06,lose,-1.0,0.364,pinnacle
laliga,2023,2024-05-16,Valencia @ Sociedad,TOTAL,under,2.5,1.66,0.6742,0.6024,5.36,win,0.6599999999999999,0.364,pinnacle
laliga,2023,2024-05-18,Getafe @ Alaves,1X2,draw,,3.39,0.3165,0.295,3.28,lose,-1.0,0.364,pinnacle
laliga,2023,2024-05-19,Osasuna @ Ath Madrid,1X2,draw,,5.76,0.2052,0.1736,8.18,lose,-1.0,0.364,pinnacle
laliga,2023,2024-05-19,Vallecano @ Barcelona,1X2,draw,,6.06,0.2256,0.165,16.52,lose,-1.0,0.364,pinnacle
laliga,2023,2024-05-19,Sociedad @ Betis,1X2,real betis,,3.47,0.3608,0.2882,11.33,lose,-1.0,0.364,pinnacle
laliga,2023,2024-05-19,Sociedad @ Betis,TOTAL,under,2.5,1.62,0.7386,0.6173,8.85,win,0.6200000000000001,0.364,pinnacle
laliga,2023,2024-05-19,Las Palmas @ Cadiz,1X2,draw,,3.43,0.3869,0.2915,14.72,win,2.43,0.334,pinnacle
laliga,2023,2024-05-19,Las Palmas @ Cadiz,1X2,las palmas,,4.57,0.3138,0.2188,19.53,lose,-1.0,0.334,pinnacle
laliga,2023,2024-05-19,Celta @ Granada,1X2,granada,,4.03,0.3769,0.2481,23.36,lose,-1.0,0.364,pinnacle
laliga,2023,2024-05-19,Almeria @ Mallorca,1X2,draw,,4.73,0.2841,0.2114,15.47,win,3.7300000000000004,0.334,pinnacle
laliga,2023,2024-05-19,Girona @ Valencia,TOTAL,under,2.5,2.11,0.5734,0.4739,9.45,lose,-1.0,0.334,pinnacle
laliga,2023,2024-05-25,Ath Madrid @ Sociedad,1X2,real sociedad,,2.69,0.4018,0.3717,3.64,lose,-1.0,0.364,pinnacle
laliga,2023,2024-05-25,Cadiz @ Almeria,1X2,draw,,3.75,0.3082,0.2667,7.01,lose,-1.0,0.334,pinnacle
laliga,2023,2024-05-25,Ath Bilbao @ Vallecano,1X2,athletic,,2.41,0.4983,0.4149,9.04,win,1.4100000000000001,0.364,pinnacle
laliga,2023,2024-05-26,Mallorca @ Getafe,TOTAL,under,2.5,1.63,0.6817,0.6135,5.01,lose,-1.0,0.364,pinnacle
laliga,2023,2024-05-26,Valencia @ Celta,1X2,draw,,3.78,0.2991,0.2646,5.88,win,2.78,0.364,pinnacle
laliga,2023,2024-05-26,Valencia @ Celta,1X2,valencia,,4.15,0.3046,0.241,11.89,lose,-1.0,0.364,pinnacle
laliga,2023,2024-05-26,Valencia @ Celta,TOTAL,under,2.5,1.92,0.6094,0.5208,7.65,lose,-1.0,0.364,pinnacle
laliga,2023,2024-05-26,Alaves @ Las Palmas,1X2,draw,,3.5,0.3407,0.2857,8.66,win,2.5,0.334,pinnacle
laliga,2023,2024-05-26,Barcelona @ Sevilla,1X2,sevilla,,4.73,0.2658,0.2114,11.57,lose,-1.0,0.364,pinnacle
seriea,2023,2023-09-30,Napoli @ Lecce,1X2,draw,,3.77,0.2944,0.2653,4.94,lose,-1.0,0.364,pinnacle
seriea,2023,2023-09-30,Napoli @ Lecce,TOTAL,under,2.5,1.88,0.6396,0.5319,9.11,lose,-1.0,0.364,pinnacle
seriea,2023,2023-09-30,Lazio @ Milan,1X2,milan,,1.8,0.6119,0.5556,4.56,win,0.8,0.364,pinnacle
seriea,2023,2023-09-30,Inter @ Salernitana,1X2,draw,,4.96,0.269,0.2016,15.04,lose,-1.0,0.364,pinnacle
seriea,2023,2023-10-01,Empoli @ Bologna,1X2,draw,,3.96,0.3661,0.2525,20.23,lose,-1.0,0.364,pinnacle
seriea,2023,2023-10-01,Genoa @ Udinese,TOTAL,under,2.5,1.61,0.6723,0.6211,3.71,lose,-1.0,0.364,pinnacle
seriea,2023,2023-10-01,Frosinone @ Roma,1X2,draw,,5.03,0.2484,0.1988,11.22,lose,-1.0,0.334,pinnacle
seriea,2023,2023-10-01,Frosinone @ Roma,TOTAL,over,2.5,1.91,0.5802,0.5236,4.87,lose,-1.0,0.334,pinnacle
seriea,2023,2023-10-02,Monza @ Sassuolo,1X2,sassuolo,,2.16,0.5275,0.463,6.27,lose,-1.0,0.334,pinnacle
seriea,2023,2023-10-02,Monza @ Sassuolo,TOTAL,under,2.5,2.37,0.4893,0.4219,7.19,win,1.37,0.334,pinnacle
seriea,2023,2023-10-02,Verona @ Torino,1X2,draw,,3.47,0.3202,0.2882,5.0,win,2.47,0.364,pinnacle
seriea,2023,2023-10-02,Verona @ Torino,1X2,verona,,5.81,0.2466,0.1721,19.47,lose,-1.0,0.364,pinnacle
seriea,2023,2023-10-02,Verona @ Torino,TOTAL,under,2.5,1.6,0.6925,0.625,4.86,win,0.6000000000000001,0.364,pinnacle
seriea,2023,2023-10-06,Udinese @ Empoli,1X2,draw,,3.39,0.3321,0.295,5.66,win,2.39,0.364,pinnacle
seriea,2023,2023-10-06,Sassuolo @ Lecce,1X2,lecce,,2.74,0.4755,0.365,13.63,lose,-1.0,0.364,pinnacle
seriea,2023,2023-10-07,Bologna @ Inter,1X2,draw,,5.7,0.2776,0.1754,26.21,win,4.7,0.364,pinnacle
seriea,2023,2023-10-07,Torino @ Juventus,1X2,juventus,,2.07,0.5313,0.4831,4.49,win,1.0699999999999998,0.364,pinnacle
seriea,2023,2023-10-07,Milan @ Genoa,1X2,genoa,,4.5,0.3403,0.2222,23.91,lose,-1.0,0.364,pinnacle
seriea,2023,2023-10-07,Milan @ Genoa,TOTAL,over,2.5,2.11,0.6031,0.4739,12.26,lose,-1.0,0.364,pinnacle
seriea,2023,2023-10-08,Salernitana @ Monza,1X2,draw,,3.91,0.2884,0.2558,5.74,lose,-1.0,0.334,pinnacle
seriea,2023,2023-10-08,Verona @ Frosinone,1X2,draw,,3.46,0.3164,0.289,4.27,lose,-1.0,0.334,pinnacle
seriea,2023,2023-10-08,Verona @ Frosinone,TOTAL,under,2.5,1.72,0.6831,0.5814,7.87,lose,-1.0,0.334,pinnacle
seriea,2023,2023-10-08,Atalanta @ Lazio,1X2,atalanta,,2.59,0.4452,0.3861,6.89,lose,-1.0,0.364,pinnacle
seriea,2023,2023-10-08,Atalanta @ Lazio,TOTAL,under,2.5,1.86,0.6211,0.5376,6.99,lose,-1.0,0.364,pinnacle
seriea,2023,2023-10-08,Roma @ Cagliari,TOTAL,over,2.5,2.33,0.4973,0.4292,7.14,win,1.33,0.364,pinnacle
seriea,2023,2023-10-08,Fiorentina @ Napoli,TOTAL,over,2.5,1.67,0.6611,0.5988,4.68,win,0.6699999999999999,0.364,pinnacle
seriea,2023,2023-10-21,Napoli @ Verona,1X2,verona,,5.86,0.2675,0.1706,25.55,lose,-1.0,0.364,pinnacle
seriea,2023,2023-10-21,Napoli @ Verona,1X2,draw,,4.18,0.2944,0.2392,10.38,lose,-1.0,0.364,pinnacle
seriea,2023,2023-10-21,Napoli @ Verona,TOTAL,under,2.5,1.97,0.6076,0.5076,8.86,lose,-1.0,0.364,pinnacle
seriea,2023,2023-10-21,Inter @ Torino,TOTAL,under,2.5,1.83,0.5912,0.5464,3.69,lose,-1.0,0.364,pinnacle
seriea,2023,2023-10-21,Lazio @ Sassuolo,1X2,sassuolo,,2.87,0.4768,0.3484,16.58,lose,-1.0,0.364,pinnacle
seriea,2023,2023-10-22,Monza @ Roma,1X2,monza,,5.1,0.2483,0.1961,11.97,lose,-1.0,0.334,pinnacle
seriea,2023,2023-10-22,Frosinone @ Bologna,1X2,draw,,3.92,0.3007,0.2551,8.03,lose,-1.0,0.334,pinnacle
seriea,2023,2023-10-22,Frosinone @ Bologna,1X2,frosinone,,5.1,0.2401,0.1961,10.1,lose,-1.0,0.334,pinnacle
seriea,2023,2023-10-22,Cagliari @ Salernitana,TOTAL,under,2.5,1.71,0.6616,0.5848,5.91,lose,-1.0,0.334,pinnacle
seriea,2023,2023-10-22,Juventus @ Milan,1X2,juventus,,3.87,0.33,0.2584,12.47,win,2.87,0.364,pinnacle
seriea,2023,2023-10-23,Lecce @ Udinese,1X2,lecce,,3.9,0.4064,0.2564,26.32,lose,-1.0,0.364,pinnacle
seriea,2023,2023-10-23,Lecce @ Udinese,TOTAL,under,2.5,1.68,0.6575,0.5952,4.7,win,0.6799999999999999,0.364,pinnacle
seriea,2023,2023-10-27,Salernitana @ Genoa,TOTAL,over,2.5,2.2,0.4852,0.4545,3.03,lose,-1.0,0.334,pinnacle
seriea,2023,2023-10-28,Bologna @ Sassuolo,1X2,bologna,,2.85,0.4097,0.3509,7.55,lose,-1.0,0.364,pinnacle
seriea,2023,2023-10-28,Bologna @ Sassuolo,TOTAL,under,2.5,2.15,0.5929,0.4651,12.36,win,1.15,0.364,pinnacle
seriea,2023,2023-10-28,Torino @ Lecce,1X2,lecce,,2.79,0.4868,0.3584,16.12,lose,-1.0,0.364,pinnacle
seriea,2023,2023-10-28,Verona @ Juventus,1X2,draw,,4.84,0.2501,0.2066,9.47,lose,-1.0,0.364,pinnacle
seriea,2023,2023-10-29,Udinese @ Monza,1X2,monza,,2.13,0.5118,0.4695,4.05,lose,-1.0,0.334,pinnacle
seriea,2023,2023-10-29,Udinese @ Monza,1X2,draw,,3.53,0.3133,0.2833,4.77,win,2.53,0.334,pinnacle
seriea,2023,2023-10-29,Milan @ Napoli,1X2,napoli,,2.27,0.473,0.4405,3.31,lose,-1.0,0.364,pinnacle
seriea,2023,2023-10-29,Milan @ Napoli,TOTAL,over,2.5,2.05,0.5883,0.4878,9.27,win,1.0499999999999998,0.364,pinnacle
seriea,2023,2023-10-30,Atalanta @ Empoli,TOTAL,under,2.5,2.06,0.6094,0.4854,11.49,lose,-1.0,0.364,pinnacle
seriea,2023,2023-10-30,Fiorentina @ Lazio,1X2,fiorentina,,3.3,0.38,0.303,11.42,lose,-1.0,0.364,pinnacle
seriea,2023,2023-10-30,Fiorentina @ Lazio,TOTAL,over,2.5,1.98,0.6038,0.5051,8.8,lose,-1.0,0.364,pinnacle
seriea,2023,2023-11-03,Lazio @ Bologna,1X2,bologna,,2.76,0.442,0.3623,9.9,win,1.7599999999999998,0.364,pinnacle
seriea,2023,2023-11-03,Lazio @ Bologna,TOTAL,under,2.5,1.68,0.6557,0.5952,4.57,win,0.6799999999999999,0.364,pinnacle
seriea,2023,2023-11-04,Inter @ Atalanta,TOTAL,under,2.5,2.04,0.6122,0.4902,11.2,lose,-1.0,0.364,pinnacle
seriea,2023,2023-11-04,Udinese @ Milan,TOTAL,under,2.5,2.07,0.5273,0.4831,4.12,win,1.0699999999999998,0.364,pinnacle
seriea,2023,2023-11-05,Monza @ Verona,1X2,draw,,3.15,0.3567,0.3175,5.56,lose,-1.0,0.334,pinnacle
seriea,2023,2023-11-05,Genoa @ Cagliari,1X2,genoa,,3.05,0.4172,0.3279,12.26,lose,-1.0,0.364,pinnacle
seriea,2023,2023-11-05,Genoa @ Cagliari,TOTAL,over,2.5,2.28,0.4851,0.4386,4.77,win,1.2799999999999998,0.364,pinnacle
seriea,2023,2023-11-05,Lecce @ Roma,TOTAL,over,2.5,2.18,0.5377,0.4587,7.75,win,1.1800000000000002,0.364,pinnacle
seriea,2023,2023-11-05,Juventus @ Fiorentina,1X2,juventus,,2.75,0.462,0.3636,12.17,win,1.75,0.364,pinnacle
seriea,2023,2023-11-06,Sassuolo @ Torino,1X2,sassuolo,,3.86,0.3493,0.2591,15.68,lose,-1.0,0.364,pinnacle
seriea,2023,2023-11-06,Sassuolo @ Torino,TOTAL,under,2.5,1.9,0.5914,0.5263,5.56,lose,-1.0,0.364,pinnacle
seriea,2023,2023-11-10,Salernitana @ Sassuolo,TOTAL,under,2.5,2.35,0.4971,0.4255,7.56,lose,-1.0,0.364,pinnacle
seriea,2023,2023-11-10,Verona @ Genoa,1X2,verona,,5.09,0.241,0.1965,10.2,lose,-1.0,0.364,pinnacle
seriea,2023,2023-11-11,Milan @ Lecce,1X2,lecce,,5.14,0.2835,0.1946,20.58,lose,-1.0,0.364,pinnacle
seriea,2023,2023-11-11,Cagliari @ Juventus,TOTAL,under,2.5,2.07,0.5212,0.4831,3.55,lose,-1.0,0.364,pinnacle
seriea,2023,2023-11-11,Torino @ Monza,1X2,monza,,2.79,0.4664,0.3584,13.56,lose,-1.0,0.334,pinnacle
seriea,2023,2023-11-11,Torino @ Monza,TOTAL,under,2.5,1.66,0.7027,0.6024,7.49,win,0.6599999999999999,0.334,pinnacle
seriea,2023,2023-11-12,Bologna @ Fiorentina,1X2,bologna,,3.98,0.3507,0.2513,17.8,lose,-1.0,0.364,pinnacle
seriea,2023,2023-11-12,Bologna @ Fiorentina,TOTAL,under,2.5,1.85,0.6218,0.5405,6.76,lose,-1.0,0.364,pinnacle
seriea,2023,2023-11-12,Atalanta @ Udinese,1X2,atalanta,,2.2,0.5313,0.4545,7.6,lose,-1.0,0.364,pinnacle
seriea,2023,2023-11-12,Atalanta @ Udinese,TOTAL,under,2.5,1.9,0.6292,0.5263,8.8,win,0.8999999999999999,0.364,pinnacle
seriea,2023,2023-11-12,Roma @ Lazio,1X2,roma,,2.85,0.4431,0.3509,11.82,lose,-1.0,0.364,pinnacle
seriea,2023,2023-11-12,Roma @ Lazio,TOTAL,over,2.5,2.4,0.5098,0.4167,10.06,lose,-1.0,0.364,pinnacle
seriea,2023,2023-11-25,Lazio @ Salernitana,TOTAL,under,2.5,1.85,0.6139,0.5405,6.11,lose,-1.0,0.364,pinnacle
seriea,2023,2023-11-25,Fiorentina @ Milan,1X2,fiorentina,,3.83,0.2906,0.2611,5.09,lose,-1.0,0.364,pinnacle
seriea,2023,2023-11-25,Fiorentina @ Milan,TOTAL,over,2.5,2.08,0.5893,0.4808,10.16,lose,-1.0,0.364,pinnacle
seriea,2023,2023-11-26,Monza @ Cagliari,1X2,monza,,2.84,0.4638,0.3521,14.28,lose,-1.0,0.334,pinnacle
seriea,2023,2023-11-26,Monza @ Cagliari,TOTAL,under,2.5,1.9,0.5878,0.5263,5.26,win,0.8999999999999999,0.334,pinnacle
seriea,2023,2023-11-26,Sassuolo @ Empoli,1X2,sassuolo,,2.69,0.4903,0.3717,14.35,win,1.69,0.364,pinnacle
seriea,2023,2023-11-26,Genoa @ Frosinone,1X2,frosinone,,2.48,0.436,0.4032,3.65,win,1.48,0.334,pinnacle
seriea,2023,2023-11-26,Genoa @ Frosinone,TOTAL,over,2.5,2.17,0.5276,0.4608,6.52,win,1.17,0.334,pinnacle
seriea,2023,2023-11-27,Lecce @ Verona,1X2,lecce,,2.87,0.3822,0.3484,4.36,lose,-1.0,0.364,pinnacle
seriea,2023,2023-11-27,Torino @ Bologna,1X2,bologna,,2.38,0.477,0.4202,6.09,win,1.38,0.364,pinnacle
seriea,2023,2023-12-01,Juventus @ Monza,1X2,draw,,3.43,0.3395,0.2915,7.4,lose,-1.0,0.334,pinnacle
seriea,2023,2023-12-02,Empoli @ Genoa,1X2,genoa,,2.03,0.5627,0.4926,6.4,lose,-1.0,0.334,pinnacle
seriea,2023,2023-12-02,Frosinone @ Milan,1X2,draw,,4.88,0.232,0.2049,5.95,lose,-1.0,0.334,pinnacle
seriea,2023,2023-12-03,Bologna @ Lecce,TOTAL,under,2.5,1.66,0.6666,0.6024,4.79,win,0.6599999999999999,0.364,pinnacle
seriea,2023,2023-12-03,Verona @ Udinese,1X2,draw,,3.63,0.3348,0.2755,9.68,win,2.63,0.364,pinnacle
seriea,2023,2023-12-03,Verona @ Udinese,1X2,verona,,4.74,0.2846,0.211,15.7,lose,-1.0,0.364,pinnacle
seriea,2023,2023-12-03,Roma @ Sassuolo,TOTAL,over,2.5,1.79,0.6704,0.5587,9.0,win,0.79,0.364,pinnacle
seriea,2023,2023-12-03,Inter @ Napoli,1X2,inter,,2.38,0.5042,0.4202,9.0,win,1.38,0.364,pinnacle
seriea,2023,2023-12-03,Inter @ Napoli,TOTAL,under,2.5,2.07,0.5215,0.4831,3.58,lose,-1.0,0.364,pinnacle
seriea,2023,2023-12-04,Atalanta @ Torino,1X2,atalanta,,2.61,0.4739,0.3831,10.66,lose,-1.0,0.364,pinnacle
seriea,2023,2023-12-08,Napoli @ Juventus,1X2,juventus,,2.29,0.5239,0.4367,8.98,win,1.29,0.364,pinnacle
seriea,2023,2023-12-09,Lazio @ Verona,1X2,verona,,4.71,0.2958,0.2123,17.68,lose,-1.0,0.364,pinnacle
seriea,2023,2023-12-09,Lazio @ Verona,1X2,draw,,3.51,0.3125,0.2849,4.36,win,2.51,0.364,pinnacle
seriea,2023,2023-12-09,Lazio @ Verona,TOTAL,under,2.5,1.74,0.6539,0.5747,6.2,win,0.74,0.364,pinnacle
seriea,2023,2023-12-10,Bologna @ Salernitana,TOTAL,under,2.5,1.73,0.6551,0.578,6.0,lose,-1.0,0.364,pinnacle
seriea,2023,2023-12-10,Fiorentina @ Roma,1X2,fiorentina,,4.33,0.2547,0.2309,4.63,lose,-1.0,0.364,pinnacle
seriea,2023,2023-12-11,Lecce @ Empoli,1X2,lecce,,3.24,0.4503,0.3086,20.65,lose,-1.0,0.334,pinnacle
seriea,2023,2023-12-11,Sassuolo @ Cagliari,1X2,sassuolo,,2.93,0.4126,0.3413,9.4,lose,-1.0,0.364,pinnacle
seriea,2023,2023-12-15,Juventus @ Genoa,1X2,juventus,,2.11,0.5252,0.4739,4.86,lose,-1.0,0.364,pinnacle
seriea,2023,2023-12-16,Empoli @ Torino,1X2,draw,,4.05,0.2911,0.2469,8.05,lose,-1.0,0.364,pinnacle
seriea,2023,2023-12-16,Empoli @ Torino,TOTAL,under,2.5,1.85,0.6685,0.5405,10.66,win,0.8500000000000001,0.364,pinnacle
seriea,2023,2023-12-17,Monza @ Milan,1X2,draw,,4.4,0.2826,0.2273,10.96,lose,-1.0,0.334,pinnacle
seriea,2023,2023-12-17,Monza @ Milan,1X2,monza,,6.0,0.248,0.1667,21.97,lose,-1.0,0.334,pinnacle
seriea,2023,2023-12-17,Monza @ Milan,TOTAL,under,2.5,2.06,0.5793,0.4854,8.7,lose,-1.0,0.334,pinnacle
seriea,2023,2023-12-17,Sassuolo @ Udinese,1X2,sassuolo,,2.93,0.4041,0.3413,8.27,lose,-1.0,0.364,pinnacle
seriea,2023,2023-12-17,Inter @ Lazio,1X2,inter,,1.93,0.6159,0.5181,8.49,win,0.9299999999999999,0.364,pinnacle
seriea,2023,2023-12-17,Inter @ Lazio,TOTAL,under,2.5,1.85,0.6024,0.5405,5.15,win,0.8500000000000001,0.364,pinnacle
seriea,2023,2023-12-18,Salernitana @ Atalanta,1X2,draw,,6.31,0.1823,0.1585,6.76,lose,-1.0,0.364,pinnacle
seriea,2023,2023-12-22,Lazio @ Empoli,1X2,empoli,,4.61,0.2517,0.2169,7.21,lose,-1.0,0.364,pinnacle
seriea,2023,2023-12-22,Lazio @ Empoli,1X2,draw,,3.52,0.3164,0.2841,5.11,lose,-1.0,0.364,pinnacle
seriea,2023,2023-12-22,Lazio @ Empoli,TOTAL,under,2.5,1.74,0.68,0.5747,8.25,win,0.74,0.364,pinnacle
seriea,2023,2023-12-22,Genoa @ Sassuolo,1X2,sassuolo,,2.59,0.4677,0.3861,9.51,lose,-1.0,0.364,pinnacle
seriea,2023,2023-12-22,Genoa @ Sassuolo,TOTAL,over,2.5,2.0,0.5464,0.5,4.18,win,1.0,0.364,pinnacle
seriea,2023,2023-12-22,Fiorentina @ Monza,TOTAL,under,2.5,1.79,0.6159,0.5587,4.61,win,0.79,0.334,pinnacle
seriea,2023,2023-12-23,Atalanta @ Bologna,1X2,bologna,,2.84,0.4467,0.3521,12.09,win,1.8399999999999999,0.364,pinnacle
seriea,2023,2023-12-23,Udinese @ Torino,1X2,draw,,3.76,0.2973,0.266,5.3,win,2.76,0.364,pinnacle
seriea,2023,2023-12-23,Udinese @ Torino,1X2,udinese,,6.15,0.1973,0.1626,9.62,lose,-1.0,0.364,pinnacle
seriea,2023,2023-12-23,Udinese @ Torino,TOTAL,under,2.5,1.67,0.6623,0.5988,4.77,win,0.6699999999999999,0.364,pinnacle
seriea,2023,2023-12-23,Napoli @ Roma,1X2,roma,,3.08,0.4519,0.3247,17.64,win,2.08,0.364,pinnacle
seriea,2023,2023-12-29,Torino @ Fiorentina,1X2,fiorentina,,2.18,0.5093,0.4587,4.96,win,1.1800000000000002,0.364,pinnacle
seriea,2023,2023-12-29,Monza @ Napoli,1X2,draw,,4.28,0.2721,0.2336,7.41,win,3.2800000000000002,0.334,pinnacle
seriea,2023,2023-12-29,Monza @ Napoli,1X2,monza,,6.03,0.2126,0.1658,12.68,lose,-1.0,0.334,pinnacle
seriea,2023,2023-12-29,Monza @ Napoli,TOTAL,under,2.5,2.17,0.5717,0.4608,10.83,win,1.17,0.334,pinnacle
seriea,2023,2023-12-29,Frosinone @ Lazio,1X2,draw,,4.16,0.272,0.2404,5.92,lose,-1.0,0.334,pinnacle
seriea,2023,2023-12-29,Frosinone @ Lazio,1X2,frosinone,,6.07,0.2401,0.1647,20.58,lose,-1.0,0.334,pinnacle
seriea,2023,2023-12-30,Lecce @ Atalanta,1X2,draw,,5.18,0.2373,0.1931,10.31,lose,-1.0,0.364,pinnacle
seriea,2023,2023-12-30,Empoli @ Cagliari,TOTAL,under,2.5,1.88,0.5896,0.5319,4.88,win,0.8799999999999999,0.334,pinnacle
seriea,2023,2023-12-30,Bologna @ Udinese,1X2,bologna,,2.36,0.5054,0.4237,8.67,lose,-1.0,0.364,pinnacle
seriea,2023,2023-12-30,Bologna @ Udinese,TOTAL,under,2.5,1.6,0.6755,0.625,3.63,lose,-1.0,0.364,pinnacle
seriea,2023,2023-12-30,Roma @ Juventus,1X2,juventus,,2.21,0.5238,0.4525,7.09,win,1.21,0.364,pinnacle
seriea,2023,2024-01-05,Genoa @ Bologna,1X2,bologna,,2.32,0.5273,0.431,10.05,lose,-1.0,0.364,pinnacle
seriea,2023,2024-01-06,Monza @ Frosinone,TOTAL,under,2.5,1.98,0.5997,0.5051,8.43,lose,-1.0,0.334,pinnacle
seriea,2023,2024-01-06,Cagliari @ Lecce,1X2,lecce,,2.27,0.5315,0.4405,9.3,lose,-1.0,0.334,pinnacle
seriea,2023,2024-01-07,Milan @ Empoli,TOTAL,under,2.5,2.1,0.5412,0.4762,6.14,lose,-1.0,0.364,pinnacle
seriea,2023,2024-01-07,Napoli @ Torino,1X2,napoli,,3.04,0.3598,0.3289,4.21,lose,-1.0,0.364,pinnacle
seriea,2023,2024-01-07,Napoli @ Torino,TOTAL,under,2.5,1.68,0.6523,0.5952,4.31,lose,-1.0,0.364,pinnacle
seriea,2023,2024-01-07,Lazio @ Udinese,1X2,udinese,,3.63,0.3157,0.2755,6.57,lose,-1.0,0.364,pinnacle
seriea,2023,2024-01-07,Juventus @ Salernitana,TOTAL,under,2.5,1.98,0.5888,0.5051,7.46,lose,-1.0,0.364,pinnacle
seriea,2023,2024-01-07,Atalanta @ Roma,1X2,roma,,2.29,0.4668,0.4367,3.1,lose,-1.0,0.364,pinnacle
seriea,2023,2024-01-07,Atalanta @ Roma,TOTAL,over,2.5,2.21,0.5375,0.4525,8.46,lose,-1.0,0.364,pinnacle
seriea,2023,2024-01-13,Torino @ Genoa,1X2,genoa,,3.36,0.3617,0.2976,9.69,lose,-1.0,0.364,pinnacle
seriea,2023,2024-01-13,Empoli @ Verona,1X2,verona,,2.22,0.5301,0.4505,7.96,win,1.2200000000000002,0.364,pinnacle
seriea,2023,2024-01-13,Empoli @ Verona,TOTAL,under,2.5,1.72,0.6764,0.5814,7.36,lose,-1.0,0.364,pinnacle
seriea,2023,2024-01-13,Inter @ Monza,1X2,draw,,5.06,0.2603,0.1976,14.28,lose,-1.0,0.334,pinnacle
seriea,2023,2024-01-14,Lecce @ Lazio,1X2,draw,,3.95,0.2838,0.2532,5.44,lose,-1.0,0.364,pinnacle
seriea,2023,2024-01-14,Bologna @ Cagliari,1X2,bologna,,2.58,0.4729,0.3876,9.9,lose,-1.0,0.364,pinnacle
seriea,2023,2024-01-14,Roma @ Milan,TOTAL,over,2.5,2.24,0.5566,0.4464,11.1,win,1.2400000000000002,0.364,pinnacle
seriea,2023,2024-01-21,Cagliari @ Frosinone,1X2,frosinone,,2.39,0.4919,0.4184,7.9,win,1.3900000000000001,0.334,pinnacle
seriea,2023,2024-01-21,Cagliari @ Frosinone,TOTAL,over,2.5,1.95,0.5623,0.5128,4.35,win,0.95,0.334,pinnacle
seriea,2023,2024-01-21,Monza @ Empoli,1X2,monza,,2.93,0.434,0.3413,12.23,lose,-1.0,0.334,pinnacle
seriea,2023,2024-01-21,Juventus @ Lecce,TOTAL,under,2.5,1.63,0.6812,0.6135,4.97,lose,-1.0,0.364,pinnacle
seriea,2023,2024-01-26,Torino @ Cagliari,1X2,cagliari,,3.88,0.2887,0.2577,5.4,lose,-1.0,0.364,pinnacle
seriea,2023,2024-01-27,Udinese @ Atalanta,TOTAL,over,2.5,1.78,0.6009,0.5618,3.13,lose,-1.0,0.364,pinnacle
seriea,2023,2024-01-27,Empoli @ Juventus,TOTAL,under,2.5,2.0,0.5341,0.5,3.07,win,1.0,0.364,pinnacle
seriea,2023,2024-01-27,Bologna @ Milan,1X2,bologna,,5.43,0.2147,0.1842,7.46,lose,-1.0,0.364,pinnacle
seriea,2023,2024-01-28,Sassuolo @ Monza,TOTAL,under,2.5,2.14,0.5061,0.4673,3.74,win,1.1400000000000001,0.334,pinnacle
seriea,2023,2024-01-28,Inter @ Fiorentina,TOTAL,under,2.5,1.93,0.5667,0.5181,4.22,win,0.9299999999999999,0.364,pinnacle
seriea,2023,2024-01-29,Roma @ Salernitana,TOTAL,over,2.5,2.1,0.5506,0.4762,7.03,win,1.1,0.364,pinnacle
seriea,2023,2024-02-03,Genoa @ Empoli,1X2,genoa,,2.91,0.4269,0.3436,10.9,lose,-1.0,0.334,pinnacle
seriea,2023,2024-02-03,Monza @ Udinese,1X2,monza,,3.88,0.3178,0.2577,10.49,lose,-1.0,0.334,pinnacle
seriea,2023,2024-02-03,Monza @ Udinese,TOTAL,under,2.5,1.85,0.5875,0.5405,3.91,win,0.8500000000000001,0.334,pinnacle
seriea,2023,2024-02-03,Milan @ Frosinone,1X2,frosinone,,4.68,0.2419,0.2137,5.94,lose,-1.0,0.334,pinnacle
seriea,2023,2024-02-03,Milan @ Frosinone,TOTAL,over,2.5,1.63,0.6672,0.6135,3.94,win,0.6299999999999999,0.334,pinnacle
seriea,2023,2024-02-04,Verona @ Napoli,1X2,draw,,4.45,0.2539,0.2247,5.84,lose,-1.0,0.364,pinnacle
seriea,2023,2024-02-04,Verona @ Napoli,TOTAL,under,2.5,2.04,0.5509,0.4902,5.57,lose,-1.0,0.364,pinnacle
seriea,2023,2024-02-04,Juventus @ Inter,TOTAL,under,2.5,1.66,0.6928,0.6024,6.75,win,0.6599999999999999,0.364,pinnacle
seriea,2023,2024-02-05,Cagliari @ Roma,TOTAL,over,2.5,1.86,0.5915,0.5376,4.51,win,0.8600000000000001,0.364,pinnacle
seriea,2023,2024-02-09,Empoli @ Salernitana,1X2,salernitana,,2.5,0.4298,0.4,3.35,lose,-1.0,0.364,pinnacle
seriea,2023,2024-02-10,Torino @ Sassuolo,1X2,sassuolo,,3.45,0.328,0.2899,5.92,lose,-1.0,0.364,pinnacle
seriea,2023,2024-02-10,Torino @ Sassuolo,TOTAL,under,2.5,1.81,0.6276,0.5525,6.12,win,0.81,0.364,pinnacle
seriea,2023,2024-02-11,Frosinone @ Fiorentina,TOTAL,over,2.5,1.78,0.6116,0.5618,3.99,win,0.78,0.334,pinnacle
seriea,2023,2024-02-11,Verona @ Monza,TOTAL,under,2.5,1.67,0.6733,0.5988,5.6,win,0.6699999999999999,0.334,pinnacle
seriea,2023,2024-02-11,Atalanta @ Genoa,1X2,genoa,,4.18,0.2758,0.2392,6.87,lose,-1.0,0.364,pinnacle
seriea,2023,2024-02-11,Napoli @ Milan,1X2,milan,,1.98,0.5566,0.5051,4.59,win,0.98,0.364,pinnacle
seriea,2023,2024-02-11,Napoli @ Milan,TOTAL,over,2.5,1.82,0.5988,0.5495,4.04,lose,-1.0,0.364,pinnacle
seriea,2023,2024-02-14,Fiorentina @ Bologna,1X2,bologna,,2.59,0.4545,0.3861,7.98,win,1.5899999999999999,0.364,pinnacle
seriea,2023,2024-02-16,Lecce @ Torino,TOTAL,under,2.5,1.66,0.6888,0.6024,6.46,win,0.6599999999999999,0.364,pinnacle
seriea,2023,2024-02-17,Genoa @ Napoli,1X2,genoa,,5.45,0.2064,0.1835,5.62,lose,-1.0,0.364,pinnacle
seriea,2023,2024-02-17,Juventus @ Verona,1X2,draw,,3.56,0.3065,0.2809,4.11,win,2.56,0.364,pinnacle
seriea,2023,2024-02-17,Juventus @ Verona,TOTAL,under,2.5,1.61,0.7121,0.6211,6.59,lose,-1.0,0.364,pinnacle
seriea,2023,2024-02-18,Fiorentina @ Empoli,TOTAL,under,2.5,1.76,0.6601,0.5682,7.28,win,0.76,0.364,pinnacle
seriea,2023,2024-02-18,Roma @ Frosinone,1X2,frosinone,,3.85,0.2817,0.2597,3.8,lose,-1.0,0.334,pinnacle
seriea,2023,2024-02-18,Roma @ Frosinone,TOTAL,over,2.5,1.75,0.6747,0.5714,8.14,win,0.75,0.334,pinnacle
seriea,2023,2024-02-18,Milan @ Monza,1X2,monza,,5.16,0.2529,0.1938,13.73,win,4.16,0.334,pinnacle
seriea,2023,2024-02-18,Milan @ Monza,TOTAL,under,2.5,1.94,0.5668,0.5155,4.48,lose,-1.0,0.334,pinnacle
seriea,2023,2024-02-22,Lazio @ Torino,1X2,torino,,2.83,0.406,0.3534,6.7,lose,-1.0,0.364,pinnacle
seriea,2023,2024-02-24,Empoli @ Sassuolo,1X2,sassuolo,,2.28,0.5073,0.4386,7.05,lose,-1.0,0.364,pinnacle
seriea,2023,2024-02-24,Monza @ Salernitana,TOTAL,under,2.5,1.78,0.6108,0.5618,3.93,win,0.78,0.334,pinnacle
seriea,2023,2024-02-24,Udinese @ Genoa,1X2,genoa,,2.53,0.4881,0.3953,10.57,win,1.5299999999999998,0.364,pinnacle
seriea,2023,2024-02-25,Napoli @ Cagliari,1X2,cagliari,,4.65,0.2492,0.2151,7.15,lose,-1.0,0.364,pinnacle
seriea,2023,2024-02-25,Atalanta @ Milan,1X2,atalanta,,3.13,0.3539,0.3195,4.84,lose,-1.0,0.364,pinnacle
seriea,2023,2024-02-25,Atalanta @ Milan,TOTAL,over,2.5,1.78,0.6064,0.5618,3.57,lose,-1.0,0.364,pinnacle
seriea,2023,2024-02-28,Napoli @ Sassuolo,1X2,sassuolo,,4.46,0.327,0.2242,20.64,lose,-1.0,0.364,pinnacle
seriea,2023,2024-02-28,Napoli @ Sassuolo,TOTAL,under,2.5,2.23,0.4842,0.4484,3.59,lose,-1.0,0.364,pinnacle
seriea,2023,2024-02-28,Atalanta @ Inter,TOTAL,under,2.5,2.07,0.5338,0.4831,4.73,lose,-1.0,0.364,pinnacle
seriea,2023,2024-03-01,Milan @ Lazio,1X2,lazio,,3.29,0.3625,0.304,8.67,lose,-1.0,0.364,pinnacle
seriea,2023,2024-03-01,Milan @ Lazio,TOTAL,over,2.5,2.17,0.4962,0.4608,3.45,lose,-1.0,0.364,pinnacle
seriea,2023,2024-03-02,Roma @ Monza,1X2,monza,,3.93,0.3116,0.2545,10.1,lose,-1.0,0.334,pinnacle
seriea,2023,2024-03-03,Sassuolo @ Verona,1X2,verona,,2.4,0.4588,0.4167,4.55,win,1.4,0.364,pinnacle
seriea,2023,2024-03-03,Lecce @ Frosinone,1X2,frosinone,,2.32,0.4847,0.431,5.6,lose,-1.0,0.334,pinnacle
seriea,2023,2024-03-03,Lecce @ Frosinone,TOTAL,over,2.5,1.95,0.5816,0.5128,6.03,lose,-1.0,0.334,pinnacle
seriea,2023,2024-03-03,Bologna @ Atalanta,1X2,bologna,,3.91,0.3145,0.2558,10.34,win,2.91,0.364,pinnacle
seriea,2023,2024-03-08,Torino @ Napoli,1X2,draw,,3.75,0.3053,0.2667,6.53,win,2.75,0.364,pinnacle
seriea,2023,2024-03-08,Torino @ Napoli,1X2,torino,,5.69,0.225,0.1757,12.62,lose,-1.0,0.364,pinnacle
seriea,2023,2024-03-08,Torino @ Napoli,TOTAL,under,2.5,1.7,0.6643,0.5882,5.82,win,0.7,0.364,pinnacle
seriea,2023,2024-03-09,Frosinone @ Sassuolo,1X2,sassuolo,,2.41,0.4513,0.4149,3.95,win,1.4100000000000001,0.334,pinnacle
seriea,2023,2024-03-09,Frosinone @ Sassuolo,TOTAL,over,2.5,1.7,0.688,0.5882,7.63,lose,-1.0,0.334,pinnacle
seriea,2023,2024-03-09,Inter @ Bologna,1X2,inter,,2.1,0.5183,0.4762,3.98,win,1.1,0.364,pinnacle
seriea,2023,2024-03-10,Verona @ Lecce,1X2,verona,,3.88,0.3158,0.2577,10.14,win,2.88,0.364,pinnacle
seriea,2023,2024-03-10,Atalanta @ Juventus,1X2,juventus,,2.28,0.4811,0.4386,4.36,lose,-1.0,0.364,pinnacle
seriea,2023,2024-03-10,Roma @ Fiorentina,TOTAL,over,2.5,2.07,0.5507,0.4831,6.29,win,1.0699999999999998,0.364,pinnacle
seriea,2023,2024-03-15,Bologna @ Empoli,1X2,bologna,,2.1,0.5346,0.4762,5.52,win,1.1,0.364,pinnacle
seriea,2023,2024-03-16,Lecce @ Salernitana,1X2,salernitana,,3.69,0.3472,0.271,12.64,lose,-1.0,0.334,pinnacle
seriea,2023,2024-03-17,Genoa @ Juventus,1X2,draw,,4.35,0.2503,0.2299,4.0,win,3.3499999999999996,0.364,pinnacle
seriea,2023,2024-03-17,Sassuolo @ Roma,TOTAL,over,2.5,1.64,0.7325,0.6098,9.06,lose,-1.0,0.364,pinnacle
seriea,2023,2024-03-30,Atalanta @ Napoli,1X2,atalanta,,3.61,0.3493,0.277,11.74,win,2.61,0.364,pinnacle
seriea,2023,2024-03-30,Frosinone @ Genoa,TOTAL,over,2.5,2.07,0.5464,0.4831,5.9,lose,-1.0,0.334,pinnacle
seriea,2023,2024-03-30,Monza @ Torino,1X2,draw,,3.29,0.3319,0.304,4.13,lose,-1.0,0.334,pinnacle
seriea,2023,2024-03-30,Monza @ Torino,1X2,monza,,4.85,0.2401,0.2062,7.41,lose,-1.0,0.334,pinnacle
seriea,2023,2024-03-30,Monza @ Torino,TOTAL,under,2.5,1.65,0.7239,0.6061,8.75,win,0.6499999999999999,0.334,pinnacle
seriea,2023,2024-03-30,Milan @ Fiorentina,1X2,fiorentina,,3.08,0.3645,0.3247,5.52,lose,-1.0,0.364,pinnacle
seriea,2023,2024-03-30,Milan @ Fiorentina,TOTAL,over,2.5,2.01,0.5432,0.4975,4.14,win,1.0099999999999998,0.364,pinnacle
seriea,2023,2024-04-01,Verona @ Cagliari,1X2,verona,,3.9,0.3256,0.2564,12.15,lose,-1.0,0.364,pinnacle
seriea,2023,2024-04-01,Udinese @ Sassuolo,1X2,sassuolo,,2.93,0.4116,0.3413,9.26,lose,-1.0,0.364,pinnacle
seriea,2023,2024-04-01,Udinese @ Sassuolo,TOTAL,over,2.5,2.11,0.5107,0.4739,3.49,lose,-1.0,0.364,pinnacle
seriea,2023,2024-04-01,Roma @ Lecce,1X2,roma,,2.24,0.5701,0.4464,12.46,lose,-1.0,0.364,pinnacle
seriea,2023,2024-04-01,Roma @ Lecce,TOTAL,over,2.5,2.08,0.5453,0.4808,6.04,lose,-1.0,0.364,pinnacle
seriea,2023,2024-04-06,Torino @ Empoli,1X2,draw,,3.18,0.3463,0.3145,4.56,lose,-1.0,0.364,pinnacle
seriea,2023,2024-04-07,Bologna @ Frosinone,1X2,bologna,,1.93,0.5791,0.5181,5.29,lose,-1.0,0.334,pinnacle
seriea,2023,2024-04-07,Napoli @ Monza,1X2,monza,,4.6,0.3365,0.2174,24.66,lose,-1.0,0.334,pinnacle
seriea,2023,2024-04-07,Napoli @ Monza,1X2,draw,,3.78,0.2911,0.2646,4.52,lose,-1.0,0.334,pinnacle
seriea,2023,2024-04-07,Napoli @ Monza,TOTAL,under,2.5,2.05,0.576,0.4878,8.14,lose,-1.0,0.334,pinnacle
seriea,2023,2024-04-07,Atalanta @ Cagliari,1X2,atalanta,,1.83,0.5861,0.5464,3.27,lose,-1.0,0.364,pinnacle
seriea,2023,2024-04-12,Salernitana @ Lazio,1X2,draw,,5.41,0.2148,0.1848,7.3,lose,-1.0,0.364,pinnacle
seriea,2023,2024-04-12,Salernitana @ Lazio,TOTAL,under,2.5,2.1,0.5106,0.4762,3.25,lose,-1.0,0.364,pinnacle
seriea,2023,2024-04-13,Empoli @ Lecce,1X2,empoli,,4.31,0.2814,0.232,9.57,lose,-1.0,0.334,pinnacle
seriea,2023,2024-04-13,Empoli @ Lecce,TOTAL,under,2.5,1.64,0.66,0.6098,3.71,win,0.6399999999999999,0.334,pinnacle
seriea,2023,2024-04-13,Monza @ Bologna,TOTAL,under,2.5,1.85,0.604,0.5405,5.28,win,0.8500000000000001,0.334,pinnacle
seriea,2023,2024-04-14,Milan @ Sassuolo,1X2,milan,,1.8,0.6142,0.5556,4.75,lose,-1.0,0.364,pinnacle
seriea,2023,2024-04-14,Milan @ Sassuolo,TOTAL,over,2.5,1.7,0.6548,0.5882,5.09,win,0.7,0.364,pinnacle
seriea,2023,2024-04-15,Genoa @ Fiorentina,1X2,genoa,,5.06,0.2308,0.1976,7.55,lose,-1.0,0.364,pinnacle
seriea,2023,2024-04-19,Lazio @ Genoa,1X2,genoa,,3.16,0.3444,0.3165,3.98,lose,-1.0,0.364,pinnacle
seriea,2023,2024-04-19,Juventus @ Cagliari,1X2,juventus,,1.96,0.5534,0.5102,3.81,lose,-1.0,0.364,pinnacle
seriea,2023,2024-04-20,Napoli @ Empoli,1X2,empoli,,5.33,0.2218,0.1876,8.19,win,4.33,0.364,pinnacle
seriea,2023,2024-04-20,Napoli @ Empoli,1X2,draw,,4.13,0.27,0.2421,5.19,lose,-1.0,0.364,pinnacle
seriea,2023,2024-04-20,Napoli @ Empoli,TOTAL,under,2.5,2.1,0.5561,0.4762,7.55,win,1.1,0.364,pinnacle
seriea,2023,2024-04-20,Udinese @ Verona,1X2,verona,,2.84,0.4236,0.3521,9.13,win,1.8399999999999999,0.364,pinnacle
seriea,2023,2024-04-21,Frosinone @ Torino,TOTAL,under,2.5,1.9,0.5669,0.5263,3.47,win,0.8999999999999999,0.334,pinnacle
seriea,2023,2024-04-21,Atalanta @ Monza,1X2,monza,,4.29,0.2674,0.2331,6.61,lose,-1.0,0.334,pinnacle
seriea,2023,2024-04-22,Bologna @ Roma,1X2,bologna,,3.63,0.3263,0.2755,8.3,win,2.63,0.364,pinnacle
seriea,2023,2024-04-22,Inter @ Milan,1X2,inter,,2.04,0.5849,0.4902,8.69,win,1.04,0.364,pinnacle
seriea,2023,2024-04-22,Inter @ Milan,TOTAL,under,2.5,2.2,0.4866,0.4545,3.18,lose,-1.0,0.364,pinnacle
seriea,2023,2024-04-25,Roma @ Udinese,1X2,roma,,2.38,0.5095,0.4202,9.57,win,1.38,0.364,pinnacle
seriea,2023,2024-04-26,Salernitana @ Frosinone,1X2,draw,,5.16,0.2235,0.1938,6.9,lose,-1.0,0.334,pinnacle
seriea,2023,2024-04-27,Monza @ Lecce,1X2,monza,,4.3,0.3513,0.2326,22.97,lose,-1.0,0.334,pinnacle
seriea,2023,2024-04-27,Monza @ Lecce,TOTAL,under,2.5,1.69,0.6342,0.5917,3.23,win,0.69,0.334,pinnacle
seriea,2023,2024-04-27,Verona @ Lazio,1X2,draw,,4.12,0.2824,0.2427,7.36,lose,-1.0,0.364,pinnacle
seriea,2023,2024-04-27,Verona @ Lazio,1X2,verona,,6.01,0.1909,0.1664,6.63,lose,-1.0,0.364,pinnacle
seriea,2023,2024-04-27,Verona @ Lazio,TOTAL,under,2.5,1.79,0.6256,0.5587,5.39,win,0.79,0.364,pinnacle
seriea,2023,2024-04-28,Torino @ Inter,TOTAL,under,2.5,1.8,0.6231,0.5556,5.47,win,0.8,0.364,pinnacle
seriea,2023,2024-04-28,Roma @ Napoli,1X2,roma,,3.94,0.3019,0.2538,8.53,lose,-1.0,0.364,pinnacle
seriea,2023,2024-04-29,Cagliari @ Genoa,1X2,genoa,,2.18,0.499,0.4587,3.96,win,1.1800000000000002,0.364,pinnacle
seriea,2023,2024-05-03,Bologna @ Torino,1X2,bologna,,3.08,0.3863,0.3247,8.54,lose,-1.0,0.364,pinnacle
seriea,2023,2024-05-04,Lazio @ Monza,1X2,monza,,4.69,0.3109,0.2132,20.62,lose,-1.0,0.334,pinnacle
seriea,2023,2024-05-04,Lazio @ Monza,1X2,draw,,3.64,0.3096,0.2747,5.71,win,2.64,0.334,pinnacle
seriea,2023,2024-05-04,Lazio @ Monza,TOTAL,under,2.5,1.9,0.6416,0.5263,9.86,lose,-1.0,0.334,pinnacle
seriea,2023,2024-05-05,Lecce @ Cagliari,1X2,lecce,,3.77,0.3023,0.2653,6.29,lose,-1.0,0.334,pinnacle
seriea,2023,2024-05-05,Frosinone @ Empoli,1X2,frosinone,,3.07,0.359,0.3257,4.6,lose,-1.0,0.334,pinnacle
seriea,2023,2024-05-05,Genoa @ Milan,1X2,draw,,5.02,0.2361,0.1992,8.33,win,4.02,0.364,pinnacle
seriea,2023,2024-05-05,Juventus @ Roma,1X2,roma,,2.98,0.3668,0.3356,4.18,lose,-1.0,0.364,pinnacle
seriea,2023,2024-05-06,Atalanta @ Salernitana,1X2,draw,,6.36,0.1777,0.1572,5.85,lose,-1.0,0.364,pinnacle
seriea,2023,2024-05-06,Napoli @ Udinese,1X2,udinese,,4.17,0.2661,0.2398,4.93,lose,-1.0,0.364,pinnacle
seriea,2023,2024-05-10,Inter @ Frosinone,TOTAL,over,2.5,1.75,0.6267,0.5714,4.35,win,0.75,0.334,pinnacle
seriea,2023,2024-05-11,Bologna @ Napoli,TOTAL,under,2.5,1.88,0.61,0.5319,6.6,win,0.8799999999999999,0.364,pinnacle
seriea,2023,2024-05-12,Empoli @ Lazio,TOTAL,under,2.5,1.85,0.6338,0.5405,7.77,win,0.8500000000000001,0.364,pinnacle
seriea,2023,2024-05-12,Sassuolo @ Genoa,1X2,genoa,,2.34,0.5685,0.4274,14.86,win,1.3399999999999999,0.364,pinnacle
seriea,2023,2024-05-12,Roma @ Atalanta,1X2,roma,,4.22,0.2781,0.237,7.81,lose,-1.0,0.364,pinnacle
seriea,2023,2024-05-12,Roma @ Atalanta,TOTAL,over,2.5,1.85,0.6131,0.5405,6.04,win,0.8500000000000001,0.364,pinnacle
seriea,2023,2024-05-13,Udinese @ Lecce,1X2,lecce,,3.16,0.4072,0.3165,12.91,lose,-1.0,0.364,pinnacle
seriea,2023,2024-05-13,Monza @ Fiorentina,1X2,draw,,4.46,0.2576,0.2242,6.7,lose,-1.0,0.334,pinnacle
seriea,2023,2024-05-13,Monza @ Fiorentina,TOTAL,under,2.5,2.14,0.5337,0.4673,6.4,lose,-1.0,0.334,pinnacle
seriea,2023,2024-05-18,Atalanta @ Lecce,1X2,atalanta,,2.04,0.5636,0.4902,6.74,win,1.04,0.364,pinnacle
seriea,2023,2024-05-18,Milan @ Torino,1X2,milan,,3.16,0.406,0.3165,12.73,lose,-1.0,0.364,pinnacle
seriea,2023,2024-05-18,Milan @ Torino,TOTAL,under,2.5,1.74,0.6182,0.5747,3.41,lose,-1.0,0.364,pinnacle
seriea,2023,2024-05-19,Cagliari @ Sassuolo,1X2,sassuolo,,2.56,0.4463,0.3906,6.41,lose,-1.0,0.364,pinnacle
seriea,2023,2024-05-19,Cagliari @ Sassuolo,TOTAL,over,2.5,1.85,0.6024,0.5405,5.15,lose,-1.0,0.364,pinnacle
seriea,2023,2024-05-19,Empoli @ Udinese,TOTAL,under,2.5,1.66,0.6719,0.6024,5.19,win,0.6599999999999999,0.364,pinnacle
seriea,2023,2024-05-19,Lazio @ Inter,TOTAL,under,2.5,2.16,0.5209,0.463,5.63,win,1.1600000000000001,0.364,pinnacle
seriea,2023,2024-05-19,Genoa @ Roma,1X2,draw,,4.5,0.2457,0.2222,4.75,lose,-1.0,0.364,pinnacle
seriea,2023,2024-05-20,Verona @ Salernitana,1X2,salernitana,,5.3,0.2616,0.1887,17.39,lose,-1.0,0.364,pinnacle
seriea,2023,2024-05-20,Verona @ Salernitana,1X2,draw,,3.93,0.2899,0.2545,6.28,lose,-1.0,0.364,pinnacle
seriea,2023,2024-05-20,Verona @ Salernitana,TOTAL,under,2.5,1.99,0.5958,0.5025,8.35,lose,-1.0,0.364,pinnacle
seriea,2023,2024-05-20,Juventus @ Bologna,1X2,bologna,,2.84,0.3901,0.3521,4.85,lose,-1.0,0.364,pinnacle
seriea,2023,2024-05-20,Juventus @ Bologna,1X2,draw,,3.14,0.3465,0.3185,3.96,win,2.14,0.364,pinnacle
seriea,2023,2024-05-23,Fiorentina @ Cagliari,1X2,cagliari,,5.08,0.2369,0.1969,9.15,lose,-1.0,0.364,pinnacle
seriea,2023,2024-05-24,Bologna @ Genoa,1X2,bologna,,2.59,0.4422,0.3861,6.54,lose,-1.0,0.364,pinnacle
seriea,2023,2024-05-24,Bologna @ Genoa,TOTAL,under,2.5,1.68,0.6561,0.5952,4.6,win,0.6799999999999999,0.364,pinnacle
seriea,2023,2024-05-25,Monza @ Juventus,1X2,draw,,4.54,0.2656,0.2203,9.26,lose,-1.0,0.334,pinnacle
seriea,2023,2024-05-26,Torino @ Atalanta,1X2,atalanta,,2.39,0.5098,0.4184,9.82,win,1.3900000000000001,0.364,pinnacle
seriea,2023,2024-05-26,Torino @ Atalanta,TOTAL,under,2.5,1.93,0.6279,0.5181,9.54,lose,-1.0,0.364,pinnacle
seriea,2023,2024-05-26,Lecce @ Napoli,1X2,draw,,5.42,0.2421,0.1845,14.05,win,4.42,0.364,pinnacle
seriea,2023,2024-05-26,Lecce @ Napoli,TOTAL,under,2.5,2.47,0.5195,0.4049,12.74,win,1.4700000000000002,0.364,pinnacle
seriea,2023,2024-05-26,Roma @ Empoli,TOTAL,under,2.5,2.0,0.5564,0.5,5.08,lose,-1.0,0.364,pinnacle
seriea,2023,2024-05-26,Udinese @ Frosinone,1X2,frosinone,,2.63,0.4129,0.3802,3.87,lose,-1.0,0.334,pinnacle
seriea,2023,2024-05-26,Sassuolo @ Lazio,1X2,draw,,5.63,0.2128,0.1776,8.91,win,4.63,0.364,pinnacle
seriea,2023,2024-05-26,Inter @ Verona,TOTAL,under,2.5,2.31,0.5253,0.4329,9.61,lose,-1.0,0.364,pinnacle
seriea,2023,2024-06-02,Fiorentina @ Atalanta,1X2,fiorentina,,5.44,0.2302,0.1838,11.36,win,4.44,0.364,pinnacle
bundesliga,2023,2023-10-06,Mainz @ M'gladbach,TOTAL,over,2.5,1.61,0.7192,0.6211,7.1,win,0.6100000000000001,0.364,pinnacle
bundesliga,2023,2023-10-07,Darmstadt @ Augsburg,1X2,darmstadt,,4.66,0.28,0.2146,13.71,win,3.66,0.334,pinnacle
bundesliga,2023,2023-10-07,Wolfsburg @ Stuttgart,1X2,stuttgart,,1.88,0.5812,0.5319,4.17,win,0.8799999999999999,0.364,pinnacle
bundesliga,2023,2023-10-08,Heidenheim @ Ein Frankfurt,TOTAL,under,2.5,2.22,0.5497,0.4505,9.92,win,1.2200000000000002,0.334,pinnacle
bundesliga,2023,2023-10-21,RB Leipzig @ Darmstadt,1X2,draw,,5.1,0.2198,0.1961,5.45,lose,-1.0,0.334,pinnacle
bundesliga,2023,2023-10-21,Leverkusen @ Wolfsburg,1X2,wolfsburg,,4.47,0.2486,0.2237,5.01,lose,-1.0,0.364,pinnacle
bundesliga,2023,2023-10-22,M'gladbach @ FC Koln,1X2,borussia m gladbach,,2.85,0.4605,0.3509,14.06,lose,-1.0,0.364,pinnacle
bundesliga,2023,2023-10-22,Augsburg @ Heidenheim,1X2,heidenheim,,2.45,0.5,0.4082,10.12,lose,-1.0,0.334,pinnacle
bundesliga,2023,2023-10-22,Augsburg @ Heidenheim,TOTAL,over,2.5,1.75,0.7005,0.5714,10.16,win,0.75,0.334,pinnacle
bundesliga,2023,2023-10-27,Mainz @ Bochum,1X2,bochum,,2.85,0.4383,0.3509,11.22,lose,-1.0,0.364,pinnacle
bundesliga,2023,2023-10-28,Wolfsburg @ Augsburg,TOTAL,over,2.5,1.74,0.6509,0.5747,5.97,win,0.74,0.364,pinnacle
bundesliga,2023,2023-10-28,Heidenheim @ M'gladbach,1X2,heidenheim,,4.7,0.2716,0.2128,12.44,lose,-1.0,0.334,pinnacle
bundesliga,2023,2023-10-28,Union Berlin @ Werder Bremen,1X2,werder bremen,,2.86,0.4733,0.3497,15.91,win,1.8599999999999999,0.364,pinnacle
bundesliga,2023,2023-10-29,Dortmund @ Ein Frankfurt,1X2,eintracht frankfurt,,3.14,0.3942,0.3185,10.7,lose,-1.0,0.364,pinnacle
bundesliga,2023,2023-10-29,Dortmund @ Ein Frankfurt,1X2,draw,,3.7,0.3156,0.2703,7.55,win,2.7,0.364,pinnacle
bundesliga,2023,2023-11-03,Bochum @ Darmstadt,1X2,darmstadt,,2.37,0.5463,0.4219,13.26,lose,-1.0,0.334,pinnacle
bundesliga,2023,2023-11-03,Bochum @ Darmstadt,TOTAL,over,2.5,1.7,0.7132,0.5882,9.56,win,0.7,0.334,pinnacle
bundesliga,2023,2023-11-04,Augsburg @ FC Koln,TOTAL,over,2.5,1.64,0.673,0.6098,4.67,lose,-1.0,0.364,pinnacle
bundesliga,2023,2023-11-04,M'gladbach @ Freiburg,1X2,borussia m gladbach,,3.64,0.3167,0.2747,6.88,lose,-1.0,0.364,pinnacle
bundesliga,2023,2023-11-04,Leverkusen @ Hoffenheim,1X2,hoffenheim,,5.53,0.2605,0.1808,19.83,lose,-1.0,0.364,pinnacle
bundesliga,2023,2023-11-04,Ein Frankfurt @ Union Berlin,1X2,eintracht frankfurt,,3.06,0.4279,0.3268,13.92,win,2.06,0.364,pinnacle
bundesliga,2023,2023-11-05,Werder Bremen @ Wolfsburg,1X2,werder bremen,,4.39,0.2619,0.2278,6.73,lose,-1.0,0.364,pinnacle
bundesliga,2023,2023-11-11,Mainz @ Darmstadt,TOTAL,over,2.5,1.69,0.7153,0.5917,9.4,lose,-1.0,0.334,pinnacle
bundesliga,2023,2023-11-11,FC Koln @ Bochum,1X2,bochum,,2.59,0.4776,0.3861,10.67,lose,-1.0,0.364,pinnacle
bundesliga,2023,2023-11-12,Ein Frankfurt @ Werder Bremen,1X2,eintracht frankfurt,,2.61,0.4342,0.3831,6.0,lose,-1.0,0.364,pinnacle
bundesliga,2023,2023-11-12,Ein Frankfurt @ Werder Bremen,TOTAL,under,2.5,2.2,0.5049,0.4545,4.99,lose,-1.0,0.364,pinnacle
bundesliga,2023,2023-11-25,M'gladbach @ Dortmund,1X2,borussia m gladbach,,5.53,0.239,0.1808,14.47,lose,-1.0,0.364,pinnacle
bundesliga,2023,2023-11-25,Darmstadt @ Freiburg,1X2,darmstadt,,6.28,0.2167,0.1592,16.25,lose,-1.0,0.334,pinnacle
bundesliga,2023,2023-11-25,Darmstadt @ Freiburg,TOTAL,over,2.5,1.68,0.6893,0.5952,7.11,lose,-1.0,0.334,pinnacle
bundesliga,2023,2023-11-25,RB Leipzig @ Wolfsburg,1X2,rasenballsport leipzig,,1.95,0.5741,0.5128,5.38,lose,-1.0,0.364,pinnacle
bundesliga,2023,2023-11-25,Stuttgart @ Ein Frankfurt,1X2,eintracht frankfurt,,2.89,0.4075,0.346,7.99,lose,-1.0,0.364,pinnacle
bundesliga,2023,2023-11-26,Bochum @ Heidenheim,TOTAL,over,2.5,1.65,0.6727,0.6061,4.95,lose,-1.0,0.334,pinnacle
bundesliga,2023,2023-11-26,Mainz @ Hoffenheim,1X2,hoffenheim,,1.86,0.6839,0.5376,12.24,lose,-1.0,0.364,pinnacle
bundesliga,2023,2023-11-26,Mainz @ Hoffenheim,TOTAL,over,2.5,1.63,0.7107,0.6135,7.13,lose,-1.0,0.364,pinnacle
bundesliga,2023,2023-12-01,FC Koln @ Darmstadt,1X2,darmstadt,,2.8,0.4929,0.3571,17.11,lose,-1.0,0.334,pinnacle
bundesliga,2023,2023-12-02,Wolfsburg @ Bochum,1X2,wolfsburg,,2.75,0.3957,0.3636,3.97,lose,-1.0,0.364,pinnacle
bundesliga,2023,2023-12-03,Freiburg @ Mainz,1X2,freiburg,,3.34,0.3319,0.2994,4.88,win,2.34,0.364,pinnacle
bundesliga,2023,2023-12-03,Freiburg @ Mainz,TOTAL,over,2.5,1.95,0.5493,0.5128,3.2,lose,-1.0,0.364,pinnacle
bundesliga,2023,2023-12-03,Ein Frankfurt @ Augsburg,1X2,eintracht frankfurt,,2.88,0.3806,0.3472,4.33,lose,-1.0,0.364,pinnacle
bundesliga,2023,2023-12-08,Bochum @ Hoffenheim,1X2,hoffenheim,,1.79,0.6458,0.5587,7.02,win,0.79,0.364,pinnacle
bundesliga,2023,2023-12-09,Bayern Munich @ Ein Frankfurt,1X2,draw,,6.12,0.2317,0.1634,18.82,lose,-1.0,0.364,pinnacle
bundesliga,2023,2023-12-09,Augsburg @ Werder Bremen,1X2,augsburg,,3.25,0.3533,0.3077,6.67,lose,-1.0,0.364,pinnacle
bundesliga,2023,2023-12-09,Augsburg @ Werder Bremen,TOTAL,over,2.5,1.65,0.6862,0.6061,5.95,lose,-1.0,0.364,pinnacle
bundesliga,2023,2023-12-09,Freiburg @ Wolfsburg,1X2,wolfsburg,,2.22,0.4882,0.4505,3.77,lose,-1.0,0.364,pinnacle
bundesliga,2023,2023-12-09,RB Leipzig @ Dortmund,1X2,rasenballsport leipzig,,2.5,0.4295,0.4,3.32,win,1.5,0.364,pinnacle
bundesliga,2023,2023-12-10,Leverkusen @ Stuttgart,1X2,stuttgart,,2.94,0.3641,0.3401,3.17,lose,-1.0,0.364,pinnacle
bundesliga,2023,2023-12-10,Mainz @ FC Koln,1X2,cologne,,2.78,0.4377,0.3597,9.75,lose,-1.0,0.364,pinnacle
bundesliga,2023,2023-12-10,Mainz @ FC Koln,TOTAL,under,2.5,1.94,0.5683,0.5155,4.61,win,0.94,0.364,pinnacle
bundesliga,2023,2023-12-15,Werder Bremen @ M'gladbach,1X2,borussia m gladbach,,2.16,0.5688,0.463,10.29,lose,-1.0,0.364,pinnacle
bundesliga,2023,2023-12-16,Dortmund @ Augsburg,1X2,augsburg,,3.15,0.4094,0.3175,13.03,lose,-1.0,0.364,pinnacle
bundesliga,2023,2023-12-16,Union Berlin @ Bochum,1X2,bochum,,2.62,0.4674,0.3817,10.11,win,1.62,0.364,pinnacle
bundesliga,2023,2023-12-16,Union Berlin @ Bochum,TOTAL,over,2.5,1.96,0.5718,0.5102,5.43,win,0.96,0.364,pinnacle
bundesliga,2023,2023-12-16,Wolfsburg @ Darmstadt,1X2,darmstadt,,3.97,0.386,0.2519,23.96,lose,-1.0,0.334,pinnacle
bundesliga,2023,2023-12-16,Wolfsburg @ Darmstadt,TOTAL,over,2.5,1.79,0.6217,0.5587,5.08,lose,-1.0,0.334,pinnacle
bundesliga,2023,2023-12-16,Heidenheim @ Mainz,1X2,heidenheim,,4.82,0.348,0.2075,30.47,win,3.8200000000000003,0.334,pinnacle
bundesliga,2023,2023-12-17,FC Koln @ Freiburg,TOTAL,under,2.5,1.96,0.5646,0.5102,4.8,win,0.96,0.364,pinnacle
bundesliga,2023,2023-12-17,Ein Frankfurt @ Leverkusen,1X2,draw,,6.43,0.2029,0.1555,13.71,lose,-1.0,0.364,pinnacle
bundesliga,2023,2023-12-19,RB Leipzig @ Werder Bremen,1X2,werder bremen,,5.56,0.2465,0.1799,16.67,lose,-1.0,0.364,pinnacle
bundesliga,2023,2023-12-20,FC Koln @ Union Berlin,TOTAL,under,2.5,1.86,0.5867,0.5376,4.11,win,0.8600000000000001,0.364,pinnacle
bundesliga,2023,2023-12-20,M'gladbach @ Ein Frankfurt,TOTAL,over,2.5,1.64,0.6697,0.6098,4.43,win,0.6399999999999999,0.364,pinnacle
bundesliga,2023,2024-01-13,Heidenheim @ FC Koln,1X2,heidenheim,,3.7,0.3858,0.2703,19.23,lose,-1.0,0.334,pinnacle
bundesliga,2023,2024-01-13,Heidenheim @ FC Koln,TOTAL,under,2.5,2.13,0.528,0.4695,5.61,win,1.13,0.334,pinnacle
bundesliga,2023,2024-01-13,Union Berlin @ Freiburg,1X2,freiburg,,2.17,0.5822,0.4608,11.85,lose,-1.0,0.364,pinnacle
bundesliga,2023,2024-01-13,Union Berlin @ Freiburg,TOTAL,over,2.5,2.02,0.568,0.495,6.63,lose,-1.0,0.364,pinnacle
bundesliga,2023,2024-01-13,Wolfsburg @ Mainz,1X2,wolfsburg,,3.99,0.3291,0.2506,14.09,lose,-1.0,0.364,pinnacle
bundesliga,2023,2024-01-13,Wolfsburg @ Mainz,TOTAL,under,2.5,1.94,0.571,0.5155,4.85,win,0.94,0.364,pinnacle
bundesliga,2023,2024-01-13,Dortmund @ Darmstadt,1X2,darmstadt,,4.83,0.2989,0.207,19.98,lose,-1.0,0.334,pinnacle
bundesliga,2023,2024-01-14,Werder Bremen @ Bochum,1X2,werder bremen,,3.46,0.3346,0.289,7.1,lose,-1.0,0.334,pinnacle
bundesliga,2023,2024-01-14,Stuttgart @ M'gladbach,1X2,borussia m gladbach,,3.7,0.307,0.2703,6.11,win,2.7,0.364,pinnacle
bundesliga,2023,2024-01-20,Ein Frankfurt @ Darmstadt,1X2,eintracht frankfurt,,2.09,0.5151,0.4785,3.45,lose,-1.0,0.334,pinnacle
bundesliga,2023,2024-01-20,Ein Frankfurt @ Darmstadt,TOTAL,over,2.5,1.88,0.5751,0.5319,3.65,win,0.8799999999999999,0.334,pinnacle
bundesliga,2023,2024-01-20,Dortmund @ FC Koln,1X2,draw,,4.18,0.2641,0.2392,4.68,lose,-1.0,0.364,pinnacle
bundesliga,2023,2024-01-20,Hoffenheim @ Freiburg,1X2,hoffenheim,,3.67,0.3033,0.2725,5.08,lose,-1.0,0.364,pinnacle
bundesliga,2023,2024-01-20,Wolfsburg @ Heidenheim,TOTAL,over,2.5,1.79,0.5962,0.5587,3.03,lose,-1.0,0.334,pinnacle
bundesliga,2023,2024-01-20,Leverkusen @ RB Leipzig,1X2,bayer leverkusen,,2.76,0.4137,0.3623,6.38,win,1.7599999999999998,0.364,pinnacle
bundesliga,2023,2024-01-20,Leverkusen @ RB Leipzig,TOTAL,under,2.5,2.41,0.4969,0.4149,8.88,lose,-1.0,0.364,pinnacle
bundesliga,2023,2024-01-27,RB Leipzig @ Stuttgart,1X2,stuttgart,,2.54,0.4528,0.3937,6.75,win,1.54,0.364,pinnacle
bundesliga,2023,2024-01-27,Freiburg @ Werder Bremen,1X2,werder bremen,,2.41,0.4609,0.4149,4.99,win,1.4100000000000001,0.364,pinnacle
bundesliga,2023,2024-01-27,FC Koln @ Wolfsburg,TOTAL,under,2.5,2.02,0.569,0.495,6.72,win,1.02,0.364,pinnacle
bundesliga,2023,2024-01-28,Darmstadt @ Union Berlin,1X2,darmstadt,,5.5,0.2469,0.1818,16.11,lose,-1.0,0.334,pinnacle
bundesliga,2023,2024-01-28,Darmstadt @ Union Berlin,TOTAL,over,2.5,1.95,0.5977,0.5128,7.45,lose,-1.0,0.334,pinnacle
bundesliga,2023,2024-02-02,Dortmund @ Heidenheim,1X2,heidenheim,,3.29,0.3246,0.304,3.06,lose,-1.0,0.334,pinnacle
bundesliga,2023,2024-02-03,Stuttgart @ Freiburg,1X2,stuttgart,,2.33,0.4622,0.4292,3.46,win,1.33,0.364,pinnacle
bundesliga,2023,2024-02-03,Stuttgart @ Freiburg,TOTAL,over,2.5,1.75,0.611,0.5714,3.12,win,0.75,0.364,pinnacle
bundesliga,2023,2024-02-03,Werder Bremen @ Mainz,1X2,werder bremen,,3.82,0.3812,0.2618,20.53,win,2.82,0.364,pinnacle
bundesliga,2023,2024-02-03,Ein Frankfurt @ FC Koln,1X2,eintracht frankfurt,,2.57,0.5188,0.3891,15.0,lose,-1.0,0.364,pinnacle
bundesliga,2023,2024-02-03,Ein Frankfurt @ FC Koln,TOTAL,under,2.5,1.88,0.6197,0.5319,7.43,win,0.8799999999999999,0.364,pinnacle
bundesliga,2023,2024-02-04,Union Berlin @ RB Leipzig,TOTAL,over,2.5,1.65,0.6698,0.6061,4.73,lose,-1.0,0.364,pinnacle
bundesliga,2023,2024-02-07,Union Berlin @ Mainz,TOTAL,under,2.5,1.67,0.6728,0.5988,5.56,win,0.6699999999999999,0.364,pinnacle
bundesliga,2023,2024-02-10,RB Leipzig @ Augsburg,1X2,augsburg,,4.42,0.2924,0.2262,13.16,lose,-1.0,0.364,pinnacle
bundesliga,2023,2024-02-10,Bochum @ Ein Frankfurt,1X2,eintracht frankfurt,,1.81,0.6533,0.5525,8.21,lose,-1.0,0.364,pinnacle
bundesliga,2023,2024-02-10,Wolfsburg @ Union Berlin,1X2,wolfsburg,,3.36,0.3924,0.2976,14.33,lose,-1.0,0.364,pinnacle
bundesliga,2023,2024-02-10,Wolfsburg @ Union Berlin,TOTAL,under,2.5,1.76,0.6209,0.5682,4.18,win,0.76,0.364,pinnacle
bundesliga,2023,2024-02-10,Bayern Munich @ Leverkusen,1X2,bayer leverkusen,,2.39,0.534,0.4184,12.43,win,1.3900000000000001,0.364,pinnacle
bundesliga,2023,2024-02-11,Mainz @ Stuttgart,TOTAL,over,2.5,1.74,0.6189,0.5747,3.46,win,0.74,0.364,pinnacle
bundesliga,2023,2024-02-11,FC Koln @ Hoffenheim,1X2,hoffenheim,,1.75,0.672,0.5714,7.92,lose,-1.0,0.364,pinnacle
bundesliga,2023,2024-02-16,Werder Bremen @ FC Koln,1X2,werder bremen,,3.07,0.3994,0.3257,10.18,win,2.07,0.364,pinnacle
bundesliga,2023,2024-02-16,Werder Bremen @ FC Koln,TOTAL,under,2.5,1.88,0.5828,0.5319,4.3,win,0.8799999999999999,0.364,pinnacle
bundesliga,2023,2024-02-17,Stuttgart @ Darmstadt,TOTAL,over,2.5,1.68,0.6931,0.5952,7.4,win,0.6799999999999999,0.334,pinnacle
bundesliga,2023,2024-02-17,Union Berlin @ Hoffenheim,1X2,hoffenheim,,1.95,0.6199,0.5128,9.39,lose,-1.0,0.364,pinnacle
bundesliga,2023,2024-02-17,Union Berlin @ Hoffenheim,TOTAL,over,2.5,1.8,0.6201,0.5556,5.23,lose,-1.0,0.364,pinnacle
bundesliga,2023,2024-02-17,Augsburg @ Mainz,1X2,augsburg,,3.9,0.3735,0.2564,20.55,lose,-1.0,0.364,pinnacle
bundesliga,2023,2024-02-18,Ein Frankfurt @ Freiburg,1X2,eintracht frankfurt,,2.97,0.3958,0.3367,7.9,lose,-1.0,0.364,pinnacle
bundesliga,2023,2024-02-24,Bochum @ M'gladbach,1X2,borussia m gladbach,,2.12,0.5762,0.4717,9.97,win,1.12,0.364,pinnacle
bundesliga,2023,2024-02-24,Bochum @ M'gladbach,TOTAL,over,2.5,1.67,0.663,0.5988,4.82,win,0.6699999999999999,0.364,pinnacle
bundesliga,2023,2024-02-24,Heidenheim @ Union Berlin,1X2,heidenheim,,4.6,0.3284,0.2174,22.98,lose,-1.0,0.334,pinnacle
bundesliga,2023,2024-02-24,Darmstadt @ Werder Bremen,1X2,werder bremen,,1.76,0.6622,0.5682,7.45,lose,-1.0,0.334,pinnacle
bundesliga,2023,2024-02-24,Darmstadt @ Werder Bremen,TOTAL,over,2.5,1.85,0.623,0.5405,6.87,lose,-1.0,0.334,pinnacle
bundesliga,2023,2024-02-24,RB Leipzig @ Bayern Munich,1X2,bayern munich,,1.81,0.6239,0.5525,5.82,win,0.81,0.364,pinnacle
bundesliga,2023,2024-02-25,Freiburg @ Augsburg,1X2,augsburg,,2.38,0.5101,0.4202,9.64,win,1.38,0.364,pinnacle
bundesliga,2023,2024-02-25,Freiburg @ Augsburg,TOTAL,over,2.5,1.79,0.6136,0.5587,4.42,win,0.79,0.364,pinnacle
bundesliga,2023,2024-03-02,Augsburg @ Darmstadt,1X2,darmstadt,,3.63,0.3451,0.2755,11.37,lose,-1.0,0.334,pinnacle
bundesliga,2023,2024-03-02,Augsburg @ Darmstadt,TOTAL,over,2.5,1.82,0.5967,0.5495,3.87,win,0.8200000000000001,0.334,pinnacle
bundesliga,2023,2024-03-02,Ein Frankfurt @ Heidenheim,1X2,heidenheim,,3.07,0.3787,0.3257,7.31,lose,-1.0,0.334,pinnacle
bundesliga,2023,2024-03-02,Stuttgart @ Wolfsburg,1X2,stuttgart,,2.27,0.4895,0.4405,5.0,win,1.27,0.364,pinnacle
bundesliga,2023,2024-03-03,Leverkusen @ FC Koln,TOTAL,under,2.5,2.21,0.5588,0.4525,10.57,win,1.21,0.364,pinnacle
bundesliga,2023,2024-03-08,Union Berlin @ Stuttgart,TOTAL,over,2.5,1.79,0.6374,0.5587,6.34,lose,-1.0,0.364,pinnacle
bundesliga,2023,2024-03-09,Heidenheim @ Augsburg,1X2,heidenheim,,4.98,0.25,0.2008,11.02,lose,-1.0,0.334,pinnacle
bundesliga,2023,2024-03-09,Heidenheim @ Augsburg,TOTAL,over,2.5,1.67,0.645,0.5988,3.47,lose,-1.0,0.334,pinnacle
bundesliga,2023,2024-03-09,FC Koln @ M'gladbach,1X2,borussia m gladbach,,1.88,0.6095,0.5319,6.56,lose,-1.0,0.364,pinnacle
bundesliga,2023,2024-03-09,Dortmund @ Werder Bremen,1X2,werder bremen,,4.04,0.3086,0.2475,11.11,lose,-1.0,0.364,pinnacle
bundesliga,2023,2024-03-09,Dortmund @ Werder Bremen,1X2,draw,,4.28,0.2538,0.2336,3.88,lose,-1.0,0.364,pinnacle
bundesliga,2023,2024-03-10,Freiburg @ Bochum,1X2,bochum,,2.57,0.4165,0.3891,3.16,lose,-1.0,0.364,pinnacle
bundesliga,2023,2024-03-10,Freiburg @ Bochum,TOTAL,over,2.5,1.81,0.5996,0.5525,3.84,win,0.81,0.364,pinnacle
bundesliga,2023,2024-03-10,Hoffenheim @ Ein Frankfurt,1X2,eintracht frankfurt,,2.07,0.5467,0.4831,5.93,win,1.0699999999999998,0.364,pinnacle
bundesliga,2023,2024-03-15,RB Leipzig @ FC Koln,1X2,draw,,4.89,0.233,0.2045,6.27,lose,-1.0,0.364,pinnacle
bundesliga,2023,2024-03-15,RB Leipzig @ FC Koln,TOTAL,under,2.5,2.41,0.4902,0.4149,8.17,lose,-1.0,0.364,pinnacle
bundesliga,2023,2024-03-16,M'gladbach @ Heidenheim,1X2,heidenheim,,2.64,0.4425,0.3788,7.57,lose,-1.0,0.334,pinnacle
bundesliga,2023,2024-03-16,M'gladbach @ Heidenheim,TOTAL,over,2.5,1.71,0.6773,0.5848,7.12,lose,-1.0,0.334,pinnacle
bundesliga,2023,2024-03-16,Bochum @ Mainz,1X2,draw,,3.92,0.278,0.2551,4.04,lose,-1.0,0.364,pinnacle
bundesliga,2023,2024-03-16,Bochum @ Mainz,1X2,bochum,,4.38,0.3344,0.2283,20.91,lose,-1.0,0.364,pinnacle
bundesliga,2023,2024-03-16,Bochum @ Mainz,TOTAL,under,2.5,2.09,0.5268,0.4785,4.55,win,1.0899999999999999,0.364,pinnacle
bundesliga,2023,2024-03-16,Werder Bremen @ Union Berlin,1X2,werder bremen,,3.72,0.3692,0.2688,16.8,lose,-1.0,0.364,pinnacle
bundesliga,2023,2024-03-16,Werder Bremen @ Union Berlin,TOTAL,under,2.5,1.92,0.5672,0.5208,4.0,lose,-1.0,0.364,pinnacle
bundesliga,2023,2024-03-16,Augsburg @ Wolfsburg,1X2,augsburg,,3.07,0.3511,0.3257,3.5,win,2.07,0.364,pinnacle
bundesliga,2023,2024-03-16,Stuttgart @ Hoffenheim,1X2,hoffenheim,,4.33,0.2921,0.2309,11.92,lose,-1.0,0.364,pinnacle
bundesliga,2023,2024-03-17,Ein Frankfurt @ Dortmund,1X2,eintracht frankfurt,,4.87,0.2359,0.2053,6.69,lose,-1.0,0.364,pinnacle
bundesliga,2023,2024-03-30,Union Berlin @ Ein Frankfurt,1X2,eintracht frankfurt,,1.97,0.6098,0.5076,9.06,lose,-1.0,0.364,pinnacle
bundesliga,2023,2024-03-30,Freiburg @ M'gladbach,1X2,borussia m gladbach,,2.14,0.5452,0.4673,7.5,lose,-1.0,0.364,pinnacle
bundesliga,2023,2024-03-30,Freiburg @ M'gladbach,TOTAL,over,2.5,1.68,0.7022,0.5952,8.09,win,0.6799999999999999,0.364,pinnacle
bundesliga,2023,2024-03-30,Wolfsburg @ Werder Bremen,1X2,werder bremen,,2.71,0.4976,0.369,15.68,lose,-1.0,0.364,pinnacle
bundesliga,2023,2024-03-30,Dortmund @ Bayern Munich,1X2,draw,,6.4,0.19,0.1562,9.72,lose,-1.0,0.364,pinnacle
bundesliga,2023,2024-04-06,Bochum @ FC Koln,1X2,bochum,,3.27,0.343,0.3058,5.47,lose,-1.0,0.364,pinnacle
bundesliga,2023,2024-04-06,Bochum @ FC Koln,TOTAL,under,2.5,2.08,0.5453,0.4808,6.04,lose,-1.0,0.364,pinnacle
bundesliga,2023,2024-04-06,RB Leipzig @ Freiburg,1X2,freiburg,,5.57,0.2345,0.1795,13.78,lose,-1.0,0.364,pinnacle
bundesliga,2023,2024-04-06,Darmstadt @ Mainz,1X2,draw,,5.11,0.2695,0.1957,16.98,lose,-1.0,0.334,pinnacle
bundesliga,2023,2024-04-06,Darmstadt @ Mainz,TOTAL,under,2.5,2.25,0.5248,0.4444,8.13,lose,-1.0,0.334,pinnacle
bundesliga,2023,2024-04-06,Stuttgart @ Dortmund,1X2,stuttgart,,3.49,0.3214,0.2865,5.47,win,2.49,0.364,pinnacle
bundesliga,2023,2024-04-07,M'gladbach @ Wolfsburg,1X2,borussia m gladbach,,3.74,0.3386,0.2674,11.98,win,2.74,0.364,pinnacle
bundesliga,2023,2024-04-12,Union Berlin @ Augsburg,1X2,augsburg,,2.19,0.5604,0.4566,10.23,win,1.19,0.364,pinnacle
bundesliga,2023,2024-04-13,Heidenheim @ Bochum,1X2,heidenheim,,3.7,0.3997,0.2703,21.55,lose,-1.0,0.334,pinnacle
bundesliga,2023,2024-04-13,Ein Frankfurt @ Stuttgart,1X2,draw,,5.13,0.2215,0.1949,6.14,lose,-1.0,0.364,pinnacle
bundesliga,2023,2024-04-13,Ein Frankfurt @ Stuttgart,1X2,eintracht frankfurt,,6.22,0.193,0.1608,9.03,lose,-1.0,0.364,pinnacle
bundesliga,2023,2024-04-14,Freiburg @ Darmstadt,1X2,darmstadt,,4.57,0.2924,0.2188,15.13,lose,-1.0,0.334,pinnacle
bundesliga,2023,2024-04-20,Darmstadt @ FC Koln,1X2,draw,,5.03,0.2719,0.1988,16.54,lose,-1.0,0.334,pinnacle
bundesliga,2023,2024-04-20,Darmstadt @ FC Koln,TOTAL,under,2.5,2.31,0.541,0.4329,11.24,win,1.31,0.334,pinnacle
bundesliga,2023,2024-04-20,RB Leipzig @ Heidenheim,1X2,draw,,5.3,0.2237,0.1887,8.34,lose,-1.0,0.334,pinnacle
bundesliga,2023,2024-04-20,M'gladbach @ Hoffenheim,1X2,hoffenheim,,2.36,0.4849,0.4237,6.5,win,1.3599999999999999,0.364,pinnacle
bundesliga,2023,2024-04-20,Bayern Munich @ Union Berlin,1X2,bayern munich,,1.71,0.6676,0.5848,6.37,win,0.71,0.364,pinnacle
bundesliga,2023,2024-04-21,Leverkusen @ Dortmund,1X2,bayer leverkusen,,2.66,0.4932,0.3759,14.04,lose,-1.0,0.364,pinnacle
bundesliga,2023,2024-04-21,Leverkusen @ Dortmund,TOTAL,under,2.5,2.54,0.4988,0.3937,12.01,win,1.54,0.364,pinnacle
bundesliga,2023,2024-04-26,Hoffenheim @ Bochum,1X2,hoffenheim,,3.22,0.4238,0.3106,16.41,lose,-1.0,0.364,pinnacle
bundesliga,2023,2024-04-27,Werder Bremen @ Augsburg,1X2,werder bremen,,4.78,0.2344,0.2092,5.41,win,3.7800000000000002,0.364,pinnacle
bundesliga,2023,2024-04-27,Wolfsburg @ Freiburg,1X2,freiburg,,2.35,0.4832,0.4255,6.1,lose,-1.0,0.364,pinnacle
bundesliga,2023,2024-04-27,Dortmund @ RB Leipzig,1X2,draw,,4.87,0.2354,0.2053,6.59,lose,-1.0,0.364,pinnacle
bundesliga,2023,2024-04-27,Dortmund @ RB Leipzig,1X2,borussia dortmund,,5.33,0.243,0.1876,13.28,lose,-1.0,0.364,pinnacle
bundesliga,2023,2024-04-27,Stuttgart @ Leverkusen,1X2,bayer leverkusen,,1.85,0.6301,0.5405,7.46,lose,-1.0,0.364,pinnacle
bundesliga,2023,2024-04-28,Union Berlin @ M'gladbach,TOTAL,over,2.5,1.97,0.5908,0.5076,7.38,lose,-1.0,0.364,pinnacle
bundesliga,2023,2024-04-28,FC Koln @ Mainz,1X2,draw,,4.34,0.29,0.2304,11.64,win,3.34,0.364,pinnacle
bundesliga,2023,2024-04-28,FC Koln @ Mainz,1X2,cologne,,5.99,0.2105,0.1669,11.74,lose,-1.0,0.364,pinnacle
bundesliga,2023,2024-05-03,RB Leipzig @ Hoffenheim,1X2,hoffenheim,,5.22,0.2213,0.1916,6.98,lose,-1.0,0.364,pinnacle
bundesliga,2023,2024-05-04,Augsburg @ Dortmund,1X2,borussia dortmund,,2.01,0.6088,0.4975,10.07,win,1.0099999999999998,0.364,pinnacle
bundesliga,2023,2024-05-04,M'gladbach @ Werder Bremen,1X2,borussia m gladbach,,3.36,0.3194,0.2976,3.29,lose,-1.0,0.364,pinnacle
bundesliga,2023,2024-05-04,Darmstadt @ Wolfsburg,1X2,draw,,6.02,0.2267,0.1661,16.42,lose,-1.0,0.334,pinnacle
bundesliga,2023,2024-05-04,Freiburg @ FC Koln,1X2,freiburg,,2.78,0.415,0.3597,6.92,lose,-1.0,0.364,pinnacle
bundesliga,2023,2024-05-04,Freiburg @ FC Koln,TOTAL,under,2.5,2.11,0.5527,0.4739,7.48,win,1.1099999999999999,0.364,pinnacle
bundesliga,2023,2024-05-05,Bochum @ Union Berlin,1X2,bochum,,4.03,0.3089,0.2481,11.01,win,3.0300000000000002,0.364,pinnacle
bundesliga,2023,2024-05-05,Leverkusen @ Ein Frankfurt,TOTAL,under,2.5,2.21,0.5072,0.4525,5.44,lose,-1.0,0.364,pinnacle
bundesliga,2023,2024-05-05,Mainz @ Heidenheim,TOTAL,under,2.5,2.21,0.5053,0.4525,5.26,win,1.21,0.334,pinnacle
bundesliga,2023,2024-05-11,Union Berlin @ FC Koln,1X2,draw,,3.45,0.3237,0.2899,5.25,lose,-1.0,0.364,pinnacle
bundesliga,2023,2024-05-11,Heidenheim @ Freiburg,1X2,heidenheim,,4.59,0.3168,0.2179,20.44,lose,-1.0,0.334,pinnacle
bundesliga,2023,2024-05-11,Ein Frankfurt @ M'gladbach,1X2,borussia m gladbach,,2.74,0.4248,0.365,7.37,lose,-1.0,0.364,pinnacle
bundesliga,2023,2024-05-12,Hoffenheim @ Darmstadt,1X2,darmstadt,,5.23,0.252,0.1912,14.31,lose,-1.0,0.334,pinnacle
bundesliga,2023,2024-05-12,Hoffenheim @ Darmstadt,1X2,draw,,5.22,0.2189,0.1916,6.42,lose,-1.0,0.334,pinnacle
bundesliga,2023,2024-05-18,FC Koln @ Heidenheim,1X2,heidenheim,,2.12,0.5613,0.4717,8.55,win,1.12,0.334,pinnacle
bundesliga,2023,2024-05-18,Bayern Munich @ Hoffenheim,1X2,bayern munich,,1.89,0.6029,0.5291,6.27,lose,-1.0,0.364,pinnacle
bundesliga,2023,2024-05-18,Freiburg @ Union Berlin,1X2,freiburg,,4.14,0.3805,0.2415,25.89,lose,-1.0,0.364,pinnacle
bundesliga,2023,2024-05-18,Bochum @ Werder Bremen,1X2,werder bremen,,2.16,0.5483,0.463,8.29,win,1.1600000000000001,0.334,pinnacle
bundesliga,2023,2024-05-18,Mainz @ Wolfsburg,1X2,wolfsburg,,3.26,0.4314,0.3067,18.29,lose,-1.0,0.364,pinnacle
bundesliga,2023,2024-05-18,Mainz @ Wolfsburg,TOTAL,under,2.5,2.1,0.5703,0.4762,8.9,lose,-1.0,0.364,pinnacle
ligue1,2023,2023-09-30,Paris SG @ Clermont,1X2,draw,,5.34,0.2311,0.1873,10.53,win,4.34,0.364,pinnacle
ligue1,2023,2023-10-01,Lyon @ Reims,1X2,reims,,1.93,0.6624,0.5181,12.53,win,0.9299999999999999,0.364,pinnacle
ligue1,2023,2023-10-01,Lille @ Le Havre,TOTAL,over,2.5,2.08,0.5477,0.4808,6.26,lose,-1.0,0.334,pinnacle
ligue1,2023,2023-10-01,Brest @ Nice,1X2,draw,,3.66,0.3024,0.2732,4.81,win,2.66,0.364,pinnacle
ligue1,2023,2023-10-01,Metz @ Toulouse,1X2,metz,,4.54,0.2732,0.2203,10.81,lose,-1.0,0.334,pinnacle
ligue1,2023,2023-10-01,Montpellier @ Lorient,1X2,lorient,,3.24,0.4458,0.3086,19.99,lose,-1.0,0.364,pinnacle
ligue1,2023,2023-10-01,Montpellier @ Lorient,TOTAL,over,2.5,1.81,0.6359,0.5525,6.8,win,0.81,0.364,pinnacle
ligue1,2023,2023-10-01,Nantes @ Rennes,1X2,nantes,,5.4,0.2351,0.1852,12.13,lose,-1.0,0.364,pinnacle
ligue1,2023,2023-10-06,Nantes @ Strasbourg,1X2,nantes,,3.54,0.3062,0.2825,3.78,win,2.54,0.364,pinnacle
ligue1,2023,2023-10-06,Nantes @ Strasbourg,TOTAL,over,2.5,2.3,0.554,0.4348,12.34,win,1.2999999999999998,0.364,pinnacle
ligue1,2023,2023-10-07,Nice @ Metz,1X2,metz,,6.41,0.2125,0.156,16.3,lose,-1.0,0.364,pinnacle
ligue1,2023,2023-10-07,Nice @ Metz,1X2,draw,,4.13,0.3045,0.2421,11.59,lose,-1.0,0.364,pinnacle
ligue1,2023,2023-10-07,Monaco @ Reims,1X2,reims,,2.73,0.4421,0.3663,9.31,lose,-1.0,0.364,pinnacle
ligue1,2023,2023-10-07,Monaco @ Reims,TOTAL,over,2.5,1.64,0.6721,0.6098,4.6,win,0.6399999999999999,0.364,pinnacle
ligue1,2023,2023-10-08,Le Havre @ Marseille,1X2,draw,,4.61,0.2669,0.2169,10.36,lose,-1.0,0.334,pinnacle
ligue1,2023,2023-10-08,Toulouse @ Brest,1X2,draw,,3.9,0.3034,0.2564,8.25,win,2.9,0.364,pinnacle
ligue1,2023,2023-10-08,Toulouse @ Brest,1X2,toulouse,,5.25,0.2604,0.1905,16.52,lose,-1.0,0.364,pinnacle
ligue1,2023,2023-10-08,Toulouse @ Brest,TOTAL,under,2.5,1.89,0.6391,0.5291,9.36,win,0.8899999999999999,0.364,pinnacle
ligue1,2023,2023-10-08,Lorient @ Lyon,TOTAL,under,2.5,2.2,0.5062,0.4545,5.11,lose,-1.0,0.364,pinnacle
ligue1,2023,2023-10-08,Lille @ Lens,1X2,lille,,3.07,0.4274,0.3257,14.05,lose,-1.0,0.364,pinnacle
ligue1,2023,2023-10-08,Paris SG @ Rennes,1X2,rennes,,4.21,0.3827,0.2375,27.5,lose,-1.0,0.364,pinnacle
ligue1,2023,2023-10-08,Paris SG @ Rennes,1X2,draw,,4.0,0.2742,0.25,4.36,lose,-1.0,0.364,pinnacle
ligue1,2023,2023-10-08,Paris SG @ Rennes,TOTAL,under,2.5,2.11,0.5104,0.4739,3.46,lose,-1.0,0.364,pinnacle
ligue1,2023,2023-10-20,Lens @ Le Havre,TOTAL,over,2.5,2.17,0.4978,0.4608,3.61,lose,-1.0,0.334,pinnacle
ligue1,2023,2023-10-21,Marseille @ Nice,1X2,nice,,2.37,0.4967,0.4219,7.97,win,1.37,0.364,pinnacle
ligue1,2023,2023-10-22,Rennes @ Lorient,1X2,lorient,,4.29,0.3414,0.2331,20.91,win,3.29,0.364,pinnacle
ligue1,2023,2023-10-22,Rennes @ Lorient,TOTAL,over,2.5,1.82,0.6615,0.5495,9.18,win,0.8200000000000001,0.364,pinnacle
ligue1,2023,2023-10-22,Brest @ Lille,1X2,draw,,3.55,0.305,0.2817,3.72,lose,-1.0,0.364,pinnacle
ligue1,2023,2023-10-22,Brest @ Lille,1X2,brest,,4.61,0.3148,0.2169,20.31,lose,-1.0,0.364,pinnacle
ligue1,2023,2023-10-22,Brest @ Lille,TOTAL,under,2.5,1.91,0.6265,0.5236,8.85,win,0.9099999999999999,0.364,pinnacle
ligue1,2023,2023-10-22,Montpellier @ Nantes,1X2,nantes,,3.16,0.3996,0.3165,11.82,win,2.16,0.364,pinnacle
ligue1,2023,2023-10-22,Montpellier @ Nantes,TOTAL,over,2.5,1.77,0.6471,0.565,6.54,lose,-1.0,0.364,pinnacle
ligue1,2023,2023-10-22,Reims @ Toulouse,1X2,toulouse,,2.73,0.4147,0.3663,5.94,lose,-1.0,0.334,pinnacle
ligue1,2023,2023-10-22,Clermont @ Lyon,1X2,clermont foot,,4.28,0.3114,0.2336,14.97,win,3.2800000000000002,0.364,pinnacle
ligue1,2023,2023-10-22,Clermont @ Lyon,TOTAL,under,2.5,2.14,0.5779,0.4673,10.65,lose,-1.0,0.364,pinnacle
ligue1,2023,2023-10-27,Nice @ Clermont,1X2,nice,,2.21,0.4866,0.4525,3.39,win,1.21,0.364,pinnacle
ligue1,2023,2023-10-28,Lorient @ Reims,TOTAL,over,2.5,1.73,0.6877,0.578,8.54,lose,-1.0,0.364,pinnacle
ligue1,2023,2023-10-28,Nantes @ Lens,1X2,draw,,4.23,0.2629,0.2364,5.04,lose,-1.0,0.364,pinnacle
ligue1,2023,2023-10-29,Paris SG @ Brest,1X2,brest,,5.51,0.2659,0.1815,20.94,lose,-1.0,0.364,pinnacle
ligue1,2023,2023-10-29,Paris SG @ Brest,1X2,draw,,4.4,0.3052,0.2273,15.42,lose,-1.0,0.364,pinnacle
ligue1,2023,2023-10-29,Monaco @ Lille,1X2,monaco,,2.79,0.387,0.3584,3.58,lose,-1.0,0.364,pinnacle
ligue1,2023,2023-10-29,Toulouse @ Montpellier,1X2,toulouse,,4.24,0.2807,0.2358,8.55,lose,-1.0,0.334,pinnacle
ligue1,2023,2023-10-29,Toulouse @ Montpellier,TOTAL,under,2.5,2.1,0.5294,0.4762,5.03,lose,-1.0,0.334,pinnacle
ligue1,2023,2023-11-04,Lens @ Lorient,TOTAL,over,2.5,1.89,0.5684,0.5291,3.34,lose,-1.0,0.364,pinnacle
ligue1,2023,2023-11-04,Lille @ Marseille,1X2,lille,,4.17,0.3247,0.2398,15.94,lose,-1.0,0.364,pinnacle
ligue1,2023,2023-11-04,Lille @ Marseille,TOTAL,under,2.5,2.01,0.562,0.4975,5.83,win,1.0099999999999998,0.364,pinnacle
ligue1,2023,2023-11-05,Metz @ Lyon,1X2,draw,,3.94,0.2906,0.2538,6.52,win,2.94,0.364,pinnacle
ligue1,2023,2023-11-05,Metz @ Lyon,1X2,metz,,5.61,0.2928,0.1783,28.91,lose,-1.0,0.364,pinnacle
ligue1,2023,2023-11-05,Metz @ Lyon,TOTAL,under,2.5,2.13,0.5841,0.4695,10.98,win,1.13,0.364,pinnacle
ligue1,2023,2023-11-05,Reims @ Nantes,1X2,nantes,,2.93,0.3971,0.3413,7.36,lose,-1.0,0.364,pinnacle
ligue1,2023,2023-11-05,Clermont @ Strasbourg,1X2,strasbourg,,2.33,0.4667,0.4292,3.93,lose,-1.0,0.364,pinnacle
ligue1,2023,2023-11-05,Le Havre @ Toulouse,TOTAL,under,2.5,1.78,0.616,0.5618,4.34,lose,-1.0,0.334,pinnacle
ligue1,2023,2023-11-05,Rennes @ Nice,1X2,nice,,2.15,0.5427,0.4651,7.51,win,1.15,0.364,pinnacle
ligue1,2023,2023-11-05,Rennes @ Nice,TOTAL,under,2.5,1.78,0.6798,0.5618,9.46,win,0.78,0.364,pinnacle
ligue1,2023,2023-11-10,Nice @ Montpellier,1X2,draw,,3.36,0.3281,0.2976,4.61,win,2.36,0.364,pinnacle
ligue1,2023,2023-11-11,Paris SG @ Reims,1X2,reims,,4.98,0.3098,0.2008,24.42,lose,-1.0,0.364,pinnacle
ligue1,2023,2023-11-11,Paris SG @ Reims,1X2,draw,,4.35,0.2659,0.2299,7.06,lose,-1.0,0.364,pinnacle
ligue1,2023,2023-11-11,Paris SG @ Reims,TOTAL,under,2.5,2.38,0.4849,0.4202,6.93,lose,-1.0,0.364,pinnacle
ligue1,2023,2023-11-11,Monaco @ Le Havre,1X2,le havre,,4.8,0.3294,0.2083,26.14,lose,-1.0,0.334,pinnacle
ligue1,2023,2023-11-12,Lorient @ Clermont,1X2,lorient,,3.42,0.3342,0.2924,6.43,lose,-1.0,0.364,pinnacle
ligue1,2023,2023-11-12,Toulouse @ Lille,1X2,draw,,4.31,0.2693,0.232,7.24,win,3.3099999999999996,0.364,pinnacle
ligue1,2023,2023-11-12,Toulouse @ Lille,TOTAL,under,2.5,2.07,0.5916,0.4831,10.11,win,1.0699999999999998,0.364,pinnacle
ligue1,2023,2023-11-12,Nantes @ Metz,1X2,metz,,3.47,0.3801,0.2882,14.36,win,2.47,0.364,pinnacle
ligue1,2023,2023-11-12,Lyon @ Rennes,1X2,rennes,,1.88,0.6368,0.5319,8.87,lose,-1.0,0.364,pinnacle
ligue1,2023,2023-11-12,Marseille @ Lens,TOTAL,under,2.5,2.01,0.6015,0.4975,9.4,win,1.0099999999999998,0.364,pinnacle
ligue1,2023,2023-11-25,Lens @ Clermont,1X2,clermont foot,,4.03,0.3353,0.2481,15.8,lose,-1.0,0.364,pinnacle
ligue1,2023,2023-11-25,Lens @ Clermont,1X2,draw,,3.51,0.3297,0.2849,7.07,lose,-1.0,0.364,pinnacle
ligue1,2023,2023-11-25,Marseille @ Strasbourg,1X2,strasbourg,,4.28,0.363,0.2336,24.92,lose,-1.0,0.364,pinnacle
ligue1,2023,2023-11-25,Marseille @ Strasbourg,1X2,draw,,3.67,0.313,0.2725,6.69,win,2.67,0.364,pinnacle
ligue1,2023,2023-11-25,Marseille @ Strasbourg,TOTAL,under,2.5,1.81,0.6504,0.5525,7.97,win,0.81,0.364,pinnacle
ligue1,2023,2023-11-26,Toulouse @ Nice,1X2,draw,,4.29,0.2907,0.2331,11.13,lose,-1.0,0.364,pinnacle
ligue1,2023,2023-11-26,Metz @ Lorient,TOTAL,over,2.5,2.17,0.5178,0.4608,5.56,win,1.17,0.364,pinnacle
ligue1,2023,2023-11-26,Brest @ Montpellier,1X2,montpellier,,2.34,0.4882,0.4274,6.41,lose,-1.0,0.364,pinnacle
ligue1,2023,2023-11-26,Brest @ Montpellier,TOTAL,under,2.5,1.91,0.5709,0.5236,4.07,lose,-1.0,0.364,pinnacle
ligue1,2023,2023-11-26,Le Havre @ Nantes,1X2,le havre,,4.35,0.3122,0.2299,16.12,lose,-1.0,0.334,pinnacle
ligue1,2023,2023-11-26,Lille @ Lyon,1X2,lille,,2.4,0.4499,0.4167,3.59,win,1.4,0.364,pinnacle
ligue1,2023,2023-11-26,Lille @ Lyon,TOTAL,under,2.5,1.93,0.6265,0.5181,9.41,win,0.9299999999999999,0.364,pinnacle
ligue1,2023,2023-11-29,Clermont @ Montpellier,TOTAL,under,2.5,1.91,0.5994,0.5236,6.52,win,0.9099999999999999,0.364,pinnacle
ligue1,2023,2023-12-01,Strasbourg @ Reims,TOTAL,under,2.5,2.03,0.5487,0.4926,5.13,lose,-1.0,0.364,pinnacle
ligue1,2023,2023-12-02,Lyon @ Lens,1X2,lens,,1.76,0.6229,0.5682,4.34,win,0.76,0.364,pinnacle
ligue1,2023,2023-12-02,Lyon @ Lens,TOTAL,under,2.5,2.11,0.5689,0.4739,9.02,lose,-1.0,0.364,pinnacle
ligue1,2023,2023-12-02,Nice @ Nantes,TOTAL,under,2.5,1.71,0.689,0.5848,8.02,win,0.71,0.364,pinnacle
ligue1,2023,2023-12-03,Paris SG @ Le Havre,1X2,draw,,5.58,0.2633,0.1792,21.11,lose,-1.0,0.334,pinnacle
ligue1,2023,2023-12-03,Clermont @ Brest,TOTAL,under,2.5,1.87,0.6331,0.5348,8.28,lose,-1.0,0.364,pinnacle
ligue1,2023,2023-12-03,Lorient @ Toulouse,1X2,lorient,,4.1,0.2691,0.2439,4.65,lose,-1.0,0.334,pinnacle
ligue1,2023,2023-12-03,Metz @ Lille,1X2,draw,,4.78,0.251,0.2092,8.99,lose,-1.0,0.364,pinnacle
ligue1,2023,2023-12-03,Metz @ Lille,TOTAL,under,2.5,2.13,0.5595,0.4695,8.63,win,1.13,0.364,pinnacle
ligue1,2023,2023-12-03,Rennes @ Marseille,1X2,draw,,3.84,0.2833,0.2604,3.95,lose,-1.0,0.364,pinnacle
ligue1,2023,2023-12-03,Rennes @ Marseille,1X2,rennes,,3.97,0.3118,0.2519,10.7,lose,-1.0,0.364,pinnacle
ligue1,2023,2023-12-03,Rennes @ Marseille,TOTAL,under,2.5,2.04,0.5518,0.4902,5.65,win,1.04,0.364,pinnacle
ligue1,2023,2023-12-06,Lyon @ Marseille,1X2,marseille,,1.98,0.5828,0.5051,6.93,win,0.98,0.364,pinnacle
ligue1,2023,2023-12-06,Lyon @ Marseille,TOTAL,under,2.5,2.07,0.5772,0.4831,8.77,lose,-1.0,0.364,pinnacle
ligue1,2023,2023-12-07,Strasbourg @ Brest,1X2,brest,,1.9,0.577,0.5263,4.33,lose,-1.0,0.364,pinnacle
ligue1,2023,2023-12-08,Lens @ Montpellier,1X2,montpellier,,3.69,0.3726,0.271,16.87,lose,-1.0,0.364,pinnacle
ligue1,2023,2023-12-09,Monaco @ Rennes,1X2,rennes,,2.86,0.3821,0.3497,4.18,lose,-1.0,0.364,pinnacle
ligue1,2023,2023-12-09,Monaco @ Rennes,TOTAL,over,2.5,1.7,0.6295,0.5882,3.16,win,0.7,0.364,pinnacle
ligue1,2023,2023-12-10,Reims @ Nice,1X2,nice,,1.99,0.543,0.5025,3.62,win,0.99,0.364,pinnacle
ligue1,2023,2023-12-10,Lille @ Clermont,1X2,draw,,3.59,0.3087,0.2786,4.87,win,2.59,0.364,pinnacle
ligue1,2023,2023-12-10,Brest @ Metz,1X2,metz,,3.69,0.3945,0.271,20.51,lose,-1.0,0.364,pinnacle
ligue1,2023,2023-12-10,Brest @ Metz,TOTAL,under,2.5,1.7,0.6377,0.5882,3.78,win,0.7,0.364,pinnacle
ligue1,2023,2023-12-10,Le Havre @ Strasbourg,1X2,draw,,3.14,0.3471,0.3185,4.05,lose,-1.0,0.334,pinnacle
ligue1,2023,2023-12-10,Le Havre @ Strasbourg,1X2,le havre,,3.43,0.3192,0.2915,4.27,lose,-1.0,0.334,pinnacle
ligue1,2023,2023-12-10,Le Havre @ Strasbourg,TOTAL,under,2.5,1.63,0.7422,0.6135,9.44,lose,-1.0,0.334,pinnacle
ligue1,2023,2023-12-10,Toulouse @ Lyon,1X2,draw,,4.1,0.2973,0.2439,9.84,lose,-1.0,0.364,pinnacle
ligue1,2023,2023-12-10,Toulouse @ Lyon,TOTAL,under,2.5,2.09,0.5989,0.4785,11.33,lose,-1.0,0.364,pinnacle
ligue1,2023,2023-12-10,Marseille @ Lorient,1X2,draw,,3.81,0.2855,0.2625,3.95,lose,-1.0,0.364,pinnacle
ligue1,2023,2023-12-10,Marseille @ Lorient,TOTAL,under,2.5,1.93,0.5543,0.5181,3.14,lose,-1.0,0.364,pinnacle
ligue1,2023,2023-12-15,Lyon @ Monaco,TOTAL,over,2.5,1.6,0.6986,0.625,5.3,lose,-1.0,0.364,pinnacle
ligue1,2023,2023-12-16,Nice @ Le Havre,1X2,draw,,3.04,0.3802,0.3289,7.01,lose,-1.0,0.334,pinnacle
ligue1,2023,2023-12-16,Reims @ Lens,1X2,lens,,2.41,0.5087,0.4149,10.17,win,1.4100000000000001,0.364,pinnacle
ligue1,2023,2023-12-16,Reims @ Lens,TOTAL,under,2.5,2.05,0.5315,0.4878,4.03,win,1.0499999999999998,0.364,pinnacle
ligue1,2023,2023-12-17,Strasbourg @ Lorient,1X2,lorient,,2.44,0.4718,0.4098,6.8,lose,-1.0,0.364,pinnacle
ligue1,2023,2023-12-17,Strasbourg @ Lorient,TOTAL,over,2.5,2.18,0.5149,0.4587,5.51,win,1.1800000000000002,0.364,pinnacle
ligue1,2023,2023-12-17,Montpellier @ Metz,1X2,metz,,3.31,0.4007,0.3021,14.68,lose,-1.0,0.364,pinnacle
ligue1,2023,2023-12-17,Rennes @ Toulouse,1X2,toulouse,,3.43,0.3832,0.2915,14.15,lose,-1.0,0.364,pinnacle
ligue1,2023,2023-12-17,Rennes @ Toulouse,TOTAL,under,2.5,2.02,0.5513,0.495,5.12,win,1.02,0.364,pinnacle
ligue1,2023,2023-12-17,Clermont @ Marseille,TOTAL,under,2.5,2.09,0.5826,0.4785,9.8,lose,-1.0,0.364,pinnacle
ligue1,2023,2023-12-17,Paris SG @ Lille,1X2,lille,,3.94,0.3114,0.2538,10.21,lose,-1.0,0.364,pinnacle
ligue1,2023,2023-12-17,Paris SG @ Lille,1X2,draw,,3.96,0.3,0.2525,8.45,win,2.96,0.364,pinnacle
ligue1,2023,2023-12-20,Lorient @ Brest,1X2,brest,,1.74,0.6351,0.5747,4.73,win,0.74,0.364,pinnacle
ligue1,2023,2023-12-20,Nantes @ Lyon,1X2,nantes,,4.24,0.2913,0.2358,10.58,lose,-1.0,0.364,pinnacle
ligue1,2023,2023-12-20,Nantes @ Lyon,TOTAL,under,2.5,2.12,0.5194,0.4717,4.55,win,1.12,0.364,pinnacle
ligue1,2023,2023-12-20,Marseille @ Montpellier,1X2,montpellier,,4.05,0.3376,0.2469,16.53,lose,-1.0,0.364,pinnacle
ligue1,2023,2023-12-20,Marseille @ Montpellier,1X2,draw,,3.66,0.3076,0.2732,5.66,win,2.66,0.364,pinnacle
ligue1,2023,2023-12-20,Lens @ Nice,1X2,draw,,3.22,0.3493,0.3106,5.61,lose,-1.0,0.364,pinnacle
ligue1,2023,2023-12-20,Le Havre @ Reims,1X2,draw,,3.82,0.284,0.2618,3.82,lose,-1.0,0.334,pinnacle
ligue1,2023,2023-12-20,Le Havre @ Reims,1X2,le havre,,4.92,0.2665,0.2033,14.0,lose,-1.0,0.334,pinnacle
ligue1,2023,2023-12-20,Le Havre @ Reims,TOTAL,under,2.5,1.91,0.573,0.5236,4.25,win,0.9099999999999999,0.334,pinnacle
ligue1,2023,2023-12-20,Lille @ Strasbourg,1X2,draw,,3.52,0.3495,0.2841,10.36,lose,-1.0,0.364,pinnacle
ligue1,2023,2023-12-20,Monaco @ Toulouse,TOTAL,under,2.5,2.27,0.5206,0.4405,8.18,lose,-1.0,0.334,pinnacle
ligue1,2023,2024-01-13,Nice @ Rennes,1X2,draw,,3.21,0.3432,0.3115,4.58,lose,-1.0,0.364,pinnacle
ligue1,2023,2024-01-13,Nice @ Rennes,1X2,nice,,3.21,0.3896,0.3115,11.28,lose,-1.0,0.364,pinnacle
ligue1,2023,2024-01-14,Lorient @ Lille,1X2,draw,,5.8,0.2095,0.1724,9.67,lose,-1.0,0.364,pinnacle
ligue1,2023,2024-01-14,Montpellier @ Brest,TOTAL,under,2.5,1.9,0.5791,0.5263,4.51,win,0.8999999999999999,0.364,pinnacle
ligue1,2023,2024-01-14,Toulouse @ Metz,1X2,metz,,3.0,0.4202,0.3333,11.72,lose,-1.0,0.334,pinnacle
ligue1,2023,2024-01-14,Lyon @ Le Havre,TOTAL,under,2.5,1.76,0.6239,0.5682,4.41,lose,-1.0,0.334,pinnacle
ligue1,2023,2024-01-14,Paris SG @ Lens,TOTAL,under,2.5,2.39,0.5269,0.4184,11.67,win,1.3900000000000001,0.364,pinnacle
ligue1,2023,2024-01-26,Rennes @ Lyon,1X2,rennes,,2.83,0.4169,0.3534,8.09,win,1.83,0.364,pinnacle
ligue1,2023,2024-01-27,Metz @ Nice,1X2,draw,,4.25,0.2671,0.2353,6.08,lose,-1.0,0.364,pinnacle
ligue1,2023,2024-01-27,Metz @ Nice,TOTAL,under,2.5,1.77,0.6889,0.565,9.87,win,0.77,0.364,pinnacle
ligue1,2023,2024-01-27,Monaco @ Marseille,1X2,marseille,,2.38,0.4774,0.4202,6.13,lose,-1.0,0.364,pinnacle
ligue1,2023,2024-01-28,Lille @ Montpellier,1X2,draw,,3.47,0.3189,0.2882,4.79,win,2.47,0.364,pinnacle
ligue1,2023,2024-01-28,Strasbourg @ Clermont,TOTAL,under,2.5,1.68,0.6595,0.5952,4.86,win,0.6799999999999999,0.364,pinnacle
ligue1,2023,2024-01-28,Le Havre @ Lorient,1X2,lorient,,3.25,0.3412,0.3077,4.9,lose,-1.0,0.334,pinnacle
ligue1,2023,2024-01-28,Nantes @ Reims,1X2,reims,,1.98,0.5811,0.5051,6.78,lose,-1.0,0.364,pinnacle
ligue1,2023,2024-01-28,Lens @ Toulouse,1X2,toulouse,,3.71,0.3334,0.2695,10.66,lose,-1.0,0.334,pinnacle
ligue1,2023,2024-01-28,Lens @ Toulouse,1X2,draw,,3.6,0.3213,0.2778,7.05,lose,-1.0,0.334,pinnacle
ligue1,2023,2024-01-28,Brest @ Paris SG,1X2,draw,,4.96,0.2384,0.2016,8.2,win,3.96,0.364,pinnacle
ligue1,2023,2024-01-28,Brest @ Paris SG,TOTAL,under,2.5,2.48,0.5115,0.4032,12.08,lose,-1.0,0.364,pinnacle
ligue1,2023,2024-02-03,Montpellier @ Rennes,1X2,draw,,4.26,0.2643,0.2347,5.67,lose,-1.0,0.364,pinnacle
ligue1,2023,2024-02-03,Montpellier @ Rennes,TOTAL,under,2.5,1.98,0.5455,0.5051,3.6,lose,-1.0,0.364,pinnacle
ligue1,2023,2024-02-03,Lens @ Nantes,1X2,nantes,,3.73,0.3066,0.2681,6.46,lose,-1.0,0.364,pinnacle
ligue1,2023,2024-02-03,Lens @ Nantes,TOTAL,under,2.5,1.83,0.5978,0.5464,4.23,win,0.8300000000000001,0.364,pinnacle
ligue1,2023,2024-02-04,Le Havre @ Monaco,1X2,le havre,,6.0,0.2099,0.1667,11.66,lose,-1.0,0.334,pinnacle
ligue1,2023,2024-02-04,Clermont @ Lille,1X2,draw,,4.75,0.2467,0.2105,7.73,lose,-1.0,0.364,pinnacle
ligue1,2023,2024-02-04,Lorient @ Metz,1X2,lorient,,4.24,0.2973,0.2358,11.72,win,3.24,0.364,pinnacle
ligue1,2023,2024-02-04,Toulouse @ Reims,TOTAL,under,2.5,1.92,0.5819,0.5208,5.28,lose,-1.0,0.364,pinnacle
ligue1,2023,2024-02-04,Nice @ Brest,1X2,brest,,2.98,0.3644,0.3356,3.87,lose,-1.0,0.364,pinnacle
ligue1,2023,2024-02-04,Marseille @ Lyon,1X2,marseille,,2.58,0.47,0.3876,9.57,lose,-1.0,0.364,pinnacle
ligue1,2023,2024-02-10,Strasbourg @ Lens,1X2,draw,,3.92,0.2835,0.2551,5.0,lose,-1.0,0.364,pinnacle
ligue1,2023,2024-02-10,Strasbourg @ Lens,TOTAL,under,2.5,1.86,0.6276,0.5376,7.53,lose,-1.0,0.364,pinnacle
ligue1,2023,2024-02-10,Lille @ Paris SG,TOTAL,under,2.5,2.19,0.5753,0.4566,11.7,lose,-1.0,0.364,pinnacle
ligue1,2023,2024-02-11,Brest @ Clermont,1X2,brest,,2.14,0.5412,0.4673,7.12,lose,-1.0,0.364,pinnacle
ligue1,2023,2024-02-11,Brest @ Clermont,TOTAL,under,2.5,1.72,0.6429,0.5814,4.76,win,0.72,0.364,pinnacle
ligue1,2023,2024-02-11,Reims @ Lorient,1X2,lorient,,4.18,0.363,0.2392,23.28,win,3.1799999999999997,0.364,pinnacle
ligue1,2023,2024-02-11,Reims @ Lorient,TOTAL,over,2.5,1.97,0.6196,0.5076,9.93,lose,-1.0,0.364,pinnacle
ligue1,2023,2024-02-11,Lyon @ Montpellier,1X2,montpellier,,2.8,0.5048,0.3571,18.6,lose,-1.0,0.364,pinnacle
ligue1,2023,2024-02-11,Lyon @ Montpellier,TOTAL,under,2.5,1.87,0.5734,0.5348,3.25,lose,-1.0,0.364,pinnacle
ligue1,2023,2024-02-11,Monaco @ Nice,1X2,nice,,2.43,0.5009,0.4115,9.77,lose,-1.0,0.364,pinnacle
ligue1,2023,2024-02-11,Monaco @ Nice,TOTAL,under,2.5,1.85,0.6626,0.5405,10.16,lose,-1.0,0.364,pinnacle
ligue1,2023,2024-02-16,Nice @ Lyon,1X2,nice,,2.73,0.4442,0.3663,9.56,lose,-1.0,0.364,pinnacle
ligue1,2023,2024-02-16,Nice @ Lyon,TOTAL,under,2.5,1.67,0.7109,0.5988,8.42,win,0.6699999999999999,0.364,pinnacle
ligue1,2023,2024-02-17,Le Havre @ Lille,1X2,draw,,4.27,0.2755,0.2342,7.94,lose,-1.0,0.334,pinnacle
ligue1,2023,2024-02-17,Le Havre @ Lille,TOTAL,under,2.5,1.78,0.6336,0.5618,5.75,lose,-1.0,0.334,pinnacle
ligue1,2023,2024-02-18,Lorient @ Strasbourg,1X2,lorient,,5.3,0.2582,0.1887,16.58,win,4.3,0.364,pinnacle
ligue1,2023,2024-02-18,Lorient @ Strasbourg,TOTAL,over,2.5,1.99,0.5702,0.5025,6.06,win,0.99,0.364,pinnacle
ligue1,2023,2024-02-18,Metz @ Montpellier,1X2,draw,,3.89,0.2866,0.2571,5.17,lose,-1.0,0.364,pinnacle
ligue1,2023,2024-02-18,Metz @ Montpellier,1X2,metz,,5.72,0.2152,0.1748,10.39,lose,-1.0,0.364,pinnacle
ligue1,2023,2024-02-18,Lens @ Reims,1X2,lens,,3.59,0.3553,0.2786,12.4,lose,-1.0,0.364,pinnacle
ligue1,2023,2024-02-18,Lens @ Reims,TOTAL,under,2.5,1.87,0.5831,0.5348,4.07,win,0.8700000000000001,0.364,pinnacle
ligue1,2023,2024-02-18,Marseille @ Brest,1X2,brest,,2.49,0.4988,0.4016,10.89,win,1.4900000000000002,0.364,pinnacle
ligue1,2023,2024-02-23,Lyon @ Metz,1X2,metz,,4.3,0.3788,0.2326,28.3,lose,-1.0,0.364,pinnacle
ligue1,2023,2024-02-24,Brest @ Strasbourg,1X2,brest,,2.85,0.4638,0.3509,14.48,win,1.85,0.364,pinnacle
ligue1,2023,2024-02-25,Reims @ Le Havre,1X2,le havre,,3.4,0.4059,0.2941,17.1,lose,-1.0,0.334,pinnacle
ligue1,2023,2024-02-25,Clermont @ Nice,1X2,draw,,4.54,0.2721,0.2203,10.58,win,3.54,0.364,pinnacle
ligue1,2023,2024-02-25,Lille @ Toulouse,TOTAL,under,2.5,1.89,0.6491,0.5291,10.2,lose,-1.0,0.364,pinnacle
ligue1,2023,2024-02-25,Montpellier @ Marseille,1X2,draw,,4.03,0.28,0.2481,5.78,lose,-1.0,0.364,pinnacle
ligue1,2023,2024-02-25,Montpellier @ Marseille,1X2,montpellier,,5.14,0.2204,0.1946,5.98,lose,-1.0,0.364,pinnacle
ligue1,2023,2024-02-25,Montpellier @ Marseille,TOTAL,under,2.5,2.05,0.5911,0.4878,9.53,lose,-1.0,0.364,pinnacle
ligue1,2023,2024-03-02,Lille @ Reims,TOTAL,under,2.5,1.93,0.5814,0.5181,5.49,win,0.9299999999999999,0.364,pinnacle
ligue1,2023,2024-03-02,Marseille @ Clermont,1X2,clermont foot,,5.51,0.2078,0.1815,6.52,lose,-1.0,0.364,pinnacle
ligue1,2023,2024-03-02,Marseille @ Clermont,1X2,draw,,4.16,0.2825,0.2404,7.88,lose,-1.0,0.364,pinnacle
ligue1,2023,2024-03-02,Marseille @ Clermont,TOTAL,under,2.5,1.99,0.6101,0.5025,9.63,lose,-1.0,0.364,pinnacle
ligue1,2023,2024-03-03,Nice @ Toulouse,1X2,draw,,3.25,0.3551,0.3077,6.93,lose,-1.0,0.364,pinnacle
ligue1,2023,2024-03-03,Le Havre @ Brest,TOTAL,under,2.5,1.79,0.5997,0.5587,3.31,win,0.79,0.334,pinnacle
ligue1,2023,2024-03-03,Strasbourg @ Montpellier,TOTAL,under,2.5,1.9,0.5632,0.5263,3.15,lose,-1.0,0.364,pinnacle
ligue1,2023,2024-03-03,Metz @ Nantes,1X2,metz,,4.89,0.2339,0.2045,6.47,win,3.8899999999999997,0.364,pinnacle
ligue1,2023,2024-03-03,Lorient @ Rennes,TOTAL,over,2.5,1.83,0.65,0.5464,8.53,win,0.8300000000000001,0.364,pinnacle
ligue1,2023,2024-03-03,Lens @ Lyon,1X2,lens,,2.85,0.4129,0.3509,7.95,win,1.85,0.364,pinnacle
ligue1,2023,2024-03-03,Lens @ Lyon,TOTAL,under,2.5,1.93,0.5727,0.5181,4.74,lose,-1.0,0.364,pinnacle
ligue1,2023,2024-03-08,Montpellier @ Nice,1X2,draw,,3.92,0.3176,0.2551,11.02,lose,-1.0,0.364,pinnacle
ligue1,2023,2024-03-09,Lyon @ Lorient,TOTAL,over,2.5,1.97,0.5961,0.5076,7.85,lose,-1.0,0.364,pinnacle
ligue1,2023,2024-03-09,Brest @ Lens,1X2,brest,,3.74,0.3592,0.2674,15.45,lose,-1.0,0.364,pinnacle
ligue1,2023,2024-03-09,Brest @ Lens,TOTAL,under,2.5,1.71,0.6753,0.5848,6.96,win,0.71,0.364,pinnacle
ligue1,2023,2024-03-10,Toulouse @ Le Havre,1X2,le havre,,2.98,0.3922,0.3356,7.59,win,1.98,0.334,pinnacle
ligue1,2023,2024-03-10,Clermont @ Metz,TOTAL,under,2.5,1.75,0.627,0.5714,4.37,win,0.75,0.334,pinnacle
ligue1,2023,2024-03-10,Rennes @ Lille,TOTAL,under,2.5,1.88,0.5714,0.5319,3.34,lose,-1.0,0.364,pinnacle
ligue1,2023,2024-03-15,Lyon @ Toulouse,1X2,toulouse,,2.85,0.4569,0.3509,13.6,lose,-1.0,0.364,pinnacle
ligue1,2023,2024-03-16,Strasbourg @ Nantes,1X2,strasbourg,,3.87,0.3109,0.2584,9.14,win,2.87,0.364,pinnacle
ligue1,2023,2024-03-16,Nice @ Lens,1X2,draw,,3.46,0.351,0.289,9.65,lose,-1.0,0.364,pinnacle
ligue1,2023,2024-03-17,Lille @ Brest,1X2,brest,,2.59,0.4144,0.3861,3.3,lose,-1.0,0.364,pinnacle
ligue1,2023,2024-03-17,Lille @ Brest,TOTAL,under,2.5,1.62,0.6952,0.6173,5.68,win,0.6200000000000001,0.364,pinnacle
ligue1,2023,2024-03-17,Le Havre @ Clermont,1X2,le havre,,2.82,0.4277,0.3546,9.27,lose,-1.0,0.334,pinnacle
ligue1,2023,2024-03-17,Le Havre @ Clermont,TOTAL,under,2.5,1.65,0.6676,0.6061,4.57,lose,-1.0,0.334,pinnacle
ligue1,2023,2024-03-17,Paris SG @ Montpellier,1X2,draw,,5.27,0.2242,0.1898,8.16,lose,-1.0,0.364,pinnacle
ligue1,2023,2024-03-29,Lens @ Lille,TOTAL,under,2.5,1.77,0.6654,0.565,8.0,lose,-1.0,0.364,pinnacle
ligue1,2023,2024-03-30,Monaco @ Metz,1X2,metz,,5.53,0.2368,0.1808,13.93,lose,-1.0,0.364,pinnacle
ligue1,2023,2024-03-30,Reims @ Lyon,1X2,reims,,3.64,0.3693,0.2747,15.49,lose,-1.0,0.364,pinnacle
ligue1,2023,2024-03-31,Brest @ Lorient,1X2,brest,,2.11,0.5405,0.4739,6.32,win,1.1099999999999999,0.364,pinnacle
ligue1,2023,2024-03-31,Brest @ Lorient,TOTAL,over,2.5,2.27,0.4824,0.4405,4.28,lose,-1.0,0.364,pinnacle
ligue1,2023,2024-03-31,Toulouse @ Clermont,1X2,clermont foot,,3.97,0.2745,0.2519,4.04,lose,-1.0,0.334,pinnacle
ligue1,2023,2024-03-31,Toulouse @ Clermont,TOTAL,under,2.5,1.83,0.6147,0.5464,5.62,lose,-1.0,0.334,pinnacle
ligue1,2023,2024-03-31,Montpellier @ Le Havre,1X2,le havre,,2.92,0.4131,0.3425,9.28,lose,-1.0,0.334,pinnacle
ligue1,2023,2024-03-31,Nantes @ Nice,TOTAL,under,2.5,1.68,0.6864,0.5952,6.89,lose,-1.0,0.364,pinnacle
ligue1,2023,2024-04-05,Marseille @ Lille,1X2,marseille,,4.22,0.2648,0.237,5.29,lose,-1.0,0.364,pinnacle
ligue1,2023,2024-04-05,Marseille @ Lille,TOTAL,under,2.5,1.81,0.5906,0.5525,3.11,lose,-1.0,0.364,pinnacle
ligue1,2023,2024-04-06,Le Havre @ Lens,1X2,draw,,4.39,0.2825,0.2278,10.8,win,3.3899999999999997,0.334,pinnacle
ligue1,2023,2024-04-06,Le Havre @ Lens,TOTAL,under,2.5,1.88,0.6122,0.5319,6.8,win,0.8799999999999999,0.334,pinnacle
ligue1,2023,2024-04-07,Lorient @ Montpellier,1X2,lorient,,4.29,0.2846,0.2331,9.95,lose,-1.0,0.364,pinnacle
ligue1,2023,2024-04-07,Rennes @ Monaco,1X2,rennes,,4.12,0.2912,0.2427,8.99,lose,-1.0,0.364,pinnacle
ligue1,2023,2024-04-07,Lyon @ Nantes,1X2,nantes,,3.52,0.3591,0.2841,11.88,lose,-1.0,0.364,pinnacle
ligue1,2023,2024-04-12,Lens @ Metz,1X2,metz,,6.35,0.2356,0.1575,22.32,win,5.35,0.364,pinnacle
ligue1,2023,2024-04-12,Lens @ Metz,1X2,draw,,4.25,0.2704,0.2353,6.71,lose,-1.0,0.364,pinnacle
ligue1,2023,2024-04-13,Reims @ Strasbourg,1X2,reims,,2.98,0.3641,0.3356,3.82,lose,-1.0,0.364,pinnacle
ligue1,2023,2024-04-13,Toulouse @ Rennes,1X2,toulouse,,4.48,0.2494,0.2232,5.27,win,3.4800000000000004,0.364,pinnacle
ligue1,2023,2024-04-14,Nantes @ Le Havre,1X2,le havre,,2.48,0.4483,0.4032,5.03,lose,-1.0,0.334,pinnacle
ligue1,2023,2024-04-14,Montpellier @ Clermont,TOTAL,under,2.5,2.1,0.5747,0.4762,9.31,win,1.1,0.364,pinnacle
ligue1,2023,2024-04-19,Lorient @ Nice,1X2,draw,,4.29,0.2721,0.2331,7.52,lose,-1.0,0.364,pinnacle
ligue1,2023,2024-04-19,Lorient @ Nice,TOTAL,under,2.5,1.99,0.6054,0.5025,9.21,lose,-1.0,0.364,pinnacle
ligue1,2023,2024-04-20,Rennes @ Nantes,1X2,rennes,,2.45,0.4879,0.4082,8.79,win,1.4500000000000002,0.364,pinnacle
ligue1,2023,2024-04-20,Clermont @ Lens,1X2,draw,,5.11,0.2409,0.1957,10.4,lose,-1.0,0.364,pinnacle
ligue1,2023,2024-04-20,Clermont @ Lens,TOTAL,under,2.5,2.15,0.5741,0.4651,10.55,win,1.15,0.364,pinnacle
ligue1,2023,2024-04-21,Strasbourg @ Lille,TOTAL,under,2.5,1.94,0.558,0.5155,3.71,win,0.94,0.364,pinnacle
ligue1,2023,2024-04-21,Montpellier @ Reims,TOTAL,under,2.5,2.2,0.5094,0.4545,5.43,lose,-1.0,0.364,pinnacle
ligue1,2023,2024-04-21,Monaco @ Brest,1X2,brest,,2.7,0.4669,0.3704,11.73,lose,-1.0,0.364,pinnacle
ligue1,2023,2024-04-24,Nice @ Marseille,1X2,draw,,3.3,0.3498,0.303,6.95,win,2.3,0.364,pinnacle
ligue1,2023,2024-04-24,Nice @ Marseille,1X2,nice,,3.57,0.3849,0.2801,16.83,lose,-1.0,0.364,pinnacle
ligue1,2023,2024-04-24,Lille @ Monaco,TOTAL,under,2.5,2.18,0.5512,0.4587,9.07,win,1.1800000000000002,0.364,pinnacle
ligue1,2023,2024-04-26,Nantes @ Montpellier,1X2,montpellier,,2.07,0.5182,0.4831,3.27,lose,-1.0,0.364,pinnacle
ligue1,2023,2024-04-27,Le Havre @ Paris SG,1X2,draw,,5.86,0.1944,0.1706,6.26,win,4.86,0.334,pinnacle
ligue1,2023,2024-04-27,Le Havre @ Paris SG,TOTAL,under,2.5,2.33,0.4885,0.4292,6.22,lose,-1.0,0.334,pinnacle
ligue1,2023,2024-04-28,Lille @ Metz,1X2,metz,,5.54,0.2094,0.1805,7.2,lose,-1.0,0.364,pinnacle
ligue1,2023,2024-04-28,Lille @ Metz,1X2,draw,,3.99,0.2842,0.2506,6.03,lose,-1.0,0.364,pinnacle
ligue1,2023,2024-04-28,Lille @ Metz,TOTAL,under,2.5,1.93,0.614,0.5181,8.32,lose,-1.0,0.364,pinnacle
ligue1,2023,2024-04-28,Reims @ Clermont,1X2,draw,,3.8,0.2872,0.2632,4.1,lose,-1.0,0.364,pinnacle
ligue1,2023,2024-04-28,Reims @ Clermont,TOTAL,under,2.5,2.0,0.6023,0.5,9.21,lose,-1.0,0.364,pinnacle
ligue1,2023,2024-04-28,Toulouse @ Lorient,1X2,toulouse,,2.98,0.4292,0.3356,12.56,win,1.98,0.334,pinnacle
ligue1,2023,2024-04-28,Toulouse @ Lorient,TOTAL,over,2.5,2.04,0.5464,0.4902,5.16,win,1.04,0.334,pinnacle
ligue1,2023,2024-04-28,Nice @ Strasbourg,1X2,draw,,3.29,0.3278,0.304,3.54,lose,-1.0,0.364,pinnacle
ligue1,2023,2024-04-28,Brest @ Rennes,1X2,brest,,3.59,0.3671,0.2786,14.31,win,2.59,0.364,pinnacle
ligue1,2023,2024-04-28,Monaco @ Lyon,1X2,monaco,,2.94,0.4776,0.3401,18.19,lose,-1.0,0.364,pinnacle
ligue1,2023,2024-04-28,Lens @ Marseille,1X2,lens,,3.36,0.3449,0.2976,7.15,lose,-1.0,0.364,pinnacle
ligue1,2023,2024-04-28,Lens @ Marseille,TOTAL,under,2.5,1.93,0.5894,0.5181,6.19,lose,-1.0,0.364,pinnacle
ligue1,2023,2024-05-03,Montpellier @ Toulouse,1X2,montpellier,,3.65,0.3063,0.274,5.31,win,2.65,0.364,pinnacle
ligue1,2023,2024-05-03,Montpellier @ Toulouse,TOTAL,under,2.5,2.43,0.5371,0.4115,13.73,lose,-1.0,0.364,pinnacle
ligue1,2023,2024-05-03,Lorient @ Lens,1X2,draw,,4.98,0.23,0.2008,6.54,lose,-1.0,0.364,pinnacle
ligue1,2023,2024-05-04,Clermont @ Monaco,1X2,draw,,6.44,0.1904,0.1553,10.18,lose,-1.0,0.364,pinnacle
ligue1,2023,2024-05-04,Nantes @ Brest,1X2,brest,,1.74,0.6375,0.5747,4.92,lose,-1.0,0.364,pinnacle
ligue1,2023,2024-05-04,Nantes @ Brest,TOTAL,over,2.5,2.17,0.4989,0.4608,3.71,lose,-1.0,0.364,pinnacle
ligue1,2023,2024-05-06,Lyon @ Lille,1X2,lille,,2.11,0.5968,0.4739,11.66,lose,-1.0,0.364,pinnacle
ligue1,2023,2024-05-06,Lyon @ Lille,TOTAL,under,2.5,2.16,0.4957,0.463,3.18,lose,-1.0,0.364,pinnacle
ligue1,2023,2024-05-10,Reims @ Brest,TOTAL,under,2.5,2.15,0.509,0.4651,4.25,win,1.15,0.364,pinnacle
ligue1,2023,2024-05-10,Le Havre @ Nice,1X2,draw,,4.12,0.3098,0.2427,12.44,lose,-1.0,0.334,pinnacle
ligue1,2023,2024-05-10,Le Havre @ Nice,1X2,le havre,,6.46,0.1844,0.1548,8.6,lose,-1.0,0.334,pinnacle
ligue1,2023,2024-05-12,Lyon @ Clermont,1X2,clermont foot,,5.02,0.2733,0.1992,16.73,lose,-1.0,0.364,pinnacle
ligue1,2023,2024-05-12,Lyon @ Clermont,1X2,draw,,4.4,0.2603,0.2273,6.54,lose,-1.0,0.364,pinnacle
ligue1,2023,2024-05-12,Monaco @ Montpellier,1X2,montpellier,,4.28,0.2962,0.2336,12.06,lose,-1.0,0.364,pinnacle
ligue1,2023,2024-05-12,Monaco @ Montpellier,1X2,draw,,4.59,0.2445,0.2179,5.5,lose,-1.0,0.364,pinnacle
ligue1,2023,2024-05-15,Paris SG @ Nice,1X2,draw,,3.77,0.3057,0.2653,6.86,lose,-1.0,0.364,pinnacle
ligue1,2023,2024-05-15,Paris SG @ Nice,1X2,paris saint germain,,3.51,0.3962,0.2849,17.58,win,2.51,0.364,pinnacle
ligue1,2023,2024-05-15,Marseille @ Reims,1X2,reims,,4.11,0.3239,0.2433,14.9,win,3.1100000000000003,0.364,pinnacle
ligue1,2023,2024-05-15,Marseille @ Reims,1X2,draw,,4.02,0.2749,0.2488,4.72,lose,-1.0,0.364,pinnacle
ligue1,2023,2024-05-15,Marseille @ Reims,TOTAL,under,2.5,2.28,0.5165,0.4386,7.99,win,1.2799999999999998,0.364,pinnacle
ligue1,2023,2024-05-19,Marseille @ Le Havre,1X2,le havre,,4.48,0.3074,0.2232,16.97,lose,-1.0,0.334,pinnacle
ligue1,2023,2024-05-19,Marseille @ Le Havre,1X2,draw,,3.95,0.3003,0.2532,8.38,lose,-1.0,0.334,pinnacle
ligue1,2023,2024-05-19,Marseille @ Le Havre,TOTAL,under,2.5,2.03,0.6127,0.4926,10.97,lose,-1.0,0.334,pinnacle
ligue1,2023,2024-05-19,Montpellier @ Lens,1X2,draw,,6.06,0.2785,0.165,30.95,win,5.06,0.364,pinnacle
ligue1,2023,2024-05-19,Nice @ Lille,1X2,draw,,4.47,0.3327,0.2237,21.93,win,3.4699999999999998,0.364,pinnacle
ligue1,2023,2024-05-19,Clermont @ Lorient,1X2,draw,,4.49,0.2679,0.2227,9.13,lose,-1.0,0.364,pinnacle
ligue1,2023,2024-05-19,Clermont @ Lorient,1X2,clermont foot,,4.92,0.2767,0.2033,16.27,lose,-1.0,0.364,pinnacle
ligue1,2023,2024-05-19,Strasbourg @ Lyon,1X2,draw,,5.61,0.2556,0.1783,19.53,lose,-1.0,0.364,pinnacle
ligue1,2023,2024-05-19,Paris SG @ Metz,1X2,paris saint germain,,1.79,0.6942,0.5587,10.92,win,0.79,0.364,pinnacle
ligue1,2023,2024-05-19,Brest @ Toulouse,TOTAL,under,2.5,2.25,0.5571,0.4444,11.41,lose,-1.0,0.364,pinnacle
