comp,season,date,match,market,selection,line,price,model_prob,market_prob,ev,result,profit,confidence,odds_source,passed_filter
ligamx,2021,2021-08-28,Queretaro @ Puebla,1X2,puebla,,2.17,0.3609,0.4608,-9.76,win,1.17,0.34,market_avg,False
ligamx,2021,2021-08-28,Queretaro @ Puebla,1X2,draw,,3.13,0.3697,0.3195,7.07,lose,-1.0,0.34,market_avg,True
ligamx,2021,2021-08-28,Queretaro @ Puebla,1X2,queretaro,,3.49,0.2694,0.2865,-2.69,lose,-1.0,0.34,market_avg,False
ligamx,2021,2021-08-28,Monterrey @ Club Tijuana,1X2,tijuana,,3.97,0.1791,0.2519,-13.01,lose,-1.0,0.34,market_avg,False
ligamx,2021,2021-08-28,Monterrey @ Club Tijuana,1X2,draw,,3.28,0.2868,0.3049,-2.67,win,2.28,0.34,market_avg,False
ligamx,2021,2021-08-28,Monterrey @ Club Tijuana,1X2,monterrey,,1.96,0.5342,0.5102,2.11,lose,-1.0,0.34,market_avg,False
ligamx,2021,2021-08-28,Necaxa @ Guadalajara Chivas,1X2,guadalajara chivas,,2.01,0.3096,0.4975,-17.0,win,1.0099999999999998,0.34,market_avg,False
ligamx,2021,2021-08-28,Necaxa @ Guadalajara Chivas,1X2,draw,,3.25,0.3005,0.3077,-1.05,lose,-1.0,0.34,market_avg,False
ligamx,2021,2021-08-28,Necaxa @ Guadalajara Chivas,1X2,necaxa,,3.82,0.3899,0.2618,22.02,lose,-1.0,0.34,market_avg,True
ligamx,2021,2021-08-29,Atlas @ Tigres UANL,1X2,tigres uanl,,2.48,0.3108,0.4032,-10.31,lose,-1.0,0.34,market_avg,False
ligamx,2021,2021-08-29,Atlas @ Tigres UANL,1X2,draw,,2.96,0.3689,0.3378,4.14,win,1.96,0.34,market_avg,True
ligamx,2021,2021-08-29,Atlas @ Tigres UANL,1X2,atlas,,3.06,0.3202,0.3268,-0.9,lose,-1.0,0.34,market_avg,False
ligamx,2021,2021-08-29,Club America @ Club Leon,1X2,leon,,2.47,0.2261,0.4049,-19.87,lose,-1.0,0.34,market_avg,False
ligamx,2021,2021-08-29,Club America @ Club Leon,1X2,draw,,3.26,0.3201,0.3067,1.96,win,2.26,0.34,market_avg,False
ligamx,2021,2021-08-29,Club America @ Club Leon,1X2,america,,2.81,0.4538,0.3559,12.38,lose,-1.0,0.34,market_avg,True
ligamx,2021,2021-08-29,UNAM Pumas @ Toluca,1X2,toluca,,1.78,0.5478,0.5618,-1.12,win,0.78,0.34,market_avg,False
ligamx,2021,2021-08-29,UNAM Pumas @ Toluca,1X2,draw,,3.65,0.2623,0.274,-1.92,lose,-1.0,0.34,market_avg,False
ligamx,2021,2021-08-29,UNAM Pumas @ Toluca,1X2,unam pumas,,4.32,0.1899,0.2315,-8.08,lose,-1.0,0.34,market_avg,False
ligamx,2021,2021-08-30,Juarez @ Santos Laguna,1X2,santos laguna,,1.45,0.5642,0.6897,-8.19,win,0.44999999999999996,0.34,market_avg,False
ligamx,2021,2021-08-30,Juarez @ Santos Laguna,1X2,draw,,4.34,0.2722,0.2304,8.16,lose,-1.0,0.34,market_avg,True
ligamx,2021,2021-08-30,Juarez @ Santos Laguna,1X2,juarez,,6.75,0.1636,0.1481,4.69,lose,-1.0,0.34,market_avg,False
ligamx,2021,2021-09-11,Atl. San Luis @ Puebla,1X2,puebla,,2.49,0.2658,0.4016,-15.22,lose,-1.0,0.34,market_avg,False
ligamx,2021,2021-09-11,Atl. San Luis @ Puebla,1X2,draw,,3.05,0.3054,0.3279,-3.09,win,2.05,0.34,market_avg,False
ligamx,2021,2021-09-11,Atl. San Luis @ Puebla,1X2,atl san luis,,2.96,0.4289,0.3378,12.12,lose,-1.0,0.34,market_avg,True
ligamx,2021,2021-09-11,Cruz Azul @ Juarez,1X2,juarez,,3.17,0.2118,0.3155,-14.79,win,2.17,0.334,market_avg,False
ligamx,2021,2021-09-11,Cruz Azul @ Juarez,1X2,draw,,2.9,0.2828,0.3448,-8.09,lose,-1.0,0.334,market_avg,False
ligamx,2021,2021-09-11,Cruz Azul @ Juarez,1X2,cruz azul,,2.46,0.5054,0.4065,10.95,lose,-1.0,0.334,market_avg,True
ligamx,2021,2021-09-11,Santos Laguna @ Club Tijuana,1X2,tijuana,,2.29,0.1808,0.4367,-26.37,win,1.29,0.34,market_avg,False
ligamx,2021,2021-09-11,Santos Laguna @ Club Tijuana,1X2,draw,,3.32,0.2901,0.3012,-1.66,lose,-1.0,0.34,market_avg,False
ligamx,2021,2021-09-11,Santos Laguna @ Club Tijuana,1X2,santos laguna,,3.04,0.5291,0.3289,27.38,lose,-1.0,0.34,market_avg,False
ligamx,2021,2021-09-11,Monterrey @ Atlas,1X2,atlas,,1.99,0.3655,0.5025,-12.27,win,0.99,0.34,market_avg,False
ligamx,2021,2021-09-11,Monterrey @ Atlas,1X2,draw,,3.21,0.382,0.3115,10.18,lose,-1.0,0.34,market_avg,True
ligamx,2021,2021-09-11,Monterrey @ Atlas,1X2,monterrey,,4.06,0.2525,0.2463,1.13,lose,-1.0,0.34,market_avg,False
ligamx,2021,2021-09-12,Club Leon @ Tigres UANL,1X2,tigres uanl,,2.13,0.4323,0.4695,-3.56,lose,-1.0,0.34,market_avg,False
ligamx,2021,2021-09-12,Club Leon @ Tigres UANL,1X2,draw,,3.39,0.2717,0.295,-3.55,win,2.39,0.34,market_avg,False
ligamx,2021,2021-09-12,Club Leon @ Tigres UANL,1X2,leon,,3.28,0.296,0.3049,-1.31,lose,-1.0,0.34,market_avg,False
ligamx,2021,2021-09-12,Mazatlan FC @ Club America,1X2,america,,1.5,0.6435,0.6667,-1.57,win,0.5,0.334,market_avg,False
ligamx,2021,2021-09-12,Mazatlan FC @ Club America,1X2,draw,,3.96,0.2393,0.2525,-2.36,lose,-1.0,0.334,market_avg,False
ligamx,2021,2021-09-12,Mazatlan FC @ Club America,1X2,mazatlan,,6.73,0.1172,0.1486,-9.5,lose,-1.0,0.334,market_avg,False
ligamx,2021,2021-09-12,Guadalajara Chivas @ UNAM Pumas,1X2,unam pumas,,3.79,0.2914,0.2639,4.69,lose,-1.0,0.34,market_avg,True
ligamx,2021,2021-09-12,Guadalajara Chivas @ UNAM Pumas,1X2,draw,,3.07,0.32,0.3257,-0.79,win,2.07,0.34,market_avg,False
ligamx,2021,2021-09-12,Guadalajara Chivas @ UNAM Pumas,1X2,guadalajara chivas,,2.09,0.3886,0.4785,-8.45,lose,-1.0,0.34,market_avg,False
ligamx,2021,2021-09-13,Necaxa @ Queretaro,1X2,queretaro,,2.84,0.2267,0.3521,-16.03,win,1.8399999999999999,0.34,market_avg,False
ligamx,2021,2021-09-13,Necaxa @ Queretaro,1X2,draw,,2.92,0.3311,0.3425,-1.49,lose,-1.0,0.34,market_avg,False
ligamx,2021,2021-09-13,Necaxa @ Queretaro,1X2,necaxa,,2.67,0.4421,0.3745,8.12,lose,-1.0,0.34,market_avg,True
ligamx,2021,2021-09-14,Toluca @ Pachuca,1X2,pachuca,,1.85,0.4286,0.5405,-9.32,lose,-1.0,0.34,market_avg,False
ligamx,2021,2021-09-14,Toluca @ Pachuca,1X2,draw,,3.51,0.259,0.2849,-4.09,lose,-1.0,0.34,market_avg,False
ligamx,2021,2021-09-14,Toluca @ Pachuca,1X2,toluca,,4.15,0.3124,0.241,13.34,win,3.1500000000000004,0.34,market_avg,True
ligamx,2021,2021-09-17,Club Tijuana @ Atl. San Luis,1X2,atl san luis,,2.1,0.5342,0.4762,5.49,win,1.1,0.334,market_avg,True
ligamx,2021,2021-09-17,Club Tijuana @ Atl. San Luis,1X2,draw,,3.12,0.2497,0.3205,-9.95,lose,-1.0,0.334,market_avg,False
ligamx,2021,2021-09-17,Club Tijuana @ Atl. San Luis,1X2,tijuana,,3.69,0.2161,0.271,-9.12,lose,-1.0,0.334,market_avg,False
ligamx,2021,2021-09-18,Atlas @ Necaxa,1X2,necaxa,,3.04,0.2482,0.3289,-11.05,lose,-1.0,0.34,market_avg,False
ligamx,2021,2021-09-18,Atlas @ Necaxa,1X2,draw,,2.86,0.3443,0.3497,-0.69,lose,-1.0,0.34,market_avg,False
ligamx,2021,2021-09-18,Atlas @ Necaxa,1X2,atlas,,2.55,0.4075,0.3922,1.76,win,1.5499999999999998,0.34,market_avg,False
ligamx,2021,2021-09-18,Juarez @ Club Leon,1X2,leon,,1.4,0.6275,0.7143,-5.47,lose,-1.0,0.34,market_avg,False
ligamx,2021,2021-09-18,Juarez @ Club Leon,1X2,draw,,4.57,0.2204,0.2188,0.33,lose,-1.0,0.34,market_avg,False
ligamx,2021,2021-09-18,Juarez @ Club Leon,1X2,juarez,,7.56,0.1522,0.1323,6.78,win,6.56,0.34,market_avg,False
ligamx,2021,2021-09-19,Club America @ Toluca,1X2,toluca,,3.3,0.2327,0.303,-10.45,win,2.3,0.34,market_avg,False
ligamx,2021,2021-09-19,Club America @ Toluca,1X2,draw,,3.31,0.3018,0.3021,-0.04,lose,-1.0,0.34,market_avg,False
ligamx,2021,2021-09-19,Club America @ Toluca,1X2,america,,2.16,0.4655,0.463,0.25,lose,-1.0,0.34,market_avg,False
ligamx,2021,2021-09-19,Pachuca @ Guadalajara Chivas,1X2,guadalajara chivas,,2.87,0.3657,0.3484,2.22,win,1.87,0.34,market_avg,False
ligamx,2021,2021-09-19,Pachuca @ Guadalajara Chivas,1X2,draw,,2.91,0.302,0.3436,-5.45,lose,-1.0,0.34,market_avg,False
ligamx,2021,2021-09-19,Pachuca @ Guadalajara Chivas,1X2,pachuca,,2.67,0.3324,0.3745,-5.07,lose,-1.0,0.34,market_avg,False
ligamx,2021,2021-09-19,UNAM Pumas @ Mazatlan FC,1X2,mazatlan,,2.02,0.4549,0.495,-3.65,lose,-1.0,0.334,market_avg,False
ligamx,2021,2021-09-19,UNAM Pumas @ Mazatlan FC,1X2,draw,,3.13,0.2977,0.3195,-3.07,win,2.13,0.334,market_avg,False
ligamx,2021,2021-09-19,UNAM Pumas @ Mazatlan FC,1X2,unam pumas,,3.96,0.2474,0.2525,-0.91,lose,-1.0,0.334,market_avg,False
ligamx,2021,2021-09-20,Queretaro @ Cruz Azul,1X2,cruz azul,,1.57,0.4951,0.6369,-10.02,win,0.5700000000000001,0.34,market_avg,False
ligamx,2021,2021-09-20,Queretaro @ Cruz Azul,1X2,draw,,3.75,0.3153,0.2667,8.21,lose,-1.0,0.34,market_avg,True
ligamx,2021,2021-09-20,Queretaro @ Cruz Azul,1X2,queretaro,,6.18,0.1896,0.1618,7.73,lose,-1.0,0.34,market_avg,True
ligamx,2021,2021-09-20,Tigres UANL @ Monterrey,1X2,monterrey,,2.22,0.4008,0.4505,-4.96,win,1.2200000000000002,0.34,market_avg,False
ligamx,2021,2021-09-20,Tigres UANL @ Monterrey,1X2,draw,,3.09,0.275,0.3236,-6.76,lose,-1.0,0.34,market_avg,False
ligamx,2021,2021-09-20,Tigres UANL @ Monterrey,1X2,tigres uanl,,3.38,0.3242,0.2959,4.31,lose,-1.0,0.34,market_avg,True
ligamx,2021,2021-09-20,Puebla @ Santos Laguna,1X2,santos laguna,,1.58,0.5688,0.6329,-4.56,lose,-1.0,0.34,market_avg,False
ligamx,2021,2021-09-20,Puebla @ Santos Laguna,1X2,draw,,3.99,0.2772,0.2506,4.77,win,2.99,0.34,market_avg,True
ligamx,2021,2021-09-20,Puebla @ Santos Laguna,1X2,puebla,,5.44,0.1541,0.1838,-7.28,lose,-1.0,0.34,market_avg,False
ligamx,2021,2021-09-22,Atl. San Luis @ Juarez,1X2,juarez,,3.1,0.2807,0.3226,-5.84,win,2.1,0.34,market_avg,False
ligamx,2021,2021-09-22,Atl. San Luis @ Juarez,1X2,draw,,2.96,0.2641,0.3378,-9.82,lose,-1.0,0.34,market_avg,False
ligamx,2021,2021-09-22,Atl. San Luis @ Juarez,1X2,atl san luis,,2.45,0.4551,0.4082,5.18,lose,-1.0,0.34,market_avg,True
ligamx,2021,2021-09-23,Toluca @ Monterrey,1X2,monterrey,,1.48,0.4207,0.6757,-16.98,win,0.48,0.34,market_avg,False
ligamx,2021,2021-09-23,Toluca @ Monterrey,1X2,draw,,4.3,0.2741,0.2326,8.04,lose,-1.0,0.34,market_avg,True
ligamx,2021,2021-09-23,Toluca @ Monterrey,1X2,toluca,,6.25,0.3051,0.16,40.81,lose,-1.0,0.34,market_avg,True
ligamx,2021,2021-09-24,Necaxa @ Pachuca,1X2,pachuca,,1.72,0.5377,0.5814,-3.38,win,0.72,0.34,market_avg,False
ligamx,2021,2021-09-24,Necaxa @ Pachuca,1X2,draw,,3.43,0.2535,0.2915,-5.87,lose,-1.0,0.34,market_avg,False
ligamx,2021,2021-09-24,Necaxa @ Pachuca,1X2,necaxa,,5.13,0.2088,0.1949,3.2,lose,-1.0,0.34,market_avg,False
ligamx,2021,2021-09-25,Cruz Azul @ Puebla,1X2,puebla,,3.47,0.272,0.2882,-2.52,lose,-1.0,0.34,market_avg,False
ligamx,2021,2021-09-25,Cruz Azul @ Puebla,1X2,draw,,3.0,0.3109,0.3333,-3.03,win,2.0,0.34,market_avg,False
ligamx,2021,2021-09-25,Cruz Azul @ Puebla,1X2,cruz azul,,2.24,0.4171,0.4464,-2.96,lose,-1.0,0.34,market_avg,False
ligamx,2021,2021-09-25,Mazatlan FC @ Club Tijuana,1X2,tijuana,,1.65,0.4133,0.6061,-14.31,lose,-1.0,0.334,market_avg,False
ligamx,2021,2021-09-25,Mazatlan FC @ Club Tijuana,1X2,draw,,3.75,0.2595,0.2667,-1.21,win,2.75,0.334,market_avg,False
ligamx,2021,2021-09-25,Mazatlan FC @ Club Tijuana,1X2,mazatlan,,5.11,0.3272,0.1957,30.24,lose,-1.0,0.334,market_avg,True
ligamx,2021,2021-09-25,Club Leon @ Atlas,1X2,atlas,,2.29,0.5233,0.4367,8.92,win,1.29,0.34,market_avg,True
ligamx,2021,2021-09-25,Club Leon @ Atlas,1X2,draw,,3.18,0.3103,0.3145,-0.59,lose,-1.0,0.34,market_avg,False
ligamx,2021,2021-09-25,Club Leon @ Atlas,1X2,leon,,3.15,0.1664,0.3175,-21.41,lose,-1.0,0.34,market_avg,False
ligamx,2021,2021-09-26,UNAM Pumas @ Tigres UANL,1X2,tigres uanl,,1.41,0.6033,0.7092,-6.72,lose,-1.0,0.34,market_avg,False
ligamx,2021,2021-09-26,UNAM Pumas @ Tigres UANL,1X2,draw,,4.47,0.2426,0.2237,3.81,win,3.4699999999999998,0.34,market_avg,False
ligamx,2021,2021-09-26,UNAM Pumas @ Tigres UANL,1X2,unam pumas,,7.49,0.1541,0.1335,6.93,lose,-1.0,0.34,market_avg,False
ligamx,2021,2021-09-26,Guadalajara Chivas @ Club America,1X2,america,,1.64,0.5326,0.6098,-5.69,lose,-1.0,0.34,market_avg,False
ligamx,2021,2021-09-26,Guadalajara Chivas @ Club America,1X2,draw,,3.5,0.3035,0.2857,2.8,win,2.5,0.34,market_avg,False
ligamx,2021,2021-09-26,Guadalajara Chivas @ Club America,1X2,guadalajara chivas,,5.8,0.1639,0.1724,-2.21,lose,-1.0,0.34,market_avg,False
ligamx,2021,2021-09-26,Atl. San Luis @ Toluca,1X2,toluca,,2.18,0.4197,0.4587,-3.82,lose,-1.0,0.334,market_avg,False
ligamx,2021,2021-09-26,Atl. San Luis @ Toluca,1X2,draw,,3.35,0.2633,0.2985,-5.3,lose,-1.0,0.334,market_avg,False
ligamx,2021,2021-09-26,Atl. San Luis @ Toluca,1X2,atl san luis,,3.21,0.3169,0.3115,0.78,win,2.21,0.334,market_avg,False
ligamx,2021,2021-09-27,Monterrey @ Santos Laguna,1X2,santos laguna,,2.84,0.4161,0.3521,8.18,lose,-1.0,0.34,market_avg,True
ligamx,2021,2021-09-27,Monterrey @ Santos Laguna,1X2,draw,,3.09,0.3313,0.3236,1.07,lose,-1.0,0.34,market_avg,False
ligamx,2021,2021-09-27,Monterrey @ Santos Laguna,1X2,monterrey,,2.55,0.2526,0.3922,-16.01,win,1.5499999999999998,0.34,market_avg,False
ligamx,2021,2021-09-28,Club Tijuana @ Necaxa,1X2,necaxa,,1.9,0.4765,0.5263,-4.26,win,0.8999999999999999,0.34,market_avg,False
ligamx,2021,2021-09-28,Club Tijuana @ Necaxa,1X2,draw,,3.37,0.2828,0.2967,-2.11,lose,-1.0,0.34,market_avg,False
ligamx,2021,2021-09-28,Club Tijuana @ Necaxa,1X2,tijuana,,4.08,0.2406,0.2451,-0.83,lose,-1.0,0.34,market_avg,False
ligamx,2021,2021-09-29,Juarez @ Mazatlan FC,1X2,mazatlan,,2.39,0.4602,0.4184,4.49,win,1.3900000000000001,0.334,market_avg,True
ligamx,2021,2021-09-29,Juarez @ Mazatlan FC,1X2,draw,,2.94,0.2768,0.3401,-8.38,lose,-1.0,0.334,market_avg,False
ligamx,2021,2021-09-29,Juarez @ Mazatlan FC,1X2,juarez,,3.22,0.2631,0.3106,-6.88,lose,-1.0,0.334,market_avg,False
ligamx,2021,2021-09-29,Puebla @ Atlas,1X2,atlas,,1.66,0.6378,0.6024,2.64,lose,-1.0,0.34,market_avg,False
ligamx,2021,2021-09-29,Puebla @ Atlas,1X2,draw,,3.45,0.2689,0.2899,-3.25,lose,-1.0,0.34,market_avg,False
ligamx,2021,2021-09-29,Puebla @ Atlas,1X2,puebla,,5.64,0.0933,0.1773,-21.31,win,4.64,0.34,market_avg,False
ligamx,2021,2021-09-29,Club America @ Pachuca,1X2,pachuca,,2.89,0.3151,0.346,-4.02,lose,-1.0,0.34,market_avg,False
ligamx,2021,2021-09-29,Club America @ Pachuca,1X2,draw,,3.06,0.3422,0.3268,2.12,win,2.06,0.34,market_avg,False
ligamx,2021,2021-09-29,Club America @ Pachuca,1X2,america,,2.52,0.3428,0.3968,-6.13,lose,-1.0,0.34,market_avg,False
ligamx,2021,2021-09-29,Tigres UANL @ Atl. San Luis,1X2,atl san luis,,2.4,0.4294,0.4167,1.37,lose,-1.0,0.34,market_avg,False
ligamx,2021,2021-09-29,Tigres UANL @ Atl. San Luis,1X2,draw,,3.18,0.288,0.3145,-3.78,lose,-1.0,0.34,market_avg,False
ligamx,2021,2021-09-29,Tigres UANL @ Atl. San Luis,1X2,tigres uanl,,2.97,0.2826,0.3367,-7.23,win,1.9700000000000002,0.34,market_avg,False
ligamx,2021,2021-09-30,Guadalajara Chivas @ Queretaro,1X2,queretaro,,3.26,0.2619,0.3067,-6.58,win,2.26,0.34,market_avg,False
ligamx,2021,2021-09-30,Guadalajara Chivas @ Queretaro,1X2,draw,,3.06,0.387,0.3268,8.29,lose,-1.0,0.34,market_avg,True
ligamx,2021,2021-09-30,Guadalajara Chivas @ Queretaro,1X2,guadalajara chivas,,2.3,0.3511,0.4348,-8.66,lose,-1.0,0.34,market_avg,False
ligamx,2021,2021-10-02,Pachuca @ Puebla,1X2,puebla,,3.03,0.2782,0.33,-7.07,lose,-1.0,0.34,market_avg,False
ligamx,2021,2021-10-02,Pachuca @ Puebla,1X2,draw,,3.13,0.353,0.3195,4.71,lose,-1.0,0.34,market_avg,True
ligamx,2021,2021-10-02,Pachuca @ Puebla,1X2,pachuca,,2.39,0.3688,0.4184,-5.33,win,1.3900000000000001,0.34,market_avg,False
ligamx,2021,2021-10-02,Monterrey @ Juarez,1X2,juarez,,4.19,0.1926,0.2387,-8.69,win,3.1900000000000004,0.34,market_avg,False
ligamx,2021,2021-10-02,Monterrey @ Juarez,1X2,draw,,3.21,0.2781,0.3115,-4.83,lose,-1.0,0.34,market_avg,False
ligamx,2021,2021-10-02,Monterrey @ Juarez,1X2,monterrey,,1.93,0.5293,0.5181,0.97,lose,-1.0,0.34,market_avg,False
ligamx,2021,2021-10-02,Atl. San Luis @ Club Leon,1X2,leon,,1.66,0.5175,0.6024,-6.34,lose,-1.0,0.34,market_avg,False
ligamx,2021,2021-10-02,Atl. San Luis @ Club Leon,1X2,draw,,3.76,0.2648,0.266,-0.2,win,2.76,0.34,market_avg,False
ligamx,2021,2021-10-02,Atl. San Luis @ Club Leon,1X2,atl san luis,,5.02,0.2178,0.1992,4.2,lose,-1.0,0.34,market_avg,False
ligamx,2021,2021-10-03,Mazatlan FC @ Santos Laguna,1X2,santos laguna,,1.45,0.5318,0.6897,-10.3,win,0.44999999999999996,0.334,market_avg,False
ligamx,2021,2021-10-03,Mazatlan FC @ Santos Laguna,1X2,draw,,4.36,0.2609,0.2294,6.19,lose,-1.0,0.334,market_avg,True
ligamx,2021,2021-10-03,Mazatlan FC @ Santos Laguna,1X2,mazatlan,,6.81,0.2072,0.1468,18.51,lose,-1.0,0.334,market_avg,False
ligamx,2021,2021-10-03,Atlas @ Guadalajara Chivas,1X2,guadalajara chivas,,2.9,0.1508,0.3448,-25.32,lose,-1.0,0.34,market_avg,False
ligamx,2021,2021-10-03,Atlas @ Guadalajara Chivas,1X2,draw,,2.8,0.4299,0.3571,9.17,lose,-1.0,0.34,market_avg,True
ligamx,2021,2021-10-03,Atlas @ Guadalajara Chivas,1X2,atlas,,2.74,0.4193,0.365,6.69,win,1.7400000000000002,0.34,market_avg,True
ligamx,2021,2021-10-03,Queretaro @ Toluca,1X2,toluca,,1.76,0.5948,0.5682,2.11,lose,-1.0,0.34,market_avg,False
ligamx,2021,2021-10-03,Queretaro @ Toluca,1X2,draw,,3.61,0.2668,0.277,-1.66,win,2.61,0.34,market_avg,False
ligamx,2021,2021-10-03,Queretaro @ Toluca,1X2,queretaro,,4.52,0.1384,0.2212,-16.84,lose,-1.0,0.34,market_avg,False
ligamx,2021,2021-10-03,UNAM Pumas @ Club America,1X2,america,,1.57,0.5688,0.6369,-4.81,win,0.5700000000000001,0.34,market_avg,False
ligamx,2021,2021-10-03,UNAM Pumas @ Club America,1X2,draw,,3.69,0.3039,0.271,5.46,lose,-1.0,0.34,market_avg,True
ligamx,2021,2021-10-03,UNAM Pumas @ Club America,1X2,unam pumas,,6.38,0.1273,0.1567,-8.45,lose,-1.0,0.34,market_avg,False
ligamx,2021,2021-10-04,Necaxa @ Tigres UANL,1X2,tigres uanl,,1.9,0.6012,0.5263,6.4,lose,-1.0,0.34,market_avg,True
ligamx,2021,2021-10-04,Necaxa @ Tigres UANL,1X2,draw,,3.27,0.2318,0.3058,-10.89,win,2.27,0.34,market_avg,False
ligamx,2021,2021-10-04,Necaxa @ Tigres UANL,1X2,necaxa,,4.23,0.167,0.2364,-13.21,lose,-1.0,0.34,market_avg,False
ligamx,2021,2021-10-04,Cruz Azul @ Club Tijuana,1X2,tijuana,,2.8,0.2373,0.3571,-15.1,lose,-1.0,0.34,market_avg,False
ligamx,2021,2021-10-04,Cruz Azul @ Club Tijuana,1X2,draw,,3.05,0.2833,0.3279,-6.12,lose,-1.0,0.34,market_avg,False
ligamx,2021,2021-10-04,Cruz Azul @ Club Tijuana,1X2,cruz azul,,2.61,0.4794,0.3831,11.31,win,1.6099999999999999,0.34,market_avg,True
ligamx,2021,2021-10-09,Queretaro @ Juarez,1X2,juarez,,2.18,0.4403,0.4587,-1.81,lose,-1.0,0.334,market_avg,False
ligamx,2021,2021-10-09,Queretaro @ Juarez,1X2,draw,,2.96,0.3193,0.3378,-2.48,win,1.96,0.334,market_avg,False
ligamx,2021,2021-10-09,Queretaro @ Juarez,1X2,queretaro,,3.7,0.2405,0.2703,-4.96,lose,-1.0,0.334,market_avg,False
ligamx,2021,2021-10-15,Club Tijuana @ Queretaro,1X2,queretaro,,2.34,0.4376,0.4274,1.08,lose,-1.0,0.34,market_avg,False
ligamx,2021,2021-10-15,Club Tijuana @ Queretaro,1X2,draw,,3.12,0.341,0.3205,2.88,win,2.12,0.34,market_avg,False
ligamx,2021,2021-10-15,Club Tijuana @ Queretaro,1X2,tijuana,,3.13,0.2213,0.3195,-13.83,lose,-1.0,0.34,market_avg,False
ligamx,2021,2021-10-16,Puebla @ Necaxa,1X2,necaxa,,2.04,0.443,0.4902,-4.33,lose,-1.0,0.34,market_avg,False
ligamx,2021,2021-10-16,Puebla @ Necaxa,1X2,draw,,3.23,0.2991,0.3096,-1.53,lose,-1.0,0.34,market_avg,False
ligamx,2021,2021-10-16,Puebla @ Necaxa,1X2,puebla,,3.73,0.2579,0.2681,-1.72,win,2.73,0.34,market_avg,False
ligamx,2021,2021-10-16,Atlas @ Mazatlan FC,1X2,mazatlan,,3.85,0.2006,0.2597,-10.25,win,2.85,0.334,market_avg,False
ligamx,2021,2021-10-16,Atlas @ Mazatlan FC,1X2,draw,,3.03,0.3263,0.33,-0.51,lose,-1.0,0.334,market_avg,False
ligamx,2021,2021-10-16,Atlas @ Mazatlan FC,1X2,atlas,,2.08,0.4732,0.4808,-0.71,lose,-1.0,0.334,market_avg,False
ligamx,2021,2021-10-16,Club Leon @ Monterrey,1X2,monterrey,,1.89,0.5084,0.5291,-1.76,lose,-1.0,0.34,market_avg,False
ligamx,2021,2021-10-16,Club Leon @ Monterrey,1X2,draw,,3.52,0.268,0.2841,-2.55,lose,-1.0,0.34,market_avg,False
ligamx,2021,2021-10-16,Club Leon @ Monterrey,1X2,leon,,3.87,0.2236,0.2584,-6.06,win,2.87,0.34,market_avg,False
ligamx,2021,2021-10-17,Club America @ Atl. San Luis,1X2,atl san luis,,3.1,0.2692,0.3226,-7.45,lose,-1.0,0.334,market_avg,False
ligamx,2021,2021-10-17,Club America @ Atl. San Luis,1X2,draw,,3.09,0.308,0.3236,-2.17,lose,-1.0,0.334,market_avg,False
ligamx,2021,2021-10-17,Club America @ Atl. San Luis,1X2,america,,2.36,0.4228,0.4237,-0.1,win,1.3599999999999999,0.334,market_avg,False
ligamx,2021,2021-10-17,Santos Laguna @ Pachuca,1X2,pachuca,,1.96,0.3757,0.5102,-11.86,lose,-1.0,0.34,market_avg,False
ligamx,2021,2021-10-17,Santos Laguna @ Pachuca,1X2,draw,,3.3,0.3092,0.303,0.92,win,2.3,0.34,market_avg,False
ligamx,2021,2021-10-17,Santos Laguna @ Pachuca,1X2,santos laguna,,3.9,0.3151,0.2564,10.3,lose,-1.0,0.34,market_avg,True
ligamx,2021,2021-10-17,Tigres UANL @ Cruz Azul,1X2,cruz azul,,1.94,0.4164,0.5155,-8.65,lose,-1.0,0.34,market_avg,False
ligamx,2021,2021-10-17,Tigres UANL @ Cruz Azul,1X2,draw,,3.23,0.304,0.3096,-0.82,win,2.23,0.34,market_avg,False
ligamx,2021,2021-10-17,Tigres UANL @ Cruz Azul,1X2,tigres uanl,,4.1,0.2796,0.2439,6.59,lose,-1.0,0.34,market_avg,True
ligamx,2021,2021-10-17,Juarez @ UNAM Pumas,1X2,unam pumas,,2.08,0.3324,0.4808,-13.88,win,1.08,0.34,market_avg,False
ligamx,2021,2021-10-17,Juarez @ UNAM Pumas,1X2,draw,,3.15,0.325,0.3175,1.07,lose,-1.0,0.34,market_avg,False
ligamx,2021,2021-10-17,Juarez @ UNAM Pumas,1X2,juarez,,3.68,0.3426,0.2717,11.73,lose,-1.0,0.34,market_avg,True
ligamx,2021,2021-10-17,Toluca @ Guadalajara Chivas,1X2,guadalajara chivas,,2.14,0.3434,0.4673,-11.93,win,1.1400000000000001,0.34,market_avg,False
ligamx,2021,2021-10-17,Toluca @ Guadalajara Chivas,1X2,draw,,3.26,0.3153,0.3067,1.25,lose,-1.0,0.34,market_avg,False
ligamx,2021,2021-10-17,Toluca @ Guadalajara Chivas,1X2,toluca,,3.4,0.3413,0.2941,7.22,lose,-1.0,0.34,market_avg,True
ligamx,2021,2021-10-19,Monterrey @ Queretaro,1X2,queretaro,,4.02,0.2851,0.2488,6.57,win,3.0199999999999996,0.34,market_avg,True
ligamx,2021,2021-10-19,Monterrey @ Queretaro,1X2,draw,,3.28,0.3581,0.3049,7.85,lose,-1.0,0.34,market_avg,True
ligamx,2021,2021-10-19,Monterrey @ Queretaro,1X2,monterrey,,1.94,0.3568,0.5155,-13.85,lose,-1.0,0.34,market_avg,False
ligamx,2021,2021-10-20,Mazatlan FC @ Puebla,1X2,puebla,,1.56,0.402,0.641,-16.78,win,0.56,0.334,market_avg,False
ligamx,2021,2021-10-20,Mazatlan FC @ Puebla,1X2,draw,,3.8,0.2974,0.2632,5.85,lose,-1.0,0.334,market_avg,True
ligamx,2021,2021-10-20,Mazatlan FC @ Puebla,1X2,mazatlan,,6.08,0.3006,0.1645,37.24,lose,-1.0,0.334,market_avg,True
ligamx,2021,2021-10-20,Santos Laguna @ Club America,1X2,america,,1.71,0.4948,0.5848,-6.92,win,0.71,0.34,market_avg,False
ligamx,2021,2021-10-20,Santos Laguna @ Club America,1X2,draw,,3.56,0.3488,0.2809,10.87,lose,-1.0,0.34,market_avg,True
ligamx,2021,2021-10-20,Santos Laguna @ Club America,1X2,santos laguna,,4.91,0.1564,0.2037,-10.45,lose,-1.0,0.34,market_avg,False
ligamx,2021,2021-10-20,Cruz Azul @ Atlas,1X2,atlas,,2.69,0.4794,0.3717,13.03,lose,-1.0,0.34,market_avg,True
ligamx,2021,2021-10-20,Cruz Azul @ Atlas,1X2,draw,,2.88,0.3689,0.3472,2.8,win,1.88,0.34,market_avg,False
ligamx,2021,2021-10-20,Cruz Azul @ Atlas,1X2,cruz azul,,2.86,0.1518,0.3497,-25.47,lose,-1.0,0.34,market_avg,False
ligamx,2021,2021-10-21,UNAM Pumas @ Club Leon,1X2,leon,,1.58,0.5514,0.6329,-5.8,lose,-1.0,0.34,market_avg,False
ligamx,2021,2021-10-21,UNAM Pumas @ Club Leon,1X2,draw,,3.84,0.2896,0.2604,5.04,lose,-1.0,0.34,market_avg,True
ligamx,2021,2021-10-21,UNAM Pumas @ Club Leon,1X2,unam pumas,,5.71,0.1591,0.1751,-4.13,win,4.71,0.34,market_avg,False
ligamx,2021,2021-10-21,Necaxa @ Toluca,1X2,toluca,,2.02,0.5497,0.495,4.97,lose,-1.0,0.34,market_avg,True
ligamx,2021,2021-10-21,Necaxa @ Toluca,1X2,draw,,3.52,0.2454,0.2841,-6.13,win,2.52,0.34,market_avg,False
ligamx,2021,2021-10-21,Necaxa @ Toluca,1X2,necaxa,,3.45,0.2049,0.2899,-13.19,lose,-1.0,0.34,market_avg,False
ligamx,2021,2021-10-21,Pachuca @ Tigres UANL,1X2,tigres uanl,,1.73,0.4983,0.578,-6.21,win,0.73,0.34,market_avg,False
ligamx,2021,2021-10-21,Pachuca @ Tigres UANL,1X2,draw,,3.61,0.274,0.277,-0.49,lose,-1.0,0.34,market_avg,False
ligamx,2021,2021-10-21,Pachuca @ Tigres UANL,1X2,pachuca,,4.73,0.2277,0.2114,3.47,lose,-1.0,0.34,market_avg,False
ligamx,2021,2021-10-21,Guadalajara Chivas @ Club Tijuana,1X2,tijuana,,2.44,0.2723,0.4098,-15.1,lose,-1.0,0.34,market_avg,False
ligamx,2021,2021-10-21,Guadalajara Chivas @ Club Tijuana,1X2,draw,,3.02,0.342,0.3311,1.48,win,2.02,0.34,market_avg,False
ligamx,2021,2021-10-21,Guadalajara Chivas @ Club Tijuana,1X2,guadalajara chivas,,3.06,0.3857,0.3268,8.11,lose,-1.0,0.34,market_avg,True
ligamx,2021,2021-10-23,Queretaro @ Mazatlan FC,1X2,mazatlan,,2.61,0.3234,0.3831,-7.01,win,1.6099999999999999,0.334,market_avg,False
ligamx,2021,2021-10-23,Queretaro @ Mazatlan FC,1X2,draw,,2.84,0.3749,0.3521,2.92,lose,-1.0,0.334,market_avg,False
ligamx,2021,2021-10-23,Queretaro @ Mazatlan FC,1X2,queretaro,,3.0,0.3016,0.3333,-4.28,lose,-1.0,0.334,market_avg,False
ligamx,2021,2021-10-23,Club Leon @ Puebla,1X2,puebla,,2.91,0.3603,0.3436,2.18,lose,-1.0,0.34,market_avg,False
ligamx,2021,2021-10-23,Club Leon @ Puebla,1X2,draw,,3.21,0.3701,0.3115,8.46,lose,-1.0,0.34,market_avg,True
ligamx,2021,2021-10-23,Club Leon @ Puebla,1X2,leon,,2.41,0.2696,0.4149,-15.76,win,1.4100000000000001,0.34,market_avg,False
ligamx,2021,2021-10-23,Necaxa @ Monterrey,1X2,monterrey,,1.68,0.5949,0.5952,-0.02,lose,-1.0,0.34,market_avg,False
ligamx,2021,2021-10-23,Necaxa @ Monterrey,1X2,draw,,3.69,0.2769,0.271,0.97,lose,-1.0,0.34,market_avg,False
ligamx,2021,2021-10-23,Necaxa @ Monterrey,1X2,necaxa,,4.99,0.1282,0.2004,-16.21,win,3.99,0.34,market_avg,False
ligamx,2021,2021-10-24,Tigres UANL @ Club America,1X2,america,,2.08,0.5067,0.4808,2.42,win,1.08,0.34,market_avg,False
ligamx,2021,2021-10-24,Tigres UANL @ Club America,1X2,draw,,3.12,0.3409,0.3205,2.87,lose,-1.0,0.34,market_avg,False
ligamx,2021,2021-10-24,Tigres UANL @ Club America,1X2,tigres uanl,,3.73,0.1524,0.2681,-19.42,lose,-1.0,0.34,market_avg,False
ligamx,2021,2021-10-24,Cruz Azul @ Guadalajara Chivas,1X2,guadalajara chivas,,3.15,0.2358,0.3175,-11.58,lose,-1.0,0.34,market_avg,False
ligamx,2021,2021-10-24,Cruz Azul @ Guadalajara Chivas,1X2,draw,,2.89,0.4612,0.346,14.98,win,1.8900000000000001,0.34,market_avg,True
ligamx,2021,2021-10-24,Cruz Azul @ Guadalajara Chivas,1X2,cruz azul,,2.47,0.303,0.4049,-11.32,lose,-1.0,0.34,market_avg,False
ligamx,2021,2021-10-24,Club Tijuana @ UNAM Pumas,1X2,unam pumas,,1.81,0.4038,0.5525,-12.11,win,0.81,0.34,market_avg,False
ligamx,2021,2021-10-24,Club Tijuana @ UNAM Pumas,1X2,draw,,3.45,0.3654,0.2899,11.73,lose,-1.0,0.34,market_avg,True
ligamx,2021,2021-10-24,Club Tijuana @ UNAM Pumas,1X2,tijuana,,4.41,0.2308,0.2268,0.81,lose,-1.0,0.34,market_avg,False
ligamx,2021,2021-10-25,Atlas @ Atl. San Luis,1X2,atl san luis,,3.07,0.2491,0.3257,-10.58,lose,-1.0,0.334,market_avg,False
ligamx,2021,2021-10-25,Atlas @ Atl. San Luis,1X2,draw,,2.86,0.3635,0.3497,1.78,lose,-1.0,0.334,market_avg,False
ligamx,2021,2021-10-25,Atlas @ Atl. San Luis,1X2,atlas,,2.54,0.3874,0.3937,-0.72,win,1.54,0.334,market_avg,False
ligamx,2021,2021-10-25,Toluca @ Santos Laguna,1X2,santos laguna,,1.6,0.4838,0.625,-10.17,lose,-1.0,0.34,market_avg,False
ligamx,2021,2021-10-25,Toluca @ Santos Laguna,1X2,draw,,4.12,0.2685,0.2427,4.79,win,3.12,0.34,market_avg,True
ligamx,2021,2021-10-25,Toluca @ Santos Laguna,1X2,toluca,,5.04,0.2477,0.1984,11.17,lose,-1.0,0.34,market_avg,True
ligamx,2021,2021-10-25,Juarez @ Pachuca,1X2,pachuca,,1.53,0.5109,0.6536,-9.82,lose,-1.0,0.334,market_avg,False
ligamx,2021,2021-10-25,Juarez @ Pachuca,1X2,draw,,3.84,0.2699,0.2604,1.63,win,2.84,0.334,market_avg,False
ligamx,2021,2021-10-25,Juarez @ Pachuca,1X2,juarez,,6.45,0.2192,0.155,18.63,lose,-1.0,0.334,market_avg,True
ligamx,2021,2021-10-29,Club Tijuana @ Atlas,1X2,atlas,,1.46,0.715,0.6849,1.98,lose,-1.0,0.34,market_avg,False
ligamx,2021,2021-10-29,Club Tijuana @ Atlas,1X2,draw,,4.09,0.2116,0.2445,-6.06,lose,-1.0,0.34,market_avg,False
ligamx,2021,2021-10-29,Club Tijuana @ Atlas,1X2,tijuana,,6.97,0.0734,0.1435,-21.98,win,5.97,0.34,market_avg,False
ligamx,2021,2021-10-30,Mazatlan FC @ Necaxa,1X2,necaxa,,1.66,0.4146,0.6024,-14.03,win,0.6599999999999999,0.334,market_avg,False
ligamx,2021,2021-10-30,Mazatlan FC @ Necaxa,1X2,draw,,3.56,0.2891,0.2809,1.31,lose,-1.0,0.334,market_avg,False
ligamx,2021,2021-10-30,Mazatlan FC @ Necaxa,1X2,mazatlan,,5.37,0.2963,0.1862,26.6,lose,-1.0,0.334,market_avg,True
ligamx,2021,2021-10-30,Puebla @ Juarez,1X2,juarez,,2.39,0.3764,0.4184,-4.52,lose,-1.0,0.334,market_avg,False
ligamx,2021,2021-10-30,Puebla @ Juarez,1X2,draw,,2.93,0.3182,0.3413,-3.05,lose,-1.0,0.334,market_avg,False
ligamx,2021,2021-10-30,Puebla @ Juarez,1X2,puebla,,3.22,0.3055,0.3106,-0.74,win,2.22,0.334,market_avg,False
ligamx,2021,2021-10-30,Santos Laguna @ Queretaro,1X2,queretaro,,3.02,0.283,0.3311,-6.54,lose,-1.0,0.34,market_avg,False
ligamx,2021,2021-10-30,Santos Laguna @ Queretaro,1X2,draw,,3.11,0.3505,0.3215,4.05,lose,-1.0,0.34,market_avg,True
ligamx,2021,2021-10-30,Santos Laguna @ Queretaro,1X2,santos laguna,,2.4,0.3665,0.4167,-5.42,win,1.4,0.34,market_avg,False
ligamx,2021,2021-10-31,UNAM Pumas @ Pachuca,1X2,pachuca,,1.8,0.4514,0.5556,-8.44,lose,-1.0,0.34,market_avg,False
ligamx,2021,2021-10-31,UNAM Pumas @ Pachuca,1X2,draw,,3.45,0.2979,0.2899,1.25,win,2.45,0.34,market_avg,False
ligamx,2021,2021-10-31,UNAM Pumas @ Pachuca,1X2,unam pumas,,4.4,0.2507,0.2273,4.63,lose,-1.0,0.34,market_avg,True
ligamx,2021,2021-10-31,Guadalajara Chivas @ Tigres UANL,1X2,tigres uanl,,1.8,0.4548,0.5556,-8.16,win,0.8,0.34,market_avg,False
ligamx,2021,2021-10-31,Guadalajara Chivas @ Tigres UANL,1X2,draw,,3.21,0.3389,0.3115,3.95,lose,-1.0,0.34,market_avg,True
ligamx,2021,2021-10-31,Guadalajara Chivas @ Tigres UANL,1X2,guadalajara chivas,,4.92,0.2063,0.2033,0.67,lose,-1.0,0.34,market_avg,False
ligamx,2021,2021-10-31,Club Leon @ Toluca,1X2,toluca,,2.88,0.4152,0.3472,8.81,lose,-1.0,0.34,market_avg,True
ligamx,2021,2021-10-31,Club Leon @ Toluca,1X2,draw,,3.36,0.2736,0.2976,-3.63,win,2.36,0.34,market_avg,False
ligamx,2021,2021-10-31,Club Leon @ Toluca,1X2,leon,,2.35,0.3111,0.4255,-12.1,lose,-1.0,0.34,market_avg,False
ligamx,2021,2021-10-31,Club America @ Cruz Azul,1X2,cruz azul,,2.21,0.2693,0.4525,-18.22,win,1.21,0.34,market_avg,False
ligamx,2021,2021-10-31,Club America @ Cruz Azul,1X2,draw,,2.89,0.3636,0.346,2.29,lose,-1.0,0.34,market_avg,False
ligamx,2021,2021-10-31,Club America @ Cruz Azul,1X2,america,,3.67,0.3671,0.2725,15.63,lose,-1.0,0.34,market_avg,True
ligamx,2021,2021-11-01,Monterrey @ Atl. San Luis,1X2,atl san luis,,3.36,0.3529,0.2976,8.36,lose,-1.0,0.34,market_avg,True
ligamx,2021,2021-11-01,Monterrey @ Atl. San Luis,1X2,draw,,3.21,0.2759,0.3115,-5.15,win,2.21,0.34,market_avg,False
ligamx,2021,2021-11-01,Monterrey @ Atl. San Luis,1X2,monterrey,,2.17,0.3711,0.4608,-8.76,lose,-1.0,0.34,market_avg,False
ligamx,2021,2021-11-04,Atl. San Luis @ Pachuca,1X2,pachuca,,1.61,0.4911,0.6211,-9.42,lose,-1.0,0.334,market_avg,False
ligamx,2021,2021-11-04,Atl. San Luis @ Pachuca,1X2,draw,,3.65,0.2643,0.274,-1.59,win,2.65,0.334,market_avg,False
ligamx,2021,2021-11-04,Atl. San Luis @ Pachuca,1X2,atl san luis,,5.74,0.2447,0.1742,18.21,lose,-1.0,0.334,market_avg,True
ligamx,2021,2021-11-04,Club Leon @ Cruz Azul,1X2,cruz azul,,2.15,0.4463,0.4651,-1.82,lose,-1.0,0.34,market_avg,False
ligamx,2021,2021-11-04,Club Leon @ Cruz Azul,1X2,draw,,2.98,0.32,0.3356,-2.09,lose,-1.0,0.34,market_avg,False
ligamx,2021,2021-11-04,Club Leon @ Cruz Azul,1X2,leon,,3.75,0.2337,0.2667,-5.56,win,2.75,0.34,market_avg,False
ligamx,2021,2021-11-05,Santos Laguna @ UNAM Pumas,1X2,unam pumas,,2.37,0.3106,0.4219,-11.87,lose,-1.0,0.34,market_avg,False
ligamx,2021,2021-11-05,Santos Laguna @ UNAM Pumas,1X2,draw,,3.24,0.3045,0.3086,-0.6,lose,-1.0,0.34,market_avg,False
ligamx,2021,2021-11-05,Santos Laguna @ UNAM Pumas,1X2,santos laguna,,2.95,0.3848,0.339,6.08,win,1.9500000000000002,0.34,market_avg,True
ligamx,2021,2021-11-05,Queretaro @ Atlas,1X2,atlas,,1.61,0.5625,0.6211,-4.25,win,0.6100000000000001,0.34,market_avg,False
ligamx,2021,2021-11-05,Queretaro @ Atlas,1X2,draw,,3.72,0.3072,0.2688,6.42,lose,-1.0,0.34,market_avg,True
ligamx,2021,2021-11-05,Queretaro @ Atlas,1X2,queretaro,,5.58,0.1303,0.1792,-12.27,lose,-1.0,0.34,market_avg,False
ligamx,2021,2021-11-06,Toluca @ Puebla,1X2,puebla,,2.11,0.3871,0.4739,-8.24,win,1.1099999999999999,0.34,market_avg,False
ligamx,2021,2021-11-06,Toluca @ Puebla,1X2,draw,,3.25,0.2933,0.3077,-2.1,lose,-1.0,0.34,market_avg,False
ligamx,2021,2021-11-06,Toluca @ Puebla,1X2,toluca,,3.48,0.3197,0.2874,5.07,lose,-1.0,0.34,market_avg,True
ligamx,2021,2021-11-06,Guadalajara Chivas @ Mazatlan FC,1X2,mazatlan,,3.37,0.3537,0.2967,8.64,lose,-1.0,0.334,market_avg,True
ligamx,2021,2021-11-06,Guadalajara Chivas @ Mazatlan FC,1X2,draw,,2.75,0.3301,0.3636,-4.15,lose,-1.0,0.334,market_avg,False
ligamx,2021,2021-11-06,Guadalajara Chivas @ Mazatlan FC,1X2,guadalajara chivas,,2.44,0.3162,0.4098,-10.29,win,1.44,0.334,market_avg,False
ligamx,2021,2021-11-06,Necaxa @ Club Leon,1X2,leon,,1.88,0.3857,0.5319,-12.37,win,0.8799999999999999,0.34,market_avg,False
ligamx,2021,2021-11-06,Necaxa @ Club Leon,1X2,draw,,3.36,0.342,0.2976,6.71,lose,-1.0,0.34,market_avg,True
ligamx,2021,2021-11-06,Necaxa @ Club Leon,1X2,necaxa,,4.19,0.2723,0.2387,6.34,lose,-1.0,0.34,market_avg,True
ligamx,2021,2021-11-07,Monterrey @ Club America,1X2,america,,2.33,0.5145,0.4292,8.95,lose,-1.0,0.34,market_avg,True
ligamx,2021,2021-11-07,Monterrey @ Club America,1X2,draw,,3.11,0.2997,0.3215,-3.06,win,2.11,0.34,market_avg,False
ligamx,2021,2021-11-07,Monterrey @ Club America,1X2,monterrey,,3.13,0.1858,0.3195,-18.83,lose,-1.0,0.34,market_avg,False
ligamx,2021,2021-11-07,Juarez @ Tigres UANL,1X2,tigres uanl,,1.42,0.6225,0.7042,-5.22,win,0.41999999999999993,0.34,market_avg,False
ligamx,2021,2021-11-07,Juarez @ Tigres UANL,1X2,draw,,4.33,0.2376,0.2309,1.3,lose,-1.0,0.34,market_avg,False
ligamx,2021,2021-11-07,Juarez @ Tigres UANL,1X2,juarez,,7.59,0.1399,0.1318,2.78,lose,-1.0,0.34,market_avg,False
ligamx,2021,2021-11-07,Pachuca @ Club Tijuana,1X2,tijuana,,2.72,0.3531,0.3676,-1.78,win,1.7200000000000002,0.34,market_avg,False
ligamx,2021,2021-11-07,Pachuca @ Club Tijuana,1X2,draw,,3.15,0.3243,0.3175,0.97,lose,-1.0,0.34,market_avg,False
ligamx,2021,2021-11-07,Pachuca @ Club Tijuana,1X2,pachuca,,2.6,0.3226,0.3846,-7.25,lose,-1.0,0.34,market_avg,False
ligamx,2021,2021-11-07,Cruz Azul @ UNAM Pumas,1X2,unam pumas,,2.8,0.2105,0.3571,-18.48,win,1.7999999999999998,0.34,market_avg,False
ligamx,2021,2021-11-07,Cruz Azul @ UNAM Pumas,1X2,draw,,3.05,0.3938,0.3279,9.05,lose,-1.0,0.34,market_avg,True
ligamx,2021,2021-11-07,Cruz Azul @ UNAM Pumas,1X2,cruz azul,,2.61,0.3957,0.3831,1.47,lose,-1.0,0.34,market_avg,False
ligamx,2021,2021-11-08,Atl. San Luis @ Santos Laguna,1X2,santos laguna,,2.07,0.5815,0.4831,9.17,lose,-1.0,0.334,market_avg,True
ligamx,2021,2021-11-08,Atl. San Luis @ Santos Laguna,1X2,draw,,3.18,0.2488,0.3145,-9.4,win,2.18,0.334,market_avg,False
ligamx,2021,2021-11-08,Atl. San Luis @ Santos Laguna,1X2,atl san luis,,3.68,0.1697,0.2717,-16.9,lose,-1.0,0.334,market_avg,False
ligamx,2021,2021-11-21,Atl. San Luis @ Santos Laguna,1X2,santos laguna,,1.71,0.5591,0.5848,-1.98,win,0.71,0.34,market_avg,False
ligamx,2021,2021-11-21,Atl. San Luis @ Santos Laguna,1X2,draw,,3.58,0.2524,0.2793,-4.34,lose,-1.0,0.34,market_avg,False
ligamx,2021,2021-11-21,Atl. San Luis @ Santos Laguna,1X2,atl san luis,,4.91,0.1886,0.2037,-3.34,lose,-1.0,0.34,market_avg,False
ligamx,2021,2021-11-21,Guadalajara Chivas @ Puebla,1X2,puebla,,2.6,0.3605,0.3846,-2.82,lose,-1.0,0.34,market_avg,False
ligamx,2021,2021-11-21,Guadalajara Chivas @ Puebla,1X2,draw,,2.75,0.3767,0.3636,1.62,win,1.75,0.34,market_avg,False
ligamx,2021,2021-11-21,Guadalajara Chivas @ Puebla,1X2,guadalajara chivas,,3.14,0.2628,0.3185,-7.87,lose,-1.0,0.34,market_avg,False
ligamx,2021,2021-11-21,UNAM Pumas @ Toluca,1X2,toluca,,2.27,0.5093,0.4405,7.02,lose,-1.0,0.34,market_avg,True
ligamx,2021,2021-11-21,UNAM Pumas @ Toluca,1X2,draw,,3.15,0.259,0.3175,-8.29,lose,-1.0,0.34,market_avg,False
ligamx,2021,2021-11-21,UNAM Pumas @ Toluca,1X2,unam pumas,,3.24,0.2317,0.3086,-11.22,win,2.24,0.34,market_avg,False
ligamx,2021,2021-11-22,Monterrey @ Cruz Azul,1X2,cruz azul,,2.39,0.4188,0.4184,0.04,lose,-1.0,0.34,market_avg,False
ligamx,2021,2021-11-22,Monterrey @ Cruz Azul,1X2,draw,,2.98,0.3075,0.3356,-3.76,lose,-1.0,0.34,market_avg,False
ligamx,2021,2021-11-22,Monterrey @ Cruz Azul,1X2,monterrey,,3.17,0.2737,0.3155,-5.96,win,2.17,0.34,market_avg,False
ligamx,2021,2021-11-25,Club America @ UNAM Pumas,1X2,unam pumas,,3.23,0.2111,0.3096,-14.32,lose,-1.0,0.34,market_avg,False
ligamx,2021,2021-11-25,Club America @ UNAM Pumas,1X2,draw,,2.83,0.3119,0.3534,-5.28,win,1.83,0.34,market_avg,False
ligamx,2021,2021-11-25,Club America @ UNAM Pumas,1X2,america,,2.47,0.477,0.4049,8.02,lose,-1.0,0.34,market_avg,True
ligamx,2021,2021-11-25,Atlas @ Monterrey,1X2,monterrey,,2.0,0.256,0.5,-21.96,lose,-1.0,0.34,market_avg,False
ligamx,2021,2021-11-25,Atlas @ Monterrey,1X2,draw,,3.04,0.3543,0.3289,3.47,win,2.04,0.34,market_avg,True
ligamx,2021,2021-11-25,Atlas @ Monterrey,1X2,atlas,,4.2,0.3897,0.2381,28.65,lose,-1.0,0.34,market_avg,False
ligamx,2021,2021-11-26,Club Leon @ Puebla,1X2,puebla,,2.71,0.3206,0.369,-5.9,win,1.71,0.34,market_avg,False
ligamx,2021,2021-11-26,Club Leon @ Puebla,1X2,draw,,2.92,0.3337,0.3425,-1.16,lose,-1.0,0.34,market_avg,False
ligamx,2021,2021-11-26,Club Leon @ Puebla,1X2,leon,,2.8,0.3457,0.3571,-1.44,lose,-1.0,0.34,market_avg,False
ligamx,2021,2021-11-26,Tigres UANL @ Santos Laguna,1X2,santos laguna,,2.42,0.3751,0.4132,-4.16,win,1.42,0.34,market_avg,False
ligamx,2021,2021-11-26,Tigres UANL @ Santos Laguna,1X2,draw,,2.9,0.2998,0.3448,-5.88,lose,-1.0,0.34,market_avg,False
ligamx,2021,2021-11-26,Tigres UANL @ Santos Laguna,1X2,tigres uanl,,3.23,0.3252,0.3096,2.26,lose,-1.0,0.34,market_avg,False
ligamx,2021,2021-11-28,UNAM Pumas @ Club America,1X2,america,,2.0,0.608,0.5,9.72,lose,-1.0,0.34,market_avg,True
ligamx,2021,2021-11-28,UNAM Pumas @ Club America,1X2,draw,,3.18,0.2977,0.3145,-2.4,lose,-1.0,0.34,market_avg,False
ligamx,2021,2021-11-28,UNAM Pumas @ Club America,1X2,unam pumas,,3.97,0.0943,0.2519,-28.15,win,2.97,0.34,market_avg,False
ligamx,2021,2021-11-28,Monterrey @ Atlas,1X2,atlas,,2.63,0.5003,0.3802,14.22,lose,-1.0,0.34,market_avg,True
ligamx,2021,2021-11-28,Monterrey @ Atlas,1X2,draw,,2.94,0.3738,0.3401,4.45,win,1.94,0.34,market_avg,True
ligamx,2021,2021-11-28,Monterrey @ Atlas,1X2,monterrey,,2.87,0.1258,0.3484,-28.75,lose,-1.0,0.34,market_avg,False
ligamx,2021,2021-11-29,Santos Laguna @ Tigres UANL,1X2,tigres uanl,,1.97,0.4224,0.5076,-7.55,win,0.97,0.34,market_avg,False
ligamx,2021,2021-11-29,Santos Laguna @ Tigres UANL,1X2,draw,,3.32,0.3082,0.3012,1.04,lose,-1.0,0.34,market_avg,False
ligamx,2021,2021-11-29,Santos Laguna @ Tigres UANL,1X2,santos laguna,,3.87,0.2694,0.2584,1.92,lose,-1.0,0.34,market_avg,False
ligamx,2021,2021-11-29,Puebla @ Club Leon,1X2,leon,,1.67,0.4337,0.5988,-12.41,win,0.6699999999999999,0.34,market_avg,False
ligamx,2021,2021-11-29,Puebla @ Club Leon,1X2,draw,,3.72,0.3384,0.2688,11.65,lose,-1.0,0.34,market_avg,True
ligamx,2021,2021-11-29,Puebla @ Club Leon,1X2,puebla,,5.03,0.2279,0.1988,6.59,lose,-1.0,0.34,market_avg,True
ligamx,2021,2021-12-02,Club Leon @ Tigres UANL,1X2,tigres uanl,,2.1,0.4352,0.4762,-3.87,win,1.1,0.34,market_avg,False
ligamx,2021,2021-12-02,Club Leon @ Tigres UANL,1X2,draw,,3.18,0.3585,0.3145,6.3,lose,-1.0,0.34,market_avg,True
ligamx,2021,2021-12-02,Club Leon @ Tigres UANL,1X2,leon,,3.52,0.2063,0.2841,-12.32,lose,-1.0,0.34,market_avg,False
ligamx,2021,2021-12-03,Atlas @ UNAM Pumas,1X2,unam pumas,,2.9,0.2322,0.3448,-14.7,lose,-1.0,0.34,market_avg,False
ligamx,2021,2021-12-03,Atlas @ UNAM Pumas,1X2,draw,,2.63,0.3279,0.3802,-6.19,lose,-1.0,0.34,market_avg,False
ligamx,2021,2021-12-03,Atlas @ UNAM Pumas,1X2,atlas,,2.89,0.4399,0.346,12.21,win,1.8900000000000001,0.34,market_avg,True
ligamx,2021,2021-12-05,Tigres UANL @ Club Leon,1X2,leon,,2.14,0.3172,0.4673,-14.45,win,1.1400000000000001,0.34,market_avg,False
ligamx,2021,2021-12-05,Tigres UANL @ Club Leon,1X2,draw,,3.34,0.3658,0.2994,9.98,lose,-1.0,0.34,market_avg,True
ligamx,2021,2021-12-05,Tigres UANL @ Club Leon,1X2,tigres uanl,,3.33,0.317,0.3003,2.5,lose,-1.0,0.34,market_avg,False
ligamx,2021,2021-12-06,UNAM Pumas @ Atlas,1X2,atlas,,2.07,0.579,0.4831,8.93,lose,-1.0,0.34,market_avg,True
ligamx,2021,2021-12-06,UNAM Pumas @ Atlas,1X2,draw,,3.08,0.3061,0.3247,-2.57,lose,-1.0,0.34,market_avg,False
ligamx,2021,2021-12-06,UNAM Pumas @ Atlas,1X2,unam pumas,,3.83,0.1149,0.2611,-25.2,win,2.83,0.34,market_avg,False
ligamx,2021,2021-12-10,Atlas @ Club Leon,1X2,leon,,2.36,0.3367,0.4237,-9.24,win,1.3599999999999999,0.34,market_avg,False
ligamx,2021,2021-12-10,Atlas @ Club Leon,1X2,draw,,2.81,0.3833,0.3559,3.47,lose,-1.0,0.34,market_avg,True
ligamx,2021,2021-12-10,Atlas @ Club Leon,1X2,atlas,,3.45,0.28,0.2899,-1.53,lose,-1.0,0.34,market_avg,False
ligamx,2021,2021-12-13,Club Leon @ Atlas,1X2,atlas,,2.15,0.3726,0.4651,-8.95,win,1.15,0.34,market_avg,False
ligamx,2021,2021-12-13,Club Leon @ Atlas,1X2,draw,,3.12,0.3776,0.3205,8.02,lose,-1.0,0.34,market_avg,True
ligamx,2021,2021-12-13,Club Leon @ Atlas,1X2,leon,,3.55,0.2498,0.2817,-5.09,lose,-1.0,0.34,market_avg,False
ligamx,2021,2022-01-07,Pachuca @ Atl. San Luis,1X2,atl san luis,,2.76,0.388,0.3623,3.19,lose,-1.0,0.34,market_avg,True
ligamx,2021,2022-01-07,Pachuca @ Atl. San Luis,1X2,draw,,3.2,0.2845,0.3125,-4.03,lose,-1.0,0.34,market_avg,False
ligamx,2021,2022-01-07,Pachuca @ Atl. San Luis,1X2,pachuca,,2.53,0.3275,0.3953,-7.71,win,1.5299999999999998,0.34,market_avg,False
ligamx,2021,2022-01-08,Necaxa @ Juarez,1X2,juarez,,2.94,0.3578,0.3401,2.34,win,1.94,0.34,market_avg,False
ligamx,2021,2022-01-08,Necaxa @ Juarez,1X2,draw,,2.82,0.3049,0.3546,-6.3,lose,-1.0,0.34,market_avg,False
ligamx,2021,2022-01-08,Necaxa @ Juarez,1X2,necaxa,,2.67,0.3372,0.3745,-4.48,lose,-1.0,0.34,market_avg,False
ligamx,2021,2022-01-08,Club America @ Puebla,1X2,puebla,,2.78,0.2711,0.3597,-11.09,lose,-1.0,0.34,market_avg,False
ligamx,2021,2022-01-08,Club America @ Puebla,1X2,draw,,2.95,0.3435,0.339,0.6,win,1.9500000000000002,0.34,market_avg,False
ligamx,2021,2022-01-08,Club America @ Puebla,1X2,america,,2.7,0.3854,0.3704,1.83,lose,-1.0,0.34,market_avg,False
ligamx,2021,2022-01-09,Queretaro @ Monterrey,1X2,monterrey,,1.47,0.5431,0.6803,-9.07,lose,-1.0,0.34,market_avg,False
ligamx,2021,2022-01-09,Queretaro @ Monterrey,1X2,draw,,4.06,0.2989,0.2463,9.6,win,3.0599999999999996,0.34,market_avg,True
ligamx,2021,2022-01-09,Queretaro @ Monterrey,1X2,queretaro,,6.96,0.158,0.1437,4.48,lose,-1.0,0.34,market_avg,False
ligamx,2021,2022-01-09,Club Tijuana @ Cruz Azul,1X2,cruz azul,,1.71,0.5565,0.5848,-2.18,win,0.71,0.34,market_avg,False
ligamx,2021,2022-01-09,Club Tijuana @ Cruz Azul,1X2,draw,,3.34,0.2496,0.2994,-7.49,lose,-1.0,0.34,market_avg,False
ligamx,2021,2022-01-09,Club Tijuana @ Cruz Azul,1X2,tijuana,,5.47,0.1939,0.1828,2.73,lose,-1.0,0.34,market_avg,False
ligamx,2021,2022-01-10,Mazatlan FC @ Guadalajara Chivas,1X2,guadalajara chivas,,1.61,0.4567,0.6211,-11.91,win,0.6100000000000001,0.334,market_avg,False
ligamx,2021,2022-01-10,Mazatlan FC @ Guadalajara Chivas,1X2,draw,,3.5,0.314,0.2857,4.45,lose,-1.0,0.334,market_avg,True
ligamx,2021,2022-01-10,Mazatlan FC @ Guadalajara Chivas,1X2,mazatlan,,6.18,0.2293,0.1618,18.78,lose,-1.0,0.334,market_avg,True
ligamx,2021,2022-01-11,Toluca @ UNAM Pumas,1X2,unam pumas,,2.24,0.4121,0.4464,-3.46,win,1.2400000000000002,0.34,market_avg,False
ligamx,2021,2022-01-11,Toluca @ UNAM Pumas,1X2,draw,,3.24,0.2796,0.3086,-4.23,lose,-1.0,0.34,market_avg,False
ligamx,2021,2022-01-11,Toluca @ UNAM Pumas,1X2,toluca,,3.2,0.3083,0.3125,-0.6,lose,-1.0,0.34,market_avg,False
ligamx,2021,2022-01-13,Tigres UANL @ Santos Laguna,1X2,santos laguna,,2.39,0.4069,0.4184,-1.24,lose,-1.0,0.34,market_avg,False
ligamx,2021,2022-01-13,Tigres UANL @ Santos Laguna,1X2,draw,,3.08,0.2958,0.3247,-4.0,win,2.08,0.34,market_avg,False
ligamx,2021,2022-01-13,Tigres UANL @ Santos Laguna,1X2,tigres uanl,,3.05,0.2973,0.3279,-4.2,lose,-1.0,0.34,market_avg,False
ligamx,2021,2022-01-15,UNAM Pumas @ Queretaro,1X2,queretaro,,2.97,0.2904,0.3367,-6.19,lose,-1.0,0.34,market_avg,False
ligamx,2021,2022-01-15,UNAM Pumas @ Queretaro,1X2,draw,,3.02,0.3352,0.3311,0.56,lose,-1.0,0.34,market_avg,False
ligamx,2021,2022-01-15,UNAM Pumas @ Queretaro,1X2,unam pumas,,2.5,0.3744,0.4,-2.88,win,1.5,0.34,market_avg,False
ligamx,2021,2022-01-15,Monterrey @ Necaxa,1X2,necaxa,,3.52,0.2853,0.2841,0.19,lose,-1.0,0.34,market_avg,False
ligamx,2021,2022-01-15,Monterrey @ Necaxa,1X2,draw,,3.15,0.3153,0.3175,-0.31,lose,-1.0,0.34,market_avg,False
ligamx,2021,2022-01-15,Monterrey @ Necaxa,1X2,monterrey,,2.14,0.3994,0.4673,-6.54,win,1.1400000000000001,0.34,market_avg,False
ligamx,2021,2022-01-15,Atl. San Luis @ Atlas,1X2,atlas,,1.75,0.603,0.5714,2.49,win,0.75,0.34,market_avg,False
ligamx,2021,2022-01-15,Atl. San Luis @ Atlas,1X2,draw,,3.27,0.2649,0.3058,-6.02,lose,-1.0,0.34,market_avg,False
ligamx,2021,2022-01-15,Atl. San Luis @ Atlas,1X2,atl san luis,,5.19,0.1321,0.1927,-14.15,lose,-1.0,0.34,market_avg,False
ligamx,2021,2022-01-16,Puebla @ Tigres UANL,1X2,tigres uanl,,1.56,0.5001,0.641,-9.89,lose,-1.0,0.34,market_avg,False
ligamx,2021,2022-01-16,Puebla @ Tigres UANL,1X2,draw,,3.79,0.2929,0.2639,4.95,lose,-1.0,0.34,market_avg,True
ligamx,2021,2022-01-16,Puebla @ Tigres UANL,1X2,puebla,,6.14,0.207,0.1629,12.19,win,5.14,0.34,market_avg,True
ligamx,2021,2022-01-16,Juarez @ Cruz Azul,1X2,cruz azul,,1.71,0.5643,0.5848,-1.58,win,0.71,0.34,market_avg,False
ligamx,2021,2022-01-16,Juarez @ Cruz Azul,1X2,draw,,3.3,0.2546,0.303,-7.19,lose,-1.0,0.34,market_avg,False
ligamx,2021,2022-01-16,Juarez @ Cruz Azul,1X2,juarez,,5.61,0.1811,0.1783,0.72,lose,-1.0,0.34,market_avg,False
ligamx,2021,2022-01-16,Club Leon @ Club Tijuana,1X2,tijuana,,2.44,0.2423,0.4098,-18.4,lose,-1.0,0.34,market_avg,False
ligamx,2021,2022-01-16,Club Leon @ Club Tijuana,1X2,draw,,3.33,0.2821,0.3003,-2.72,win,2.33,0.34,market_avg,False
ligamx,2021,2022-01-16,Club Leon @ Club Tijuana,1X2,leon,,2.79,0.4756,0.3584,14.71,lose,-1.0,0.34,market_avg,True
ligamx,2021,2022-01-16,Santos Laguna @ Toluca,1X2,toluca,,2.96,0.313,0.3378,-3.31,win,1.96,0.34,market_avg,False
ligamx,2021,2022-01-16,Santos Laguna @ Toluca,1X2,draw,,3.29,0.2854,0.304,-2.75,lose,-1.0,0.34,market_avg,False
ligamx,2021,2022-01-16,Santos Laguna @ Toluca,1X2,santos laguna,,2.35,0.4017,0.4255,-2.52,lose,-1.0,0.34,market_avg,False
ligamx,2021,2022-01-16,Guadalajara Chivas @ Pachuca,1X2,pachuca,,2.17,0.3552,0.4608,-10.32,win,1.17,0.34,market_avg,False
ligamx,2021,2022-01-16,Guadalajara Chivas @ Pachuca,1X2,draw,,3.19,0.3323,0.3135,2.71,lose,-1.0,0.34,market_avg,False
ligamx,2021,2022-01-16,Guadalajara Chivas @ Pachuca,1X2,guadalajara chivas,,3.38,0.3125,0.2959,2.53,lose,-1.0,0.34,market_avg,False
ligamx,2021,2022-01-20,Atlas @ Club Leon,1X2,leon,,2.39,0.3146,0.4184,-11.16,lose,-1.0,0.34,market_avg,False
ligamx,2021,2022-01-20,Atlas @ Club Leon,1X2,draw,,2.94,0.3511,0.3401,1.45,win,1.94,0.34,market_avg,False
ligamx,2021,2022-01-20,Atlas @ Club Leon,1X2,atlas,,3.23,0.3343,0.3096,3.59,lose,-1.0,0.34,market_avg,True
ligamx,2021,2022-01-21,Juarez @ Atl. San Luis,1X2,atl san luis,,2.28,0.4456,0.4386,0.72,lose,-1.0,0.34,market_avg,False
ligamx,2021,2022-01-21,Juarez @ Atl. San Luis,1X2,draw,,2.89,0.2921,0.346,-7.01,lose,-1.0,0.34,market_avg,False
ligamx,2021,2022-01-21,Juarez @ Atl. San Luis,1X2,juarez,,3.49,0.2623,0.2865,-3.81,win,2.49,0.34,market_avg,False
ligamx,2021,2022-01-22,Toluca @ Mazatlan FC,1X2,mazatlan,,2.25,0.3796,0.4444,-6.56,lose,-1.0,0.334,market_avg,False
ligamx,2021,2022-01-22,Toluca @ Mazatlan FC,1X2,draw,,3.07,0.2636,0.3257,-8.58,lose,-1.0,0.334,market_avg,False
ligamx,2021,2022-01-22,Toluca @ Mazatlan FC,1X2,toluca,,3.3,0.3568,0.303,7.98,win,2.3,0.334,market_avg,True
ligamx,2021,2022-01-22,Queretaro @ Guadalajara Chivas,1X2,guadalajara chivas,,1.94,0.5002,0.5155,-1.34,lose,-1.0,0.34,market_avg,False
ligamx,2021,2022-01-22,Queretaro @ Guadalajara Chivas,1X2,draw,,3.14,0.332,0.3185,1.91,win,2.14,0.34,market_avg,False
ligamx,2021,2022-01-22,Queretaro @ Guadalajara Chivas,1X2,queretaro,,4.19,0.1679,0.2387,-13.35,lose,-1.0,0.34,market_avg,False
ligamx,2021,2022-01-23,Pachuca @ Club Leon,1X2,leon,,2.39,0.3913,0.4184,-2.92,win,1.3900000000000001,0.34,market_avg,False
ligamx,2021,2022-01-23,Pachuca @ Club Leon,1X2,draw,,3.26,0.3143,0.3067,1.11,lose,-1.0,0.34,market_avg,False
ligamx,2021,2022-01-23,Pachuca @ Club Leon,1X2,pachuca,,2.89,0.2944,0.346,-6.71,lose,-1.0,0.34,market_avg,False
ligamx,2021,2022-01-23,Atlas @ Club America,1X2,america,,2.36,0.3718,0.4237,-5.51,lose,-1.0,0.34,market_avg,False
ligamx,2021,2022-01-23,Atlas @ Club America,1X2,draw,,2.83,0.3964,0.3534,5.48,lose,-1.0,0.34,market_avg,True
ligamx,2021,2022-01-23,Atlas @ Club America,1X2,atlas,,3.36,0.2318,0.2976,-9.95,win,2.36,0.34,market_avg,False
ligamx,2021,2022-01-23,Cruz Azul @ Monterrey,1X2,monterrey,,1.84,0.4705,0.5435,-6.04,lose,-1.0,0.34,market_avg,False
ligamx,2021,2022-01-23,Cruz Azul @ Monterrey,1X2,draw,,3.22,0.296,0.3106,-2.11,win,2.22,0.34,market_avg,False
ligamx,2021,2022-01-23,Cruz Azul @ Monterrey,1X2,cruz azul,,4.58,0.2335,0.2183,3.13,lose,-1.0,0.34,market_avg,False
ligamx,2021,2022-01-23,Tigres UANL @ UNAM Pumas,1X2,unam pumas,,2.77,0.3661,0.361,0.64,lose,-1.0,0.34,market_avg,False
ligamx,2021,2022-01-23,Tigres UANL @ UNAM Pumas,1X2,draw,,3.15,0.2869,0.3175,-4.33,lose,-1.0,0.34,market_avg,False
ligamx,2021,2022-01-23,Tigres UANL @ UNAM Pumas,1X2,tigres uanl,,2.53,0.347,0.3953,-5.5,win,1.5299999999999998,0.34,market_avg,False
ligamx,2021,2022-01-24,Necaxa @ Santos Laguna,1X2,santos laguna,,1.67,0.5941,0.5988,-0.35,lose,-1.0,0.34,market_avg,False
ligamx,2021,2022-01-24,Necaxa @ Santos Laguna,1X2,draw,,3.62,0.2455,0.2762,-5.01,lose,-1.0,0.34,market_avg,False
ligamx,2021,2022-01-24,Necaxa @ Santos Laguna,1X2,necaxa,,5.01,0.1605,0.1996,-8.83,win,4.01,0.34,market_avg,False
ligamx,2021,2022-01-29,Club Tijuana @ Puebla,1X2,puebla,,2.28,0.5341,0.4386,9.8,win,1.2799999999999998,0.34,market_avg,True
ligamx,2021,2022-01-29,Club Tijuana @ Puebla,1X2,draw,,2.96,0.275,0.3378,-8.37,lose,-1.0,0.34,market_avg,False
ligamx,2021,2022-01-29,Club Tijuana @ Puebla,1X2,tijuana,,3.43,0.1909,0.2915,-15.54,lose,-1.0,0.34,market_avg,False
ligamx,2021,2022-02-05,Pachuca @ Necaxa,1X2,necaxa,,2.77,0.3461,0.361,-1.86,lose,-1.0,0.34,market_avg,False
ligamx,2021,2022-02-05,Pachuca @ Necaxa,1X2,draw,,3.23,0.2816,0.3096,-4.07,lose,-1.0,0.34,market_avg,False
ligamx,2021,2022-02-05,Pachuca @ Necaxa,1X2,pachuca,,2.52,0.3723,0.3968,-2.78,win,1.52,0.34,market_avg,False
ligamx,2021,2022-02-06,Atl. San Luis @ Club America,1X2,america,,1.64,0.5528,0.6098,-4.2,lose,-1.0,0.34,market_avg,False
ligamx,2021,2022-02-06,Atl. San Luis @ Club America,1X2,draw,,3.59,0.2863,0.2786,1.25,lose,-1.0,0.34,market_avg,False
ligamx,2021,2022-02-06,Atl. San Luis @ Club America,1X2,atl san luis,,5.53,0.1609,0.1808,-4.96,win,4.53,0.34,market_avg,False
ligamx,2021,2022-02-06,UNAM Pumas @ Club Tijuana,1X2,tijuana,,2.19,0.2634,0.4566,-19.04,win,1.19,0.34,market_avg,False
ligamx,2021,2022-02-06,UNAM Pumas @ Club Tijuana,1X2,draw,,3.38,0.2713,0.2959,-3.74,lose,-1.0,0.34,market_avg,False
ligamx,2021,2022-02-06,UNAM Pumas @ Club Tijuana,1X2,unam pumas,,3.15,0.4654,0.3175,20.97,lose,-1.0,0.34,market_avg,True
ligamx,2021,2022-02-06,Puebla @ Queretaro,1X2,queretaro,,2.65,0.2537,0.3774,-14.75,lose,-1.0,0.34,market_avg,False
ligamx,2021,2022-02-06,Puebla @ Queretaro,1X2,draw,,3.01,0.338,0.3322,0.78,lose,-1.0,0.34,market_avg,False
ligamx,2021,2022-02-06,Puebla @ Queretaro,1X2,puebla,,2.78,0.4083,0.3597,6.08,win,1.7799999999999998,0.34,market_avg,True
ligamx,2021,2022-02-07,Santos Laguna @ Atlas,1X2,atlas,,2.14,0.4916,0.4673,2.34,win,1.1400000000000001,0.34,market_avg,False
ligamx,2021,2022-02-07,Santos Laguna @ Atlas,1X2,draw,,3.0,0.3099,0.3333,-3.17,lose,-1.0,0.34,market_avg,False
ligamx,2021,2022-02-07,Santos Laguna @ Atlas,1X2,santos laguna,,3.73,0.1986,0.2681,-11.67,lose,-1.0,0.34,market_avg,False
ligamx,2021,2022-02-07,Mazatlan FC @ Tigres UANL,1X2,tigres uanl,,1.44,0.6093,0.6944,-5.52,win,0.43999999999999995,0.334,market_avg,False
ligamx,2021,2022-02-07,Mazatlan FC @ Tigres UANL,1X2,draw,,4.15,0.2334,0.241,-1.41,lose,-1.0,0.334,market_avg,False
ligamx,2021,2022-02-07,Mazatlan FC @ Tigres UANL,1X2,mazatlan,,7.61,0.1573,0.1314,8.86,lose,-1.0,0.334,market_avg,False
ligamx,2021,2022-02-08,Cruz Azul @ Club Leon,1X2,leon,,2.56,0.4334,0.3906,4.93,lose,-1.0,0.34,market_avg,True
ligamx,2021,2022-02-08,Cruz Azul @ Club Leon,1X2,draw,,3.03,0.2922,0.33,-5.16,lose,-1.0,0.34,market_avg,False
ligamx,2021,2022-02-08,Cruz Azul @ Club Leon,1X2,cruz azul,,2.88,0.2744,0.3472,-9.44,win,1.88,0.34,market_avg,False
ligamx,2021,2022-02-10,Guadalajara Chivas @ Juarez,1X2,juarez,,2.9,0.2677,0.3448,-10.07,lose,-1.0,0.34,market_avg,False
ligamx,2021,2022-02-10,Guadalajara Chivas @ Juarez,1X2,draw,,2.8,0.3365,0.3571,-2.6,lose,-1.0,0.34,market_avg,False
ligamx,2021,2022-02-10,Guadalajara Chivas @ Juarez,1X2,guadalajara chivas,,2.72,0.3958,0.3676,3.44,win,1.7200000000000002,0.34,market_avg,True
ligamx,2021,2022-02-12,Club Tijuana @ Mazatlan FC,1X2,mazatlan,,2.96,0.4527,0.3378,15.3,win,1.96,0.334,market_avg,True
ligamx,2021,2022-02-12,Club Tijuana @ Mazatlan FC,1X2,draw,,3.13,0.2667,0.3195,-7.43,lose,-1.0,0.334,market_avg,False
ligamx,2021,2022-02-12,Club Tijuana @ Mazatlan FC,1X2,tijuana,,2.43,0.2806,0.4115,-14.31,lose,-1.0,0.334,market_avg,False
ligamx,2021,2022-02-12,Atlas @ Puebla,1X2,puebla,,3.07,0.2728,0.3257,-7.32,lose,-1.0,0.34,market_avg,False
ligamx,2021,2022-02-12,Atlas @ Puebla,1X2,draw,,2.78,0.3533,0.3597,-0.8,win,1.7799999999999998,0.34,market_avg,False
ligamx,2021,2022-02-12,Atlas @ Puebla,1X2,atlas,,2.63,0.374,0.3802,-0.74,lose,-1.0,0.34,market_avg,False
ligamx,2021,2022-02-12,Toluca @ Atl. San Luis,1X2,atl san luis,,1.95,0.3576,0.5128,-13.62,lose,-1.0,0.34,market_avg,False
ligamx,2021,2022-02-12,Toluca @ Atl. San Luis,1X2,draw,,3.45,0.2682,0.2899,-3.35,lose,-1.0,0.34,market_avg,False
ligamx,2021,2022-02-12,Toluca @ Atl. San Luis,1X2,toluca,,3.76,0.3742,0.266,18.31,win,2.76,0.34,market_avg,True
ligamx,2021,2022-02-12,Tigres UANL @ Guadalajara Chivas,1X2,guadalajara chivas,,2.56,0.3109,0.3906,-9.18,lose,-1.0,0.34,market_avg,False
ligamx,2021,2022-02-12,Tigres UANL @ Guadalajara Chivas,1X2,draw,,3.01,0.3213,0.3322,-1.48,lose,-1.0,0.34,market_avg,False
ligamx,2021,2022-02-12,Tigres UANL @ Guadalajara Chivas,1X2,tigres uanl,,2.89,0.3678,0.346,2.83,win,1.8900000000000001,0.34,market_avg,False
ligamx,2021,2022-02-13,Necaxa @ Cruz Azul,1X2,cruz azul,,1.86,0.5444,0.5376,0.57,lose,-1.0,0.34,market_avg,False
ligamx,2021,2022-02-13,Necaxa @ Cruz Azul,1X2,draw,,3.23,0.2551,0.3096,-7.92,lose,-1.0,0.34,market_avg,False
ligamx,2021,2022-02-13,Necaxa @ Cruz Azul,1X2,necaxa,,4.56,0.2005,0.2193,-3.86,win,3.5599999999999996,0.34,market_avg,False
ligamx,2021,2022-02-13,Club America @ Santos Laguna,1X2,santos laguna,,2.33,0.3506,0.4292,-8.24,lose,-1.0,0.34,market_avg,False
ligamx,2021,2022-02-13,Club America @ Santos Laguna,1X2,draw,,3.13,0.3092,0.3195,-1.44,lose,-1.0,0.34,market_avg,False
ligamx,2021,2022-02-13,Club America @ Santos Laguna,1X2,america,,3.11,0.3402,0.3215,2.61,win,2.11,0.34,market_avg,False
ligamx,2021,2022-02-13,Club Leon @ UNAM Pumas,1X2,unam pumas,,2.36,0.3535,0.4237,-7.46,win,1.3599999999999999,0.34,market_avg,False
ligamx,2021,2022-02-13,Club Leon @ UNAM Pumas,1X2,draw,,3.35,0.3007,0.2985,0.33,lose,-1.0,0.34,market_avg,False
ligamx,2021,2022-02-13,Club Leon @ UNAM Pumas,1X2,leon,,2.9,0.3457,0.3448,0.11,lose,-1.0,0.34,market_avg,False
ligamx,2021,2022-02-15,Queretaro @ Pachuca,1X2,pachuca,,1.54,0.5272,0.6494,-8.47,lose,-1.0,0.34,market_avg,False
ligamx,2021,2022-02-15,Queretaro @ Pachuca,1X2,draw,,3.97,0.29,0.2519,6.81,win,2.97,0.34,market_avg,True
ligamx,2021,2022-02-15,Queretaro @ Pachuca,1X2,queretaro,,5.91,0.1828,0.1692,3.62,lose,-1.0,0.34,market_avg,False
ligamx,2021,2022-02-17,Club America @ Mazatlan FC,1X2,mazatlan,,3.14,0.2662,0.3185,-7.39,win,2.14,0.334,market_avg,False
ligamx,2021,2022-02-17,Club America @ Mazatlan FC,1X2,draw,,3.09,0.2821,0.3236,-5.77,lose,-1.0,0.334,market_avg,False
ligamx,2021,2022-02-17,Club America @ Mazatlan FC,1X2,america,,2.35,0.4517,0.4255,2.77,lose,-1.0,0.334,market_avg,False
ligamx,2021,2022-02-19,Monterrey @ Puebla,1X2,puebla,,3.0,0.3331,0.3333,-0.03,win,2.0,0.34,market_avg,False
ligamx,2021,2022-02-19,Monterrey @ Puebla,1X2,draw,,3.09,0.3228,0.3236,-0.11,lose,-1.0,0.34,market_avg,False
ligamx,2021,2022-02-19,Monterrey @ Puebla,1X2,monterrey,,2.45,0.344,0.4082,-7.07,lose,-1.0,0.34,market_avg,False
ligamx,2021,2022-02-19,Santos Laguna @ Juarez,1X2,juarez,,3.09,0.2767,0.3236,-6.52,lose,-1.0,0.34,market_avg,False
ligamx,2021,2022-02-19,Santos Laguna @ Juarez,1X2,draw,,2.97,0.2816,0.3367,-7.36,win,1.9700000000000002,0.34,market_avg,False
ligamx,2021,2022-02-19,Santos Laguna @ Juarez,1X2,santos laguna,,2.46,0.4417,0.4065,3.9,lose,-1.0,0.34,market_avg,True
ligamx,2021,2022-02-19,Necaxa @ Club Tijuana,1X2,tijuana,,1.79,0.3392,0.5587,-17.68,lose,-1.0,0.34,market_avg,False
ligamx,2021,2022-02-19,Necaxa @ Club Tijuana,1X2,draw,,3.5,0.282,0.2857,-0.58,win,2.5,0.34,market_avg,False
ligamx,2021,2022-02-19,Necaxa @ Club Tijuana,1X2,necaxa,,4.52,0.3788,0.2212,32.05,lose,-1.0,0.34,market_avg,False
ligamx,2021,2022-02-19,Mazatlan FC @ Queretaro,1X2,queretaro,,1.96,0.3848,0.5102,-11.06,win,0.96,0.334,market_avg,False
ligamx,2021,2022-02-19,Mazatlan FC @ Queretaro,1X2,draw,,3.29,0.3284,0.304,3.62,lose,-1.0,0.334,market_avg,True
ligamx,2021,2022-02-19,Mazatlan FC @ Queretaro,1X2,mazatlan,,3.95,0.2868,0.2532,5.97,lose,-1.0,0.334,market_avg,True
ligamx,2021,2022-02-20,Atl. San Luis @ Tigres UANL,1X2,tigres uanl,,1.5,0.6123,0.6667,-3.67,win,0.5,0.34,market_avg,False
ligamx,2021,2022-02-20,Atl. San Luis @ Tigres UANL,1X2,draw,,4.17,0.2301,0.2398,-1.82,lose,-1.0,0.34,market_avg,False
ligamx,2021,2022-02-20,Atl. San Luis @ Tigres UANL,1X2,atl san luis,,6.34,0.1576,0.1577,-0.04,lose,-1.0,0.34,market_avg,False
ligamx,2021,2022-02-20,Guadalajara Chivas @ Club Leon,1X2,leon,,2.26,0.4055,0.4425,-3.76,win,1.2599999999999998,0.34,market_avg,False
ligamx,2021,2022-02-20,Guadalajara Chivas @ Club Leon,1X2,draw,,3.13,0.3196,0.3195,0.02,lose,-1.0,0.34,market_avg,False
ligamx,2021,2022-02-20,Guadalajara Chivas @ Club Leon,1X2,guadalajara chivas,,3.28,0.2749,0.3049,-4.42,lose,-1.0,0.34,market_avg,False
ligamx,2021,2022-02-20,Pachuca @ Club America,1X2,america,,2.39,0.3632,0.4184,-5.94,lose,-1.0,0.34,market_avg,False
ligamx,2021,2022-02-20,Pachuca @ Club America,1X2,draw,,3.2,0.3126,0.3125,0.01,lose,-1.0,0.34,market_avg,False
ligamx,2021,2022-02-20,Pachuca @ Club America,1X2,pachuca,,3.0,0.3242,0.3333,-1.23,win,2.0,0.34,market_avg,False
ligamx,2021,2022-02-21,Cruz Azul @ Toluca,1X2,toluca,,3.05,0.3611,0.3279,4.56,lose,-1.0,0.34,market_avg,True
ligamx,2021,2022-02-21,Cruz Azul @ Toluca,1X2,draw,,3.16,0.2739,0.3165,-6.05,lose,-1.0,0.34,market_avg,False
ligamx,2021,2022-02-21,Cruz Azul @ Toluca,1X2,cruz azul,,2.37,0.3649,0.4219,-6.08,win,1.37,0.34,market_avg,False
ligamx,2021,2022-02-21,UNAM Pumas @ Atlas,1X2,atlas,,1.94,0.4948,0.5155,-1.8,lose,-1.0,0.34,market_avg,False
ligamx,2021,2022-02-21,UNAM Pumas @ Atlas,1X2,draw,,3.12,0.3083,0.3205,-1.72,win,2.12,0.34,market_avg,False
ligamx,2021,2022-02-21,UNAM Pumas @ Atlas,1X2,unam pumas,,4.31,0.1969,0.232,-6.81,lose,-1.0,0.34,market_avg,False
ligamx,2021,2022-02-25,Mazatlan FC @ Pachuca,1X2,pachuca,,1.42,0.5368,0.7042,-10.7,win,0.41999999999999993,0.334,market_avg,False
ligamx,2021,2022-02-25,Mazatlan FC @ Pachuca,1X2,draw,,4.39,0.241,0.2278,2.61,lose,-1.0,0.334,market_avg,False
ligamx,2021,2022-02-25,Mazatlan FC @ Pachuca,1X2,mazatlan,,7.47,0.2222,0.1339,29.69,lose,-1.0,0.334,market_avg,False
ligamx,2021,2022-02-25,Toluca @ Queretaro,1X2,queretaro,,2.22,0.3266,0.4505,-12.37,lose,-1.0,0.34,market_avg,False
ligamx,2021,2022-02-25,Toluca @ Queretaro,1X2,draw,,3.16,0.2977,0.3165,-2.67,win,2.16,0.34,market_avg,False
ligamx,2021,2022-02-25,Toluca @ Queretaro,1X2,toluca,,3.35,0.3757,0.2985,11.64,lose,-1.0,0.34,market_avg,True
ligamx,2021,2022-02-26,Club Leon @ Necaxa,1X2,necaxa,,2.71,0.2808,0.369,-10.76,lose,-1.0,0.34,market_avg,False
ligamx,2021,2022-02-26,Club Leon @ Necaxa,1X2,draw,,3.11,0.2844,0.3215,-5.19,lose,-1.0,0.34,market_avg,False
ligamx,2021,2022-02-26,Club Leon @ Necaxa,1X2,leon,,2.64,0.4348,0.3788,6.65,win,1.6400000000000001,0.34,market_avg,True
ligamx,2021,2022-02-26,Tigres UANL @ Juarez,1X2,juarez,,4.39,0.2015,0.2278,-5.2,lose,-1.0,0.34,market_avg,False
ligamx,2021,2022-02-26,Tigres UANL @ Juarez,1X2,draw,,3.32,0.2643,0.3012,-5.52,lose,-1.0,0.34,market_avg,False
ligamx,2021,2022-02-26,Tigres UANL @ Juarez,1X2,tigres uanl,,1.86,0.5343,0.5376,-0.28,win,0.8600000000000001,0.34,market_avg,False
ligamx,2021,2022-02-26,Atlas @ Club Tijuana,1X2,tijuana,,2.46,0.1573,0.4065,-27.58,win,1.46,0.34,market_avg,False
ligamx,2021,2022-02-26,Atlas @ Club Tijuana,1X2,draw,,2.96,0.2987,0.3378,-5.22,lose,-1.0,0.34,market_avg,False
ligamx,2021,2022-02-26,Atlas @ Club Tijuana,1X2,atlas,,3.1,0.544,0.3226,30.88,lose,-1.0,0.34,market_avg,False
ligamx,2021,2022-02-26,Atl. San Luis @ Monterrey,1X2,monterrey,,1.51,0.5631,0.6623,-6.74,lose,-1.0,0.34,market_avg,False
ligamx,2021,2022-02-26,Atl. San Luis @ Monterrey,1X2,draw,,4.04,0.2671,0.2475,3.56,lose,-1.0,0.34,market_avg,False
ligamx,2021,2022-02-26,Atl. San Luis @ Monterrey,1X2,atl san luis,,6.38,0.1698,0.1567,3.75,win,5.38,0.34,market_avg,False
ligamx,2021,2022-02-27,Puebla @ Guadalajara Chivas,1X2,guadalajara chivas,,2.28,0.3318,0.4386,-10.96,lose,-1.0,0.34,market_avg,False
ligamx,2021,2022-02-27,Puebla @ Guadalajara Chivas,1X2,draw,,3.04,0.3328,0.3289,0.53,lose,-1.0,0.34,market_avg,False
ligamx,2021,2022-02-27,Puebla @ Guadalajara Chivas,1X2,puebla,,3.33,0.3354,0.3003,5.26,win,2.33,0.34,market_avg,True
ligamx,2021,2022-02-27,Club America @ UNAM Pumas,1X2,unam pumas,,2.79,0.3781,0.3584,2.47,lose,-1.0,0.34,market_avg,False
ligamx,2021,2022-02-27,Club America @ UNAM Pumas,1X2,draw,,3.14,0.301,0.3185,-2.47,win,2.14,0.34,market_avg,False
ligamx,2021,2022-02-27,Club America @ UNAM Pumas,1X2,america,,2.56,0.3209,0.3906,-8.04,lose,-1.0,0.34,market_avg,False
ligamx,2021,2022-02-28,Santos Laguna @ Cruz Azul,1X2,cruz azul,,1.97,0.4459,0.5076,-5.47,lose,-1.0,0.34,market_avg,False
ligamx,2021,2022-02-28,Santos Laguna @ Cruz Azul,1X2,draw,,3.13,0.2746,0.3195,-6.33,lose,-1.0,0.34,market_avg,False
ligamx,2021,2022-02-28,Santos Laguna @ Cruz Azul,1X2,santos laguna,,4.16,0.2796,0.2404,7.34,win,3.16,0.34,market_avg,True
ligamx,2021,2022-03-02,Juarez @ Puebla,1X2,puebla,,1.75,0.5199,0.5714,-4.05,lose,-1.0,0.34,market_avg,False
ligamx,2021,2022-03-02,Juarez @ Puebla,1X2,draw,,3.34,0.2877,0.2994,-1.76,win,2.34,0.34,market_avg,False
ligamx,2021,2022-03-02,Juarez @ Puebla,1X2,juarez,,5.06,0.1924,0.1976,-1.2,lose,-1.0,0.34,market_avg,False
ligamx,2021,2022-03-02,Club Tijuana @ Toluca,1X2,toluca,,2.28,0.4948,0.4386,5.76,lose,-1.0,0.34,market_avg,True
ligamx,2021,2022-03-02,Club Tijuana @ Toluca,1X2,draw,,3.2,0.2569,0.3125,-8.0,lose,-1.0,0.34,market_avg,False
ligamx,2021,2022-03-02,Club Tijuana @ Toluca,1X2,tijuana,,3.17,0.2483,0.3155,-9.58,win,2.17,0.34,market_avg,False
ligamx,2021,2022-03-02,Queretaro @ Club America,1X2,america,,1.78,0.4503,0.5618,-8.93,lose,-1.0,0.34,market_avg,False
ligamx,2021,2022-03-02,Queretaro @ Club America,1X2,draw,,3.34,0.3309,0.2994,4.73,win,2.34,0.34,market_avg,True
ligamx,2021,2022-03-02,Queretaro @ Club America,1X2,queretaro,,4.88,0.2188,0.2049,3.04,lose,-1.0,0.34,market_avg,False
ligamx,2021,2022-03-02,Monterrey @ Club Leon,1X2,leon,,2.85,0.3719,0.3509,2.7,lose,-1.0,0.34,market_avg,False
ligamx,2021,2022-03-02,Monterrey @ Club Leon,1X2,draw,,3.11,0.3193,0.3215,-0.31,win,2.11,0.34,market_avg,False
ligamx,2021,2022-03-02,Monterrey @ Club Leon,1X2,monterrey,,2.53,0.3088,0.3953,-9.85,lose,-1.0,0.34,market_avg,False
ligamx,2021,2022-03-02,Necaxa @ Mazatlan FC,1X2,mazatlan,,2.77,0.4009,0.361,4.97,lose,-1.0,0.334,market_avg,True
ligamx,2021,2022-03-02,Necaxa @ Mazatlan FC,1X2,draw,,2.96,0.2682,0.3378,-9.28,win,1.96,0.334,market_avg,False
ligamx,2021,2022-03-02,Necaxa @ Mazatlan FC,1X2,necaxa,,2.71,0.3309,0.369,-4.65,lose,-1.0,0.334,market_avg,False
ligamx,2021,2022-03-03,Pachuca @ Atlas,1X2,atlas,,2.87,0.4509,0.3484,13.24,lose,-1.0,0.34,market_avg,True
ligamx,2021,2022-03-03,Pachuca @ Atlas,1X2,draw,,2.89,0.3098,0.346,-4.72,lose,-1.0,0.34,market_avg,False
ligamx,2021,2022-03-03,Pachuca @ Atlas,1X2,pachuca,,2.68,0.2393,0.3731,-16.14,win,1.6800000000000002,0.34,market_avg,False
ligamx,2021,2022-03-03,Cruz Azul @ Tigres UANL,1X2,tigres uanl,,1.68,0.5011,0.5952,-7.12,lose,-1.0,0.34,market_avg,False
ligamx,2021,2022-03-03,Cruz Azul @ Tigres UANL,1X2,draw,,3.66,0.2603,0.2732,-2.12,win,2.66,0.34,market_avg,False
ligamx,2021,2022-03-03,Cruz Azul @ Tigres UANL,1X2,cruz azul,,5.06,0.2386,0.1976,9.32,lose,-1.0,0.34,market_avg,True
ligamx,2021,2022-03-03,Guadalajara Chivas @ Atl. San Luis,1X2,atl san luis,,2.66,0.3157,0.3759,-7.21,lose,-1.0,0.34,market_avg,False
ligamx,2021,2022-03-03,Guadalajara Chivas @ Atl. San Luis,1X2,draw,,2.92,0.3039,0.3425,-5.07,win,1.92,0.34,market_avg,False
ligamx,2021,2022-03-03,Guadalajara Chivas @ Atl. San Luis,1X2,guadalajara chivas,,2.87,0.3805,0.3484,4.14,lose,-1.0,0.34,market_avg,True
ligamx,2021,2022-03-03,UNAM Pumas @ Santos Laguna,1X2,santos laguna,,2.04,0.3572,0.4902,-12.21,win,1.04,0.34,market_avg,False
ligamx,2021,2022-03-03,UNAM Pumas @ Santos Laguna,1X2,draw,,3.32,0.2999,0.3012,-0.2,lose,-1.0,0.34,market_avg,False
ligamx,2021,2022-03-03,UNAM Pumas @ Santos Laguna,1X2,unam pumas,,3.64,0.3429,0.2747,11.17,lose,-1.0,0.34,market_avg,True
ligamx,2021,2022-03-05,Toluca @ Necaxa,1X2,necaxa,,1.94,0.3127,0.5155,-17.7,lose,-1.0,0.34,market_avg,False
ligamx,2021,2022-03-05,Toluca @ Necaxa,1X2,draw,,3.24,0.2942,0.3086,-2.11,lose,-1.0,0.34,market_avg,False
ligamx,2021,2022-03-05,Toluca @ Necaxa,1X2,toluca,,4.14,0.3931,0.2415,28.24,win,3.1399999999999997,0.34,market_avg,False
ligamx,2021,2022-03-05,Club Leon @ Juarez,1X2,juarez,,3.32,0.1883,0.3012,-16.87,lose,-1.0,0.34,market_avg,False
ligamx,2021,2022-03-05,Club Leon @ Juarez,1X2,draw,,2.97,0.3523,0.3367,2.08,lose,-1.0,0.34,market_avg,False
ligamx,2021,2022-03-05,Club Leon @ Juarez,1X2,leon,,2.33,0.4593,0.4292,3.16,win,1.33,0.34,market_avg,True
ligamx,2021,2022-03-05,Atlas @ Queretaro,1X2,queretaro,,2.9,0.1899,0.3448,-20.22,lose,-1.0,0.34,market_avg,False
ligamx,2021,2022-03-05,Atlas @ Queretaro,1X2,draw,,2.78,0.4269,0.3597,8.41,lose,-1.0,0.34,market_avg,True
ligamx,2021,2022-03-05,Atlas @ Queretaro,1X2,atlas,,2.74,0.3832,0.365,2.25,win,1.7400000000000002,0.34,market_avg,False
ligamx,2021,2022-03-06,Club America @ Monterrey,1X2,monterrey,,1.82,0.429,0.5495,-9.86,win,0.8200000000000001,0.34,market_avg,False
ligamx,2021,2022-03-06,Club America @ Monterrey,1X2,draw,,3.37,0.3352,0.2967,5.83,lose,-1.0,0.34,market_avg,True
ligamx,2021,2022-03-06,Club America @ Monterrey,1X2,america,,4.49,0.2358,0.2227,2.64,lose,-1.0,0.34,market_avg,False
ligamx,2021,2022-03-06,Puebla @ Cruz Azul,1X2,cruz azul,,2.2,0.3231,0.4545,-13.01,lose,-1.0,0.34,market_avg,False
ligamx,2021,2022-03-06,Puebla @ Cruz Azul,1X2,draw,,3.0,0.3294,0.3333,-0.53,lose,-1.0,0.34,market_avg,False
ligamx,2021,2022-03-06,Puebla @ Cruz Azul,1X2,puebla,,3.57,0.3474,0.2801,10.82,win,2.57,0.34,market_avg,True
ligamx,2021,2022-03-06,Santos Laguna @ Guadalajara Chivas,1X2,guadalajara chivas,,2.43,0.3381,0.4115,-8.03,win,1.4300000000000002,0.34,market_avg,False
ligamx,2021,2022-03-06,Santos Laguna @ Guadalajara Chivas,1X2,draw,,3.04,0.3321,0.3289,0.44,lose,-1.0,0.34,market_avg,False
ligamx,2021,2022-03-06,Santos Laguna @ Guadalajara Chivas,1X2,santos laguna,,3.06,0.3298,0.3268,0.41,lose,-1.0,0.34,market_avg,False
ligamx,2021,2022-03-12,Queretaro @ Necaxa,1X2,necaxa,,2.29,0.396,0.4367,-4.19,win,1.29,0.34,market_avg,False
ligamx,2021,2022-03-12,Queretaro @ Necaxa,1X2,draw,,2.94,0.321,0.3401,-2.53,lose,-1.0,0.34,market_avg,False
ligamx,2021,2022-03-12,Queretaro @ Necaxa,1X2,queretaro,,3.43,0.283,0.2915,-1.32,lose,-1.0,0.34,market_avg,False
ligamx,2021,2022-03-12,Atlas @ Juarez,1X2,juarez,,3.78,0.1663,0.2646,-16.71,lose,-1.0,0.34,market_avg,False
ligamx,2021,2022-03-12,Atlas @ Juarez,1X2,draw,,2.81,0.313,0.3559,-5.42,lose,-1.0,0.34,market_avg,False
ligamx,2021,2022-03-12,Atlas @ Juarez,1X2,atlas,,2.23,0.5207,0.4484,7.25,win,1.23,0.34,market_avg,True
ligamx,2021,2022-03-12,Mazatlan FC @ Monterrey,1X2,monterrey,,1.45,0.5407,0.6897,-9.72,win,0.44999999999999996,0.334,market_avg,False
ligamx,2021,2022-03-12,Mazatlan FC @ Monterrey,1X2,draw,,4.13,0.2664,0.2421,4.5,lose,-1.0,0.334,market_avg,True
ligamx,2021,2022-03-12,Mazatlan FC @ Monterrey,1X2,mazatlan,,7.35,0.1929,0.1361,18.8,lose,-1.0,0.334,market_avg,False
ligamx,2021,2022-03-12,Tigres UANL @ Club Leon,1X2,leon,,2.63,0.3523,0.3802,-3.3,lose,-1.0,0.34,market_avg,False
ligamx,2021,2022-03-12,Tigres UANL @ Club Leon,1X2,draw,,3.23,0.2904,0.3096,-2.79,lose,-1.0,0.34,market_avg,False
ligamx,2021,2022-03-12,Tigres UANL @ Club Leon,1X2,tigres uanl,,2.64,0.3572,0.3788,-2.56,win,1.6400000000000001,0.34,market_avg,False
ligamx,2021,2022-03-13,UNAM Pumas @ Cruz Azul,1X2,cruz azul,,2.18,0.4037,0.4587,-5.4,win,1.1800000000000002,0.34,market_avg,False
ligamx,2021,2022-03-13,UNAM Pumas @ Cruz Azul,1X2,draw,,3.2,0.2786,0.3125,-4.88,lose,-1.0,0.34,market_avg,False
ligamx,2021,2022-03-13,UNAM Pumas @ Cruz Azul,1X2,unam pumas,,3.38,0.3177,0.2959,3.32,lose,-1.0,0.34,market_avg,True
ligamx,2021,2022-03-13,Club America @ Guadalajara Chivas,1X2,guadalajara chivas,,2.58,0.354,0.3876,-3.9,lose,-1.0,0.34,market_avg,False
ligamx,2021,2022-03-13,Club America @ Guadalajara Chivas,1X2,draw,,2.95,0.3144,0.339,-3.27,win,1.9500000000000002,0.34,market_avg,False
ligamx,2021,2022-03-13,Club America @ Guadalajara Chivas,1X2,america,,2.95,0.3316,0.339,-0.98,lose,-1.0,0.34,market_avg,False
ligamx,2021,2022-03-13,Pachuca @ Toluca,1X2,toluca,,3.81,0.3096,0.2625,8.08,lose,-1.0,0.34,market_avg,True
ligamx,2021,2022-03-13,Pachuca @ Toluca,1X2,draw,,3.58,0.2575,0.2793,-3.51,lose,-1.0,0.34,market_avg,False
ligamx,2021,2022-03-13,Pachuca @ Toluca,1X2,pachuca,,1.91,0.4329,0.5236,-7.79,win,0.9099999999999999,0.34,market_avg,False
ligamx,2021,2022-03-13,Puebla @ Atl. San Luis,1X2,atl san luis,,2.67,0.2533,0.3745,-14.57,win,1.67,0.34,market_avg,False
ligamx,2021,2022-03-13,Puebla @ Atl. San Luis,1X2,draw,,3.05,0.2869,0.3279,-5.62,lose,-1.0,0.34,market_avg,False
ligamx,2021,2022-03-13,Puebla @ Atl. San Luis,1X2,puebla,,2.75,0.4598,0.3636,11.91,lose,-1.0,0.34,market_avg,True
ligamx,2021,2022-03-14,Club Tijuana @ Santos Laguna,1X2,santos laguna,,2.13,0.5172,0.4695,4.57,win,1.13,0.34,market_avg,True
ligamx,2021,2022-03-14,Club Tijuana @ Santos Laguna,1X2,draw,,3.21,0.2598,0.3115,-7.47,lose,-1.0,0.34,market_avg,False
ligamx,2021,2022-03-14,Club Tijuana @ Santos Laguna,1X2,tijuana,,3.49,0.223,0.2865,-9.98,lose,-1.0,0.34,market_avg,False
ligamx,2021,2022-03-16,Juarez @ Monterrey,1X2,monterrey,,1.41,0.5586,0.7092,-9.56,win,0.4099999999999999,0.34,market_avg,False
ligamx,2021,2022-03-16,Juarez @ Monterrey,1X2,draw,,4.26,0.2753,0.2347,7.78,lose,-1.0,0.34,market_avg,True
ligamx,2021,2022-03-16,Juarez @ Monterrey,1X2,juarez,,8.09,0.1661,0.1236,15.47,lose,-1.0,0.34,market_avg,False
ligamx,2021,2022-03-18,Atl. San Luis @ Queretaro,1X2,queretaro,,2.83,0.3084,0.3534,-5.72,win,1.83,0.34,market_avg,False
ligamx,2021,2022-03-18,Atl. San Luis @ Queretaro,1X2,draw,,2.91,0.3201,0.3436,-3.08,lose,-1.0,0.34,market_avg,False
ligamx,2021,2022-03-18,Atl. San Luis @ Queretaro,1X2,atl san luis,,2.69,0.3715,0.3717,-0.03,lose,-1.0,0.34,market_avg,False
ligamx,2021,2022-03-19,Santos Laguna @ Puebla,1X2,puebla,,2.23,0.4045,0.4484,-4.41,lose,-1.0,0.34,market_avg,False
ligamx,2021,2022-03-19,Santos Laguna @ Puebla,1X2,draw,,3.12,0.2852,0.3205,-4.96,win,2.12,0.34,market_avg,False
ligamx,2021,2022-03-19,Santos Laguna @ Puebla,1X2,santos laguna,,3.35,0.3103,0.2985,1.78,lose,-1.0,0.34,market_avg,False
ligamx,2021,2022-03-19,Necaxa @ UNAM Pumas,1X2,unam pumas,,2.13,0.4699,0.4695,0.04,lose,-1.0,0.34,market_avg,False
ligamx,2021,2022-03-19,Necaxa @ UNAM Pumas,1X2,draw,,3.22,0.2846,0.3106,-3.77,lose,-1.0,0.34,market_avg,False
ligamx,2021,2022-03-19,Necaxa @ UNAM Pumas,1X2,necaxa,,3.47,0.2456,0.2882,-6.65,win,2.47,0.34,market_avg,False
ligamx,2021,2022-03-20,Monterrey @ Tigres UANL,1X2,tigres uanl,,2.24,0.4064,0.4464,-4.03,win,1.2400000000000002,0.34,market_avg,False
ligamx,2021,2022-03-20,Monterrey @ Tigres UANL,1X2,draw,,3.17,0.2878,0.3155,-3.95,lose,-1.0,0.34,market_avg,False
ligamx,2021,2022-03-20,Monterrey @ Tigres UANL,1X2,monterrey,,3.29,0.3058,0.304,0.27,lose,-1.0,0.34,market_avg,False
ligamx,2021,2022-03-20,Cruz Azul @ Pachuca,1X2,pachuca,,1.93,0.4437,0.5181,-6.46,win,0.9299999999999999,0.34,market_avg,False
ligamx,2021,2022-03-20,Cruz Azul @ Pachuca,1X2,draw,,3.25,0.2618,0.3077,-6.72,lose,-1.0,0.34,market_avg,False
ligamx,2021,2022-03-20,Cruz Azul @ Pachuca,1X2,cruz azul,,4.16,0.2946,0.2404,10.14,lose,-1.0,0.34,market_avg,True
ligamx,2021,2022-03-20,Toluca @ Club America,1X2,america,,1.55,0.4657,0.6452,-12.52,win,0.55,0.34,market_avg,False
ligamx,2021,2022-03-20,Toluca @ Club America,1X2,draw,,3.96,0.2783,0.2525,4.59,lose,-1.0,0.34,market_avg,True
ligamx,2021,2022-03-20,Toluca @ Club America,1X2,toluca,,5.89,0.256,0.1698,22.85,lose,-1.0,0.34,market_avg,True
ligamx,2021,2022-03-21,Guadalajara Chivas @ Atlas,1X2,atlas,,2.33,0.4654,0.4292,3.8,lose,-1.0,0.34,market_avg,True
ligamx,2021,2022-03-21,Guadalajara Chivas @ Atlas,1X2,draw,,2.74,0.3351,0.365,-3.68,win,1.7400000000000002,0.34,market_avg,False
ligamx,2021,2022-03-21,Guadalajara Chivas @ Atlas,1X2,guadalajara chivas,,3.68,0.1994,0.2717,-11.97,lose,-1.0,0.34,market_avg,False
ligamx,2021,2022-03-21,Club Leon @ Mazatlan FC,1X2,mazatlan,,3.24,0.2649,0.3086,-6.37,lose,-1.0,0.334,market_avg,False
ligamx,2021,2022-03-21,Club Leon @ Mazatlan FC,1X2,draw,,3.21,0.2866,0.3115,-3.6,lose,-1.0,0.334,market_avg,False
ligamx,2021,2022-03-21,Club Leon @ Mazatlan FC,1X2,leon,,2.23,0.4485,0.4484,0.0,win,1.23,0.334,market_avg,False
ligamx,2021,2022-03-21,Juarez @ Club Tijuana,1X2,tijuana,,1.58,0.4015,0.6329,-16.45,win,0.5800000000000001,0.34,market_avg,False
ligamx,2021,2022-03-21,Juarez @ Club Tijuana,1X2,draw,,3.67,0.2965,0.2725,3.96,lose,-1.0,0.34,market_avg,True
ligamx,2021,2022-03-21,Juarez @ Club Tijuana,1X2,juarez,,6.13,0.302,0.1631,38.3,lose,-1.0,0.34,market_avg,True
ligamx,2021,2022-03-26,Mazatlan FC @ UNAM Pumas,1X2,unam pumas,,1.51,0.4948,0.6623,-11.38,lose,-1.0,0.334,market_avg,False
ligamx,2021,2022-03-26,Mazatlan FC @ UNAM Pumas,1X2,draw,,4.04,0.261,0.2475,2.45,win,3.04,0.334,market_avg,False
ligamx,2021,2022-03-26,Mazatlan FC @ UNAM Pumas,1X2,mazatlan,,6.27,0.2442,0.1595,23.89,lose,-1.0,0.334,market_avg,True
ligamx,2021,2022-04-02,Mazatlan FC @ Atl. San Luis,1X2,atl san luis,,1.77,0.4314,0.565,-10.64,win,0.77,0.334,market_avg,False
ligamx,2021,2022-04-02,Mazatlan FC @ Atl. San Luis,1X2,draw,,3.43,0.271,0.2915,-3.17,lose,-1.0,0.334,market_avg,False
ligamx,2021,2022-04-02,Mazatlan FC @ Atl. San Luis,1X2,mazatlan,,4.77,0.2976,0.2096,18.88,lose,-1.0,0.334,market_avg,True
ligamx,2021,2022-04-03,Atlas @ Cruz Azul,1X2,cruz azul,,2.35,0.2755,0.4255,-15.87,win,1.35,0.34,market_avg,False
ligamx,2021,2022-04-03,Atlas @ Cruz Azul,1X2,draw,,2.89,0.3218,0.346,-3.15,lose,-1.0,0.34,market_avg,False
ligamx,2021,2022-04-03,Atlas @ Cruz Azul,1X2,atlas,,3.37,0.4027,0.2967,16.07,lose,-1.0,0.34,market_avg,True
ligamx,2021,2022-04-03,Club America @ Necaxa,1X2,necaxa,,3.01,0.2851,0.3322,-6.38,lose,-1.0,0.34,market_avg,False
ligamx,2021,2022-04-03,Club America @ Necaxa,1X2,draw,,2.96,0.3045,0.3378,-4.44,lose,-1.0,0.34,market_avg,False
ligamx,2021,2022-04-03,Club America @ Necaxa,1X2,america,,2.53,0.4103,0.3953,1.71,win,1.5299999999999998,0.34,market_avg,False
ligamx,2021,2022-04-03,UNAM Pumas @ Juarez,1X2,juarez,,2.92,0.2576,0.3425,-11.15,lose,-1.0,0.34,market_avg,False
ligamx,2021,2022-04-03,UNAM Pumas @ Juarez,1X2,draw,,2.99,0.2928,0.3344,-5.6,lose,-1.0,0.34,market_avg,False
ligamx,2021,2022-04-03,UNAM Pumas @ Juarez,1X2,unam pumas,,2.57,0.4496,0.3891,6.99,win,1.5699999999999998,0.34,market_avg,True
ligamx,2021,2022-04-03,Puebla @ Toluca,1X2,toluca,,3.28,0.2775,0.3049,-4.04,win,2.28,0.34,market_avg,False
ligamx,2021,2022-04-03,Puebla @ Toluca,1X2,draw,,3.28,0.2688,0.3049,-5.33,lose,-1.0,0.34,market_avg,False
ligamx,2021,2022-04-03,Puebla @ Toluca,1X2,puebla,,2.18,0.4538,0.4587,-0.49,lose,-1.0,0.34,market_avg,False
ligamx,2021,2022-04-03,Queretaro @ Club Leon,1X2,leon,,1.93,0.5119,0.5181,-0.54,lose,-1.0,0.34,market_avg,False
ligamx,2021,2022-04-03,Queretaro @ Club Leon,1X2,draw,,3.25,0.3042,0.3077,-0.5,win,2.25,0.34,market_avg,False
ligamx,2021,2022-04-03,Queretaro @ Club Leon,1X2,queretaro,,4.14,0.1838,0.2415,-10.75,lose,-1.0,0.34,market_avg,False
ligamx,2021,2022-04-04,Pachuca @ Santos Laguna,1X2,santos laguna,,2.59,0.3676,0.3861,-2.16,win,1.5899999999999999,0.34,market_avg,False
ligamx,2021,2022-04-04,Pachuca @ Santos Laguna,1X2,draw,,3.28,0.2686,0.3049,-5.36,lose,-1.0,0.34,market_avg,False
ligamx,2021,2022-04-04,Pachuca @ Santos Laguna,1X2,pachuca,,2.65,0.3638,0.3774,-1.61,lose,-1.0,0.34,market_avg,False
ligamx,2021,2022-04-04,Club Tijuana @ Tigres UANL,1X2,tigres uanl,,1.55,0.6705,0.6452,1.77,win,0.55,0.34,market_avg,False
ligamx,2021,2022-04-04,Club Tijuana @ Tigres UANL,1X2,draw,,4.08,0.2016,0.2451,-7.99,lose,-1.0,0.34,market_avg,False
ligamx,2021,2022-04-04,Club Tijuana @ Tigres UANL,1X2,tijuana,,5.62,0.1279,0.1779,-12.66,lose,-1.0,0.34,market_avg,False
ligamx,2021,2022-04-07,Monterrey @ Toluca,1X2,toluca,,3.67,0.2644,0.2725,-1.33,lose,-1.0,0.34,market_avg,False
ligamx,2021,2022-04-07,Monterrey @ Toluca,1X2,draw,,3.52,0.2783,0.2841,-0.91,win,2.52,0.34,market_avg,False
ligamx,2021,2022-04-07,Monterrey @ Toluca,1X2,monterrey,,1.97,0.4573,0.5076,-4.46,lose,-1.0,0.34,market_avg,False
ligamx,2021,2022-04-07,Atl. San Luis @ Club Tijuana,1X2,tijuana,,1.89,0.2897,0.5291,-20.36,lose,-1.0,0.34,market_avg,False
ligamx,2021,2022-04-07,Atl. San Luis @ Club Tijuana,1X2,draw,,3.34,0.2962,0.2994,-0.49,win,2.34,0.34,market_avg,False
ligamx,2021,2022-04-07,Atl. San Luis @ Club Tijuana,1X2,atl san luis,,4.14,0.4141,0.2415,32.15,lose,-1.0,0.34,market_avg,False
ligamx,2021,2022-04-08,Necaxa @ Atlas,1X2,atlas,,1.99,0.5362,0.5025,3.02,win,0.99,0.34,market_avg,True
ligamx,2021,2022-04-08,Necaxa @ Atlas,1X2,draw,,2.98,0.3002,0.3356,-4.75,lose,-1.0,0.34,market_avg,False
ligamx,2021,2022-04-08,Necaxa @ Atlas,1X2,necaxa,,4.4,0.1636,0.2273,-12.61,lose,-1.0,0.34,market_avg,False
ligamx,2021,2022-04-08,Tigres UANL @ Pachuca,1X2,pachuca,,1.94,0.3294,0.5155,-16.24,win,0.94,0.34,market_avg,False
ligamx,2021,2022-04-08,Tigres UANL @ Pachuca,1X2,draw,,3.55,0.2629,0.2817,-2.99,lose,-1.0,0.34,market_avg,False
ligamx,2021,2022-04-08,Tigres UANL @ Pachuca,1X2,tigres uanl,,3.71,0.4076,0.2695,23.05,lose,-1.0,0.34,market_avg,True
ligamx,2021,2022-04-09,UNAM Pumas @ Puebla,1X2,puebla,,1.8,0.4421,0.5556,-9.19,lose,-1.0,0.34,market_avg,False
ligamx,2021,2022-04-09,UNAM Pumas @ Puebla,1X2,draw,,3.65,0.2866,0.274,2.07,win,2.65,0.34,market_avg,False
ligamx,2021,2022-04-09,UNAM Pumas @ Puebla,1X2,unam pumas,,4.2,0.2713,0.2381,6.28,lose,-1.0,0.34,market_avg,True
ligamx,2021,2022-04-09,Cruz Azul @ Mazatlan FC,1X2,mazatlan,,2.37,0.2753,0.4219,-15.64,lose,-1.0,0.334,market_avg,False
ligamx,2021,2022-04-09,Cruz Azul @ Mazatlan FC,1X2,draw,,3.01,0.2671,0.3322,-8.82,win,2.01,0.334,market_avg,False
ligamx,2021,2022-04-09,Cruz Azul @ Mazatlan FC,1X2,cruz azul,,3.2,0.4576,0.3125,20.9,lose,-1.0,0.334,market_avg,True
ligamx,2021,2022-04-09,Club Leon @ Atl. San Luis,1X2,atl san luis,,2.97,0.2128,0.3367,-16.56,win,1.9700000000000002,0.34,market_avg,False
ligamx,2021,2022-04-09,Club Leon @ Atl. San Luis,1X2,draw,,3.07,0.3146,0.3257,-1.54,lose,-1.0,0.34,market_avg,False
ligamx,2021,2022-04-09,Club Leon @ Atl. San Luis,1X2,leon,,2.45,0.4726,0.4082,7.11,lose,-1.0,0.34,market_avg,True
ligamx,2021,2022-04-10,Guadalajara Chivas @ Toluca,1X2,toluca,,3.31,0.2591,0.3021,-6.41,lose,-1.0,0.34,market_avg,False
ligamx,2021,2022-04-10,Guadalajara Chivas @ Toluca,1X2,draw,,3.17,0.2992,0.3155,-2.32,win,2.17,0.34,market_avg,False
ligamx,2021,2022-04-10,Guadalajara Chivas @ Toluca,1X2,guadalajara chivas,,2.22,0.4418,0.4505,-0.87,lose,-1.0,0.34,market_avg,False
ligamx,2021,2022-04-10,Santos Laguna @ Monterrey,1X2,monterrey,,1.77,0.3871,0.565,-14.16,win,0.77,0.34,market_avg,False
ligamx,2021,2022-04-10,Santos Laguna @ Monterrey,1X2,draw,,3.61,0.2949,0.277,2.91,lose,-1.0,0.34,market_avg,False
ligamx,2021,2022-04-10,Santos Laguna @ Monterrey,1X2,santos laguna,,4.43,0.318,0.2257,18.38,lose,-1.0,0.34,market_avg,True
ligamx,2021,2022-04-10,Juarez @ Club America,1X2,america,,1.31,0.5718,0.7634,-11.29,win,0.31000000000000005,0.34,market_avg,False
ligamx,2021,2022-04-10,Juarez @ Club America,1X2,draw,,4.86,0.2749,0.2058,15.12,lose,-1.0,0.34,market_avg,True
ligamx,2021,2022-04-10,Juarez @ Club America,1X2,juarez,,10.08,0.1533,0.0992,24.54,lose,-1.0,0.34,market_avg,False
ligamx,2021,2022-04-11,Tigres UANL @ Queretaro,1X2,queretaro,,3.77,0.2304,0.2653,-5.91,lose,-1.0,0.34,market_avg,False
ligamx,2021,2022-04-11,Tigres UANL @ Queretaro,1X2,draw,,3.23,0.3054,0.3096,-0.61,lose,-1.0,0.34,market_avg,False
ligamx,2021,2022-04-11,Tigres UANL @ Queretaro,1X2,tigres uanl,,2.02,0.4642,0.495,-2.81,win,1.02,0.34,market_avg,False
ligamx,2021,2022-04-12,Club Tijuana @ Pachuca,1X2,pachuca,,1.39,0.6149,0.7194,-6.54,lose,-1.0,0.34,market_avg,False
ligamx,2021,2022-04-12,Club Tijuana @ Pachuca,1X2,draw,,4.81,0.2277,0.2079,4.29,win,3.8099999999999996,0.34,market_avg,False
ligamx,2021,2022-04-12,Club Tijuana @ Pachuca,1X2,tijuana,,7.19,0.1574,0.1391,5.93,lose,-1.0,0.34,market_avg,False
ligamx,2021,2022-04-14,Monterrey @ Guadalajara Chivas,1X2,guadalajara chivas,,2.38,0.3457,0.4202,-7.98,lose,-1.0,0.34,market_avg,False
ligamx,2021,2022-04-14,Monterrey @ Guadalajara Chivas,1X2,draw,,2.96,0.3397,0.3378,0.25,lose,-1.0,0.34,market_avg,False
ligamx,2021,2022-04-14,Monterrey @ Guadalajara Chivas,1X2,monterrey,,3.21,0.3146,0.3115,0.45,win,2.21,0.34,market_avg,False
ligamx,2021,2022-04-15,Mazatlan FC @ Atlas,1X2,atlas,,1.58,0.5894,0.6329,-3.09,lose,-1.0,0.334,market_avg,False
ligamx,2021,2022-04-15,Mazatlan FC @ Atlas,1X2,draw,,3.53,0.2671,0.2833,-2.57,lose,-1.0,0.334,market_avg,False
ligamx,2021,2022-04-15,Mazatlan FC @ Atlas,1X2,mazatlan,,6.58,0.1434,0.152,-2.53,win,5.58,0.334,market_avg,False
ligamx,2021,2022-04-16,Atl. San Luis @ Necaxa,1X2,necaxa,,2.35,0.3649,0.4255,-6.42,win,1.35,0.34,market_avg,False
ligamx,2021,2022-04-16,Atl. San Luis @ Necaxa,1X2,draw,,3.02,0.2937,0.3311,-5.08,lose,-1.0,0.34,market_avg,False
ligamx,2021,2022-04-16,Atl. San Luis @ Necaxa,1X2,atl san luis,,3.22,0.3414,0.3106,4.47,lose,-1.0,0.34,market_avg,True
ligamx,2021,2022-04-16,Pachuca @ Juarez,1X2,juarez,,4.04,0.1882,0.2475,-10.79,lose,-1.0,0.34,market_avg,False
ligamx,2021,2022-04-16,Pachuca @ Juarez,1X2,draw,,3.39,0.2639,0.295,-4.74,lose,-1.0,0.34,market_avg,False
ligamx,2021,2022-04-16,Pachuca @ Juarez,1X2,pachuca,,1.92,0.5479,0.5208,2.34,win,0.9199999999999999,0.34,market_avg,False
ligamx,2021,2022-04-16,Club America @ Club Tijuana,1X2,tijuana,,3.26,0.2121,0.3067,-13.89,lose,-1.0,0.34,market_avg,False
ligamx,2021,2022-04-16,Club America @ Club Tijuana,1X2,draw,,3.18,0.2929,0.3145,-3.08,lose,-1.0,0.34,market_avg,False
ligamx,2021,2022-04-16,Club America @ Club Tijuana,1X2,america,,2.24,0.495,0.4464,4.89,win,1.2400000000000002,0.34,market_avg,True
ligamx,2021,2022-04-16,Puebla @ Club Leon,1X2,leon,,2.08,0.3764,0.4808,-9.77,lose,-1.0,0.34,market_avg,False
ligamx,2021,2022-04-16,Puebla @ Club Leon,1X2,draw,,3.34,0.3045,0.2994,0.77,lose,-1.0,0.34,market_avg,False
ligamx,2021,2022-04-16,Puebla @ Club Leon,1X2,puebla,,3.49,0.319,0.2865,5.11,win,2.49,0.34,market_avg,True
ligamx,2021,2022-04-17,Queretaro @ Santos Laguna,1X2,santos laguna,,1.91,0.5444,0.5236,1.79,lose,-1.0,0.34,market_avg,False
ligamx,2021,2022-04-17,Queretaro @ Santos Laguna,1X2,draw,,3.42,0.2734,0.2924,-2.92,win,2.42,0.34,market_avg,False
ligamx,2021,2022-04-17,Queretaro @ Santos Laguna,1X2,queretaro,,4.02,0.1822,0.2488,-12.04,lose,-1.0,0.34,market_avg,False
ligamx,2021,2022-04-17,Toluca @ Tigres UANL,1X2,tigres uanl,,1.26,0.6322,0.7937,-9.15,win,0.26,0.34,market_avg,False
ligamx,2021,2022-04-17,Toluca @ Tigres UANL,1X2,draw,,5.67,0.208,0.1764,8.07,lose,-1.0,0.34,market_avg,True
ligamx,2021,2022-04-17,Toluca @ Tigres UANL,1X2,toluca,,10.13,0.1598,0.0987,27.84,lose,-1.0,0.34,market_avg,False
ligamx,2021,2022-04-17,Guadalajara Chivas @ Cruz Azul,1X2,cruz azul,,2.33,0.4971,0.4292,7.12,lose,-1.0,0.34,market_avg,True
ligamx,2021,2022-04-17,Guadalajara Chivas @ Cruz Azul,1X2,draw,,2.99,0.3006,0.3344,-4.55,lose,-1.0,0.34,market_avg,False
ligamx,2021,2022-04-17,Guadalajara Chivas @ Cruz Azul,1X2,guadalajara chivas,,3.33,0.2023,0.3003,-14.69,win,2.33,0.34,market_avg,False
ligamx,2021,2022-04-17,Monterrey @ UNAM Pumas,1X2,unam pumas,,2.67,0.3571,0.3745,-2.09,win,1.67,0.34,market_avg,False
ligamx,2021,2022-04-17,Monterrey @ UNAM Pumas,1X2,draw,,3.15,0.3247,0.3175,1.02,lose,-1.0,0.34,market_avg,False
ligamx,2021,2022-04-17,Monterrey @ UNAM Pumas,1X2,monterrey,,2.67,0.3182,0.3745,-6.76,lose,-1.0,0.34,market_avg,False
ligamx,2021,2022-04-20,Tigres UANL @ Necaxa,1X2,necaxa,,2.79,0.2345,0.3584,-15.55,win,1.79,0.34,market_avg,False
ligamx,2021,2022-04-20,Tigres UANL @ Necaxa,1X2,draw,,3.19,0.263,0.3135,-7.24,lose,-1.0,0.34,market_avg,False
ligamx,2021,2022-04-20,Tigres UANL @ Necaxa,1X2,tigres uanl,,2.5,0.5024,0.4,11.52,lose,-1.0,0.34,market_avg,True
ligamx,2021,2022-04-20,Puebla @ Pachuca,1X2,pachuca,,1.63,0.422,0.6135,-14.05,win,0.6299999999999999,0.34,market_avg,False
ligamx,2021,2022-04-20,Puebla @ Pachuca,1X2,draw,,3.9,0.2801,0.2564,4.16,lose,-1.0,0.34,market_avg,True
ligamx,2021,2022-04-20,Puebla @ Pachuca,1X2,puebla,,5.01,0.2979,0.1996,22.16,lose,-1.0,0.34,market_avg,True
ligamx,2021,2022-04-20,Club Tijuana @ Guadalajara Chivas,1X2,guadalajara chivas,,1.85,0.4382,0.5405,-8.52,win,0.8500000000000001,0.34,market_avg,False
ligamx,2021,2022-04-20,Club Tijuana @ Guadalajara Chivas,1X2,draw,,3.53,0.3195,0.2833,5.76,lose,-1.0,0.34,market_avg,True
ligamx,2021,2022-04-20,Club Tijuana @ Guadalajara Chivas,1X2,tijuana,,4.15,0.2422,0.241,0.24,lose,-1.0,0.34,market_avg,False
ligamx,2021,2022-04-20,Santos Laguna @ Mazatlan FC,1X2,mazatlan,,2.75,0.2957,0.3636,-8.41,win,1.75,0.334,market_avg,False
ligamx,2021,2022-04-20,Santos Laguna @ Mazatlan FC,1X2,draw,,3.15,0.272,0.3175,-6.44,lose,-1.0,0.334,market_avg,False
ligamx,2021,2022-04-20,Santos Laguna @ Mazatlan FC,1X2,santos laguna,,2.59,0.4323,0.3861,5.38,lose,-1.0,0.334,market_avg,True
ligamx,2021,2022-04-20,Juarez @ Toluca,1X2,toluca,,1.92,0.4751,0.5208,-3.95,lose,-1.0,0.34,market_avg,False
ligamx,2021,2022-04-20,Juarez @ Toluca,1X2,draw,,3.32,0.2785,0.3012,-3.39,lose,-1.0,0.34,market_avg,False
ligamx,2021,2022-04-20,Juarez @ Toluca,1X2,juarez,,4.11,0.2464,0.2433,0.57,win,3.1100000000000003,0.34,market_avg,False
ligamx,2021,2022-04-21,UNAM Pumas @ Atl. San Luis,1X2,atl san luis,,1.87,0.3427,0.5348,-16.16,win,0.8700000000000001,0.34,market_avg,False
ligamx,2021,2022-04-21,UNAM Pumas @ Atl. San Luis,1X2,draw,,3.43,0.2827,0.2915,-1.37,lose,-1.0,0.34,market_avg,False
ligamx,2021,2022-04-21,UNAM Pumas @ Atl. San Luis,1X2,unam pumas,,4.13,0.3747,0.2421,24.63,lose,-1.0,0.34,market_avg,True
ligamx,2021,2022-04-21,Club Leon @ Club America,1X2,america,,1.7,0.4341,0.5882,-11.79,win,0.7,0.34,market_avg,False
ligamx,2021,2022-04-21,Club Leon @ Club America,1X2,draw,,3.74,0.314,0.2674,7.85,lose,-1.0,0.34,market_avg,True
ligamx,2021,2022-04-21,Club Leon @ Club America,1X2,leon,,4.76,0.2519,0.2101,8.95,lose,-1.0,0.34,market_avg,True
ligamx,2021,2022-04-21,Atlas @ Monterrey,1X2,monterrey,,1.98,0.2793,0.5051,-20.11,lose,-1.0,0.34,market_avg,False
ligamx,2021,2022-04-21,Atlas @ Monterrey,1X2,draw,,3.12,0.3636,0.3205,6.05,win,2.12,0.34,market_avg,True
ligamx,2021,2022-04-21,Atlas @ Monterrey,1X2,atlas,,4.13,0.3571,0.2421,21.37,lose,-1.0,0.34,market_avg,True
ligamx,2021,2022-04-22,Cruz Azul @ Queretaro,1X2,queretaro,,2.65,0.2637,0.3774,-13.55,lose,-1.0,0.34,market_avg,False
ligamx,2021,2022-04-22,Cruz Azul @ Queretaro,1X2,draw,,2.98,0.3116,0.3356,-3.21,lose,-1.0,0.34,market_avg,False
ligamx,2021,2022-04-22,Cruz Azul @ Queretaro,1X2,cruz azul,,2.82,0.4248,0.3546,8.91,win,1.8199999999999998,0.34,market_avg,True
ligamx,2021,2022-04-23,Necaxa @ Puebla,1X2,puebla,,2.56,0.4817,0.3906,10.49,lose,-1.0,0.34,market_avg,True
ligamx,2021,2022-04-23,Necaxa @ Puebla,1X2,draw,,3.11,0.3146,0.3215,-0.98,lose,-1.0,0.34,market_avg,False
ligamx,2021,2022-04-23,Necaxa @ Puebla,1X2,necaxa,,2.8,0.2037,0.3571,-19.33,win,1.7999999999999998,0.34,market_avg,False
ligamx,2021,2022-04-23,Mazatlan FC @ Juarez,1X2,juarez,,2.91,0.2595,0.3436,-11.02,lose,-1.0,0.334,market_avg,False
ligamx,2021,2022-04-23,Mazatlan FC @ Juarez,1X2,draw,,2.93,0.3286,0.3413,-1.67,lose,-1.0,0.334,market_avg,False
ligamx,2021,2022-04-23,Mazatlan FC @ Juarez,1X2,mazatlan,,2.62,0.4119,0.3817,3.56,win,1.62,0.334,market_avg,True
ligamx,2021,2022-04-23,Monterrey @ Pachuca,1X2,pachuca,,2.01,0.3766,0.4975,-10.94,win,1.0099999999999998,0.34,market_avg,False
ligamx,2021,2022-04-23,Monterrey @ Pachuca,1X2,draw,,3.35,0.3488,0.2985,7.58,lose,-1.0,0.34,market_avg,True
ligamx,2021,2022-04-23,Monterrey @ Pachuca,1X2,monterrey,,3.69,0.2746,0.271,0.6,lose,-1.0,0.34,market_avg,False
ligamx,2021,2022-04-24,Club America @ Tigres UANL,1X2,tigres uanl,,2.26,0.4221,0.4425,-2.07,lose,-1.0,0.34,market_avg,False
ligamx,2021,2022-04-24,Club America @ Tigres UANL,1X2,draw,,3.26,0.3068,0.3067,0.01,lose,-1.0,0.34,market_avg,False
ligamx,2021,2022-04-24,Club America @ Tigres UANL,1X2,america,,3.16,0.2711,0.3165,-6.45,win,2.16,0.34,market_avg,False
ligamx,2021,2022-04-24,UNAM Pumas @ Guadalajara Chivas,1X2,guadalajara chivas,,2.14,0.4205,0.4673,-4.51,win,1.1400000000000001,0.34,market_avg,False
ligamx,2021,2022-04-24,UNAM Pumas @ Guadalajara Chivas,1X2,draw,,3.23,0.335,0.3096,3.69,lose,-1.0,0.34,market_avg,True
ligamx,2021,2022-04-24,UNAM Pumas @ Guadalajara Chivas,1X2,unam pumas,,3.46,0.2445,0.289,-6.92,lose,-1.0,0.34,market_avg,False
ligamx,2021,2022-04-24,Atlas @ Toluca,1X2,toluca,,3.55,0.1961,0.2817,-13.67,lose,-1.0,0.34,market_avg,False
ligamx,2021,2022-04-24,Atlas @ Toluca,1X2,draw,,3.24,0.3184,0.3086,1.42,lose,-1.0,0.34,market_avg,False
ligamx,2021,2022-04-24,Atlas @ Toluca,1X2,atlas,,2.09,0.4855,0.4785,0.66,win,1.0899999999999999,0.34,market_avg,False
ligamx,2021,2022-04-24,Atl. San Luis @ Cruz Azul,1X2,cruz azul,,2.17,0.4353,0.4608,-2.49,lose,-1.0,0.34,market_avg,False
ligamx,2021,2022-04-24,Atl. San Luis @ Cruz Azul,1X2,draw,,3.13,0.3017,0.3195,-2.51,lose,-1.0,0.34,market_avg,False
ligamx,2021,2022-04-24,Atl. San Luis @ Cruz Azul,1X2,atl san luis,,3.48,0.2631,0.2874,-3.8,win,2.48,0.34,market_avg,False
ligamx,2021,2022-04-25,Club Leon @ Santos Laguna,1X2,santos laguna,,2.06,0.4211,0.4854,-5.97,lose,-1.0,0.34,market_avg,False
ligamx,2021,2022-04-25,Club Leon @ Santos Laguna,1X2,draw,,3.43,0.2931,0.2915,0.24,win,2.43,0.34,market_avg,False
ligamx,2021,2022-04-25,Club Leon @ Santos Laguna,1X2,leon,,3.44,0.2858,0.2907,-0.75,lose,-1.0,0.34,market_avg,False
ligamx,2021,2022-04-25,Queretaro @ Club Tijuana,1X2,tijuana,,2.16,0.3874,0.463,-7.35,lose,-1.0,0.34,market_avg,False
ligamx,2021,2022-04-25,Queretaro @ Club Tijuana,1X2,draw,,3.23,0.3396,0.3096,4.35,win,2.23,0.34,market_avg,True
ligamx,2021,2022-04-25,Queretaro @ Club Tijuana,1X2,queretaro,,3.37,0.2731,0.2967,-3.59,lose,-1.0,0.34,market_avg,False
ligamx,2021,2022-04-30,Guadalajara Chivas @ Necaxa,1X2,necaxa,,2.37,0.342,0.4219,-8.53,lose,-1.0,0.34,market_avg,False
ligamx,2021,2022-04-30,Guadalajara Chivas @ Necaxa,1X2,draw,,2.91,0.3001,0.3436,-5.7,lose,-1.0,0.34,market_avg,False
ligamx,2021,2022-04-30,Guadalajara Chivas @ Necaxa,1X2,guadalajara chivas,,3.28,0.3579,0.3049,7.83,win,2.28,0.34,market_avg,True
ligamx,2021,2022-04-30,Puebla @ Mazatlan FC,1X2,mazatlan,,2.23,0.2983,0.4484,-15.07,win,1.23,0.334,market_avg,False
ligamx,2021,2022-04-30,Puebla @ Mazatlan FC,1X2,draw,,3.15,0.2862,0.3175,-4.43,lose,-1.0,0.334,market_avg,False
ligamx,2021,2022-04-30,Puebla @ Mazatlan FC,1X2,puebla,,3.31,0.4155,0.3021,16.89,lose,-1.0,0.334,market_avg,True
ligamx,2021,2022-04-30,Juarez @ Queretaro,1X2,queretaro,,1.84,0.4188,0.5435,-10.32,win,0.8400000000000001,0.34,market_avg,False
ligamx,2021,2022-04-30,Juarez @ Queretaro,1X2,draw,,3.36,0.3323,0.2976,5.24,lose,-1.0,0.34,market_avg,True
ligamx,2021,2022-04-30,Juarez @ Queretaro,1X2,juarez,,4.41,0.2489,0.2268,4.39,lose,-1.0,0.34,market_avg,True
ligamx,2021,2022-05-01,Tigres UANL @ Atlas,1X2,atlas,,2.2,0.3888,0.4545,-6.51,lose,-1.0,0.34,market_avg,False
ligamx,2021,2022-05-01,Tigres UANL @ Atlas,1X2,draw,,3.21,0.3119,0.3115,0.05,win,2.21,0.34,market_avg,False
ligamx,2021,2022-05-01,Tigres UANL @ Atlas,1X2,tigres uanl,,3.33,0.2993,0.3003,-0.15,lose,-1.0,0.34,market_avg,False
ligamx,2021,2022-05-01,Club Tijuana @ Monterrey,1X2,monterrey,,1.47,0.5765,0.6803,-6.87,win,0.47,0.34,market_avg,False
ligamx,2021,2022-05-01,Club Tijuana @ Monterrey,1X2,draw,,4.35,0.2583,0.2299,5.57,lose,-1.0,0.34,market_avg,True
ligamx,2021,2022-05-01,Club Tijuana @ Monterrey,1X2,tijuana,,6.28,0.1652,0.1592,1.69,lose,-1.0,0.34,market_avg,False
ligamx,2021,2022-05-01,Cruz Azul @ Club America,1X2,america,,1.73,0.4727,0.578,-8.2,lose,-1.0,0.34,market_avg,False
ligamx,2021,2022-05-01,Cruz Azul @ Club America,1X2,draw,,3.53,0.293,0.2833,1.54,win,2.53,0.34,market_avg,False
ligamx,2021,2022-05-01,Cruz Azul @ Club America,1X2,cruz azul,,4.87,0.2343,0.2053,6.34,lose,-1.0,0.34,market_avg,True
ligamx,2021,2022-05-01,Pachuca @ UNAM Pumas,1X2,unam pumas,,3.19,0.3028,0.3135,-1.54,win,2.19,0.34,market_avg,False
ligamx,2021,2022-05-01,Pachuca @ UNAM Pumas,1X2,draw,,3.47,0.2782,0.2882,-1.57,lose,-1.0,0.34,market_avg,False
ligamx,2021,2022-05-01,Pachuca @ UNAM Pumas,1X2,pachuca,,2.15,0.4191,0.4651,-4.45,lose,-1.0,0.34,market_avg,False
ligamx,2021,2022-05-01,Santos Laguna @ Atl. San Luis,1X2,atl san luis,,2.42,0.3373,0.4132,-8.27,lose,-1.0,0.34,market_avg,False
ligamx,2021,2022-05-01,Santos Laguna @ Atl. San Luis,1X2,draw,,3.27,0.2775,0.3058,-4.17,lose,-1.0,0.34,market_avg,False
ligamx,2021,2022-05-01,Santos Laguna @ Atl. San Luis,1X2,santos laguna,,2.88,0.3852,0.3472,4.92,win,1.88,0.34,market_avg,True
ligamx,2021,2022-05-02,Toluca @ Club Leon,1X2,leon,,1.41,0.5063,0.7092,-12.88,lose,-1.0,0.34,market_avg,False
ligamx,2021,2022-05-02,Toluca @ Club Leon,1X2,draw,,4.84,0.2661,0.2066,12.95,win,3.84,0.34,market_avg,True
ligamx,2021,2022-05-02,Toluca @ Club Leon,1X2,toluca,,6.58,0.2277,0.152,22.41,lose,-1.0,0.34,market_avg,False
ligamx,2021,2022-05-07,Necaxa @ Cruz Azul,1X2,cruz azul,,2.37,0.4603,0.4219,4.09,lose,-1.0,0.34,market_avg,True
ligamx,2021,2022-05-07,Necaxa @ Cruz Azul,1X2,draw,,2.92,0.2869,0.3425,-7.3,win,1.92,0.34,market_avg,False
ligamx,2021,2022-05-07,Necaxa @ Cruz Azul,1X2,necaxa,,3.32,0.2528,0.3012,-7.24,lose,-1.0,0.34,market_avg,False
ligamx,2021,2022-05-08,Atl. San Luis @ Monterrey,1X2,monterrey,,1.65,0.5025,0.6061,-7.69,lose,-1.0,0.34,market_avg,False
ligamx,2021,2022-05-08,Atl. San Luis @ Monterrey,1X2,draw,,3.58,0.2783,0.2793,-0.17,win,2.58,0.34,market_avg,False
ligamx,2021,2022-05-08,Atl. San Luis @ Monterrey,1X2,atl san luis,,5.55,0.2192,0.1802,9.75,lose,-1.0,0.34,market_avg,True
ligamx,2021,2022-05-08,Mazatlan FC @ Puebla,1X2,puebla,,1.8,0.496,0.5556,-4.82,lose,-1.0,0.34,market_avg,False
ligamx,2021,2022-05-08,Mazatlan FC @ Puebla,1X2,draw,,3.44,0.2704,0.2907,-3.15,win,2.44,0.34,market_avg,False
ligamx,2021,2022-05-08,Mazatlan FC @ Puebla,1X2,mazatlan,,4.56,0.2336,0.2193,2.94,lose,-1.0,0.34,market_avg,False
ligamx,2021,2022-05-09,UNAM Pumas @ Guadalajara Chivas,1X2,guadalajara chivas,,2.03,0.4198,0.4926,-6.65,win,1.0299999999999998,0.34,market_avg,False
ligamx,2021,2022-05-09,UNAM Pumas @ Guadalajara Chivas,1X2,draw,,3.17,0.2974,0.3155,-2.57,lose,-1.0,0.34,market_avg,False
ligamx,2021,2022-05-09,UNAM Pumas @ Guadalajara Chivas,1X2,unam pumas,,3.86,0.2827,0.2591,4.11,lose,-1.0,0.34,market_avg,True
ligamx,2021,2022-05-12,Pachuca @ Atl. San Luis,1X2,atl san luis,,3.3,0.2931,0.303,-1.48,lose,-1.0,0.34,market_avg,False
ligamx,2021,2022-05-12,Pachuca @ Atl. San Luis,1X2,draw,,3.03,0.2728,0.33,-7.8,win,2.03,0.34,market_avg,False
ligamx,2021,2022-05-12,Pachuca @ Atl. San Luis,1X2,pachuca,,2.31,0.4341,0.4329,0.12,lose,-1.0,0.34,market_avg,False
ligamx,2021,2022-05-12,Club America @ Puebla,1X2,puebla,,3.98,0.3123,0.2513,10.93,lose,-1.0,0.34,market_avg,True
ligamx,2021,2022-05-12,Club America @ Puebla,1X2,draw,,3.17,0.3149,0.3155,-0.09,win,2.17,0.34,market_avg,False
ligamx,2021,2022-05-12,Club America @ Puebla,1X2,america,,2.0,0.3729,0.5,-11.44,lose,-1.0,0.34,market_avg,False
ligamx,2021,2022-05-13,Tigres UANL @ Cruz Azul,1X2,cruz azul,,2.69,0.3145,0.3717,-6.93,lose,-1.0,0.34,market_avg,False
ligamx,2021,2022-05-13,Tigres UANL @ Cruz Azul,1X2,draw,,2.87,0.2846,0.3484,-8.24,lose,-1.0,0.34,market_avg,False
ligamx,2021,2022-05-13,Tigres UANL @ Cruz Azul,1X2,tigres uanl,,2.88,0.4009,0.3472,6.96,win,1.88,0.34,market_avg,True
ligamx,2021,2022-05-13,Atlas @ Guadalajara Chivas,1X2,guadalajara chivas,,2.86,0.3083,0.3497,-5.32,lose,-1.0,0.34,market_avg,False
ligamx,2021,2022-05-13,Atlas @ Guadalajara Chivas,1X2,draw,,2.61,0.3387,0.3831,-5.21,lose,-1.0,0.34,market_avg,False
ligamx,2021,2022-05-13,Atlas @ Guadalajara Chivas,1X2,atlas,,2.98,0.3529,0.3356,2.33,win,1.98,0.34,market_avg,False
ligamx,2021,2022-05-15,Puebla @ Club America,1X2,america,,1.72,0.4972,0.5814,-6.51,win,0.72,0.34,market_avg,False
ligamx,2021,2022-05-15,Puebla @ Club America,1X2,draw,,3.59,0.3285,0.2786,8.07,lose,-1.0,0.34,market_avg,True
ligamx,2021,2022-05-15,Puebla @ Club America,1X2,puebla,,4.87,0.1743,0.2053,-6.8,lose,-1.0,0.34,market_avg,False
ligamx,2021,2022-05-15,Atl. San Luis @ Pachuca,1X2,pachuca,,1.86,0.5761,0.5376,3.22,win,0.8600000000000001,0.34,market_avg,True
ligamx,2021,2022-05-15,Atl. San Luis @ Pachuca,1X2,draw,,3.52,0.2583,0.2841,-4.08,lose,-1.0,0.34,market_avg,False
ligamx,2021,2022-05-15,Atl. San Luis @ Pachuca,1X2,atl san luis,,4.08,0.1656,0.2451,-14.6,lose,-1.0,0.34,market_avg,False
ligamx,2021,2022-05-16,Guadalajara Chivas @ Atlas,1X2,atlas,,2.11,0.4854,0.4739,1.09,lose,-1.0,0.34,market_avg,False
ligamx,2021,2022-05-16,Guadalajara Chivas @ Atlas,1X2,draw,,3.18,0.354,0.3145,5.65,win,2.18,0.34,market_avg,True
ligamx,2021,2022-05-16,Guadalajara Chivas @ Atlas,1X2,guadalajara chivas,,3.54,0.1606,0.2825,-19.41,lose,-1.0,0.34,market_avg,False
ligamx,2021,2022-05-16,Cruz Azul @ Tigres UANL,1X2,tigres uanl,,2.14,0.5058,0.4673,3.71,lose,-1.0,0.34,market_avg,True
ligamx,2021,2022-05-16,Cruz Azul @ Tigres UANL,1X2,draw,,3.22,0.2864,0.3106,-3.5,lose,-1.0,0.34,market_avg,False
ligamx,2021,2022-05-16,Cruz Azul @ Tigres UANL,1X2,cruz azul,,3.43,0.2078,0.2915,-12.92,win,2.43,0.34,market_avg,False
ligamx,2021,2022-05-19,Tigres UANL @ Atlas,1X2,atlas,,2.76,0.3606,0.3623,-0.21,win,1.7599999999999998,0.34,market_avg,False
ligamx,2021,2022-05-19,Tigres UANL @ Atlas,1X2,draw,,2.81,0.3792,0.3559,2.95,lose,-1.0,0.34,market_avg,False
ligamx,2021,2022-05-19,Tigres UANL @ Atlas,1X2,tigres uanl,,2.86,0.2602,0.3497,-11.52,lose,-1.0,0.34,market_avg,False
ligamx,2021,2022-05-20,Pachuca @ Club America,1X2,america,,2.08,0.4307,0.4808,-4.69,lose,-1.0,0.34,market_avg,False
ligamx,2021,2022-05-20,Pachuca @ Club America,1X2,draw,,3.18,0.2899,0.3145,-3.52,win,2.18,0.34,market_avg,False
ligamx,2021,2022-05-20,Pachuca @ Club America,1X2,pachuca,,3.68,0.2795,0.2717,1.29,lose,-1.0,0.34,market_avg,False
ligamx,2021,2022-05-22,Atlas @ Tigres UANL,1X2,tigres uanl,,1.63,0.3202,0.6135,-21.51,win,0.6299999999999999,0.34,market_avg,False
ligamx,2021,2022-05-22,Atlas @ Tigres UANL,1X2,draw,,3.63,0.3784,0.2755,16.81,lose,-1.0,0.34,market_avg,True
ligamx,2021,2022-05-22,Atlas @ Tigres UANL,1X2,atlas,,5.54,0.3014,0.1805,30.14,lose,-1.0,0.34,market_avg,True
ligamx,2021,2022-05-23,Club America @ Pachuca,1X2,pachuca,,2.86,0.3607,0.3497,1.42,win,1.8599999999999999,0.34,market_avg,False
ligamx,2021,2022-05-23,Club America @ Pachuca,1X2,draw,,3.14,0.3168,0.3185,-0.24,lose,-1.0,0.34,market_avg,False
ligamx,2021,2022-05-23,Club America @ Pachuca,1X2,america,,2.5,0.3225,0.4,-8.71,lose,-1.0,0.34,market_avg,False
ligamx,2021,2022-05-27,Pachuca @ Atlas,1X2,atlas,,2.74,0.4545,0.365,11.05,win,1.7400000000000002,0.34,market_avg,True
ligamx,2021,2022-05-27,Pachuca @ Atlas,1X2,draw,,2.72,0.308,0.3676,-7.3,lose,-1.0,0.34,market_avg,False
ligamx,2021,2022-05-27,Pachuca @ Atlas,1X2,pachuca,,3.0,0.2375,0.3333,-12.94,lose,-1.0,0.34,market_avg,False
ligamx,2021,2022-05-30,Atlas @ Pachuca,1X2,pachuca,,1.66,0.2945,0.6024,-23.0,win,0.6599999999999999,0.34,market_avg,False
ligamx,2021,2022-05-30,Atlas @ Pachuca,1X2,draw,,3.64,0.3441,0.2747,11.36,lose,-1.0,0.34,market_avg,True
ligamx,2021,2022-05-30,Atlas @ Pachuca,1X2,atlas,,5.19,0.3614,0.1927,39.41,lose,-1.0,0.34,market_avg,False
brasileirao,2021,2021-06-27,Corinthians @ Fluminense,1X2,fluminense,,2.5,0.4179,0.4,2.01,lose,-1.0,0.34,market_avg,False
brasileirao,2021,2021-06-27,Corinthians @ Fluminense,1X2,draw,,2.8,0.4235,0.3571,8.36,win,1.7999999999999998,0.34,market_avg,True
brasileirao,2021,2021-06-27,Corinthians @ Fluminense,1X2,corinthians,,3.25,0.1586,0.3077,-21.8,lose,-1.0,0.34,market_avg,False
brasileirao,2021,2021-06-28,Bahia @ Palmeiras,1X2,palmeiras,,1.62,0.4441,0.6173,-12.62,win,0.6200000000000001,0.34,market_avg,False
brasileirao,2021,2021-06-28,Bahia @ Palmeiras,1X2,draw,,3.74,0.2717,0.2674,0.73,lose,-1.0,0.34,market_avg,False
brasileirao,2021,2021-06-28,Bahia @ Palmeiras,1X2,bahia,,5.58,0.2841,0.1792,26.34,lose,-1.0,0.34,market_avg,True
brasileirao,2021,2021-06-28,Internacional @ America MG,1X2,america mg,,2.75,0.3276,0.3636,-4.46,lose,-1.0,0.334,market_avg,False
brasileirao,2021,2021-06-28,Internacional @ America MG,1X2,draw,,2.93,0.3214,0.3413,-2.62,win,1.9300000000000002,0.334,market_avg,False
brasileirao,2021,2021-06-28,Internacional @ America MG,1X2,internacional,,2.79,0.351,0.3584,-0.93,lose,-1.0,0.334,market_avg,False
brasileirao,2021,2021-06-28,Sao Paulo @ Ceara,1X2,ceara,,2.72,0.526,0.3676,19.38,lose,-1.0,0.34,market_avg,False
brasileirao,2021,2021-06-28,Sao Paulo @ Ceara,1X2,draw,,3.04,0.2745,0.3289,-7.45,win,2.04,0.34,market_avg,False
brasileirao,2021,2021-06-28,Sao Paulo @ Ceara,1X2,sao paulo,,2.72,0.1995,0.3676,-20.58,lose,-1.0,0.34,market_avg,False
brasileirao,2021,2021-06-28,Atletico-MG @ Santos,1X2,santos,,2.86,0.3754,0.3497,3.31,win,1.8599999999999999,0.34,market_avg,True
brasileirao,2021,2021-06-28,Atletico-MG @ Santos,1X2,draw,,3.13,0.3433,0.3195,3.35,lose,-1.0,0.34,market_avg,True
brasileirao,2021,2021-06-28,Atletico-MG @ Santos,1X2,atletico mg,,2.53,0.2814,0.3953,-12.97,lose,-1.0,0.34,market_avg,False
brasileirao,2021,2021-06-30,Athletico-PR @ Fluminense,1X2,fluminense,,2.44,0.2968,0.4098,-12.41,lose,-1.0,0.34,market_avg,False
brasileirao,2021,2021-06-30,Athletico-PR @ Fluminense,1X2,draw,,2.9,0.4061,0.3448,8.0,lose,-1.0,0.34,market_avg,True
brasileirao,2021,2021-06-30,Athletico-PR @ Fluminense,1X2,athletico pr,,3.22,0.2971,0.3106,-1.95,win,2.22,0.34,market_avg,False
brasileirao,2021,2021-06-30,Chapecoense-SC @ Fortaleza,1X2,fortaleza,,1.5,0.6501,0.6667,-1.12,win,0.5,0.334,market_avg,False
brasileirao,2021,2021-06-30,Chapecoense-SC @ Fortaleza,1X2,draw,,3.99,0.2613,0.2506,1.92,lose,-1.0,0.334,market_avg,False
brasileirao,2021,2021-06-30,Chapecoense-SC @ Fortaleza,1X2,chapecoense,,6.78,0.0885,0.1475,-17.99,lose,-1.0,0.334,market_avg,False
brasileirao,2021,2021-06-30,America MG @ Bahia,1X2,bahia,,2.12,0.5977,0.4717,12.02,lose,-1.0,0.334,market_avg,True
brasileirao,2021,2021-06-30,America MG @ Bahia,1X2,draw,,3.11,0.2893,0.3215,-4.51,lose,-1.0,0.334,market_avg,False
brasileirao,2021,2021-06-30,America MG @ Bahia,1X2,america mg,,3.69,0.113,0.271,-26.24,win,2.69,0.334,market_avg,False
brasileirao,2021,2021-06-30,Palmeiras @ Internacional,1X2,internacional,,2.58,0.3051,0.3876,-9.58,lose,-1.0,0.34,market_avg,False
brasileirao,2021,2021-06-30,Palmeiras @ Internacional,1X2,draw,,3.1,0.2876,0.3226,-4.88,lose,-1.0,0.34,market_avg,False
brasileirao,2021,2021-06-30,Palmeiras @ Internacional,1X2,palmeiras,,2.84,0.4073,0.3521,7.05,win,1.8399999999999999,0.34,market_avg,True
brasileirao,2021,2021-07-01,Sport Recife @ Santos,1X2,santos,,1.67,0.4627,0.5988,-10.23,lose,-1.0,0.34,market_avg,False
brasileirao,2021,2021-07-01,Sport Recife @ Santos,1X2,draw,,3.36,0.3751,0.2976,11.71,win,2.36,0.34,market_avg,True
brasileirao,2021,2021-07-01,Sport Recife @ Santos,1X2,sport recife,,5.89,0.1622,0.1698,-2.01,lose,-1.0,0.34,market_avg,False
brasileirao,2021,2021-07-01,Sao Paulo @ Corinthians,1X2,corinthians,,3.12,0.4526,0.3205,18.55,lose,-1.0,0.34,market_avg,True
brasileirao,2021,2021-07-01,Sao Paulo @ Corinthians,1X2,draw,,2.83,0.3607,0.3534,0.94,win,1.83,0.34,market_avg,False
brasileirao,2021,2021-07-01,Sao Paulo @ Corinthians,1X2,sao paulo,,2.57,0.1866,0.3891,-23.41,lose,-1.0,0.34,market_avg,False
brasileirao,2021,2021-07-01,Ceara @ Bragantino,1X2,bragantino,,1.62,0.6393,0.6173,1.6,lose,-1.0,0.334,market_avg,False
brasileirao,2021,2021-07-01,Ceara @ Bragantino,1X2,draw,,3.79,0.2102,0.2639,-9.15,win,2.79,0.334,market_avg,False
brasileirao,2021,2021-07-01,Ceara @ Bragantino,1X2,ceara,,5.47,0.1505,0.1828,-7.95,lose,-1.0,0.334,market_avg,False
brasileirao,2021,2021-07-01,Atletico GO @ Atletico-MG,1X2,atletico mg,,1.75,0.1685,0.5714,-31.73,win,0.75,0.34,market_avg,False
brasileirao,2021,2021-07-01,Atletico GO @ Atletico-MG,1X2,draw,,3.36,0.4395,0.2976,21.45,lose,-1.0,0.34,market_avg,True
brasileirao,2021,2021-07-01,Atletico GO @ Atletico-MG,1X2,atletico go,,5.17,0.392,0.1934,46.2,lose,-1.0,0.34,market_avg,False
brasileirao,2021,2021-07-03,Santos @ America MG,1X2,america mg,,2.21,0.2513,0.4525,-20.01,win,1.21,0.334,market_avg,False
brasileirao,2021,2021-07-03,Santos @ America MG,1X2,draw,,3.09,0.3748,0.3236,7.12,lose,-1.0,0.334,market_avg,True
brasileirao,2021,2021-07-03,Santos @ America MG,1X2,santos,,3.47,0.3739,0.2882,13.38,lose,-1.0,0.334,market_avg,True
brasileirao,2021,2021-07-03,Fortaleza @ Athletico-PR,1X2,athletico pr,,2.09,0.4499,0.4785,-2.69,win,1.0899999999999999,0.34,market_avg,False
brasileirao,2021,2021-07-03,Fortaleza @ Athletico-PR,1X2,draw,,3.09,0.3101,0.3236,-1.88,lose,-1.0,0.34,market_avg,False
brasileirao,2021,2021-07-03,Fortaleza @ Athletico-PR,1X2,fortaleza,,3.84,0.24,0.2604,-3.53,lose,-1.0,0.34,market_avg,False
brasileirao,2021,2021-07-04,Internacional @ Corinthians,1X2,corinthians,,2.44,0.416,0.4098,0.67,lose,-1.0,0.34,market_avg,False
brasileirao,2021,2021-07-04,Internacional @ Corinthians,1X2,draw,,2.93,0.3604,0.3413,2.52,win,1.9300000000000002,0.34,market_avg,False
brasileirao,2021,2021-07-04,Internacional @ Corinthians,1X2,internacional,,3.22,0.2237,0.3106,-12.59,lose,-1.0,0.34,market_avg,False
brasileirao,2021,2021-07-04,Bahia @ Chapecoense-SC,1X2,chapecoense,,3.17,0.2915,0.3155,-3.42,lose,-1.0,0.34,market_avg,False
brasileirao,2021,2021-07-04,Bahia @ Chapecoense-SC,1X2,draw,,3.2,0.2545,0.3125,-8.35,lose,-1.0,0.34,market_avg,False
brasileirao,2021,2021-07-04,Bahia @ Chapecoense-SC,1X2,bahia,,2.3,0.454,0.4348,1.99,win,1.2999999999999998,0.34,market_avg,False
brasileirao,2021,2021-07-04,Fluminense @ Flamengo RJ,1X2,flamengo rj,,1.75,0.4971,0.5714,-5.85,lose,-1.0,0.34,market_avg,False
brasileirao,2021,2021-07-04,Fluminense @ Flamengo RJ,1X2,draw,,3.44,0.3232,0.2907,5.03,lose,-1.0,0.34,market_avg,True
brasileirao,2021,2021-07-04,Fluminense @ Flamengo RJ,1X2,fluminense,,4.96,0.1797,0.2016,-4.89,win,3.96,0.34,market_avg,False
brasileirao,2021,2021-07-04,Palmeiras @ Sport Recife,1X2,sport recife,,4.31,0.2175,0.232,-2.82,lose,-1.0,0.34,market_avg,False
brasileirao,2021,2021-07-04,Palmeiras @ Sport Recife,1X2,draw,,3.37,0.3478,0.2967,7.74,lose,-1.0,0.34,market_avg,True
brasileirao,2021,2021-07-04,Palmeiras @ Sport Recife,1X2,palmeiras,,1.87,0.4347,0.5348,-8.42,win,0.8700000000000001,0.34,market_avg,False
brasileirao,2021,2021-07-04,Juventude @ Ceara,1X2,ceara,,1.89,0.4118,0.5291,-9.98,win,0.8899999999999999,0.334,market_avg,False
brasileirao,2021,2021-07-04,Juventude @ Ceara,1X2,draw,,3.21,0.3555,0.3115,6.35,lose,-1.0,0.334,market_avg,True
brasileirao,2021,2021-07-04,Juventude @ Ceara,1X2,juventude,,4.54,0.2327,0.2203,2.54,lose,-1.0,0.334,market_avg,False
brasileirao,2021,2021-07-04,Atletico-MG @ Cuiaba,1X2,cuiaba,,4.47,0.2639,0.2237,8.08,lose,-1.0,0.334,market_avg,True
brasileirao,2021,2021-07-04,Atletico-MG @ Cuiaba,1X2,draw,,3.24,0.3826,0.3086,10.78,lose,-1.0,0.334,market_avg,True
brasileirao,2021,2021-07-04,Atletico-MG @ Cuiaba,1X2,atletico mg,,1.89,0.3536,0.5291,-14.93,win,0.8899999999999999,0.334,market_avg,False
brasileirao,2021,2021-07-04,Bragantino @ Sao Paulo,1X2,sao paulo,,2.27,0.1712,0.4405,-27.51,lose,-1.0,0.334,market_avg,False
brasileirao,2021,2021-07-04,Bragantino @ Sao Paulo,1X2,draw,,3.05,0.3156,0.3279,-1.69,lose,-1.0,0.334,market_avg,False
brasileirao,2021,2021-07-04,Bragantino @ Sao Paulo,1X2,bragantino,,3.39,0.5132,0.295,33.3,win,2.39,0.334,market_avg,False
brasileirao,2021,2021-07-05,Atletico GO @ Gremio,1X2,gremio,,1.53,0.2858,0.6536,-25.32,lose,-1.0,0.34,market_avg,False
brasileirao,2021,2021-07-05,Atletico GO @ Gremio,1X2,draw,,3.96,0.3601,0.2525,19.17,lose,-1.0,0.34,market_avg,True
brasileirao,2021,2021-07-05,Atletico GO @ Gremio,1X2,atletico go,,6.41,0.3541,0.156,57.14,win,5.41,0.34,market_avg,False
brasileirao,2021,2021-07-06,Athletico-PR @ Santos,1X2,santos,,2.62,0.2222,0.3817,-18.81,win,1.62,0.34,market_avg,False
brasileirao,2021,2021-07-06,Athletico-PR @ Santos,1X2,draw,,3.0,0.3286,0.3333,-0.63,lose,-1.0,0.34,market_avg,False
brasileirao,2021,2021-07-06,Athletico-PR @ Santos,1X2,athletico pr,,2.85,0.4492,0.3509,12.61,lose,-1.0,0.34,market_avg,True
brasileirao,2021,2021-07-07,Juventude @ Bahia,1X2,bahia,,1.74,0.5641,0.5747,-0.83,win,0.74,0.334,market_avg,False
brasileirao,2021,2021-07-07,Juventude @ Bahia,1X2,draw,,3.42,0.2703,0.2924,-3.41,lose,-1.0,0.334,market_avg,False
brasileirao,2021,2021-07-07,Juventude @ Bahia,1X2,juventude,,5.05,0.1657,0.198,-7.35,lose,-1.0,0.334,market_avg,False
brasileirao,2021,2021-07-07,Cuiaba @ Bragantino,1X2,bragantino,,1.62,0.644,0.6173,1.95,lose,-1.0,0.334,market_avg,False
brasileirao,2021,2021-07-07,Cuiaba @ Bragantino,1X2,draw,,3.63,0.2516,0.2755,-3.91,win,2.63,0.334,market_avg,False
brasileirao,2021,2021-07-07,Cuiaba @ Bragantino,1X2,cuiaba,,5.84,0.1044,0.1712,-17.56,lose,-1.0,0.334,market_avg,False
brasileirao,2021,2021-07-07,America MG @ Fortaleza,1X2,fortaleza,,1.83,0.5238,0.5464,-1.87,win,0.8300000000000001,0.334,market_avg,False
brasileirao,2021,2021-07-07,America MG @ Fortaleza,1X2,draw,,3.35,0.2851,0.2985,-2.03,lose,-1.0,0.334,market_avg,False
brasileirao,2021,2021-07-07,America MG @ Fortaleza,1X2,america mg,,4.54,0.1912,0.2203,-5.94,lose,-1.0,0.334,market_avg,False
brasileirao,2021,2021-07-07,Flamengo RJ @ Atletico-MG,1X2,atletico mg,,2.98,0.3505,0.3356,2.01,win,1.98,0.34,market_avg,False
brasileirao,2021,2021-07-07,Flamengo RJ @ Atletico-MG,1X2,draw,,3.15,0.3772,0.3175,8.46,lose,-1.0,0.34,market_avg,True
brasileirao,2021,2021-07-07,Flamengo RJ @ Atletico-MG,1X2,flamengo rj,,2.43,0.2723,0.4115,-15.23,lose,-1.0,0.34,market_avg,False
brasileirao,2021,2021-07-07,Gremio @ Palmeiras,1X2,palmeiras,,1.99,0.6396,0.5025,12.28,win,0.99,0.34,market_avg,True
brasileirao,2021,2021-07-07,Gremio @ Palmeiras,1X2,draw,,3.33,0.2545,0.3003,-6.86,lose,-1.0,0.34,market_avg,False
brasileirao,2021,2021-07-07,Gremio @ Palmeiras,1X2,gremio,,3.87,0.106,0.2584,-26.54,lose,-1.0,0.34,market_avg,False
brasileirao,2021,2021-07-07,Sport Recife @ Atletico GO,1X2,atletico go,,1.92,0.3652,0.5208,-13.45,lose,-1.0,0.34,market_avg,False
brasileirao,2021,2021-07-07,Sport Recife @ Atletico GO,1X2,draw,,3.1,0.4668,0.3226,20.11,win,2.1,0.34,market_avg,True
brasileirao,2021,2021-07-07,Sport Recife @ Atletico GO,1X2,sport recife,,4.59,0.168,0.2179,-10.29,lose,-1.0,0.34,market_avg,False
brasileirao,2021,2021-07-08,Ceara @ Fluminense,1X2,fluminense,,2.24,0.4061,0.4464,-4.06,lose,-1.0,0.34,market_avg,False
brasileirao,2021,2021-07-08,Ceara @ Fluminense,1X2,draw,,2.95,0.3269,0.339,-1.61,win,1.9500000000000002,0.34,market_avg,False
brasileirao,2021,2021-07-08,Ceara @ Fluminense,1X2,ceara,,3.57,0.267,0.2801,-2.1,lose,-1.0,0.34,market_avg,False
brasileirao,2021,2021-07-08,Sao Paulo @ Internacional,1X2,internacional,,2.78,0.5086,0.3597,18.63,lose,-1.0,0.34,market_avg,True
brasileirao,2021,2021-07-08,Sao Paulo @ Internacional,1X2,draw,,3.0,0.3017,0.3333,-4.27,lose,-1.0,0.34,market_avg,False
brasileirao,2021,2021-07-08,Sao Paulo @ Internacional,1X2,sao paulo,,2.7,0.1897,0.3704,-21.96,win,1.7000000000000002,0.34,market_avg,False
brasileirao,2021,2021-07-09,Corinthians @ Chapecoense-SC,1X2,chapecoense,,4.23,0.2767,0.2364,7.67,lose,-1.0,0.34,market_avg,True
brasileirao,2021,2021-07-09,Corinthians @ Chapecoense-SC,1X2,draw,,3.1,0.3245,0.3226,0.27,lose,-1.0,0.34,market_avg,False
brasileirao,2021,2021-07-09,Corinthians @ Chapecoense-SC,1X2,corinthians,,1.98,0.3988,0.5051,-9.47,win,0.98,0.34,market_avg,False
brasileirao,2021,2021-07-10,Internacional @ Gremio,1X2,gremio,,2.32,0.2974,0.431,-13.95,lose,-1.0,0.34,market_avg,False
brasileirao,2021,2021-07-10,Internacional @ Gremio,1X2,draw,,3.03,0.3663,0.33,4.95,win,2.03,0.34,market_avg,True
brasileirao,2021,2021-07-10,Internacional @ Gremio,1X2,internacional,,3.34,0.3363,0.2994,5.55,lose,-1.0,0.34,market_avg,True
brasileirao,2021,2021-07-10,Santos @ Palmeiras,1X2,palmeiras,,1.53,0.4845,0.6536,-11.64,win,0.53,0.34,market_avg,False
brasileirao,2021,2021-07-10,Santos @ Palmeiras,1X2,draw,,4.0,0.2992,0.25,8.86,lose,-1.0,0.34,market_avg,True
brasileirao,2021,2021-07-10,Santos @ Palmeiras,1X2,santos,,6.46,0.2163,0.1548,17.88,lose,-1.0,0.34,market_avg,True
brasileirao,2021,2021-07-10,Bragantino @ Athletico-PR,1X2,athletico pr,,2.55,0.4669,0.3922,8.58,lose,-1.0,0.334,market_avg,True
brasileirao,2021,2021-07-10,Bragantino @ Athletico-PR,1X2,draw,,3.18,0.2631,0.3145,-7.35,win,2.18,0.334,market_avg,False
brasileirao,2021,2021-07-10,Bragantino @ Athletico-PR,1X2,bragantino,,2.83,0.27,0.3534,-10.62,lose,-1.0,0.334,market_avg,False
brasileirao,2021,2021-07-10,Atletico-MG @ America MG,1X2,america mg,,4.01,0.2226,0.2494,-4.83,lose,-1.0,0.334,market_avg,False
brasileirao,2021,2021-07-10,Atletico-MG @ America MG,1X2,draw,,3.23,0.3416,0.3096,4.66,lose,-1.0,0.334,market_avg,True
brasileirao,2021,2021-07-10,Atletico-MG @ America MG,1X2,atletico mg,,1.99,0.4357,0.5025,-5.98,win,0.99,0.334,market_avg,False
brasileirao,2021,2021-07-10,Bahia @ Sao Paulo,1X2,sao paulo,,1.9,0.2431,0.5263,-24.21,win,0.8999999999999999,0.34,market_avg,False
brasileirao,2021,2021-07-10,Bahia @ Sao Paulo,1X2,draw,,3.31,0.3275,0.3021,3.78,lose,-1.0,0.34,market_avg,True
brasileirao,2021,2021-07-10,Bahia @ Sao Paulo,1X2,bahia,,4.28,0.4294,0.2336,37.7,lose,-1.0,0.34,market_avg,False
brasileirao,2021,2021-07-10,Fluminense @ Sport Recife,1X2,sport recife,,2.75,0.2383,0.3636,-15.51,lose,-1.0,0.34,market_avg,False
brasileirao,2021,2021-07-10,Fluminense @ Sport Recife,1X2,draw,,2.83,0.5077,0.3534,19.66,lose,-1.0,0.34,market_avg,False
brasileirao,2021,2021-07-10,Fluminense @ Sport Recife,1X2,fluminense,,2.9,0.2541,0.3448,-11.84,win,1.9,0.34,market_avg,False
brasileirao,2021,2021-07-11,Atletico GO @ Juventude,1X2,juventude,,2.55,0.2703,0.3922,-13.98,lose,-1.0,0.334,market_avg,False
brasileirao,2021,2021-07-11,Atletico GO @ Juventude,1X2,draw,,2.85,0.3878,0.3509,4.74,win,1.85,0.334,market_avg,True
brasileirao,2021,2021-07-11,Atletico GO @ Juventude,1X2,atletico go,,3.15,0.3419,0.3175,3.46,lose,-1.0,0.334,market_avg,True
brasileirao,2021,2021-07-11,Ceara @ Cuiaba,1X2,cuiaba,,2.87,0.2941,0.3484,-7.02,lose,-1.0,0.334,market_avg,False
brasileirao,2021,2021-07-11,Ceara @ Cuiaba,1X2,draw,,2.83,0.3891,0.3534,4.55,win,1.83,0.334,market_avg,True
brasileirao,2021,2021-07-11,Ceara @ Cuiaba,1X2,ceara,,2.79,0.3168,0.3584,-5.22,lose,-1.0,0.334,market_avg,False
brasileirao,2021,2021-07-11,Chapecoense-SC @ Flamengo RJ,1X2,flamengo rj,,1.2,0.6265,0.8333,-11.17,win,0.19999999999999996,0.34,market_avg,False
brasileirao,2021,2021-07-11,Chapecoense-SC @ Flamengo RJ,1X2,draw,,6.41,0.2591,0.156,29.74,lose,-1.0,0.34,market_avg,True
brasileirao,2021,2021-07-11,Chapecoense-SC @ Flamengo RJ,1X2,chapecoense,,15.15,0.1144,0.066,32.99,lose,-1.0,0.34,market_avg,False
brasileirao,2021,2021-07-12,Corinthians @ Fortaleza,1X2,fortaleza,,2.32,0.5069,0.431,7.92,win,1.3199999999999998,0.34,market_avg,True
brasileirao,2021,2021-07-12,Corinthians @ Fortaleza,1X2,draw,,2.95,0.3159,0.339,-3.07,lose,-1.0,0.34,market_avg,False
brasileirao,2021,2021-07-12,Corinthians @ Fortaleza,1X2,corinthians,,3.41,0.1772,0.2933,-17.81,lose,-1.0,0.34,market_avg,False
brasileirao,2021,2021-07-17,Athletico-PR @ Ceara,1X2,ceara,,2.04,0.3256,0.4902,-15.11,win,1.04,0.34,market_avg,False
brasileirao,2021,2021-07-17,Athletico-PR @ Ceara,1X2,draw,,3.18,0.2705,0.3145,-6.29,lose,-1.0,0.34,market_avg,False
brasileirao,2021,2021-07-17,Athletico-PR @ Ceara,1X2,athletico pr,,3.9,0.4039,0.2564,25.89,lose,-1.0,0.34,market_avg,True
brasileirao,2021,2021-07-17,Fortaleza @ Sao Paulo,1X2,sao paulo,,2.12,0.2186,0.4717,-24.14,lose,-1.0,0.34,market_avg,False
brasileirao,2021,2021-07-17,Fortaleza @ Sao Paulo,1X2,draw,,3.0,0.3053,0.3333,-3.78,lose,-1.0,0.34,market_avg,False
brasileirao,2021,2021-07-17,Fortaleza @ Sao Paulo,1X2,fortaleza,,3.84,0.476,0.2604,37.26,win,2.84,0.34,market_avg,False
brasileirao,2021,2021-07-17,Atletico-MG @ Corinthians,1X2,corinthians,,2.67,0.3015,0.3745,-8.78,lose,-1.0,0.34,market_avg,False
brasileirao,2021,2021-07-17,Atletico-MG @ Corinthians,1X2,draw,,2.94,0.3688,0.3401,3.79,lose,-1.0,0.34,market_avg,True
brasileirao,2021,2021-07-17,Atletico-MG @ Corinthians,1X2,atletico mg,,2.88,0.3297,0.3472,-2.27,win,1.88,0.34,market_avg,False
brasileirao,2021,2021-07-18,Gremio @ Fluminense,1X2,fluminense,,2.62,0.5069,0.3817,14.76,lose,-1.0,0.34,market_avg,True
brasileirao,2021,2021-07-18,Gremio @ Fluminense,1X2,draw,,2.96,0.3225,0.3378,-2.04,lose,-1.0,0.34,market_avg,False
brasileirao,2021,2021-07-18,Gremio @ Fluminense,1X2,gremio,,2.92,0.1706,0.3425,-22.58,win,1.92,0.34,market_avg,False
brasileirao,2021,2021-07-18,Cuiaba @ Chapecoense-SC,1X2,chapecoense,,2.54,0.3348,0.3937,-6.73,lose,-1.0,0.334,market_avg,False
brasileirao,2021,2021-07-18,Cuiaba @ Chapecoense-SC,1X2,draw,,2.91,0.3072,0.3436,-4.78,lose,-1.0,0.334,market_avg,False
brasileirao,2021,2021-07-18,Cuiaba @ Chapecoense-SC,1X2,cuiaba,,3.06,0.358,0.3268,4.3,win,2.06,0.334,market_avg,True
brasileirao,2021,2021-07-18,Palmeiras @ Atletico GO,1X2,atletico go,,4.11,0.297,0.2433,9.94,lose,-1.0,0.34,market_avg,True
brasileirao,2021,2021-07-18,Palmeiras @ Atletico GO,1X2,draw,,3.32,0.2914,0.3012,-1.47,lose,-1.0,0.34,market_avg,False
brasileirao,2021,2021-07-18,Palmeiras @ Atletico GO,1X2,palmeiras,,1.93,0.4116,0.5181,-9.25,win,0.9299999999999999,0.34,market_avg,False
brasileirao,2021,2021-07-18,Flamengo RJ @ Bahia,1X2,bahia,,5.08,0.4232,0.1969,51.74,lose,-1.0,0.34,market_avg,False
brasileirao,2021,2021-07-18,Flamengo RJ @ Bahia,1X2,draw,,3.84,0.2674,0.2604,1.21,lose,-1.0,0.34,market_avg,False
brasileirao,2021,2021-07-18,Flamengo RJ @ Bahia,1X2,flamengo rj,,1.65,0.3094,0.6061,-22.03,win,0.6499999999999999,0.34,market_avg,False
brasileirao,2021,2021-07-19,Santos @ Bragantino,1X2,bragantino,,1.86,0.5269,0.5376,-0.9,lose,-1.0,0.334,market_avg,False
brasileirao,2021,2021-07-19,Santos @ Bragantino,1X2,draw,,3.49,0.2409,0.2865,-7.17,win,2.49,0.334,market_avg,False
brasileirao,2021,2021-07-19,Santos @ Bragantino,1X2,santos,,4.18,0.2322,0.2392,-1.32,lose,-1.0,0.334,market_avg,False
brasileirao,2021,2021-07-19,Juventude @ Internacional,1X2,internacional,,1.72,0.3647,0.5814,-16.77,win,0.72,0.334,market_avg,False
brasileirao,2021,2021-07-19,Juventude @ Internacional,1X2,draw,,3.33,0.319,0.3003,2.8,lose,-1.0,0.334,market_avg,False
brasileirao,2021,2021-07-19,Juventude @ Internacional,1X2,juventude,,5.53,0.3163,0.1808,33.72,lose,-1.0,0.334,market_avg,True
brasileirao,2021,2021-07-20,Sport Recife @ America MG,1X2,america mg,,1.75,0.3421,0.5714,-18.06,lose,-1.0,0.334,market_avg,False
brasileirao,2021,2021-07-20,Sport Recife @ America MG,1X2,draw,,3.28,0.3499,0.3049,6.64,lose,-1.0,0.334,market_avg,True
brasileirao,2021,2021-07-20,Sport Recife @ America MG,1X2,sport recife,,5.43,0.3081,0.1842,30.28,win,4.43,0.334,market_avg,True
brasileirao,2021,2021-07-21,Atletico GO @ Cuiaba,1X2,cuiaba,,2.53,0.3578,0.3953,-4.26,win,1.5299999999999998,0.334,market_avg,False
brasileirao,2021,2021-07-21,Atletico GO @ Cuiaba,1X2,draw,,2.9,0.3423,0.3448,-0.34,lose,-1.0,0.334,market_avg,False
brasileirao,2021,2021-07-21,Atletico GO @ Cuiaba,1X2,atletico go,,3.09,0.2999,0.3236,-3.3,lose,-1.0,0.334,market_avg,False
brasileirao,2021,2021-07-24,America MG @ Gremio,1X2,gremio,,1.92,0.3342,0.5208,-16.12,lose,-1.0,0.334,market_avg,False
brasileirao,2021,2021-07-24,America MG @ Gremio,1X2,draw,,3.26,0.3471,0.3067,5.92,win,2.26,0.334,market_avg,True
brasileirao,2021,2021-07-24,America MG @ Gremio,1X2,america mg,,4.28,0.3187,0.2336,16.37,lose,-1.0,0.334,market_avg,True
brasileirao,2021,2021-07-24,Fluminense @ Palmeiras,1X2,palmeiras,,1.58,0.5403,0.6329,-6.58,win,0.5800000000000001,0.34,market_avg,False
brasileirao,2021,2021-07-24,Fluminense @ Palmeiras,1X2,draw,,3.68,0.2683,0.2717,-0.57,lose,-1.0,0.34,market_avg,False
brasileirao,2021,2021-07-24,Fluminense @ Palmeiras,1X2,fluminense,,6.32,0.1914,0.1582,9.43,lose,-1.0,0.34,market_avg,True
brasileirao,2021,2021-07-25,Bahia @ Atletico-MG,1X2,atletico mg,,1.64,0.5056,0.6098,-7.69,win,0.6399999999999999,0.34,market_avg,False
brasileirao,2021,2021-07-25,Bahia @ Atletico-MG,1X2,draw,,3.78,0.2572,0.2646,-1.26,lose,-1.0,0.34,market_avg,False
brasileirao,2021,2021-07-25,Bahia @ Atletico-MG,1X2,bahia,,5.36,0.2373,0.1866,12.23,lose,-1.0,0.34,market_avg,True
brasileirao,2021,2021-07-25,Sao Paulo @ Flamengo RJ,1X2,flamengo rj,,1.61,0.5499,0.6211,-5.16,win,0.6100000000000001,0.34,market_avg,False
brasileirao,2021,2021-07-25,Sao Paulo @ Flamengo RJ,1X2,draw,,3.81,0.2819,0.2625,3.33,lose,-1.0,0.34,market_avg,False
brasileirao,2021,2021-07-25,Sao Paulo @ Flamengo RJ,1X2,sao paulo,,5.59,0.1682,0.1789,-2.68,lose,-1.0,0.34,market_avg,False
brasileirao,2021,2021-07-25,Bragantino @ Fortaleza,1X2,fortaleza,,2.69,0.4757,0.3717,12.59,win,1.69,0.334,market_avg,True
brasileirao,2021,2021-07-25,Bragantino @ Fortaleza,1X2,draw,,3.04,0.2529,0.3289,-10.41,lose,-1.0,0.334,market_avg,False
brasileirao,2021,2021-07-25,Bragantino @ Fortaleza,1X2,bragantino,,2.76,0.2714,0.3623,-11.3,lose,-1.0,0.334,market_avg,False
brasileirao,2021,2021-07-25,Internacional @ Athletico-PR,1X2,athletico pr,,2.46,0.5708,0.4065,18.19,win,1.46,0.34,market_avg,False
brasileirao,2021,2021-07-25,Internacional @ Athletico-PR,1X2,draw,,3.05,0.243,0.3279,-11.64,lose,-1.0,0.34,market_avg,False
brasileirao,2021,2021-07-25,Internacional @ Athletico-PR,1X2,internacional,,3.02,0.1861,0.3311,-19.71,lose,-1.0,0.34,market_avg,False
brasileirao,2021,2021-07-25,Atletico GO @ Santos,1X2,santos,,1.8,0.4781,0.5556,-6.27,lose,-1.0,0.34,market_avg,False
brasileirao,2021,2021-07-25,Atletico GO @ Santos,1X2,draw,,3.33,0.3001,0.3003,-0.03,lose,-1.0,0.34,market_avg,False
brasileirao,2021,2021-07-25,Atletico GO @ Santos,1X2,atletico go,,4.83,0.2218,0.207,3.21,win,3.83,0.34,market_avg,False
brasileirao,2021,2021-07-26,Ceara @ Sport Recife,1X2,sport recife,,3.43,0.2775,0.2915,-2.17,lose,-1.0,0.34,market_avg,False
brasileirao,2021,2021-07-26,Ceara @ Sport Recife,1X2,draw,,2.87,0.355,0.3484,0.85,win,1.87,0.34,market_avg,False
brasileirao,2021,2021-07-26,Ceara @ Sport Recife,1X2,ceara,,2.36,0.3675,0.4237,-5.97,lose,-1.0,0.34,market_avg,False
brasileirao,2021,2021-07-26,Chapecoense-SC @ Juventude,1X2,juventude,,2.2,0.4208,0.4545,-3.34,win,1.2000000000000002,0.334,market_avg,False
brasileirao,2021,2021-07-26,Chapecoense-SC @ Juventude,1X2,draw,,2.92,0.3049,0.3425,-4.93,lose,-1.0,0.334,market_avg,False
brasileirao,2021,2021-07-26,Chapecoense-SC @ Juventude,1X2,chapecoense,,3.78,0.2742,0.2646,1.65,lose,-1.0,0.334,market_avg,False
brasileirao,2021,2021-07-27,Corinthians @ Cuiaba,1X2,cuiaba,,3.09,0.3569,0.3236,4.63,lose,-1.0,0.334,market_avg,True
brasileirao,2021,2021-07-27,Corinthians @ Cuiaba,1X2,draw,,2.77,0.3381,0.361,-2.86,lose,-1.0,0.334,market_avg,False
brasileirao,2021,2021-07-27,Corinthians @ Cuiaba,1X2,corinthians,,2.65,0.305,0.3774,-8.63,win,1.65,0.334,market_avg,False
brasileirao,2021,2021-07-31,Palmeiras @ Sao Paulo,1X2,sao paulo,,2.86,0.1622,0.3497,-24.12,lose,-1.0,0.34,market_avg,False
brasileirao,2021,2021-07-31,Palmeiras @ Sao Paulo,1X2,draw,,2.93,0.2484,0.3413,-12.25,win,1.9300000000000002,0.34,market_avg,False
brasileirao,2021,2021-07-31,Palmeiras @ Sao Paulo,1X2,palmeiras,,2.69,0.5894,0.3717,26.35,lose,-1.0,0.34,market_avg,False
brasileirao,2021,2021-08-01,Cuiaba @ Internacional,1X2,internacional,,1.7,0.359,0.5882,-17.54,lose,-1.0,0.334,market_avg,False
brasileirao,2021,2021-08-01,Cuiaba @ Internacional,1X2,draw,,3.35,0.2934,0.2985,-0.77,win,2.35,0.334,market_avg,False
brasileirao,2021,2021-08-01,Cuiaba @ Internacional,1X2,cuiaba,,5.66,0.3477,0.1767,43.56,lose,-1.0,0.334,market_avg,False
brasileirao,2021,2021-08-01,Gremio @ Bragantino,1X2,bragantino,,2.02,0.6221,0.495,11.55,win,1.02,0.334,market_avg,True
brasileirao,2021,2021-08-01,Gremio @ Bragantino,1X2,draw,,3.24,0.2351,0.3086,-10.72,lose,-1.0,0.334,market_avg,False
brasileirao,2021,2021-08-01,Gremio @ Bragantino,1X2,gremio,,3.88,0.1427,0.2577,-20.08,lose,-1.0,0.334,market_avg,False
brasileirao,2021,2021-08-01,Athletico-PR @ Atletico-MG,1X2,atletico mg,,1.68,0.4419,0.5952,-11.59,win,0.6799999999999999,0.34,market_avg,False
brasileirao,2021,2021-08-01,Athletico-PR @ Atletico-MG,1X2,draw,,3.57,0.2776,0.2801,-0.4,lose,-1.0,0.34,market_avg,False
brasileirao,2021,2021-08-01,Athletico-PR @ Atletico-MG,1X2,athletico pr,,5.39,0.2805,0.1855,23.04,lose,-1.0,0.34,market_avg,True
brasileirao,2021,2021-08-01,Flamengo RJ @ Corinthians,1X2,corinthians,,4.87,0.2479,0.2053,9.34,lose,-1.0,0.34,market_avg,True
brasileirao,2021,2021-08-01,Flamengo RJ @ Corinthians,1X2,draw,,3.67,0.3007,0.2725,4.66,lose,-1.0,0.34,market_avg,True
brasileirao,2021,2021-08-01,Flamengo RJ @ Corinthians,1X2,flamengo rj,,1.71,0.4514,0.5848,-10.27,win,0.71,0.34,market_avg,False
brasileirao,2021,2021-08-01,Sport Recife @ Bahia,1X2,bahia,,1.85,0.4137,0.5405,-10.56,lose,-1.0,0.34,market_avg,False
brasileirao,2021,2021-08-01,Sport Recife @ Bahia,1X2,draw,,3.32,0.3166,0.3012,2.31,lose,-1.0,0.34,market_avg,False
brasileirao,2021,2021-08-01,Sport Recife @ Bahia,1X2,sport recife,,4.53,0.2697,0.2208,9.97,win,3.5300000000000002,0.34,market_avg,True
brasileirao,2021,2021-08-01,Santos @ Chapecoense-SC,1X2,chapecoense,,3.55,0.2734,0.2817,-1.33,lose,-1.0,0.34,market_avg,False
brasileirao,2021,2021-08-01,Santos @ Chapecoense-SC,1X2,draw,,3.23,0.2761,0.3096,-4.87,lose,-1.0,0.34,market_avg,False
brasileirao,2021,2021-08-01,Santos @ Chapecoense-SC,1X2,santos,,2.12,0.4505,0.4717,-2.02,win,1.12,0.34,market_avg,False
brasileirao,2021,2021-08-02,America MG @ Atletico GO,1X2,atletico go,,2.5,0.4332,0.4,3.74,lose,-1.0,0.334,market_avg,True
brasileirao,2021,2021-08-02,America MG @ Atletico GO,1X2,draw,,2.99,0.3194,0.3344,-2.02,win,1.9900000000000002,0.334,market_avg,False
brasileirao,2021,2021-08-02,America MG @ Atletico GO,1X2,america mg,,3.05,0.2473,0.3279,-11.06,lose,-1.0,0.334,market_avg,False
brasileirao,2021,2021-08-02,Fortaleza @ Ceara,1X2,ceara,,3.28,0.2488,0.3049,-8.28,win,2.28,0.34,market_avg,False
brasileirao,2021,2021-08-02,Fortaleza @ Ceara,1X2,draw,,2.85,0.3133,0.3509,-4.82,lose,-1.0,0.34,market_avg,False
brasileirao,2021,2021-08-02,Fortaleza @ Ceara,1X2,fortaleza,,2.45,0.4379,0.4082,3.28,lose,-1.0,0.34,market_avg,True
brasileirao,2021,2021-08-06,Bragantino @ Sport Recife,1X2,sport recife,,3.45,0.2524,0.2899,-5.81,lose,-1.0,0.334,market_avg,False
brasileirao,2021,2021-08-06,Bragantino @ Sport Recife,1X2,draw,,2.93,0.3217,0.3413,-2.59,win,1.9300000000000002,0.334,market_avg,False
brasileirao,2021,2021-08-06,Bragantino @ Sport Recife,1X2,bragantino,,2.33,0.4259,0.4292,-0.35,lose,-1.0,0.334,market_avg,False
brasileirao,2021,2021-08-07,Sao Paulo @ Athletico-PR,1X2,athletico pr,,2.82,0.5899,0.3546,29.86,lose,-1.0,0.34,market_avg,False
brasileirao,2021,2021-08-07,Sao Paulo @ Athletico-PR,1X2,draw,,2.97,0.2515,0.3367,-11.39,lose,-1.0,0.34,market_avg,False
brasileirao,2021,2021-08-07,Sao Paulo @ Athletico-PR,1X2,sao paulo,,2.69,0.1586,0.3717,-25.8,win,1.69,0.34,market_avg,False
brasileirao,2021,2021-08-08,Bahia @ Cuiaba,1X2,cuiaba,,2.45,0.4127,0.4082,0.5,lose,-1.0,0.334,market_avg,False
brasileirao,2021,2021-08-08,Bahia @ Cuiaba,1X2,draw,,3.0,0.2709,0.3333,-8.43,win,2.0,0.334,market_avg,False
brasileirao,2021,2021-08-08,Bahia @ Cuiaba,1X2,bahia,,3.11,0.3164,0.3215,-0.72,lose,-1.0,0.334,market_avg,False
brasileirao,2021,2021-08-08,Fortaleza @ Palmeiras,1X2,palmeiras,,1.72,0.433,0.5814,-11.49,lose,-1.0,0.34,market_avg,False
brasileirao,2021,2021-08-08,Fortaleza @ Palmeiras,1X2,draw,,3.45,0.2782,0.2899,-1.81,lose,-1.0,0.34,market_avg,False
brasileirao,2021,2021-08-08,Fortaleza @ Palmeiras,1X2,fortaleza,,5.23,0.2888,0.1912,22.97,win,4.23,0.34,market_avg,True
brasileirao,2021,2021-08-08,Fluminense @ America MG,1X2,america mg,,2.86,0.2994,0.3497,-6.47,win,1.8599999999999999,0.334,market_avg,False
brasileirao,2021,2021-08-08,Fluminense @ America MG,1X2,draw,,2.89,0.3455,0.346,-0.07,lose,-1.0,0.334,market_avg,False
brasileirao,2021,2021-08-08,Fluminense @ America MG,1X2,fluminense,,2.71,0.3551,0.369,-1.7,lose,-1.0,0.334,market_avg,False
brasileirao,2021,2021-08-08,Atletico-MG @ Juventude,1X2,juventude,,4.11,0.1823,0.2433,-11.28,lose,-1.0,0.334,market_avg,False
brasileirao,2021,2021-08-08,Atletico-MG @ Juventude,1X2,draw,,2.99,0.3092,0.3344,-3.39,lose,-1.0,0.334,market_avg,False
brasileirao,2021,2021-08-08,Atletico-MG @ Juventude,1X2,atletico mg,,2.06,0.5085,0.4854,2.13,win,1.06,0.334,market_avg,False
brasileirao,2021,2021-08-08,Corinthians @ Santos,1X2,santos,,2.67,0.4048,0.3745,3.64,lose,-1.0,0.34,market_avg,True
brasileirao,2021,2021-08-08,Corinthians @ Santos,1X2,draw,,2.91,0.3175,0.3436,-3.42,win,1.9100000000000001,0.34,market_avg,False
brasileirao,2021,2021-08-08,Corinthians @ Santos,1X2,corinthians,,2.91,0.2776,0.3436,-8.65,lose,-1.0,0.34,market_avg,False
brasileirao,2021,2021-08-08,Atletico GO @ Ceara,1X2,ceara,,1.77,0.4685,0.565,-7.69,lose,-1.0,0.334,market_avg,False
brasileirao,2021,2021-08-08,Atletico GO @ Ceara,1X2,draw,,3.39,0.3093,0.295,2.18,win,2.39,0.334,market_avg,False
brasileirao,2021,2021-08-08,Atletico GO @ Ceara,1X2,atletico go,,4.87,0.2222,0.2053,3.7,lose,-1.0,0.334,market_avg,False
brasileirao,2021,2021-08-08,Internacional @ Flamengo RJ,1X2,flamengo rj,,1.46,0.677,0.6849,-0.52,lose,-1.0,0.34,market_avg,False
brasileirao,2021,2021-08-08,Internacional @ Flamengo RJ,1X2,draw,,4.28,0.2029,0.2336,-5.92,lose,-1.0,0.34,market_avg,False
brasileirao,2021,2021-08-08,Internacional @ Flamengo RJ,1X2,internacional,,6.96,0.1201,0.1437,-7.39,win,5.96,0.34,market_avg,False
brasileirao,2021,2021-08-10,Chapecoense-SC @ Gremio,1X2,gremio,,1.47,0.3717,0.6803,-20.41,win,0.47,0.34,market_avg,False
brasileirao,2021,2021-08-10,Chapecoense-SC @ Gremio,1X2,draw,,3.92,0.3333,0.2551,13.79,lose,-1.0,0.34,market_avg,True
brasileirao,2021,2021-08-10,Chapecoense-SC @ Gremio,1X2,chapecoense,,7.78,0.295,0.1285,58.29,lose,-1.0,0.34,market_avg,False
brasileirao,2021,2021-08-14,Juventude @ Bragantino,1X2,bragantino,,1.9,0.5733,0.5263,4.02,lose,-1.0,0.334,market_avg,True
brasileirao,2021,2021-08-14,Juventude @ Bragantino,1X2,draw,,3.17,0.2577,0.3155,-8.24,lose,-1.0,0.334,market_avg,False
brasileirao,2021,2021-08-14,Juventude @ Bragantino,1X2,juventude,,4.44,0.169,0.2252,-11.24,win,3.4400000000000004,0.334,market_avg,False
brasileirao,2021,2021-08-14,Palmeiras @ Atletico-MG,1X2,atletico mg,,2.06,0.4253,0.4854,-5.58,win,1.06,0.34,market_avg,False
brasileirao,2021,2021-08-14,Palmeiras @ Atletico-MG,1X2,draw,,3.22,0.2802,0.3106,-4.39,lose,-1.0,0.34,market_avg,False
brasileirao,2021,2021-08-14,Palmeiras @ Atletico-MG,1X2,palmeiras,,3.69,0.2945,0.271,3.9,lose,-1.0,0.34,market_avg,True
brasileirao,2021,2021-08-15,Gremio @ Sao Paulo,1X2,sao paulo,,2.36,0.3634,0.4237,-6.41,win,1.3599999999999999,0.34,market_avg,False
brasileirao,2021,2021-08-15,Gremio @ Sao Paulo,1X2,draw,,2.87,0.3546,0.3484,0.79,lose,-1.0,0.34,market_avg,False
brasileirao,2021,2021-08-15,Gremio @ Sao Paulo,1X2,gremio,,3.39,0.2821,0.295,-1.97,lose,-1.0,0.34,market_avg,False
brasileirao,2021,2021-08-15,Ceara @ Corinthians,1X2,corinthians,,2.24,0.2826,0.4464,-16.51,win,1.2400000000000002,0.34,market_avg,False
brasileirao,2021,2021-08-15,Ceara @ Corinthians,1X2,draw,,2.9,0.3501,0.3448,0.69,lose,-1.0,0.34,market_avg,False
brasileirao,2021,2021-08-15,Ceara @ Corinthians,1X2,ceara,,3.6,0.3672,0.2778,14.49,lose,-1.0,0.34,market_avg,True
brasileirao,2021,2021-08-15,Sport Recife @ Flamengo RJ,1X2,flamengo rj,,1.3,0.5069,0.7692,-15.35,win,0.30000000000000004,0.34,market_avg,False
brasileirao,2021,2021-08-15,Sport Recife @ Flamengo RJ,1X2,draw,,5.3,0.3039,0.1887,27.48,lose,-1.0,0.34,market_avg,True
brasileirao,2021,2021-08-15,Sport Recife @ Flamengo RJ,1X2,sport recife,,9.16,0.1892,0.1092,32.99,lose,-1.0,0.34,market_avg,False
brasileirao,2021,2021-08-15,Atletico GO @ Bahia,1X2,bahia,,2.04,0.3821,0.4902,-9.92,lose,-1.0,0.34,market_avg,False
brasileirao,2021,2021-08-15,Atletico GO @ Bahia,1X2,draw,,3.21,0.2985,0.3115,-1.88,lose,-1.0,0.34,market_avg,False
brasileirao,2021,2021-08-15,Atletico GO @ Bahia,1X2,atletico go,,3.77,0.3194,0.2653,9.18,win,2.77,0.34,market_avg,True
brasileirao,2021,2021-08-15,Athletico-PR @ Cuiaba,1X2,cuiaba,,2.18,0.2993,0.4587,-15.64,win,1.1800000000000002,0.334,market_avg,False
brasileirao,2021,2021-08-15,Athletico-PR @ Cuiaba,1X2,draw,,3.03,0.2735,0.33,-7.71,lose,-1.0,0.334,market_avg,False
brasileirao,2021,2021-08-15,Athletico-PR @ Cuiaba,1X2,athletico pr,,3.57,0.4272,0.2801,23.63,lose,-1.0,0.334,market_avg,True
brasileirao,2021,2021-08-15,Santos @ Fortaleza,1X2,fortaleza,,1.8,0.5204,0.5556,-2.85,lose,-1.0,0.34,market_avg,False
brasileirao,2021,2021-08-15,Santos @ Fortaleza,1X2,draw,,3.45,0.268,0.2899,-3.39,win,2.45,0.34,market_avg,False
brasileirao,2021,2021-08-15,Santos @ Fortaleza,1X2,santos,,4.53,0.2116,0.2208,-1.87,lose,-1.0,0.34,market_avg,False
brasileirao,2021,2021-08-16,Fluminense @ Internacional,1X2,internacional,,1.93,0.3846,0.5181,-11.6,win,0.9299999999999999,0.34,market_avg,False
brasileirao,2021,2021-08-16,Fluminense @ Internacional,1X2,draw,,3.15,0.3366,0.3175,2.71,lose,-1.0,0.34,market_avg,False
brasileirao,2021,2021-08-16,Fluminense @ Internacional,1X2,fluminense,,4.35,0.2788,0.2299,9.58,lose,-1.0,0.34,market_avg,True
brasileirao,2021,2021-08-17,America MG @ Chapecoense-SC,1X2,chapecoense,,3.49,0.3246,0.2865,5.98,lose,-1.0,0.334,market_avg,True
brasileirao,2021,2021-08-17,America MG @ Chapecoense-SC,1X2,draw,,3.17,0.3068,0.3155,-1.23,win,2.17,0.334,market_avg,False
brasileirao,2021,2021-08-17,America MG @ Chapecoense-SC,1X2,america mg,,2.14,0.3686,0.4673,-9.51,lose,-1.0,0.334,market_avg,False
brasileirao,2021,2021-08-18,Gremio @ Cuiaba,1X2,cuiaba,,3.31,0.45,0.3021,22.03,lose,-1.0,0.334,market_avg,True
brasileirao,2021,2021-08-18,Gremio @ Cuiaba,1X2,draw,,3.0,0.3447,0.3333,1.53,lose,-1.0,0.334,market_avg,False
brasileirao,2021,2021-08-18,Gremio @ Cuiaba,1X2,gremio,,2.32,0.2053,0.431,-23.57,win,1.3199999999999998,0.334,market_avg,False
brasileirao,2021,2021-08-21,Chapecoense-SC @ Atletico GO,1X2,atletico go,,1.84,0.5046,0.5435,-3.22,lose,-1.0,0.334,market_avg,False
brasileirao,2021,2021-08-21,Chapecoense-SC @ Atletico GO,1X2,draw,,3.26,0.2918,0.3067,-2.19,win,2.26,0.334,market_avg,False
brasileirao,2021,2021-08-21,Chapecoense-SC @ Atletico GO,1X2,chapecoense,,4.67,0.2037,0.2141,-2.2,lose,-1.0,0.334,market_avg,False
brasileirao,2021,2021-08-21,Bahia @ Gremio,1X2,gremio,,1.92,0.2599,0.5208,-22.55,win,0.9199999999999999,0.34,market_avg,False
brasileirao,2021,2021-08-21,Bahia @ Gremio,1X2,draw,,3.29,0.3198,0.304,2.34,lose,-1.0,0.34,market_avg,False
brasileirao,2021,2021-08-21,Bahia @ Gremio,1X2,bahia,,4.14,0.4204,0.2415,33.32,lose,-1.0,0.34,market_avg,False
brasileirao,2021,2021-08-22,Fortaleza @ Juventude,1X2,juventude,,3.75,0.2211,0.2667,-7.69,lose,-1.0,0.334,market_avg,False
brasileirao,2021,2021-08-22,Fortaleza @ Juventude,1X2,draw,,2.96,0.288,0.3378,-6.63,win,1.96,0.334,market_avg,False
brasileirao,2021,2021-08-22,Fortaleza @ Juventude,1X2,fortaleza,,2.17,0.4908,0.4608,2.93,lose,-1.0,0.334,market_avg,False
brasileirao,2021,2021-08-22,Cuiaba @ Palmeiras,1X2,palmeiras,,1.45,0.5901,0.6897,-6.49,lose,-1.0,0.334,market_avg,False
brasileirao,2021,2021-08-22,Cuiaba @ Palmeiras,1X2,draw,,4.1,0.2532,0.2439,1.72,lose,-1.0,0.334,market_avg,False
brasileirao,2021,2021-08-22,Cuiaba @ Palmeiras,1X2,cuiaba,,7.58,0.1566,0.1319,8.43,win,6.58,0.334,market_avg,False
brasileirao,2021,2021-08-22,Corinthians @ Athletico-PR,1X2,athletico pr,,2.47,0.4339,0.4049,3.23,lose,-1.0,0.34,market_avg,True
brasileirao,2021,2021-08-22,Corinthians @ Athletico-PR,1X2,draw,,2.98,0.2958,0.3356,-5.33,lose,-1.0,0.34,market_avg,False
brasileirao,2021,2021-08-22,Corinthians @ Athletico-PR,1X2,corinthians,,3.09,0.2702,0.3236,-7.42,win,2.09,0.34,market_avg,False
brasileirao,2021,2021-08-22,Flamengo RJ @ Ceara,1X2,ceara,,4.3,0.3022,0.2326,13.48,lose,-1.0,0.34,market_avg,True
brasileirao,2021,2021-08-22,Flamengo RJ @ Ceara,1X2,draw,,3.56,0.2735,0.2809,-1.19,win,2.56,0.34,market_avg,False
brasileirao,2021,2021-08-22,Flamengo RJ @ Ceara,1X2,flamengo rj,,1.81,0.4242,0.5525,-10.45,lose,-1.0,0.34,market_avg,False
brasileirao,2021,2021-08-22,Internacional @ Santos,1X2,santos,,3.39,0.3962,0.295,15.44,lose,-1.0,0.34,market_avg,True
brasileirao,2021,2021-08-22,Internacional @ Santos,1X2,draw,,3.11,0.2931,0.3215,-3.98,win,2.11,0.34,market_avg,False
brasileirao,2021,2021-08-22,Internacional @ Santos,1X2,internacional,,2.24,0.3107,0.4464,-13.68,lose,-1.0,0.34,market_avg,False
brasileirao,2021,2021-08-23,Sao Paulo @ Sport Recife,1X2,sport recife,,4.59,0.3287,0.2179,22.9,lose,-1.0,0.34,market_avg,True
brasileirao,2021,2021-08-23,Sao Paulo @ Sport Recife,1X2,draw,,3.16,0.3946,0.3165,11.11,lose,-1.0,0.34,market_avg,True
brasileirao,2021,2021-08-23,Sao Paulo @ Sport Recife,1X2,sao paulo,,1.88,0.2767,0.5319,-21.59,win,0.8799999999999999,0.34,market_avg,False
brasileirao,2021,2021-08-24,Bragantino @ America MG,1X2,america mg,,3.02,0.2331,0.3311,-13.33,lose,-1.0,0.334,market_avg,False
brasileirao,2021,2021-08-24,Bragantino @ America MG,1X2,draw,,3.19,0.2718,0.3135,-5.98,lose,-1.0,0.334,market_avg,False
brasileirao,2021,2021-08-24,Bragantino @ America MG,1X2,bragantino,,2.38,0.4951,0.4202,8.03,win,1.38,0.334,market_avg,True
brasileirao,2021,2021-08-24,Atletico-MG @ Fluminense,1X2,fluminense,,4.21,0.1718,0.2375,-12.45,lose,-1.0,0.34,market_avg,False
brasileirao,2021,2021-08-24,Atletico-MG @ Fluminense,1X2,draw,,3.19,0.2925,0.3135,-3.01,win,2.19,0.34,market_avg,False
brasileirao,2021,2021-08-24,Atletico-MG @ Fluminense,1X2,atletico mg,,1.96,0.5357,0.5102,2.25,lose,-1.0,0.34,market_avg,False
brasileirao,2021,2021-08-28,Chapecoense-SC @ Sport Recife,1X2,sport recife,,1.98,0.3846,0.5051,-10.73,lose,-1.0,0.34,market_avg,False
brasileirao,2021,2021-08-28,Chapecoense-SC @ Sport Recife,1X2,draw,,3.14,0.365,0.3185,6.57,win,2.14,0.34,market_avg,True
brasileirao,2021,2021-08-28,Chapecoense-SC @ Sport Recife,1X2,chapecoense,,4.19,0.2504,0.2387,2.21,lose,-1.0,0.34,market_avg,False
brasileirao,2021,2021-08-28,Flamengo RJ @ Santos,1X2,santos,,5.79,0.2726,0.1727,26.03,lose,-1.0,0.34,market_avg,True
brasileirao,2021,2021-08-28,Flamengo RJ @ Santos,1X2,draw,,4.45,0.2635,0.2247,7.77,lose,-1.0,0.34,market_avg,True
brasileirao,2021,2021-08-28,Flamengo RJ @ Santos,1X2,flamengo rj,,1.5,0.4639,0.6667,-13.69,win,0.5,0.34,market_avg,False
brasileirao,2021,2021-08-29,Corinthians @ Gremio,1X2,gremio,,2.23,0.2743,0.4484,-17.48,lose,-1.0,0.34,market_avg,False
brasileirao,2021,2021-08-29,Corinthians @ Gremio,1X2,draw,,2.9,0.3576,0.3448,1.67,lose,-1.0,0.34,market_avg,False
brasileirao,2021,2021-08-29,Corinthians @ Gremio,1X2,corinthians,,3.67,0.3681,0.2725,15.8,win,2.67,0.34,market_avg,True
brasileirao,2021,2021-08-29,Athletico-PR @ Palmeiras,1X2,palmeiras,,1.64,0.4506,0.6098,-11.74,win,0.6399999999999999,0.34,market_avg,False
brasileirao,2021,2021-08-29,Athletico-PR @ Palmeiras,1X2,draw,,3.83,0.2575,0.2611,-0.62,lose,-1.0,0.34,market_avg,False
brasileirao,2021,2021-08-29,Athletico-PR @ Palmeiras,1X2,athletico pr,,5.27,0.2919,0.1898,24.23,lose,-1.0,0.34,market_avg,True
brasileirao,2021,2021-08-29,Ceara @ America MG,1X2,america mg,,2.52,0.2489,0.3968,-16.77,win,1.52,0.334,market_avg,False
brasileirao,2021,2021-08-29,Ceara @ America MG,1X2,draw,,2.92,0.3134,0.3425,-3.82,lose,-1.0,0.334,market_avg,False
brasileirao,2021,2021-08-29,Ceara @ America MG,1X2,ceara,,3.07,0.4376,0.3257,15.45,lose,-1.0,0.334,market_avg,True
brasileirao,2021,2021-08-29,Sao Paulo @ Juventude,1X2,juventude,,4.39,0.3489,0.2278,23.92,lose,-1.0,0.334,market_avg,True
brasileirao,2021,2021-08-29,Sao Paulo @ Juventude,1X2,draw,,2.97,0.3418,0.3367,0.68,win,1.9700000000000002,0.334,market_avg,False
brasileirao,2021,2021-08-29,Sao Paulo @ Juventude,1X2,sao paulo,,2.01,0.3093,0.4975,-17.02,lose,-1.0,0.334,market_avg,False
brasileirao,2021,2021-08-29,Internacional @ Atletico GO,1X2,atletico go,,3.68,0.3475,0.2717,12.55,lose,-1.0,0.334,market_avg,True
brasileirao,2021,2021-08-29,Internacional @ Atletico GO,1X2,draw,,3.27,0.3051,0.3058,-0.11,win,2.27,0.334,market_avg,False
brasileirao,2021,2021-08-29,Internacional @ Atletico GO,1X2,internacional,,2.06,0.3474,0.4854,-12.8,lose,-1.0,0.334,market_avg,False
brasileirao,2021,2021-08-30,Atletico-MG @ Bragantino,1X2,bragantino,,3.59,0.3103,0.2786,5.12,lose,-1.0,0.334,market_avg,True
brasileirao,2021,2021-08-30,Atletico-MG @ Bragantino,1X2,draw,,3.29,0.2867,0.304,-2.56,win,2.29,0.334,market_avg,False
brasileirao,2021,2021-08-30,Atletico-MG @ Bragantino,1X2,atletico mg,,2.09,0.4031,0.4785,-7.09,lose,-1.0,0.334,market_avg,False
brasileirao,2021,2021-08-30,Bahia @ Fluminense,1X2,fluminense,,2.1,0.3837,0.4762,-8.74,win,1.1,0.34,market_avg,False
brasileirao,2021,2021-08-30,Bahia @ Fluminense,1X2,draw,,3.14,0.2925,0.3185,-3.68,lose,-1.0,0.34,market_avg,False
brasileirao,2021,2021-08-30,Bahia @ Fluminense,1X2,bahia,,3.71,0.3238,0.2695,9.06,lose,-1.0,0.34,market_avg,True
brasileirao,2021,2021-08-31,Cuiaba @ Fortaleza,1X2,fortaleza,,1.61,0.5144,0.6211,-7.73,lose,-1.0,0.334,market_avg,False
brasileirao,2021,2021-08-31,Cuiaba @ Fortaleza,1X2,draw,,3.61,0.2747,0.277,-0.37,win,2.61,0.334,market_avg,False
brasileirao,2021,2021-08-31,Cuiaba @ Fortaleza,1X2,cuiaba,,6.12,0.2109,0.1634,13.08,lose,-1.0,0.334,market_avg,True
brasileirao,2021,2021-09-02,Juventude @ Fluminense,1X2,fluminense,,1.87,0.3398,0.5348,-16.41,lose,-1.0,0.334,market_avg,False
brasileirao,2021,2021-09-02,Juventude @ Fluminense,1X2,draw,,3.08,0.3528,0.3247,3.9,win,2.08,0.334,market_avg,True
brasileirao,2021,2021-09-02,Juventude @ Fluminense,1X2,juventude,,4.9,0.3074,0.2041,22.78,lose,-1.0,0.334,market_avg,True
brasileirao,2021,2021-09-05,Fortaleza @ Bahia,1X2,bahia,,2.94,0.2033,0.3401,-18.1,win,1.94,0.34,market_avg,False
brasileirao,2021,2021-09-05,Fortaleza @ Bahia,1X2,draw,,3.1,0.2435,0.3226,-11.03,lose,-1.0,0.34,market_avg,False
brasileirao,2021,2021-09-05,Fortaleza @ Bahia,1X2,fortaleza,,2.5,0.5532,0.4,17.23,lose,-1.0,0.34,market_avg,False
brasileirao,2021,2021-09-05,Santos @ Cuiaba,1X2,cuiaba,,2.6,0.4004,0.3846,1.85,win,1.6,0.334,market_avg,False
brasileirao,2021,2021-09-05,Santos @ Cuiaba,1X2,draw,,2.96,0.3107,0.3378,-3.61,lose,-1.0,0.334,market_avg,False
brasileirao,2021,2021-09-05,Santos @ Cuiaba,1X2,santos,,2.92,0.2888,0.3425,-7.05,lose,-1.0,0.334,market_avg,False
brasileirao,2021,2021-09-05,Sport Recife @ Athletico-PR,1X2,athletico pr,,1.65,0.441,0.6061,-12.26,lose,-1.0,0.34,market_avg,False
brasileirao,2021,2021-09-05,Sport Recife @ Athletico-PR,1X2,draw,,3.52,0.3466,0.2841,9.9,win,2.52,0.34,market_avg,True
brasileirao,2021,2021-09-05,Sport Recife @ Athletico-PR,1X2,sport recife,,5.71,0.2124,0.1751,9.58,lose,-1.0,0.34,market_avg,True
brasileirao,2021,2021-09-08,Fluminense @ Chapecoense-SC,1X2,chapecoense,,4.16,0.2707,0.2404,5.68,lose,-1.0,0.34,market_avg,True
brasileirao,2021,2021-09-08,Fluminense @ Chapecoense-SC,1X2,draw,,3.08,0.3141,0.3247,-1.47,lose,-1.0,0.34,market_avg,False
brasileirao,2021,2021-09-08,Fluminense @ Chapecoense-SC,1X2,fluminense,,2.0,0.4152,0.5,-7.63,win,1.0,0.34,market_avg,False
brasileirao,2021,2021-09-08,Juventude @ Corinthians,1X2,corinthians,,1.63,0.4306,0.6135,-13.42,lose,-1.0,0.334,market_avg,False
brasileirao,2021,2021-09-08,Juventude @ Corinthians,1X2,draw,,3.29,0.3413,0.304,5.53,win,2.29,0.334,market_avg,True
brasileirao,2021,2021-09-08,Juventude @ Corinthians,1X2,juventude,,6.94,0.2281,0.1441,26.24,lose,-1.0,0.334,market_avg,False
brasileirao,2021,2021-09-11,Athletico-PR @ America MG,1X2,america mg,,2.41,0.2858,0.4149,-14.01,win,1.4100000000000001,0.334,market_avg,False
brasileirao,2021,2021-09-11,Athletico-PR @ America MG,1X2,draw,,3.09,0.2977,0.3236,-3.6,lose,-1.0,0.334,market_avg,False
brasileirao,2021,2021-09-11,Athletico-PR @ America MG,1X2,athletico pr,,3.07,0.4165,0.3257,12.54,lose,-1.0,0.334,market_avg,True
brasileirao,2021,2021-09-11,Cuiaba @ Juventude,1X2,juventude,,2.41,0.2707,0.4149,-15.64,lose,-1.0,0.334,market_avg,False
brasileirao,2021,2021-09-11,Cuiaba @ Juventude,1X2,draw,,2.8,0.3472,0.3571,-1.25,lose,-1.0,0.334,market_avg,False
brasileirao,2021,2021-09-11,Cuiaba @ Juventude,1X2,cuiaba,,3.45,0.3821,0.2899,14.32,win,2.45,0.334,market_avg,True
brasileirao,2021,2021-09-11,Chapecoense-SC @ Bragantino,1X2,bragantino,,1.58,0.6982,0.6329,4.64,lose,-1.0,0.334,market_avg,False
brasileirao,2021,2021-09-11,Chapecoense-SC @ Bragantino,1X2,draw,,3.85,0.1984,0.2597,-10.63,lose,-1.0,0.334,market_avg,False
brasileirao,2021,2021-09-11,Chapecoense-SC @ Bragantino,1X2,chapecoense,,5.94,0.1034,0.1684,-17.36,win,4.94,0.334,market_avg,False
brasileirao,2021,2021-09-12,Bahia @ Santos,1X2,santos,,2.27,0.4155,0.4405,-2.55,lose,-1.0,0.34,market_avg,False
brasileirao,2021,2021-09-12,Bahia @ Santos,1X2,draw,,3.2,0.2613,0.3125,-7.37,win,2.2,0.34,market_avg,False
brasileirao,2021,2021-09-12,Bahia @ Santos,1X2,bahia,,3.22,0.3231,0.3106,1.82,lose,-1.0,0.34,market_avg,False
brasileirao,2021,2021-09-12,Ceara @ Gremio,1X2,gremio,,2.11,0.2885,0.4739,-17.6,win,1.1099999999999999,0.34,market_avg,False
brasileirao,2021,2021-09-12,Ceara @ Gremio,1X2,draw,,3.07,0.3409,0.3257,2.09,lose,-1.0,0.34,market_avg,False
brasileirao,2021,2021-09-12,Ceara @ Gremio,1X2,ceara,,3.77,0.3706,0.2653,17.87,lose,-1.0,0.34,market_avg,True
brasileirao,2021,2021-09-12,Atletico-MG @ Fortaleza,1X2,fortaleza,,3.23,0.3057,0.3096,-0.57,lose,-1.0,0.34,market_avg,False
brasileirao,2021,2021-09-12,Atletico-MG @ Fortaleza,1X2,draw,,3.05,0.2918,0.3279,-4.95,lose,-1.0,0.34,market_avg,False
brasileirao,2021,2021-09-12,Atletico-MG @ Fortaleza,1X2,atletico mg,,2.36,0.4026,0.4237,-2.24,win,1.3599999999999999,0.34,market_avg,False
brasileirao,2021,2021-09-12,Flamengo RJ @ Palmeiras,1X2,palmeiras,,2.32,0.3314,0.431,-10.41,lose,-1.0,0.34,market_avg,False
brasileirao,2021,2021-09-12,Flamengo RJ @ Palmeiras,1X2,draw,,3.42,0.2473,0.2924,-6.94,lose,-1.0,0.34,market_avg,False
brasileirao,2021,2021-09-12,Flamengo RJ @ Palmeiras,1X2,flamengo rj,,2.94,0.4213,0.3401,10.74,win,1.94,0.34,market_avg,True
brasileirao,2021,2021-09-12,Corinthians @ Atletico GO,1X2,atletico go,,3.06,0.3003,0.3268,-3.65,lose,-1.0,0.34,market_avg,False
brasileirao,2021,2021-09-12,Corinthians @ Atletico GO,1X2,draw,,2.75,0.3673,0.3636,0.45,win,1.75,0.34,market_avg,False
brasileirao,2021,2021-09-12,Corinthians @ Atletico GO,1X2,corinthians,,2.68,0.3324,0.3731,-4.91,lose,-1.0,0.34,market_avg,False
brasileirao,2021,2021-09-13,Sao Paulo @ Fluminense,1X2,fluminense,,3.21,0.3908,0.3115,11.45,win,2.21,0.34,market_avg,True
brasileirao,2021,2021-09-13,Sao Paulo @ Fluminense,1X2,draw,,2.91,0.3329,0.3436,-1.41,lose,-1.0,0.34,market_avg,False
brasileirao,2021,2021-09-13,Sao Paulo @ Fluminense,1X2,sao paulo,,2.44,0.2763,0.4098,-14.66,lose,-1.0,0.34,market_avg,False
brasileirao,2021,2021-09-14,Internacional @ Sport Recife,1X2,sport recife,,3.69,0.2637,0.271,-1.21,lose,-1.0,0.34,market_avg,False
brasileirao,2021,2021-09-14,Internacional @ Sport Recife,1X2,draw,,3.02,0.3809,0.3311,6.77,lose,-1.0,0.34,market_avg,True
brasileirao,2021,2021-09-14,Internacional @ Sport Recife,1X2,internacional,,2.16,0.3554,0.463,-10.46,win,1.1600000000000001,0.34,market_avg,False
brasileirao,2021,2021-09-18,Palmeiras @ Chapecoense-SC,1X2,chapecoense,,5.84,0.2036,0.1712,8.51,lose,-1.0,0.34,market_avg,True
brasileirao,2021,2021-09-18,Palmeiras @ Chapecoense-SC,1X2,draw,,3.88,0.239,0.2577,-3.26,lose,-1.0,0.34,market_avg,False
brasileirao,2021,2021-09-18,Palmeiras @ Chapecoense-SC,1X2,palmeiras,,1.57,0.5573,0.6369,-5.62,win,0.5700000000000001,0.34,market_avg,False
brasileirao,2021,2021-09-18,Juventude @ Athletico-PR,1X2,athletico pr,,2.07,0.4402,0.4831,-4.0,win,1.0699999999999998,0.334,market_avg,False
brasileirao,2021,2021-09-18,Juventude @ Athletico-PR,1X2,draw,,3.03,0.2978,0.33,-4.39,lose,-1.0,0.334,market_avg,False
brasileirao,2021,2021-09-18,Juventude @ Athletico-PR,1X2,juventude,,3.96,0.262,0.2525,1.69,lose,-1.0,0.334,market_avg,False
brasileirao,2021,2021-09-18,Sport Recife @ Atletico-MG,1X2,atletico mg,,1.25,0.5381,0.8,-14.73,win,0.25,0.34,market_avg,False
brasileirao,2021,2021-09-18,Sport Recife @ Atletico-MG,1X2,draw,,5.38,0.3439,0.1859,38.27,lose,-1.0,0.34,market_avg,False
brasileirao,2021,2021-09-18,Sport Recife @ Atletico-MG,1X2,sport recife,,12.78,0.1179,0.0782,22.82,lose,-1.0,0.34,market_avg,False
brasileirao,2021,2021-09-19,Bragantino @ Bahia,1X2,bahia,,2.33,0.255,0.4292,-18.27,lose,-1.0,0.334,market_avg,False
brasileirao,2021,2021-09-19,Bragantino @ Bahia,1X2,draw,,3.2,0.2405,0.3125,-10.36,win,2.2,0.334,market_avg,False
brasileirao,2021,2021-09-19,Bragantino @ Bahia,1X2,bragantino,,3.11,0.5045,0.3215,25.6,lose,-1.0,0.334,market_avg,False
brasileirao,2021,2021-09-19,Santos @ Ceara,1X2,ceara,,2.3,0.4012,0.4348,-3.47,lose,-1.0,0.34,market_avg,False
brasileirao,2021,2021-09-19,Santos @ Ceara,1X2,draw,,2.99,0.3063,0.3344,-3.78,win,1.9900000000000002,0.34,market_avg,False
brasileirao,2021,2021-09-19,Santos @ Ceara,1X2,santos,,3.41,0.2924,0.2933,-0.13,lose,-1.0,0.34,market_avg,False
brasileirao,2021,2021-09-19,Fortaleza @ Internacional,1X2,internacional,,2.0,0.3378,0.5,-14.6,win,1.0,0.34,market_avg,False
brasileirao,2021,2021-09-19,Fortaleza @ Internacional,1X2,draw,,3.34,0.2772,0.2994,-3.34,lose,-1.0,0.34,market_avg,False
brasileirao,2021,2021-09-19,Fortaleza @ Internacional,1X2,fortaleza,,3.78,0.385,0.2646,20.49,lose,-1.0,0.34,market_avg,True
brasileirao,2021,2021-09-19,Atletico GO @ Sao Paulo,1X2,sao paulo,,1.57,0.3133,0.6369,-22.86,win,0.5700000000000001,0.34,market_avg,False
brasileirao,2021,2021-09-19,Atletico GO @ Sao Paulo,1X2,draw,,3.83,0.35,0.2611,15.32,lose,-1.0,0.34,market_avg,True
brasileirao,2021,2021-09-19,Atletico GO @ Sao Paulo,1X2,atletico go,,6.24,0.3367,0.1603,49.54,lose,-1.0,0.34,market_avg,False
brasileirao,2021,2021-09-19,America MG @ Corinthians,1X2,corinthians,,2.0,0.427,0.5,-6.57,lose,-1.0,0.334,market_avg,False
brasileirao,2021,2021-09-19,America MG @ Corinthians,1X2,draw,,3.13,0.3347,0.3195,2.14,win,2.13,0.334,market_avg,False
brasileirao,2021,2021-09-19,America MG @ Corinthians,1X2,america mg,,4.09,0.2383,0.2445,-1.14,lose,-1.0,0.334,market_avg,False
brasileirao,2021,2021-09-20,Gremio @ Flamengo RJ,1X2,flamengo rj,,1.46,0.6124,0.6849,-4.77,lose,-1.0,0.34,market_avg,False
brasileirao,2021,2021-09-20,Gremio @ Flamengo RJ,1X2,draw,,4.33,0.2385,0.2309,1.47,lose,-1.0,0.34,market_avg,False
brasileirao,2021,2021-09-20,Gremio @ Flamengo RJ,1X2,gremio,,6.88,0.149,0.1453,1.13,win,5.88,0.34,market_avg,False
brasileirao,2021,2021-09-21,Fluminense @ Cuiaba,1X2,cuiaba,,3.36,0.3864,0.2976,13.43,lose,-1.0,0.334,market_avg,True
brasileirao,2021,2021-09-21,Fluminense @ Cuiaba,1X2,draw,,2.8,0.3221,0.3571,-4.41,win,1.7999999999999998,0.334,market_avg,False
brasileirao,2021,2021-09-21,Fluminense @ Cuiaba,1X2,fluminense,,2.45,0.2914,0.4082,-12.87,lose,-1.0,0.334,market_avg,False
brasileirao,2021,2021-09-23,America MG @ Sao Paulo,1X2,sao paulo,,2.02,0.3648,0.495,-11.84,lose,-1.0,0.334,market_avg,False
brasileirao,2021,2021-09-23,America MG @ Sao Paulo,1X2,draw,,3.26,0.3257,0.3067,2.78,win,2.26,0.334,market_avg,False
brasileirao,2021,2021-09-23,America MG @ Sao Paulo,1X2,america mg,,3.81,0.3095,0.2625,8.06,lose,-1.0,0.334,market_avg,True
brasileirao,2021,2021-09-25,Chapecoense-SC @ Ceara,1X2,ceara,,1.79,0.5008,0.5587,-4.66,win,0.79,0.34,market_avg,False
brasileirao,2021,2021-09-25,Chapecoense-SC @ Ceara,1X2,draw,,3.37,0.2889,0.2967,-1.19,lose,-1.0,0.34,market_avg,False
brasileirao,2021,2021-09-25,Chapecoense-SC @ Ceara,1X2,chapecoense,,4.88,0.2103,0.2049,1.18,lose,-1.0,0.34,market_avg,False
brasileirao,2021,2021-09-25,Palmeiras @ Corinthians,1X2,corinthians,,3.15,0.3294,0.3175,1.7,win,2.15,0.34,market_avg,False
brasileirao,2021,2021-09-25,Palmeiras @ Corinthians,1X2,draw,,2.94,0.3022,0.3401,-5.02,lose,-1.0,0.34,market_avg,False
brasileirao,2021,2021-09-25,Palmeiras @ Corinthians,1X2,palmeiras,,2.48,0.3684,0.4032,-3.89,lose,-1.0,0.34,market_avg,False
brasileirao,2021,2021-09-26,Atletico-MG @ Sao Paulo,1X2,sao paulo,,3.38,0.0895,0.2959,-31.39,lose,-1.0,0.34,market_avg,False
brasileirao,2021,2021-09-26,Atletico-MG @ Sao Paulo,1X2,draw,,3.05,0.2796,0.3279,-6.62,win,2.05,0.34,market_avg,False
brasileirao,2021,2021-09-26,Atletico-MG @ Sao Paulo,1X2,atletico mg,,2.29,0.6309,0.4367,20.01,lose,-1.0,0.34,market_avg,False
brasileirao,2021,2021-09-26,Flamengo RJ @ America MG,1X2,america mg,,3.74,0.1351,0.2674,-22.27,lose,-1.0,0.334,market_avg,False
brasileirao,2021,2021-09-26,Flamengo RJ @ America MG,1X2,draw,,3.39,0.2529,0.295,-6.43,win,2.39,0.334,market_avg,False
brasileirao,2021,2021-09-26,Flamengo RJ @ America MG,1X2,flamengo rj,,2.0,0.6121,0.5,10.09,lose,-1.0,0.334,market_avg,True
brasileirao,2021,2021-09-26,Bragantino @ Fluminense,1X2,fluminense,,1.74,0.3023,0.5747,-21.33,win,0.74,0.334,market_avg,False
brasileirao,2021,2021-09-26,Bragantino @ Fluminense,1X2,draw,,3.45,0.2816,0.2899,-1.29,lose,-1.0,0.334,market_avg,False
brasileirao,2021,2021-09-26,Bragantino @ Fluminense,1X2,bragantino,,5.07,0.4162,0.1972,49.95,lose,-1.0,0.334,market_avg,False
brasileirao,2021,2021-09-26,Bahia @ Internacional,1X2,internacional,,1.74,0.4889,0.5747,-6.72,win,0.74,0.34,market_avg,False
brasileirao,2021,2021-09-26,Bahia @ Internacional,1X2,draw,,3.59,0.2583,0.2786,-3.27,lose,-1.0,0.34,market_avg,False
brasileirao,2021,2021-09-26,Bahia @ Internacional,1X2,bahia,,4.77,0.2527,0.2096,9.25,lose,-1.0,0.34,market_avg,True
brasileirao,2021,2021-09-26,Santos @ Juventude,1X2,juventude,,2.91,0.3494,0.3436,0.75,win,1.9100000000000001,0.334,market_avg,False
brasileirao,2021,2021-09-26,Santos @ Juventude,1X2,draw,,2.9,0.3207,0.3448,-3.15,lose,-1.0,0.334,market_avg,False
brasileirao,2021,2021-09-26,Santos @ Juventude,1X2,santos,,2.66,0.3299,0.3759,-5.51,lose,-1.0,0.334,market_avg,False
brasileirao,2021,2021-09-26,Gremio @ Athletico-PR,1X2,athletico pr,,3.05,0.4136,0.3279,11.77,win,2.05,0.34,market_avg,True
brasileirao,2021,2021-09-26,Gremio @ Athletico-PR,1X2,draw,,2.94,0.3161,0.3401,-3.18,lose,-1.0,0.34,market_avg,False
brasileirao,2021,2021-09-26,Gremio @ Athletico-PR,1X2,gremio,,2.52,0.2703,0.3968,-14.35,lose,-1.0,0.34,market_avg,False
brasileirao,2021,2021-09-26,Fortaleza @ Sport Recife,1X2,sport recife,,3.9,0.1961,0.2564,-10.58,lose,-1.0,0.334,market_avg,False
brasileirao,2021,2021-09-26,Fortaleza @ Sport Recife,1X2,draw,,3.1,0.3527,0.3226,4.2,lose,-1.0,0.334,market_avg,True
brasileirao,2021,2021-09-26,Fortaleza @ Sport Recife,1X2,fortaleza,,2.07,0.4512,0.4831,-2.97,win,1.0699999999999998,0.334,market_avg,False
brasileirao,2021,2021-09-27,Cuiaba @ Atletico GO,1X2,atletico go,,2.36,0.3302,0.4237,-9.93,lose,-1.0,0.334,market_avg,False
brasileirao,2021,2021-09-27,Cuiaba @ Atletico GO,1X2,draw,,2.85,0.3337,0.3509,-2.2,win,1.85,0.334,market_avg,False
brasileirao,2021,2021-09-27,Cuiaba @ Atletico GO,1X2,cuiaba,,3.48,0.3361,0.2874,7.63,lose,-1.0,0.334,market_avg,True
brasileirao,2021,2021-10-02,America MG @ Cuiaba,1X2,cuiaba,,2.88,0.4276,0.3472,10.42,lose,-1.0,0.334,market_avg,True
brasileirao,2021,2021-10-02,America MG @ Cuiaba,1X2,draw,,2.91,0.3233,0.3436,-2.66,lose,-1.0,0.334,market_avg,False
brasileirao,2021,2021-10-02,America MG @ Cuiaba,1X2,america mg,,2.7,0.249,0.3704,-14.74,win,1.7000000000000002,0.334,market_avg,False
brasileirao,2021,2021-10-02,Atletico GO @ Fortaleza,1X2,fortaleza,,1.61,0.4674,0.6211,-11.14,lose,-1.0,0.334,market_avg,False
brasileirao,2021,2021-10-02,Atletico GO @ Fortaleza,1X2,draw,,3.74,0.3067,0.2674,6.62,lose,-1.0,0.334,market_avg,True
brasileirao,2021,2021-10-02,Atletico GO @ Fortaleza,1X2,atletico go,,5.8,0.2258,0.1724,13.93,win,4.8,0.334,market_avg,True
brasileirao,2021,2021-10-02,Corinthians @ Bragantino,1X2,bragantino,,2.88,0.4216,0.3472,9.64,lose,-1.0,0.334,market_avg,True
brasileirao,2021,2021-10-02,Corinthians @ Bragantino,1X2,draw,,2.97,0.2974,0.3367,-5.25,win,1.9700000000000002,0.334,market_avg,False
brasileirao,2021,2021-10-02,Corinthians @ Bragantino,1X2,corinthians,,2.65,0.281,0.3774,-11.49,lose,-1.0,0.334,market_avg,False
brasileirao,2021,2021-10-03,Internacional @ Atletico-MG,1X2,atletico mg,,1.58,0.5449,0.6329,-6.26,win,0.5800000000000001,0.34,market_avg,False
brasileirao,2021,2021-10-03,Internacional @ Atletico-MG,1X2,draw,,3.89,0.2794,0.2571,3.91,lose,-1.0,0.34,market_avg,True
brasileirao,2021,2021-10-03,Internacional @ Atletico-MG,1X2,internacional,,5.93,0.1757,0.1686,1.88,lose,-1.0,0.34,market_avg,False
brasileirao,2021,2021-10-03,Sao Paulo @ Chapecoense-SC,1X2,chapecoense,,4.29,0.2761,0.2331,8.31,lose,-1.0,0.34,market_avg,True
brasileirao,2021,2021-10-03,Sao Paulo @ Chapecoense-SC,1X2,draw,,3.3,0.3238,0.303,3.08,win,2.3,0.34,market_avg,True
brasileirao,2021,2021-10-03,Sao Paulo @ Chapecoense-SC,1X2,sao paulo,,1.9,0.4001,0.5263,-10.79,lose,-1.0,0.34,market_avg,False
brasileirao,2021,2021-10-03,Athletico-PR @ Flamengo RJ,1X2,flamengo rj,,1.2,0.5592,0.8333,-14.8,win,0.19999999999999996,0.34,market_avg,False
brasileirao,2021,2021-10-03,Athletico-PR @ Flamengo RJ,1X2,draw,,6.68,0.2271,0.1497,23.25,lose,-1.0,0.34,market_avg,False
brasileirao,2021,2021-10-03,Athletico-PR @ Flamengo RJ,1X2,athletico pr,,12.46,0.2137,0.0803,74.83,lose,-1.0,0.34,market_avg,False
brasileirao,2021,2021-10-03,Juventude @ Palmeiras,1X2,palmeiras,,1.41,0.5088,0.7092,-12.72,lose,-1.0,0.334,market_avg,False
brasileirao,2021,2021-10-03,Juventude @ Palmeiras,1X2,draw,,4.31,0.2629,0.232,5.98,win,3.3099999999999996,0.334,market_avg,True
brasileirao,2021,2021-10-03,Juventude @ Palmeiras,1X2,juventude,,8.17,0.2283,0.1224,38.94,lose,-1.0,0.334,market_avg,False
brasileirao,2021,2021-10-04,Sport Recife @ Gremio,1X2,gremio,,1.43,0.3923,0.6993,-19.75,lose,-1.0,0.34,market_avg,False
brasileirao,2021,2021-10-04,Sport Recife @ Gremio,1X2,draw,,4.11,0.4062,0.2433,30.12,lose,-1.0,0.34,market_avg,False
brasileirao,2021,2021-10-04,Sport Recife @ Gremio,1X2,sport recife,,8.09,0.2015,0.1236,28.35,win,7.09,0.34,market_avg,False
brasileirao,2021,2021-10-06,Bahia @ Corinthians,1X2,corinthians,,1.63,0.4991,0.6135,-8.39,win,0.6299999999999999,0.34,market_avg,False
brasileirao,2021,2021-10-06,Bahia @ Corinthians,1X2,draw,,3.53,0.2757,0.2833,-1.21,lose,-1.0,0.34,market_avg,False
brasileirao,2021,2021-10-06,Bahia @ Corinthians,1X2,bahia,,5.91,0.2252,0.1692,14.9,lose,-1.0,0.34,market_avg,True
brasileirao,2021,2021-10-06,Athletico-PR @ Atletico GO,1X2,atletico go,,2.65,0.4105,0.3774,3.95,lose,-1.0,0.34,market_avg,True
brasileirao,2021,2021-10-06,Athletico-PR @ Atletico GO,1X2,draw,,2.88,0.3127,0.3472,-4.47,lose,-1.0,0.34,market_avg,False
brasileirao,2021,2021-10-06,Athletico-PR @ Atletico GO,1X2,athletico pr,,2.89,0.2768,0.346,-9.0,win,1.8900000000000001,0.34,market_avg,False
brasileirao,2021,2021-10-06,Internacional @ Ceara,1X2,ceara,,2.4,0.3651,0.4167,-5.57,lose,-1.0,0.34,market_avg,False
brasileirao,2021,2021-10-06,Internacional @ Ceara,1X2,draw,,2.94,0.3313,0.3401,-1.17,win,1.94,0.34,market_avg,False
brasileirao,2021,2021-10-06,Internacional @ Ceara,1X2,internacional,,3.22,0.3037,0.3106,-1.0,lose,-1.0,0.34,market_avg,False
brasileirao,2021,2021-10-06,Atletico-MG @ Chapecoense-SC,1X2,chapecoense,,7.05,0.0874,0.1418,-17.27,lose,-1.0,0.34,market_avg,False
brasileirao,2021,2021-10-06,Atletico-MG @ Chapecoense-SC,1X2,draw,,4.15,0.2447,0.241,0.7,win,3.1500000000000004,0.34,market_avg,False
brasileirao,2021,2021-10-06,Atletico-MG @ Chapecoense-SC,1X2,atletico mg,,1.45,0.6678,0.6897,-1.43,lose,-1.0,0.34,market_avg,False
brasileirao,2021,2021-10-06,Juventude @ Sport Recife,1X2,sport recife,,2.48,0.2346,0.4032,-18.82,win,1.48,0.334,market_avg,False
brasileirao,2021,2021-10-06,Juventude @ Sport Recife,1X2,draw,,2.73,0.4399,0.3663,9.05,lose,-1.0,0.334,market_avg,True
brasileirao,2021,2021-10-06,Juventude @ Sport Recife,1X2,juventude,,3.34,0.3255,0.2994,3.92,lose,-1.0,0.334,market_avg,True
brasileirao,2021,2021-10-07,Flamengo RJ @ Bragantino,1X2,bragantino,,3.1,0.301,0.3226,-3.01,lose,-1.0,0.334,market_avg,False
brasileirao,2021,2021-10-07,Flamengo RJ @ Bragantino,1X2,draw,,3.31,0.2454,0.3021,-8.44,win,2.31,0.334,market_avg,False
brasileirao,2021,2021-10-07,Flamengo RJ @ Bragantino,1X2,flamengo rj,,2.27,0.4536,0.4405,1.33,lose,-1.0,0.334,market_avg,False
brasileirao,2021,2021-10-07,Palmeiras @ America MG,1X2,america mg,,2.67,0.3002,0.3745,-8.93,win,1.67,0.334,market_avg,False
brasileirao,2021,2021-10-07,Palmeiras @ America MG,1X2,draw,,3.02,0.2901,0.3311,-5.58,lose,-1.0,0.334,market_avg,False
brasileirao,2021,2021-10-07,Palmeiras @ America MG,1X2,palmeiras,,2.76,0.4097,0.3623,5.88,lose,-1.0,0.334,market_avg,True
brasileirao,2021,2021-10-07,Fortaleza @ Fluminense,1X2,fluminense,,2.37,0.358,0.4219,-6.82,lose,-1.0,0.34,market_avg,False
brasileirao,2021,2021-10-07,Fortaleza @ Fluminense,1X2,draw,,3.03,0.2931,0.33,-5.04,lose,-1.0,0.34,market_avg,False
brasileirao,2021,2021-10-07,Fortaleza @ Fluminense,1X2,fortaleza,,3.15,0.3489,0.3175,4.46,win,2.15,0.34,market_avg,True
brasileirao,2021,2021-10-07,Cuiaba @ Gremio,1X2,gremio,,1.53,0.2822,0.6536,-25.57,lose,-1.0,0.334,market_avg,False
brasileirao,2021,2021-10-07,Cuiaba @ Gremio,1X2,draw,,3.73,0.3419,0.2681,12.39,win,2.73,0.334,market_avg,True
brasileirao,2021,2021-10-07,Cuiaba @ Gremio,1X2,cuiaba,,6.85,0.3759,0.146,70.87,lose,-1.0,0.334,market_avg,False
brasileirao,2021,2021-10-07,Santos @ Sao Paulo,1X2,sao paulo,,1.7,0.389,0.5882,-15.24,lose,-1.0,0.34,market_avg,False
brasileirao,2021,2021-10-07,Santos @ Sao Paulo,1X2,draw,,3.52,0.3296,0.2841,7.21,win,2.52,0.34,market_avg,True
brasileirao,2021,2021-10-07,Santos @ Sao Paulo,1X2,santos,,5.2,0.2814,0.1923,20.84,lose,-1.0,0.34,market_avg,True
brasileirao,2021,2021-10-09,Ceara @ Atletico-MG,1X2,atletico mg,,1.49,0.5059,0.6711,-11.08,win,0.49,0.34,market_avg,False
brasileirao,2021,2021-10-09,Ceara @ Atletico-MG,1X2,draw,,3.96,0.3455,0.2525,16.57,lose,-1.0,0.34,market_avg,True
brasileirao,2021,2021-10-09,Ceara @ Atletico-MG,1X2,ceara,,7.18,0.1486,0.1393,3.01,lose,-1.0,0.34,market_avg,False
brasileirao,2021,2021-10-09,Atletico GO @ Fluminense,1X2,fluminense,,1.92,0.3909,0.5208,-11.22,lose,-1.0,0.34,market_avg,False
brasileirao,2021,2021-10-09,Atletico GO @ Fluminense,1X2,draw,,3.12,0.3772,0.3205,7.96,win,2.12,0.34,market_avg,True
brasileirao,2021,2021-10-09,Atletico GO @ Fluminense,1X2,atletico go,,4.52,0.2318,0.2212,2.16,lose,-1.0,0.34,market_avg,False
brasileirao,2021,2021-10-09,Corinthians @ Sport Recife,1X2,sport recife,,4.02,0.1753,0.2488,-13.29,win,3.0199999999999996,0.34,market_avg,False
brasileirao,2021,2021-10-09,Corinthians @ Sport Recife,1X2,draw,,2.83,0.4819,0.3534,16.37,lose,-1.0,0.34,market_avg,True
brasileirao,2021,2021-10-09,Corinthians @ Sport Recife,1X2,corinthians,,2.17,0.3428,0.4608,-11.53,lose,-1.0,0.34,market_avg,False
brasileirao,2021,2021-10-09,Bahia @ Athletico-PR,1X2,athletico pr,,1.66,0.4946,0.6024,-8.05,lose,-1.0,0.34,market_avg,False
brasileirao,2021,2021-10-09,Bahia @ Athletico-PR,1X2,draw,,3.67,0.2622,0.2725,-1.7,lose,-1.0,0.34,market_avg,False
brasileirao,2021,2021-10-09,Bahia @ Athletico-PR,1X2,bahia,,5.26,0.2432,0.1901,12.57,win,4.26,0.34,market_avg,True
brasileirao,2021,2021-10-09,Flamengo RJ @ Fortaleza,1X2,fortaleza,,3.0,0.2603,0.3333,-9.86,lose,-1.0,0.34,market_avg,False
brasileirao,2021,2021-10-09,Flamengo RJ @ Fortaleza,1X2,draw,,3.11,0.2931,0.3215,-3.98,lose,-1.0,0.34,market_avg,False
brasileirao,2021,2021-10-09,Flamengo RJ @ Fortaleza,1X2,flamengo rj,,2.46,0.4466,0.4065,4.44,win,1.46,0.34,market_avg,True
brasileirao,2021,2021-10-10,America MG @ Juventude,1X2,juventude,,3.03,0.3149,0.33,-2.06,lose,-1.0,0.334,market_avg,False
brasileirao,2021,2021-10-10,America MG @ Juventude,1X2,draw,,2.78,0.3512,0.3597,-1.07,win,1.7799999999999998,0.334,market_avg,False
brasileirao,2021,2021-10-10,America MG @ Juventude,1X2,america mg,,2.68,0.3339,0.3731,-4.73,lose,-1.0,0.334,market_avg,False
brasileirao,2021,2021-10-10,Bragantino @ Palmeiras,1X2,palmeiras,,1.82,0.3589,0.5495,-15.61,lose,-1.0,0.334,market_avg,False
brasileirao,2021,2021-10-10,Bragantino @ Palmeiras,1X2,draw,,3.54,0.2731,0.2825,-1.49,lose,-1.0,0.334,market_avg,False
brasileirao,2021,2021-10-10,Bragantino @ Palmeiras,1X2,bragantino,,4.35,0.368,0.2299,27.03,win,3.3499999999999996,0.334,market_avg,True
brasileirao,2021,2021-10-10,Chapecoense-SC @ Internacional,1X2,internacional,,1.4,0.5579,0.7143,-9.85,win,0.3999999999999999,0.34,market_avg,False
brasileirao,2021,2021-10-10,Chapecoense-SC @ Internacional,1X2,draw,,4.55,0.2846,0.2198,13.26,lose,-1.0,0.34,market_avg,True
brasileirao,2021,2021-10-10,Chapecoense-SC @ Internacional,1X2,chapecoense,,7.82,0.1575,0.1279,10.43,lose,-1.0,0.34,market_avg,False
brasileirao,2021,2021-10-10,Gremio @ Santos,1X2,santos,,2.65,0.3834,0.3774,0.72,win,1.65,0.34,market_avg,False
brasileirao,2021,2021-10-10,Gremio @ Santos,1X2,draw,,3.01,0.3552,0.3322,3.11,lose,-1.0,0.34,market_avg,True
brasileirao,2021,2021-10-10,Gremio @ Santos,1X2,gremio,,2.82,0.2615,0.3546,-11.82,lose,-1.0,0.34,market_avg,False
brasileirao,2021,2021-10-12,Sao Paulo @ Cuiaba,1X2,cuiaba,,3.67,0.3986,0.2725,20.82,lose,-1.0,0.334,market_avg,True
brasileirao,2021,2021-10-12,Sao Paulo @ Cuiaba,1X2,draw,,2.97,0.3315,0.3367,-0.7,win,1.9700000000000002,0.334,market_avg,False
brasileirao,2021,2021-10-12,Sao Paulo @ Cuiaba,1X2,sao paulo,,2.19,0.27,0.4566,-18.4,lose,-1.0,0.334,market_avg,False
brasileirao,2021,2021-10-12,Atletico GO @ Bragantino,1X2,bragantino,,1.74,0.4635,0.5747,-8.71,win,0.74,0.334,market_avg,False
brasileirao,2021,2021-10-12,Atletico GO @ Bragantino,1X2,draw,,3.46,0.3365,0.289,7.39,lose,-1.0,0.334,market_avg,True
brasileirao,2021,2021-10-12,Atletico GO @ Bragantino,1X2,atletico go,,4.87,0.2,0.2053,-1.17,lose,-1.0,0.334,market_avg,False
brasileirao,2021,2021-10-13,Palmeiras @ Bahia,1X2,bahia,,3.07,0.3093,0.3257,-2.27,lose,-1.0,0.34,market_avg,False
brasileirao,2021,2021-10-13,Palmeiras @ Bahia,1X2,draw,,3.24,0.2633,0.3086,-6.61,win,2.24,0.34,market_avg,False
brasileirao,2021,2021-10-13,Palmeiras @ Bahia,1X2,palmeiras,,2.31,0.4273,0.4329,-0.58,lose,-1.0,0.34,market_avg,False
brasileirao,2021,2021-10-13,Santos @ Atletico-MG,1X2,atletico mg,,1.43,0.669,0.6993,-1.95,win,0.42999999999999994,0.34,market_avg,False
brasileirao,2021,2021-10-13,Santos @ Atletico-MG,1X2,draw,,4.27,0.2537,0.2342,3.75,lose,-1.0,0.34,market_avg,False
brasileirao,2021,2021-10-13,Santos @ Atletico-MG,1X2,santos,,7.51,0.0773,0.1332,-18.88,lose,-1.0,0.34,market_avg,False
brasileirao,2021,2021-10-13,Athletico-PR @ Chapecoense-SC,1X2,chapecoense,,3.92,0.2027,0.2551,-9.24,lose,-1.0,0.34,market_avg,False
brasileirao,2021,2021-10-13,Athletico-PR @ Chapecoense-SC,1X2,draw,,3.29,0.2745,0.304,-4.36,win,2.29,0.34,market_avg,False
brasileirao,2021,2021-10-13,Athletico-PR @ Chapecoense-SC,1X2,athletico pr,,1.97,0.5228,0.5076,1.35,lose,-1.0,0.34,market_avg,False
brasileirao,2021,2021-10-13,Juventude @ Flamengo RJ,1X2,flamengo rj,,1.35,0.6908,0.7407,-3.04,win,0.3500000000000001,0.334,market_avg,False
brasileirao,2021,2021-10-13,Juventude @ Flamengo RJ,1X2,draw,,4.68,0.2172,0.2137,0.74,lose,-1.0,0.334,market_avg,False
brasileirao,2021,2021-10-13,Juventude @ Flamengo RJ,1X2,juventude,,8.95,0.092,0.1117,-7.93,lose,-1.0,0.334,market_avg,False
brasileirao,2021,2021-10-14,Gremio @ Fortaleza,1X2,fortaleza,,1.84,0.4745,0.5435,-5.71,win,0.8400000000000001,0.34,market_avg,False
brasileirao,2021,2021-10-14,Gremio @ Fortaleza,1X2,draw,,3.34,0.3107,0.2994,1.7,lose,-1.0,0.34,market_avg,False
brasileirao,2021,2021-10-14,Gremio @ Fortaleza,1X2,gremio,,4.44,0.2147,0.2252,-2.1,lose,-1.0,0.34,market_avg,False
brasileirao,2021,2021-10-14,Fluminense @ Corinthians,1X2,corinthians,,1.94,0.4619,0.5155,-4.68,win,0.94,0.34,market_avg,False
brasileirao,2021,2021-10-14,Fluminense @ Corinthians,1X2,draw,,3.12,0.329,0.3205,1.19,lose,-1.0,0.34,market_avg,False
brasileirao,2021,2021-10-14,Fluminense @ Corinthians,1X2,fluminense,,4.38,0.2091,0.2283,-3.78,lose,-1.0,0.34,market_avg,False
brasileirao,2021,2021-10-14,America MG @ Internacional,1X2,internacional,,1.92,0.4867,0.5208,-2.95,win,0.9199999999999999,0.334,market_avg,False
brasileirao,2021,2021-10-14,America MG @ Internacional,1X2,draw,,3.32,0.3067,0.3012,0.82,lose,-1.0,0.334,market_avg,False
brasileirao,2021,2021-10-14,America MG @ Internacional,1X2,america mg,,4.02,0.2066,0.2488,-7.63,lose,-1.0,0.334,market_avg,False
brasileirao,2021,2021-10-14,Sport Recife @ Cuiaba,1X2,cuiaba,,2.11,0.2836,0.4739,-18.07,win,1.1099999999999999,0.334,market_avg,False
brasileirao,2021,2021-10-14,Sport Recife @ Cuiaba,1X2,draw,,2.92,0.435,0.3425,12.16,lose,-1.0,0.334,market_avg,True
brasileirao,2021,2021-10-14,Sport Recife @ Cuiaba,1X2,sport recife,,4.03,0.2814,0.2481,6.04,lose,-1.0,0.334,market_avg,True
brasileirao,2021,2021-10-14,Ceara @ Sao Paulo,1X2,sao paulo,,1.68,0.2413,0.5952,-26.76,lose,-1.0,0.34,market_avg,False
brasileirao,2021,2021-10-14,Ceara @ Sao Paulo,1X2,draw,,3.45,0.3893,0.2899,15.44,win,2.45,0.34,market_avg,True
brasileirao,2021,2021-10-14,Ceara @ Sao Paulo,1X2,ceara,,5.38,0.3694,0.1859,44.43,lose,-1.0,0.34,market_avg,False
brasileirao,2021,2021-10-16,Fortaleza @ Chapecoense-SC,1X2,chapecoense,,4.89,0.2,0.2045,-0.99,lose,-1.0,0.334,market_avg,False
brasileirao,2021,2021-10-16,Fortaleza @ Chapecoense-SC,1X2,draw,,3.58,0.2989,0.2793,3.15,lose,-1.0,0.334,market_avg,False
brasileirao,2021,2021-10-16,Fortaleza @ Chapecoense-SC,1X2,fortaleza,,1.72,0.5011,0.5814,-6.21,win,0.72,0.334,market_avg,False
brasileirao,2021,2021-10-17,Bahia @ America MG,1X2,america mg,,2.01,0.3557,0.4975,-12.82,lose,-1.0,0.334,market_avg,False
brasileirao,2021,2021-10-17,Bahia @ America MG,1X2,draw,,3.26,0.3113,0.3067,0.67,win,2.26,0.334,market_avg,False
brasileirao,2021,2021-10-17,Bahia @ America MG,1X2,bahia,,3.8,0.333,0.2632,11.93,lose,-1.0,0.334,market_avg,True
brasileirao,2021,2021-10-17,Fluminense @ Athletico-PR,1X2,athletico pr,,2.46,0.4516,0.4065,4.99,lose,-1.0,0.34,market_avg,True
brasileirao,2021,2021-10-17,Fluminense @ Athletico-PR,1X2,draw,,2.94,0.2961,0.3401,-5.82,lose,-1.0,0.34,market_avg,False
brasileirao,2021,2021-10-17,Fluminense @ Athletico-PR,1X2,fluminense,,3.11,0.2523,0.3215,-9.69,win,2.11,0.34,market_avg,False
brasileirao,2021,2021-10-17,Internacional @ Palmeiras,1X2,palmeiras,,1.75,0.401,0.5714,-13.42,win,0.75,0.34,market_avg,False
brasileirao,2021,2021-10-17,Internacional @ Palmeiras,1X2,draw,,3.61,0.2905,0.277,2.2,lose,-1.0,0.34,market_avg,False
brasileirao,2021,2021-10-17,Internacional @ Palmeiras,1X2,internacional,,4.65,0.3085,0.2151,19.55,lose,-1.0,0.34,market_avg,True
brasileirao,2021,2021-10-17,Atletico-MG @ Atletico GO,1X2,atletico go,,4.89,0.1795,0.2045,-5.5,win,3.8899999999999997,0.34,market_avg,False
brasileirao,2021,2021-10-17,Atletico-MG @ Atletico GO,1X2,draw,,3.36,0.3163,0.2976,2.82,lose,-1.0,0.34,market_avg,False
brasileirao,2021,2021-10-17,Atletico-MG @ Atletico GO,1X2,atletico mg,,1.77,0.5041,0.565,-4.85,lose,-1.0,0.34,market_avg,False
brasileirao,2021,2021-10-17,Bragantino @ Ceara,1X2,ceara,,2.15,0.2858,0.4651,-17.35,lose,-1.0,0.334,market_avg,False
brasileirao,2021,2021-10-17,Bragantino @ Ceara,1X2,draw,,3.17,0.3094,0.3155,-0.87,win,2.17,0.334,market_avg,False
brasileirao,2021,2021-10-17,Bragantino @ Ceara,1X2,bragantino,,3.51,0.4049,0.2849,18.95,lose,-1.0,0.334,market_avg,True
brasileirao,2021,2021-10-17,Juventude @ Gremio,1X2,gremio,,1.73,0.3123,0.578,-20.69,win,0.73,0.334,market_avg,False
brasileirao,2021,2021-10-17,Juventude @ Gremio,1X2,draw,,3.3,0.3676,0.303,9.59,lose,-1.0,0.334,market_avg,True
brasileirao,2021,2021-10-17,Juventude @ Gremio,1X2,juventude,,5.42,0.32,0.1845,33.05,lose,-1.0,0.334,market_avg,True
brasileirao,2021,2021-10-18,Cuiaba @ Flamengo RJ,1X2,flamengo rj,,1.26,0.6405,0.7937,-8.68,lose,-1.0,0.334,market_avg,False
brasileirao,2021,2021-10-18,Cuiaba @ Flamengo RJ,1X2,draw,,5.62,0.2335,0.1779,14.06,win,4.62,0.334,market_avg,True
brasileirao,2021,2021-10-18,Cuiaba @ Flamengo RJ,1X2,cuiaba,,10.94,0.126,0.0914,17.02,lose,-1.0,0.334,market_avg,False
brasileirao,2021,2021-10-18,Santos @ Sport Recife,1X2,sport recife,,2.55,0.3294,0.3922,-7.2,lose,-1.0,0.34,market_avg,False
brasileirao,2021,2021-10-18,Santos @ Sport Recife,1X2,draw,,2.89,0.3828,0.346,4.79,win,1.8900000000000001,0.34,market_avg,True
brasileirao,2021,2021-10-18,Santos @ Sport Recife,1X2,santos,,3.02,0.2877,0.3311,-5.9,lose,-1.0,0.34,market_avg,False
brasileirao,2021,2021-10-19,Corinthians @ Sao Paulo,1X2,sao paulo,,2.09,0.2293,0.4785,-23.43,win,1.0899999999999999,0.34,market_avg,False
brasileirao,2021,2021-10-19,Corinthians @ Sao Paulo,1X2,draw,,3.02,0.3674,0.3311,4.93,lose,-1.0,0.34,market_avg,True
brasileirao,2021,2021-10-19,Corinthians @ Sao Paulo,1X2,corinthians,,3.94,0.4034,0.2538,26.52,lose,-1.0,0.34,market_avg,True
brasileirao,2021,2021-10-20,Palmeiras @ Ceara,1X2,ceara,,3.05,0.3052,0.3279,-3.11,lose,-1.0,0.34,market_avg,False
brasileirao,2021,2021-10-20,Palmeiras @ Ceara,1X2,draw,,3.13,0.3329,0.3195,1.89,lose,-1.0,0.34,market_avg,False
brasileirao,2021,2021-10-20,Palmeiras @ Ceara,1X2,palmeiras,,2.39,0.3619,0.4184,-6.08,win,1.3900000000000001,0.34,market_avg,False
brasileirao,2021,2021-10-22,Bragantino @ Internacional,1X2,internacional,,1.84,0.3927,0.5435,-12.48,lose,-1.0,0.334,market_avg,False
brasileirao,2021,2021-10-22,Bragantino @ Internacional,1X2,draw,,3.48,0.2653,0.2874,-3.46,win,2.48,0.334,market_avg,False
brasileirao,2021,2021-10-22,Bragantino @ Internacional,1X2,bragantino,,4.26,0.342,0.2347,20.56,lose,-1.0,0.334,market_avg,True
brasileirao,2021,2021-10-23,Ceara @ Juventude,1X2,juventude,,2.75,0.4186,0.3636,6.8,lose,-1.0,0.334,market_avg,True
brasileirao,2021,2021-10-23,Ceara @ Juventude,1X2,draw,,2.86,0.3266,0.3497,-2.96,win,1.8599999999999999,0.334,market_avg,False
brasileirao,2021,2021-10-23,Ceara @ Juventude,1X2,ceara,,2.83,0.2548,0.3534,-12.55,lose,-1.0,0.334,market_avg,False
brasileirao,2021,2021-10-23,America MG @ Santos,1X2,santos,,2.37,0.3366,0.4219,-9.1,lose,-1.0,0.334,market_avg,False
brasileirao,2021,2021-10-23,America MG @ Santos,1X2,draw,,3.03,0.3281,0.33,-0.26,lose,-1.0,0.334,market_avg,False
brasileirao,2021,2021-10-23,America MG @ Santos,1X2,america mg,,3.18,0.3353,0.3145,2.97,win,2.18,0.334,market_avg,False
brasileirao,2021,2021-10-23,Flamengo RJ @ Fluminense,1X2,fluminense,,4.69,0.2075,0.2132,-1.21,win,3.6900000000000004,0.34,market_avg,False
brasileirao,2021,2021-10-23,Flamengo RJ @ Fluminense,1X2,draw,,3.28,0.2688,0.3049,-5.33,lose,-1.0,0.34,market_avg,False
brasileirao,2021,2021-10-23,Flamengo RJ @ Fluminense,1X2,flamengo rj,,1.83,0.5237,0.5464,-1.87,lose,-1.0,0.34,market_avg,False
brasileirao,2021,2021-10-23,Athletico-PR @ Fortaleza,1X2,fortaleza,,1.55,0.4559,0.6452,-13.2,win,0.55,0.34,market_avg,False
brasileirao,2021,2021-10-23,Athletico-PR @ Fortaleza,1X2,draw,,3.77,0.2684,0.2653,0.53,lose,-1.0,0.34,market_avg,False
brasileirao,2021,2021-10-23,Athletico-PR @ Fortaleza,1X2,athletico pr,,6.38,0.2757,0.1567,34.15,lose,-1.0,0.34,market_avg,True
brasileirao,2021,2021-10-24,Cuiaba @ Atletico-MG,1X2,atletico mg,,1.27,0.5635,0.7874,-12.8,win,0.27,0.334,market_avg,False
brasileirao,2021,2021-10-24,Cuiaba @ Atletico-MG,1X2,draw,,5.28,0.2783,0.1894,21.12,lose,-1.0,0.334,market_avg,True
brasileirao,2021,2021-10-24,Cuiaba @ Atletico-MG,1X2,cuiaba,,11.18,0.1582,0.0894,34.59,lose,-1.0,0.334,market_avg,False
brasileirao,2021,2021-10-24,Corinthians @ Internacional,1X2,internacional,,2.13,0.3125,0.4695,-15.05,lose,-1.0,0.34,market_avg,False
brasileirao,2021,2021-10-24,Corinthians @ Internacional,1X2,draw,,3.06,0.3444,0.3268,2.43,win,2.06,0.34,market_avg,False
brasileirao,2021,2021-10-24,Corinthians @ Internacional,1X2,corinthians,,3.71,0.3431,0.2695,12.28,lose,-1.0,0.34,market_avg,True
brasileirao,2021,2021-10-24,Sao Paulo @ Bragantino,1X2,bragantino,,2.68,0.4277,0.3731,6.58,win,1.6800000000000002,0.334,market_avg,True
brasileirao,2021,2021-10-24,Sao Paulo @ Bragantino,1X2,draw,,3.06,0.3143,0.3268,-1.72,lose,-1.0,0.334,market_avg,False
brasileirao,2021,2021-10-24,Sao Paulo @ Bragantino,1X2,sao paulo,,2.7,0.258,0.3704,-13.66,lose,-1.0,0.334,market_avg,False
brasileirao,2021,2021-10-25,Chapecoense-SC @ Bahia,1X2,bahia,,1.46,0.5014,0.6849,-12.06,win,0.45999999999999996,0.34,market_avg,False
brasileirao,2021,2021-10-25,Chapecoense-SC @ Bahia,1X2,draw,,4.27,0.2579,0.2342,4.55,lose,-1.0,0.34,market_avg,True
brasileirao,2021,2021-10-25,Chapecoense-SC @ Bahia,1X2,chapecoense,,6.82,0.2407,0.1466,28.88,lose,-1.0,0.34,market_avg,False
brasileirao,2021,2021-10-26,Gremio @ Atletico GO,1X2,atletico go,,2.77,0.4073,0.361,5.78,win,1.77,0.34,market_avg,True
brasileirao,2021,2021-10-26,Gremio @ Atletico GO,1X2,draw,,3.0,0.3389,0.3333,0.75,lose,-1.0,0.34,market_avg,False
brasileirao,2021,2021-10-26,Gremio @ Atletico GO,1X2,gremio,,2.68,0.2538,0.3731,-14.4,lose,-1.0,0.34,market_avg,False
brasileirao,2021,2021-10-26,Sport Recife @ Palmeiras,1X2,palmeiras,,1.36,0.49,0.7353,-15.01,win,0.3600000000000001,0.34,market_avg,False
brasileirao,2021,2021-10-26,Sport Recife @ Palmeiras,1X2,draw,,4.64,0.3222,0.2155,22.27,lose,-1.0,0.34,market_avg,True
brasileirao,2021,2021-10-26,Sport Recife @ Palmeiras,1X2,sport recife,,8.6,0.1879,0.1163,27.71,lose,-1.0,0.34,market_avg,False
brasileirao,2021,2021-10-27,Ceara @ Bahia,1X2,bahia,,2.05,0.3871,0.4878,-9.29,lose,-1.0,0.34,market_avg,False
brasileirao,2021,2021-10-27,Ceara @ Bahia,1X2,draw,,3.21,0.3209,0.3115,1.35,win,2.21,0.34,market_avg,False
brasileirao,2021,2021-10-27,Ceara @ Bahia,1X2,ceara,,3.75,0.2921,0.2667,4.29,lose,-1.0,0.34,market_avg,True
brasileirao,2021,2021-10-27,Fluminense @ Santos,1X2,santos,,2.54,0.3032,0.3937,-10.34,win,1.54,0.34,market_avg,False
brasileirao,2021,2021-10-27,Fluminense @ Santos,1X2,draw,,2.93,0.3227,0.3413,-2.45,lose,-1.0,0.34,market_avg,False
brasileirao,2021,2021-10-27,Fluminense @ Santos,1X2,fluminense,,3.03,0.374,0.33,6.0,lose,-1.0,0.34,market_avg,True
brasileirao,2021,2021-10-28,Sport Recife @ Bragantino,1X2,bragantino,,1.47,0.5247,0.6803,-10.29,win,0.47,0.334,market_avg,False
brasileirao,2021,2021-10-28,Sport Recife @ Bragantino,1X2,draw,,4.12,0.3297,0.2427,16.12,lose,-1.0,0.334,market_avg,True
brasileirao,2021,2021-10-28,Sport Recife @ Bragantino,1X2,sport recife,,7.11,0.1457,0.1406,1.6,lose,-1.0,0.334,market_avg,False
brasileirao,2021,2021-10-30,Santos @ Athletico-PR,1X2,athletico pr,,1.8,0.5247,0.5556,-2.5,lose,-1.0,0.34,market_avg,False
brasileirao,2021,2021-10-30,Santos @ Athletico-PR,1X2,draw,,3.38,0.2904,0.2959,-0.83,lose,-1.0,0.34,market_avg,False
brasileirao,2021,2021-10-30,Santos @ Athletico-PR,1X2,santos,,4.65,0.1849,0.2151,-6.31,win,3.6500000000000004,0.34,market_avg,False
brasileirao,2021,2021-10-30,Atletico-MG @ Flamengo RJ,1X2,flamengo rj,,2.25,0.3879,0.4444,-5.72,win,1.25,0.34,market_avg,False
brasileirao,2021,2021-10-30,Atletico-MG @ Flamengo RJ,1X2,draw,,3.25,0.2776,0.3077,-4.41,lose,-1.0,0.34,market_avg,False
brasileirao,2021,2021-10-30,Atletico-MG @ Flamengo RJ,1X2,atletico mg,,3.23,0.3345,0.3096,3.62,lose,-1.0,0.34,market_avg,True
brasileirao,2021,2021-10-30,Bahia @ Juventude,1X2,juventude,,2.42,0.455,0.4132,4.55,lose,-1.0,0.334,market_avg,True
brasileirao,2021,2021-10-30,Bahia @ Juventude,1X2,draw,,2.9,0.2971,0.3448,-6.23,win,1.9,0.334,market_avg,False
brasileirao,2021,2021-10-30,Bahia @ Juventude,1X2,bahia,,3.27,0.2479,0.3058,-8.52,lose,-1.0,0.334,market_avg,False
brasileirao,2021,2021-10-31,Fortaleza @ America MG,1X2,america mg,,2.08,0.3295,0.4808,-14.16,win,1.08,0.334,market_avg,False
brasileirao,2021,2021-10-31,Fortaleza @ America MG,1X2,draw,,2.99,0.306,0.3344,-3.83,lose,-1.0,0.334,market_avg,False
brasileirao,2021,2021-10-31,Fortaleza @ America MG,1X2,fortaleza,,3.7,0.3645,0.2703,15.69,lose,-1.0,0.334,market_avg,True
brasileirao,2021,2021-10-31,Fluminense @ Ceara,1X2,ceara,,2.3,0.3694,0.4348,-6.77,win,1.2999999999999998,0.34,market_avg,False
brasileirao,2021,2021-10-31,Fluminense @ Ceara,1X2,draw,,2.99,0.3285,0.3344,-0.8,lose,-1.0,0.34,market_avg,False
brasileirao,2021,2021-10-31,Fluminense @ Ceara,1X2,fluminense,,3.39,0.3021,0.295,1.09,lose,-1.0,0.34,market_avg,False
brasileirao,2021,2021-10-31,Palmeiras @ Gremio,1X2,gremio,,2.85,0.286,0.3509,-8.31,lose,-1.0,0.34,market_avg,False
brasileirao,2021,2021-10-31,Palmeiras @ Gremio,1X2,draw,,3.19,0.2782,0.3135,-5.06,lose,-1.0,0.34,market_avg,False
brasileirao,2021,2021-10-31,Palmeiras @ Gremio,1X2,palmeiras,,2.5,0.4358,0.4,4.02,win,1.5,0.34,market_avg,True
brasileirao,2021,2021-10-31,Internacional @ Sao Paulo,1X2,sao paulo,,1.75,0.3,0.5714,-21.37,win,0.75,0.34,market_avg,False
brasileirao,2021,2021-10-31,Internacional @ Sao Paulo,1X2,draw,,3.52,0.3271,0.2841,6.82,lose,-1.0,0.34,market_avg,True
brasileirao,2021,2021-10-31,Internacional @ Sao Paulo,1X2,internacional,,4.88,0.3728,0.2049,36.87,lose,-1.0,0.34,market_avg,False
brasileirao,2021,2021-10-31,Atletico GO @ Sport Recife,1X2,sport recife,,2.43,0.1562,0.4115,-27.91,win,1.4300000000000002,0.34,market_avg,False
brasileirao,2021,2021-10-31,Atletico GO @ Sport Recife,1X2,draw,,2.85,0.4417,0.3509,11.64,lose,-1.0,0.34,market_avg,True
brasileirao,2021,2021-10-31,Atletico GO @ Sport Recife,1X2,atletico go,,3.27,0.4021,0.3058,14.17,lose,-1.0,0.34,market_avg,True
brasileirao,2021,2021-11-01,Bragantino @ Cuiaba,1X2,cuiaba,,2.5,0.3089,0.4,-10.25,win,1.5,0.334,market_avg,False
brasileirao,2021,2021-11-01,Bragantino @ Cuiaba,1X2,draw,,2.97,0.2912,0.3367,-6.08,lose,-1.0,0.334,market_avg,False
brasileirao,2021,2021-11-01,Bragantino @ Cuiaba,1X2,bragantino,,3.03,0.3999,0.33,9.53,lose,-1.0,0.334,market_avg,True
brasileirao,2021,2021-11-02,Chapecoense-SC @ Corinthians,1X2,corinthians,,1.37,0.6091,0.7299,-7.45,win,0.3700000000000001,0.34,market_avg,False
brasileirao,2021,2021-11-02,Chapecoense-SC @ Corinthians,1X2,draw,,4.55,0.2459,0.2198,5.34,lose,-1.0,0.34,market_avg,True
brasileirao,2021,2021-11-02,Chapecoense-SC @ Corinthians,1X2,chapecoense,,8.59,0.145,0.1164,11.05,lose,-1.0,0.34,market_avg,False
brasileirao,2021,2021-11-02,Flamengo RJ @ Athletico-PR,1X2,athletico pr,,3.27,0.2119,0.3058,-13.82,lose,-1.0,0.34,market_avg,False
brasileirao,2021,2021-11-02,Flamengo RJ @ Athletico-PR,1X2,draw,,3.2,0.2559,0.3125,-8.15,win,2.2,0.34,market_avg,False
brasileirao,2021,2021-11-02,Flamengo RJ @ Athletico-PR,1X2,flamengo rj,,2.24,0.5322,0.4464,8.65,lose,-1.0,0.34,market_avg,True
brasileirao,2021,2021-11-04,Gremio @ Atletico-MG,1X2,atletico mg,,1.42,0.6727,0.7042,-2.01,win,0.41999999999999993,0.34,market_avg,False
brasileirao,2021,2021-11-04,Gremio @ Atletico-MG,1X2,draw,,4.45,0.2199,0.2247,-0.97,lose,-1.0,0.34,market_avg,False
brasileirao,2021,2021-11-04,Gremio @ Atletico-MG,1X2,gremio,,7.53,0.1074,0.1328,-8.61,lose,-1.0,0.34,market_avg,False
brasileirao,2021,2021-11-05,Chapecoense-SC @ Cuiaba,1X2,cuiaba,,1.68,0.6051,0.5952,0.74,lose,-1.0,0.334,market_avg,False
brasileirao,2021,2021-11-05,Chapecoense-SC @ Cuiaba,1X2,draw,,3.44,0.2628,0.2907,-4.32,win,2.44,0.334,market_avg,False
brasileirao,2021,2021-11-05,Chapecoense-SC @ Cuiaba,1X2,chapecoense,,5.67,0.1321,0.1764,-11.28,lose,-1.0,0.334,market_avg,False
brasileirao,2021,2021-11-06,Atletico GO @ Flamengo RJ,1X2,flamengo rj,,1.33,0.5494,0.7519,-12.12,win,0.33000000000000007,0.34,market_avg,False
brasileirao,2021,2021-11-06,Atletico GO @ Flamengo RJ,1X2,draw,,5.13,0.275,0.1949,18.49,lose,-1.0,0.34,market_avg,True
brasileirao,2021,2021-11-06,Atletico GO @ Flamengo RJ,1X2,atletico go,,8.8,0.1755,0.1136,24.51,lose,-1.0,0.34,market_avg,False
brasileirao,2021,2021-11-06,Fortaleza @ Corinthians,1X2,corinthians,,1.81,0.3983,0.5525,-12.56,win,0.81,0.34,market_avg,False
brasileirao,2021,2021-11-06,Fortaleza @ Corinthians,1X2,draw,,3.34,0.3051,0.2994,0.86,lose,-1.0,0.34,market_avg,False
brasileirao,2021,2021-11-06,Fortaleza @ Corinthians,1X2,fortaleza,,4.9,0.2966,0.2041,20.39,lose,-1.0,0.34,market_avg,True
brasileirao,2021,2021-11-06,Gremio @ Internacional,1X2,internacional,,2.3,0.6256,0.4348,19.75,win,1.2999999999999998,0.34,market_avg,False
brasileirao,2021,2021-11-06,Gremio @ Internacional,1X2,draw,,3.0,0.2553,0.3333,-10.53,lose,-1.0,0.34,market_avg,False
brasileirao,2021,2021-11-06,Gremio @ Internacional,1X2,gremio,,3.44,0.1191,0.2907,-26.56,lose,-1.0,0.34,market_avg,False
brasileirao,2021,2021-11-07,Sport Recife @ Fluminense,1X2,fluminense,,1.72,0.4175,0.5814,-12.68,win,0.72,0.34,market_avg,False
brasileirao,2021,2021-11-07,Sport Recife @ Fluminense,1X2,draw,,3.27,0.3706,0.3058,9.54,lose,-1.0,0.34,market_avg,True
brasileirao,2021,2021-11-07,Sport Recife @ Fluminense,1X2,sport recife,,5.74,0.2118,0.1742,9.72,lose,-1.0,0.34,market_avg,True
brasileirao,2021,2021-11-07,America MG @ Atletico-MG,1X2,atletico mg,,1.65,0.5596,0.6061,-3.45,win,0.6499999999999999,0.334,market_avg,False
brasileirao,2021,2021-11-07,America MG @ Atletico-MG,1X2,draw,,3.68,0.2778,0.2717,1.0,lose,-1.0,0.334,market_avg,False
brasileirao,2021,2021-11-07,America MG @ Atletico-MG,1X2,america mg,,5.49,0.1626,0.1821,-4.83,lose,-1.0,0.334,market_avg,False
brasileirao,2021,2021-11-07,Athletico-PR @ Bragantino,1X2,bragantino,,2.15,0.5799,0.4651,11.1,lose,-1.0,0.334,market_avg,True
brasileirao,2021,2021-11-07,Athletico-PR @ Bragantino,1X2,draw,,3.15,0.2279,0.3175,-12.7,lose,-1.0,0.334,market_avg,False
brasileirao,2021,2021-11-07,Athletico-PR @ Bragantino,1X2,athletico pr,,3.61,0.1922,0.277,-13.77,win,2.61,0.334,market_avg,False
brasileirao,2021,2021-11-07,Palmeiras @ Santos,1X2,santos,,3.73,0.2951,0.2681,4.53,lose,-1.0,0.34,market_avg,True
brasileirao,2021,2021-11-07,Palmeiras @ Santos,1X2,draw,,3.25,0.2794,0.3077,-4.14,lose,-1.0,0.34,market_avg,False
brasileirao,2021,2021-11-07,Palmeiras @ Santos,1X2,palmeiras,,2.08,0.4255,0.4808,-5.17,win,1.08,0.34,market_avg,False
brasileirao,2021,2021-11-07,Sao Paulo @ Bahia,1X2,bahia,,2.98,0.3833,0.3356,6.4,win,1.98,0.34,market_avg,True
brasileirao,2021,2021-11-07,Sao Paulo @ Bahia,1X2,draw,,3.06,0.3247,0.3268,-0.29,lose,-1.0,0.34,market_avg,False
brasileirao,2021,2021-11-07,Sao Paulo @ Bahia,1X2,sao paulo,,2.52,0.292,0.3968,-11.89,lose,-1.0,0.34,market_avg,False
brasileirao,2021,2021-11-07,Cuiaba @ Ceara,1X2,ceara,,1.94,0.4252,0.5155,-7.88,win,0.94,0.334,market_avg,False
brasileirao,2021,2021-11-07,Cuiaba @ Ceara,1X2,draw,,3.14,0.3724,0.3185,7.62,lose,-1.0,0.334,market_avg,True
brasileirao,2021,2021-11-07,Cuiaba @ Ceara,1X2,cuiaba,,4.49,0.2024,0.2227,-4.1,lose,-1.0,0.334,market_avg,False
brasileirao,2021,2021-11-08,Flamengo RJ @ Chapecoense-SC,1X2,chapecoense,,8.18,0.0949,0.1222,-10.05,lose,-1.0,0.34,market_avg,False
brasileirao,2021,2021-11-08,Flamengo RJ @ Chapecoense-SC,1X2,draw,,4.87,0.2128,0.2053,1.63,win,3.87,0.34,market_avg,False
brasileirao,2021,2021-11-08,Flamengo RJ @ Chapecoense-SC,1X2,flamengo rj,,1.36,0.6923,0.7353,-2.63,lose,-1.0,0.34,market_avg,False
brasileirao,2021,2021-11-10,Fluminense @ Gremio,1X2,gremio,,2.36,0.295,0.4237,-13.67,win,1.3599999999999999,0.34,market_avg,False
brasileirao,2021,2021-11-10,Fluminense @ Gremio,1X2,draw,,2.92,0.3522,0.3425,1.28,lose,-1.0,0.34,market_avg,False
brasileirao,2021,2021-11-10,Fluminense @ Gremio,1X2,fluminense,,3.4,0.3529,0.2941,8.99,lose,-1.0,0.34,market_avg,True
brasileirao,2021,2021-11-10,Ceara @ Athletico-PR,1X2,athletico pr,,1.81,0.3974,0.5525,-12.63,win,0.81,0.34,market_avg,False
brasileirao,2021,2021-11-10,Ceara @ Athletico-PR,1X2,draw,,3.38,0.3225,0.2959,4.05,lose,-1.0,0.34,market_avg,True
brasileirao,2021,2021-11-10,Ceara @ Athletico-PR,1X2,ceara,,4.7,0.2801,0.2128,14.24,lose,-1.0,0.34,market_avg,True
brasileirao,2021,2021-11-10,Corinthians @ Atletico-MG,1X2,atletico mg,,1.55,0.4416,0.6452,-14.2,win,0.55,0.34,market_avg,False
brasileirao,2021,2021-11-10,Corinthians @ Atletico-MG,1X2,draw,,3.65,0.3359,0.274,10.17,lose,-1.0,0.34,market_avg,True
brasileirao,2021,2021-11-10,Corinthians @ Atletico-MG,1X2,corinthians,,7.1,0.2225,0.1408,26.08,lose,-1.0,0.34,market_avg,False
brasileirao,2021,2021-11-10,Bragantino @ Santos,1X2,santos,,2.53,0.2574,0.3953,-15.7,win,1.5299999999999998,0.334,market_avg,False
brasileirao,2021,2021-11-10,Bragantino @ Santos,1X2,draw,,3.13,0.2986,0.3195,-2.94,lose,-1.0,0.334,market_avg,False
brasileirao,2021,2021-11-10,Bragantino @ Santos,1X2,bragantino,,2.9,0.444,0.3448,12.94,lose,-1.0,0.334,market_avg,True
brasileirao,2021,2021-11-10,Atletico GO @ Palmeiras,1X2,palmeiras,,1.36,0.4885,0.7353,-15.1,win,0.3600000000000001,0.34,market_avg,False
brasileirao,2021,2021-11-10,Atletico GO @ Palmeiras,1X2,draw,,4.69,0.291,0.2132,16.41,lose,-1.0,0.34,market_avg,True
brasileirao,2021,2021-11-10,Atletico GO @ Palmeiras,1X2,atletico go,,8.9,0.2205,0.1124,43.3,lose,-1.0,0.34,market_avg,False
brasileirao,2021,2021-11-11,Sao Paulo @ Fortaleza,1X2,fortaleza,,2.62,0.4784,0.3817,11.41,lose,-1.0,0.34,market_avg,True
brasileirao,2021,2021-11-11,Sao Paulo @ Fortaleza,1X2,draw,,2.97,0.3103,0.3367,-3.53,win,1.9700000000000002,0.34,market_avg,False
brasileirao,2021,2021-11-11,Sao Paulo @ Fortaleza,1X2,sao paulo,,2.91,0.2113,0.3436,-17.33,lose,-1.0,0.34,market_avg,False
brasileirao,2021,2021-11-11,Internacional @ Juventude,1X2,juventude,,2.67,0.3036,0.3745,-8.52,win,1.67,0.334,market_avg,False
brasileirao,2021,2021-11-11,Internacional @ Juventude,1X2,draw,,2.8,0.3006,0.3571,-7.13,lose,-1.0,0.334,market_avg,False
brasileirao,2021,2021-11-11,Internacional @ Juventude,1X2,internacional,,3.04,0.3958,0.3289,9.15,lose,-1.0,0.334,market_avg,True
brasileirao,2021,2021-11-11,America MG @ Sport Recife,1X2,sport recife,,2.97,0.2864,0.3367,-6.73,lose,-1.0,0.334,market_avg,False
brasileirao,2021,2021-11-11,America MG @ Sport Recife,1X2,draw,,3.03,0.3921,0.33,8.46,lose,-1.0,0.334,market_avg,True
brasileirao,2021,2021-11-11,America MG @ Sport Recife,1X2,america mg,,2.54,0.3216,0.3937,-8.24,win,1.54,0.334,market_avg,False
brasileirao,2021,2021-11-11,Bahia @ Flamengo RJ,1X2,flamengo rj,,1.58,0.6237,0.6329,-0.65,win,0.5800000000000001,0.34,market_avg,False
brasileirao,2021,2021-11-11,Bahia @ Flamengo RJ,1X2,draw,,4.03,0.2216,0.2481,-4.81,lose,-1.0,0.34,market_avg,False
brasileirao,2021,2021-11-11,Bahia @ Flamengo RJ,1X2,bahia,,5.48,0.1547,0.1825,-6.85,lose,-1.0,0.34,market_avg,False
brasileirao,2021,2021-11-13,Santos @ Atletico GO,1X2,atletico go,,2.09,0.3534,0.4785,-11.77,lose,-1.0,0.34,market_avg,False
brasileirao,2021,2021-11-13,Santos @ Atletico GO,1X2,draw,,3.17,0.4163,0.3155,14.38,win,2.17,0.34,market_avg,True
brasileirao,2021,2021-11-13,Santos @ Atletico GO,1X2,santos,,3.77,0.2304,0.2653,-5.92,lose,-1.0,0.34,market_avg,False
brasileirao,2021,2021-11-13,Gremio @ America MG,1X2,america mg,,2.09,0.4783,0.4785,-0.01,win,1.0899999999999999,0.334,market_avg,False
brasileirao,2021,2021-11-13,Gremio @ America MG,1X2,draw,,3.21,0.3516,0.3115,5.79,lose,-1.0,0.334,market_avg,True
brasileirao,2021,2021-11-13,Gremio @ America MG,1X2,gremio,,3.69,0.17,0.271,-16.77,lose,-1.0,0.334,market_avg,False
brasileirao,2021,2021-11-13,Fortaleza @ Bragantino,1X2,bragantino,,2.04,0.458,0.4902,-2.95,win,1.04,0.334,market_avg,False
brasileirao,2021,2021-11-13,Fortaleza @ Bragantino,1X2,draw,,3.25,0.2965,0.3077,-1.64,lose,-1.0,0.334,market_avg,False
brasileirao,2021,2021-11-13,Fortaleza @ Bragantino,1X2,fortaleza,,3.83,0.2455,0.2611,-2.69,lose,-1.0,0.334,market_avg,False
brasileirao,2021,2021-11-13,Athletico-PR @ Internacional,1X2,internacional,,2.15,0.4894,0.4651,2.35,win,1.15,0.34,market_avg,False
brasileirao,2021,2021-11-13,Athletico-PR @ Internacional,1X2,draw,,3.06,0.3,0.3268,-3.69,lose,-1.0,0.34,market_avg,False
brasileirao,2021,2021-11-13,Athletico-PR @ Internacional,1X2,athletico pr,,3.75,0.2106,0.2667,-9.46,lose,-1.0,0.34,market_avg,False
brasileirao,2021,2021-11-14,Cuiaba @ Corinthians,1X2,corinthians,,1.59,0.4155,0.6289,-15.27,win,0.5900000000000001,0.334,market_avg,False
brasileirao,2021,2021-11-14,Cuiaba @ Corinthians,1X2,draw,,3.53,0.3432,0.2833,9.52,lose,-1.0,0.334,market_avg,True
brasileirao,2021,2021-11-14,Cuiaba @ Corinthians,1X2,cuiaba,,6.93,0.2413,0.1443,30.26,lose,-1.0,0.334,market_avg,False
brasileirao,2021,2021-11-14,Flamengo RJ @ Sao Paulo,1X2,sao paulo,,2.72,0.1792,0.3676,-23.07,lose,-1.0,0.34,market_avg,False
brasileirao,2021,2021-11-14,Flamengo RJ @ Sao Paulo,1X2,draw,,3.3,0.3451,0.303,6.24,lose,-1.0,0.34,market_avg,True
brasileirao,2021,2021-11-14,Flamengo RJ @ Sao Paulo,1X2,flamengo rj,,2.59,0.4758,0.3861,10.45,win,1.5899999999999999,0.34,market_avg,True
brasileirao,2021,2021-11-14,Palmeiras @ Fluminense,1X2,fluminense,,3.16,0.2989,0.3165,-2.49,win,2.16,0.34,market_avg,False
brasileirao,2021,2021-11-14,Palmeiras @ Fluminense,1X2,draw,,3.11,0.3123,0.3215,-1.3,lose,-1.0,0.34,market_avg,False
brasileirao,2021,2021-11-14,Palmeiras @ Fluminense,1X2,palmeiras,,2.36,0.3888,0.4237,-3.71,lose,-1.0,0.34,market_avg,False
brasileirao,2021,2021-11-14,Sport Recife @ Ceara,1X2,ceara,,1.77,0.4421,0.565,-9.79,win,0.77,0.34,market_avg,False
brasileirao,2021,2021-11-14,Sport Recife @ Ceara,1X2,draw,,3.35,0.4142,0.2985,17.45,lose,-1.0,0.34,market_avg,True
brasileirao,2021,2021-11-14,Sport Recife @ Ceara,1X2,sport recife,,5.05,0.1437,0.198,-12.34,lose,-1.0,0.34,market_avg,False
brasileirao,2021,2021-11-14,Juventude @ Chapecoense-SC,1X2,chapecoense,,3.31,0.3474,0.3021,6.74,lose,-1.0,0.334,market_avg,True
brasileirao,2021,2021-11-14,Juventude @ Chapecoense-SC,1X2,draw,,3.1,0.3064,0.3226,-2.25,lose,-1.0,0.334,market_avg,False
brasileirao,2021,2021-11-14,Juventude @ Chapecoense-SC,1X2,juventude,,2.3,0.3462,0.4348,-9.17,win,1.2999999999999998,0.334,market_avg,False
brasileirao,2021,2021-11-16,Atletico-MG @ Athletico-PR,1X2,athletico pr,,6.48,0.1483,0.1543,-1.75,lose,-1.0,0.34,market_avg,False
brasileirao,2021,2021-11-16,Atletico-MG @ Athletico-PR,1X2,draw,,4.07,0.2659,0.2457,3.69,lose,-1.0,0.34,market_avg,True
brasileirao,2021,2021-11-16,Atletico-MG @ Athletico-PR,1X2,atletico mg,,1.51,0.5858,0.6623,-5.19,win,0.51,0.34,market_avg,False
brasileirao,2021,2021-11-16,Bragantino @ Gremio,1X2,gremio,,1.54,0.2264,0.6494,-29.31,win,0.54,0.334,market_avg,False
brasileirao,2021,2021-11-16,Bragantino @ Gremio,1X2,draw,,4.15,0.3144,0.241,13.71,lose,-1.0,0.334,market_avg,True
brasileirao,2021,2021-11-16,Bragantino @ Gremio,1X2,bragantino,,5.88,0.4592,0.1701,76.5,lose,-1.0,0.334,market_avg,False
brasileirao,2021,2021-11-17,Atletico GO @ America MG,1X2,america mg,,1.6,0.4527,0.625,-12.4,lose,-1.0,0.334,market_avg,False
brasileirao,2021,2021-11-17,Atletico GO @ America MG,1X2,draw,,3.88,0.3564,0.2577,17.24,win,2.88,0.334,market_avg,True
brasileirao,2021,2021-11-17,Atletico GO @ America MG,1X2,atletico go,,5.67,0.1908,0.1764,3.69,lose,-1.0,0.334,market_avg,False
brasileirao,2021,2021-11-17,Internacional @ Cuiaba,1X2,cuiaba,,2.6,0.3466,0.3846,-4.44,win,1.6,0.334,market_avg,False
brasileirao,2021,2021-11-17,Internacional @ Cuiaba,1X2,draw,,2.98,0.3444,0.3356,1.19,lose,-1.0,0.334,market_avg,False
brasileirao,2021,2021-11-17,Internacional @ Cuiaba,1X2,internacional,,2.97,0.3089,0.3367,-3.71,lose,-1.0,0.334,market_avg,False
brasileirao,2021,2021-11-17,Chapecoense-SC @ Santos,1X2,santos,,1.36,0.5162,0.7353,-13.41,win,0.3600000000000001,0.34,market_avg,False
brasileirao,2021,2021-11-17,Chapecoense-SC @ Santos,1X2,draw,,4.61,0.3044,0.2169,18.16,lose,-1.0,0.34,market_avg,True
brasileirao,2021,2021-11-17,Chapecoense-SC @ Santos,1X2,chapecoense,,9.19,0.1793,0.1088,29.17,lose,-1.0,0.34,market_avg,False
brasileirao,2021,2021-11-17,Ceara @ Fortaleza,1X2,fortaleza,,2.42,0.4761,0.4132,6.85,lose,-1.0,0.34,market_avg,True
brasileirao,2021,2021-11-17,Ceara @ Fortaleza,1X2,draw,,2.97,0.3281,0.3367,-1.15,lose,-1.0,0.34,market_avg,False
brasileirao,2021,2021-11-17,Ceara @ Fortaleza,1X2,ceara,,3.2,0.1958,0.3125,-16.8,win,2.2,0.34,market_avg,False
brasileirao,2021,2021-11-17,Fluminense @ Juventude,1X2,juventude,,2.8,0.3525,0.3571,-0.59,win,1.7999999999999998,0.334,market_avg,False
brasileirao,2021,2021-11-17,Fluminense @ Juventude,1X2,draw,,2.7,0.3849,0.3704,1.76,lose,-1.0,0.334,market_avg,False
brasileirao,2021,2021-11-17,Fluminense @ Juventude,1X2,fluminense,,3.01,0.2626,0.3322,-9.42,lose,-1.0,0.334,market_avg,False
brasileirao,2021,2021-11-17,Sao Paulo @ Palmeiras,1X2,palmeiras,,2.14,0.5886,0.4673,11.68,lose,-1.0,0.34,market_avg,True
brasileirao,2021,2021-11-17,Sao Paulo @ Palmeiras,1X2,draw,,3.27,0.2911,0.3058,-2.17,lose,-1.0,0.34,market_avg,False
brasileirao,2021,2021-11-17,Sao Paulo @ Palmeiras,1X2,sao paulo,,3.51,0.1203,0.2849,-26.0,win,2.51,0.34,market_avg,False
brasileirao,2021,2021-11-18,Corinthians @ Flamengo RJ,1X2,flamengo rj,,1.9,0.5737,0.5263,4.05,win,0.8999999999999999,0.34,market_avg,True
brasileirao,2021,2021-11-18,Corinthians @ Flamengo RJ,1X2,draw,,3.35,0.2522,0.2985,-6.97,lose,-1.0,0.34,market_avg,False
brasileirao,2021,2021-11-18,Corinthians @ Flamengo RJ,1X2,corinthians,,4.31,0.1741,0.232,-11.24,lose,-1.0,0.34,market_avg,False
brasileirao,2021,2021-11-19,Bahia @ Sport Recife,1X2,sport recife,,2.79,0.3381,0.3584,-2.55,win,1.79,0.34,market_avg,False
brasileirao,2021,2021-11-19,Bahia @ Sport Recife,1X2,draw,,2.97,0.3455,0.3367,1.18,lose,-1.0,0.34,market_avg,False
brasileirao,2021,2021-11-19,Bahia @ Sport Recife,1X2,bahia,,2.74,0.3164,0.365,-5.99,lose,-1.0,0.34,market_avg,False
brasileirao,2021,2021-11-20,Juventude @ Atletico-MG,1X2,atletico mg,,1.32,0.7227,0.7576,-2.07,win,0.32000000000000006,0.334,market_avg,False
brasileirao,2021,2021-11-20,Juventude @ Atletico-MG,1X2,draw,,4.93,0.2144,0.2028,2.57,lose,-1.0,0.334,market_avg,False
brasileirao,2021,2021-11-20,Juventude @ Atletico-MG,1X2,juventude,,9.82,0.0629,0.1018,-17.21,lose,-1.0,0.334,market_avg,False
brasileirao,2021,2021-11-20,Gremio @ Chapecoense-SC,1X2,chapecoense,,5.95,0.2632,0.1681,25.48,lose,-1.0,0.34,market_avg,True
brasileirao,2021,2021-11-20,Gremio @ Chapecoense-SC,1X2,draw,,4.04,0.3333,0.2475,15.59,lose,-1.0,0.34,market_avg,True
brasileirao,2021,2021-11-20,Gremio @ Chapecoense-SC,1X2,gremio,,1.55,0.4035,0.6452,-16.85,win,0.55,0.34,market_avg,False
brasileirao,2021,2021-11-20,Palmeiras @ Fortaleza,1X2,fortaleza,,2.62,0.3436,0.3817,-4.49,win,1.62,0.34,market_avg,False
brasileirao,2021,2021-11-20,Palmeiras @ Fortaleza,1X2,draw,,3.08,0.2941,0.3247,-4.24,lose,-1.0,0.34,market_avg,False
brasileirao,2021,2021-11-20,Palmeiras @ Fortaleza,1X2,palmeiras,,2.82,0.3623,0.3546,0.98,lose,-1.0,0.34,market_avg,False
brasileirao,2021,2021-11-21,Ceara @ Atletico GO,1X2,atletico go,,2.27,0.3481,0.4405,-9.44,lose,-1.0,0.334,market_avg,False
brasileirao,2021,2021-11-21,Ceara @ Atletico GO,1X2,draw,,3.07,0.3729,0.3257,6.51,win,2.07,0.334,market_avg,True
brasileirao,2021,2021-11-21,Ceara @ Atletico GO,1X2,ceara,,3.36,0.2791,0.2976,-2.81,lose,-1.0,0.334,market_avg,False
brasileirao,2021,2021-11-21,Flamengo RJ @ Internacional,1X2,internacional,,3.83,0.321,0.2611,10.32,lose,-1.0,0.34,market_avg,True
brasileirao,2021,2021-11-21,Flamengo RJ @ Internacional,1X2,draw,,3.4,0.2898,0.2941,-0.66,lose,-1.0,0.34,market_avg,False
brasileirao,2021,2021-11-21,Flamengo RJ @ Internacional,1X2,flamengo rj,,1.99,0.3892,0.5025,-10.15,win,0.99,0.34,market_avg,False
brasileirao,2021,2021-11-21,Santos @ Corinthians,1X2,corinthians,,1.74,0.3713,0.5747,-15.93,win,0.74,0.34,market_avg,False
brasileirao,2021,2021-11-21,Santos @ Corinthians,1X2,draw,,3.29,0.3572,0.304,7.88,lose,-1.0,0.34,market_avg,True
brasileirao,2021,2021-11-21,Santos @ Corinthians,1X2,santos,,5.56,0.2715,0.1799,22.92,lose,-1.0,0.34,market_avg,True
brasileirao,2021,2021-11-21,America MG @ Fluminense,1X2,fluminense,,2.17,0.3226,0.4608,-13.5,win,1.17,0.334,market_avg,False
brasileirao,2021,2021-11-21,America MG @ Fluminense,1X2,draw,,3.12,0.3474,0.3205,3.77,lose,-1.0,0.334,market_avg,True
brasileirao,2021,2021-11-21,America MG @ Fluminense,1X2,america mg,,3.54,0.33,0.2825,7.57,lose,-1.0,0.334,market_avg,True
brasileirao,2021,2021-11-21,Cuiaba @ Bahia,1X2,bahia,,1.86,0.3496,0.5376,-15.74,lose,-1.0,0.334,market_avg,False
brasileirao,2021,2021-11-21,Cuiaba @ Bahia,1X2,draw,,3.23,0.3447,0.3096,5.11,win,2.23,0.334,market_avg,True
brasileirao,2021,2021-11-21,Cuiaba @ Bahia,1X2,cuiaba,,4.65,0.3057,0.2151,18.96,lose,-1.0,0.334,market_avg,True
brasileirao,2021,2021-11-23,Juventude @ Atletico GO,1X2,atletico go,,2.13,0.3416,0.4695,-12.26,lose,-1.0,0.334,market_avg,False
brasileirao,2021,2021-11-23,Juventude @ Atletico GO,1X2,draw,,3.0,0.4229,0.3333,12.1,win,2.0,0.334,market_avg,True
brasileirao,2021,2021-11-23,Juventude @ Atletico GO,1X2,juventude,,3.89,0.2355,0.2571,-3.78,lose,-1.0,0.334,market_avg,False
brasileirao,2021,2021-11-24,Flamengo RJ @ Gremio,1X2,gremio,,2.03,0.2274,0.4926,-24.23,lose,-1.0,0.34,market_avg,False
brasileirao,2021,2021-11-24,Flamengo RJ @ Gremio,1X2,draw,,3.51,0.2708,0.2849,-2.22,win,2.51,0.34,market_avg,False
brasileirao,2021,2021-11-24,Flamengo RJ @ Gremio,1X2,flamengo rj,,3.5,0.5018,0.2857,34.03,lose,-1.0,0.34,market_avg,False
brasileirao,2021,2021-11-24,Atletico-MG @ Palmeiras,1X2,palmeiras,,4.59,0.236,0.2179,3.75,lose,-1.0,0.34,market_avg,False
brasileirao,2021,2021-11-24,Atletico-MG @ Palmeiras,1X2,draw,,3.54,0.2829,0.2825,0.07,win,2.54,0.34,market_avg,False
brasileirao,2021,2021-11-24,Atletico-MG @ Palmeiras,1X2,atletico mg,,1.78,0.4811,0.5618,-6.46,lose,-1.0,0.34,market_avg,False
brasileirao,2021,2021-11-25,Internacional @ Fluminense,1X2,fluminense,,2.37,0.3734,0.4219,-5.18,win,1.37,0.34,market_avg,False
brasileirao,2021,2021-11-25,Internacional @ Fluminense,1X2,draw,,3.02,0.3144,0.3311,-2.27,lose,-1.0,0.34,market_avg,False
brasileirao,2021,2021-11-25,Internacional @ Fluminense,1X2,internacional,,3.22,0.3122,0.3106,0.24,lose,-1.0,0.34,market_avg,False
brasileirao,2021,2021-11-25,Athletico-PR @ Sao Paulo,1X2,sao paulo,,1.84,0.3756,0.5435,-13.9,lose,-1.0,0.34,market_avg,False
brasileirao,2021,2021-11-25,Athletico-PR @ Sao Paulo,1X2,draw,,3.22,0.3192,0.3106,1.26,win,2.22,0.34,market_avg,False
brasileirao,2021,2021-11-25,Athletico-PR @ Sao Paulo,1X2,athletico pr,,4.79,0.3051,0.2088,20.77,lose,-1.0,0.34,market_avg,True
brasileirao,2021,2021-11-25,Fortaleza @ Santos,1X2,santos,,2.74,0.3593,0.365,-0.7,win,1.7400000000000002,0.34,market_avg,False
brasileirao,2021,2021-11-25,Fortaleza @ Santos,1X2,draw,,2.98,0.3078,0.3356,-3.72,lose,-1.0,0.34,market_avg,False
brasileirao,2021,2021-11-25,Fortaleza @ Santos,1X2,fortaleza,,2.78,0.3329,0.3597,-3.35,lose,-1.0,0.34,market_avg,False
brasileirao,2021,2021-11-25,Corinthians @ Ceara,1X2,ceara,,2.36,0.4163,0.4237,-0.79,win,1.3599999999999999,0.34,market_avg,False
brasileirao,2021,2021-11-25,Corinthians @ Ceara,1X2,draw,,3.05,0.3392,0.3279,1.56,lose,-1.0,0.34,market_avg,False
brasileirao,2021,2021-11-25,Corinthians @ Ceara,1X2,corinthians,,3.22,0.2445,0.3106,-9.57,lose,-1.0,0.34,market_avg,False
brasileirao,2021,2021-11-26,Gremio @ Bahia,1X2,bahia,,2.59,0.4418,0.3861,6.49,win,1.5899999999999999,0.34,market_avg,True
brasileirao,2021,2021-11-26,Gremio @ Bahia,1X2,draw,,3.07,0.3195,0.3257,-0.86,lose,-1.0,0.34,market_avg,False
brasileirao,2021,2021-11-26,Gremio @ Bahia,1X2,gremio,,2.85,0.2386,0.3509,-14.4,lose,-1.0,0.34,market_avg,False
brasileirao,2021,2021-11-27,America MG @ Bragantino,1X2,bragantino,,1.95,0.5033,0.5128,-0.84,lose,-1.0,0.334,market_avg,False
brasileirao,2021,2021-11-27,America MG @ Bragantino,1X2,draw,,3.35,0.2684,0.2985,-4.54,win,2.35,0.334,market_avg,False
brasileirao,2021,2021-11-27,America MG @ Bragantino,1X2,america mg,,4.02,0.2283,0.2488,-3.7,lose,-1.0,0.334,market_avg,False
brasileirao,2021,2021-11-28,Sport Recife @ Sao Paulo,1X2,sao paulo,,1.48,0.3419,0.6757,-22.23,win,0.48,0.34,market_avg,False
brasileirao,2021,2021-11-28,Sport Recife @ Sao Paulo,1X2,draw,,4.06,0.4198,0.2463,31.7,lose,-1.0,0.34,market_avg,False
brasileirao,2021,2021-11-28,Sport Recife @ Sao Paulo,1X2,sport recife,,7.08,0.2383,0.1412,30.92,lose,-1.0,0.34,market_avg,False
brasileirao,2021,2021-11-28,Fluminense @ Atletico-MG,1X2,atletico mg,,1.37,0.6751,0.7299,-3.38,win,0.3700000000000001,0.34,market_avg,False
brasileirao,2021,2021-11-28,Fluminense @ Atletico-MG,1X2,draw,,4.54,0.2493,0.2203,5.93,lose,-1.0,0.34,market_avg,True
brasileirao,2021,2021-11-28,Fluminense @ Atletico-MG,1X2,fluminense,,9.06,0.0756,0.1104,-14.18,lose,-1.0,0.34,market_avg,False
brasileirao,2021,2021-11-28,Athletico-PR @ Corinthians,1X2,corinthians,,2.0,0.4264,0.5,-6.62,win,1.0,0.34,market_avg,False
brasileirao,2021,2021-11-28,Athletico-PR @ Corinthians,1X2,draw,,3.07,0.3271,0.3257,0.2,lose,-1.0,0.34,market_avg,False
brasileirao,2021,2021-11-28,Athletico-PR @ Corinthians,1X2,athletico pr,,4.24,0.2464,0.2358,2.01,lose,-1.0,0.34,market_avg,False
brasileirao,2021,2021-11-28,Santos @ Internacional,1X2,internacional,,1.56,0.47,0.641,-12.01,lose,-1.0,0.34,market_avg,False
brasileirao,2021,2021-11-28,Santos @ Internacional,1X2,draw,,3.91,0.3487,0.2558,16.36,win,2.91,0.34,market_avg,True
brasileirao,2021,2021-11-28,Santos @ Internacional,1X2,santos,,6.08,0.1813,0.1645,4.6,lose,-1.0,0.34,market_avg,False
brasileirao,2021,2021-11-29,Bahia @ Atletico GO,1X2,atletico go,,2.54,0.4205,0.3937,3.06,win,1.54,0.34,market_avg,True
brasileirao,2021,2021-11-29,Bahia @ Atletico GO,1X2,draw,,2.99,0.3369,0.3344,0.34,lose,-1.0,0.34,market_avg,False
brasileirao,2021,2021-11-29,Bahia @ Atletico GO,1X2,bahia,,3.0,0.2426,0.3333,-12.25,lose,-1.0,0.34,market_avg,False
brasileirao,2021,2021-11-30,Bragantino @ Juventude,1X2,juventude,,2.42,0.3569,0.4132,-6.13,win,1.42,0.334,market_avg,False
brasileirao,2021,2021-11-30,Bragantino @ Juventude,1X2,draw,,2.95,0.2935,0.339,-6.03,lose,-1.0,0.334,market_avg,False
brasileirao,2021,2021-11-30,Bragantino @ Juventude,1X2,bragantino,,3.23,0.3495,0.3096,5.8,lose,-1.0,0.334,market_avg,True
brasileirao,2021,2021-11-30,Ceara @ Flamengo RJ,1X2,flamengo rj,,1.43,0.6261,0.6993,-4.71,win,0.42999999999999994,0.34,market_avg,False
brasileirao,2021,2021-11-30,Ceara @ Flamengo RJ,1X2,draw,,4.57,0.2268,0.2188,1.64,lose,-1.0,0.34,market_avg,False
brasileirao,2021,2021-11-30,Ceara @ Flamengo RJ,1X2,ceara,,6.88,0.1471,0.1453,0.56,lose,-1.0,0.34,market_avg,False
brasileirao,2021,2021-12-01,Chapecoense-SC @ America MG,1X2,america mg,,1.27,0.6109,0.7874,-10.09,win,0.27,0.334,market_avg,False
brasileirao,2021,2021-12-01,Chapecoense-SC @ America MG,1X2,draw,,5.48,0.2451,0.1825,15.43,lose,-1.0,0.334,market_avg,True
brasileirao,2021,2021-12-01,Chapecoense-SC @ America MG,1X2,chapecoense,,11.48,0.1441,0.0871,29.44,lose,-1.0,0.334,market_avg,False
brasileirao,2021,2021-12-01,Palmeiras @ Cuiaba,1X2,cuiaba,,1.73,0.3578,0.578,-17.14,lose,-1.0,0.334,market_avg,False
brasileirao,2021,2021-12-01,Palmeiras @ Cuiaba,1X2,draw,,3.47,0.2999,0.2882,1.82,lose,-1.0,0.334,market_avg,False
brasileirao,2021,2021-12-01,Palmeiras @ Cuiaba,1X2,palmeiras,,5.1,0.3423,0.1961,33.57,win,4.1,0.334,market_avg,True
brasileirao,2021,2021-12-02,Atletico-MG @ Bahia,1X2,bahia,,4.1,0.1249,0.2439,-21.96,lose,-1.0,0.34,market_avg,False
brasileirao,2021,2021-12-02,Atletico-MG @ Bahia,1X2,draw,,3.17,0.2617,0.3155,-7.67,lose,-1.0,0.34,market_avg,False
brasileirao,2021,2021-12-02,Atletico-MG @ Bahia,1X2,atletico mg,,1.99,0.6134,0.5025,9.93,win,0.99,0.34,market_avg,True
brasileirao,2021,2021-12-02,Sao Paulo @ Gremio,1X2,gremio,,2.2,0.4165,0.4545,-3.77,win,1.2000000000000002,0.34,market_avg,False
brasileirao,2021,2021-12-02,Sao Paulo @ Gremio,1X2,draw,,3.16,0.3426,0.3165,3.72,lose,-1.0,0.34,market_avg,True
brasileirao,2021,2021-12-02,Sao Paulo @ Gremio,1X2,sao paulo,,3.46,0.2409,0.289,-7.49,lose,-1.0,0.34,market_avg,False
brasileirao,2021,2021-12-03,Cuiaba @ Athletico-PR,1X2,athletico pr,,1.72,0.438,0.5814,-11.1,win,0.72,0.334,market_avg,False
brasileirao,2021,2021-12-03,Cuiaba @ Athletico-PR,1X2,draw,,3.2,0.3198,0.3125,1.05,lose,-1.0,0.334,market_avg,False
brasileirao,2021,2021-12-03,Cuiaba @ Athletico-PR,1X2,cuiaba,,5.86,0.2422,0.1706,18.88,lose,-1.0,0.334,market_avg,True
brasileirao,2021,2021-12-03,Atletico GO @ Chapecoense-SC,1X2,chapecoense,,3.65,0.2407,0.274,-5.47,lose,-1.0,0.334,market_avg,False
brasileirao,2021,2021-12-03,Atletico GO @ Chapecoense-SC,1X2,draw,,3.18,0.3347,0.3145,2.9,lose,-1.0,0.334,market_avg,False
brasileirao,2021,2021-12-03,Atletico GO @ Chapecoense-SC,1X2,atletico go,,2.11,0.4246,0.4739,-4.68,win,1.1099999999999999,0.334,market_avg,False
brasileirao,2021,2021-12-03,Flamengo RJ @ Sport Recife,1X2,sport recife,,4.65,0.1775,0.2151,-7.86,lose,-1.0,0.34,market_avg,False
brasileirao,2021,2021-12-03,Flamengo RJ @ Sport Recife,1X2,draw,,3.76,0.3001,0.266,5.77,win,2.76,0.34,market_avg,True
brasileirao,2021,2021-12-03,Flamengo RJ @ Sport Recife,1X2,flamengo rj,,1.71,0.5224,0.5848,-4.8,lose,-1.0,0.34,market_avg,False
brasileirao,2021,2021-12-04,Juventude @ Fortaleza,1X2,fortaleza,,1.7,0.4584,0.5882,-9.93,win,0.7,0.334,market_avg,False
brasileirao,2021,2021-12-04,Juventude @ Fortaleza,1X2,draw,,3.5,0.2893,0.2857,0.56,lose,-1.0,0.334,market_avg,False
brasileirao,2021,2021-12-04,Juventude @ Fortaleza,1X2,juventude,,5.23,0.2523,0.1912,14.38,lose,-1.0,0.334,market_avg,True
brasileirao,2021,2021-12-05,Bragantino @ Atletico-MG,1X2,atletico mg,,1.97,0.5513,0.5076,3.87,win,0.97,0.334,market_avg,True
brasileirao,2021,2021-12-05,Bragantino @ Atletico-MG,1X2,draw,,3.37,0.2598,0.2967,-5.6,lose,-1.0,0.334,market_avg,False
brasileirao,2021,2021-12-05,Bragantino @ Atletico-MG,1X2,bragantino,,3.93,0.1889,0.2545,-11.6,lose,-1.0,0.334,market_avg,False
brasileirao,2021,2021-12-05,Fluminense @ Bahia,1X2,bahia,,2.05,0.2917,0.4878,-18.09,win,1.0499999999999998,0.34,market_avg,False
brasileirao,2021,2021-12-05,Fluminense @ Bahia,1X2,draw,,3.13,0.3322,0.3195,1.79,lose,-1.0,0.34,market_avg,False
brasileirao,2021,2021-12-05,Fluminense @ Bahia,1X2,fluminense,,3.96,0.3761,0.2525,22.02,lose,-1.0,0.34,market_avg,True
brasileirao,2021,2021-12-05,Gremio @ Corinthians,1X2,corinthians,,2.27,0.5382,0.4405,9.98,lose,-1.0,0.34,market_avg,True
brasileirao,2021,2021-12-05,Gremio @ Corinthians,1X2,draw,,3.31,0.2843,0.3021,-2.65,win,2.31,0.34,market_avg,False
brasileirao,2021,2021-12-05,Gremio @ Corinthians,1X2,gremio,,3.13,0.1775,0.3195,-20.0,lose,-1.0,0.34,market_avg,False
brasileirao,2021,2021-12-05,America MG @ Ceara,1X2,ceara,,2.13,0.4151,0.4695,-5.21,lose,-1.0,0.334,market_avg,False
brasileirao,2021,2021-12-05,America MG @ Ceara,1X2,draw,,3.18,0.3141,0.3145,-0.05,win,2.18,0.334,market_avg,False
brasileirao,2021,2021-12-05,America MG @ Ceara,1X2,america mg,,3.62,0.2708,0.2762,-0.89,lose,-1.0,0.334,market_avg,False
brasileirao,2021,2021-12-06,Palmeiras @ Athletico-PR,1X2,athletico pr,,1.42,0.3196,0.7042,-24.58,lose,-1.0,0.34,market_avg,False
brasileirao,2021,2021-12-06,Palmeiras @ Athletico-PR,1X2,draw,,4.43,0.2723,0.2257,9.29,win,3.4299999999999997,0.34,market_avg,True
brasileirao,2021,2021-12-06,Palmeiras @ Athletico-PR,1X2,palmeiras,,7.67,0.4081,0.1304,95.86,lose,-1.0,0.34,market_avg,False
brasileirao,2021,2021-12-06,Juventude @ Sao Paulo,1X2,sao paulo,,1.63,0.4526,0.6135,-11.8,win,0.6299999999999999,0.334,market_avg,False
brasileirao,2021,2021-12-06,Juventude @ Sao Paulo,1X2,draw,,3.53,0.3694,0.2833,13.68,lose,-1.0,0.334,market_avg,True
brasileirao,2021,2021-12-06,Juventude @ Sao Paulo,1X2,juventude,,6.12,0.178,0.1634,4.02,lose,-1.0,0.334,market_avg,False
brasileirao,2021,2021-12-06,Fortaleza @ Cuiaba,1X2,cuiaba,,2.12,0.3347,0.4717,-13.07,win,1.12,0.334,market_avg,False
brasileirao,2021,2021-12-06,Fortaleza @ Cuiaba,1X2,draw,,3.04,0.3612,0.3289,4.41,lose,-1.0,0.334,market_avg,True
brasileirao,2021,2021-12-06,Fortaleza @ Cuiaba,1X2,fortaleza,,3.89,0.3042,0.2571,8.25,lose,-1.0,0.334,market_avg,True
brasileirao,2021,2021-12-06,Santos @ Flamengo RJ,1X2,flamengo rj,,1.51,0.6211,0.6623,-2.8,lose,-1.0,0.34,market_avg,False
brasileirao,2021,2021-12-06,Santos @ Flamengo RJ,1X2,draw,,4.53,0.2407,0.2208,4.07,lose,-1.0,0.34,market_avg,False
brasileirao,2021,2021-12-06,Santos @ Flamengo RJ,1X2,santos,,5.77,0.1382,0.1733,-9.11,win,4.77,0.34,market_avg,False
brasileirao,2021,2021-12-06,Atletico GO @ Internacional,1X2,internacional,,1.55,0.5466,0.6452,-6.88,lose,-1.0,0.334,market_avg,False
brasileirao,2021,2021-12-06,Atletico GO @ Internacional,1X2,draw,,4.0,0.3209,0.25,12.76,lose,-1.0,0.334,market_avg,True
brasileirao,2021,2021-12-06,Atletico GO @ Internacional,1X2,atletico go,,6.12,0.1325,0.1634,-8.51,win,5.12,0.334,market_avg,False
brasileirao,2021,2021-12-07,Sport Recife @ Chapecoense-SC,1X2,chapecoense,,3.0,0.2642,0.3333,-9.33,lose,-1.0,0.34,market_avg,False
brasileirao,2021,2021-12-07,Sport Recife @ Chapecoense-SC,1X2,draw,,3.09,0.3717,0.3236,6.68,lose,-1.0,0.34,market_avg,True
brasileirao,2021,2021-12-07,Sport Recife @ Chapecoense-SC,1X2,sport recife,,2.48,0.3642,0.4032,-4.36,win,1.48,0.34,market_avg,False
brasileirao,2021,2021-12-10,Sao Paulo @ America MG,1X2,america mg,,1.98,0.4464,0.5051,-5.23,win,0.98,0.334,market_avg,False
brasileirao,2021,2021-12-10,Sao Paulo @ America MG,1X2,draw,,3.29,0.3314,0.304,4.07,lose,-1.0,0.334,market_avg,True
brasileirao,2021,2021-12-10,Sao Paulo @ America MG,1X2,sao paulo,,4.02,0.2222,0.2488,-4.8,lose,-1.0,0.334,market_avg,False
brasileirao,2021,2021-12-10,Flamengo RJ @ Atletico GO,1X2,atletico go,,1.73,0.2073,0.578,-28.86,win,0.73,0.34,market_avg,False
brasileirao,2021,2021-12-10,Flamengo RJ @ Atletico GO,1X2,draw,,3.87,0.3155,0.2584,9.94,lose,-1.0,0.34,market_avg,True
brasileirao,2021,2021-12-10,Flamengo RJ @ Atletico GO,1X2,flamengo rj,,4.49,0.4772,0.2227,51.42,lose,-1.0,0.34,market_avg,False
brasileirao,2021,2021-12-10,Internacional @ Bragantino,1X2,bragantino,,1.89,0.4798,0.5291,-4.19,win,0.8899999999999999,0.334,market_avg,False
brasileirao,2021,2021-12-10,Internacional @ Bragantino,1X2,draw,,3.61,0.2598,0.277,-2.8,lose,-1.0,0.334,market_avg,False
brasileirao,2021,2021-12-10,Internacional @ Bragantino,1X2,internacional,,3.95,0.2604,0.2532,1.29,lose,-1.0,0.334,market_avg,False
brasileirao,2021,2021-12-10,Chapecoense-SC @ Fluminense,1X2,fluminense,,1.19,0.6805,0.8403,-8.56,win,0.18999999999999995,0.34,market_avg,False
brasileirao,2021,2021-12-10,Chapecoense-SC @ Fluminense,1X2,draw,,6.7,0.2434,0.1493,28.39,lose,-1.0,0.34,market_avg,False
brasileirao,2021,2021-12-10,Chapecoense-SC @ Fluminense,1X2,chapecoense,,15.66,0.0761,0.0639,8.63,lose,-1.0,0.34,market_avg,False
brasileirao,2021,2021-12-10,Bahia @ Fortaleza,1X2,fortaleza,,2.45,0.4369,0.4082,3.17,win,1.4500000000000002,0.34,market_avg,True
brasileirao,2021,2021-12-10,Bahia @ Fortaleza,1X2,draw,,3.2,0.287,0.3125,-3.68,lose,-1.0,0.34,market_avg,False
brasileirao,2021,2021-12-10,Bahia @ Fortaleza,1X2,bahia,,2.94,0.2761,0.3401,-8.47,lose,-1.0,0.34,market_avg,False
brasileirao,2021,2021-12-10,Atletico-MG @ Gremio,1X2,gremio,,1.52,0.212,0.6579,-30.5,win,0.52,0.34,market_avg,False
brasileirao,2021,2021-12-10,Atletico-MG @ Gremio,1X2,draw,,4.33,0.2595,0.2309,5.56,lose,-1.0,0.34,market_avg,True
brasileirao,2021,2021-12-10,Atletico-MG @ Gremio,1X2,atletico mg,,5.77,0.5286,0.1733,92.24,lose,-1.0,0.34,market_avg,False
brasileirao,2021,2021-12-10,Corinthians @ Juventude,1X2,juventude,,2.25,0.28,0.4444,-16.65,win,1.25,0.334,market_avg,False
brasileirao,2021,2021-12-10,Corinthians @ Juventude,1X2,draw,,3.06,0.3392,0.3268,1.71,lose,-1.0,0.334,market_avg,False
brasileirao,2021,2021-12-10,Corinthians @ Juventude,1X2,corinthians,,3.46,0.3808,0.289,14.29,lose,-1.0,0.334,market_avg,True
brasileirao,2021,2021-12-10,Ceara @ Palmeiras,1X2,palmeiras,,4.0,0.5036,0.25,45.65,win,3.0,0.34,market_avg,False
brasileirao,2021,2021-12-10,Ceara @ Palmeiras,1X2,draw,,3.73,0.2683,0.2681,0.03,lose,-1.0,0.34,market_avg,False
brasileirao,2021,2021-12-10,Ceara @ Palmeiras,1X2,ceara,,1.85,0.2281,0.5405,-26.01,lose,-1.0,0.34,market_avg,False
brasileirao,2021,2021-12-10,Cuiaba @ Santos,1X2,santos,,2.07,0.4193,0.4831,-5.94,lose,-1.0,0.334,market_avg,False
brasileirao,2021,2021-12-10,Cuiaba @ Santos,1X2,draw,,3.01,0.3605,0.3322,3.83,win,2.01,0.334,market_avg,True
brasileirao,2021,2021-12-10,Cuiaba @ Santos,1X2,cuiaba,,4.09,0.2202,0.2445,-4.48,lose,-1.0,0.334,market_avg,False
brasileirao,2021,2021-12-10,Athletico-PR @ Sport Recife,1X2,sport recife,,1.71,0.2516,0.5848,-25.64,lose,-1.0,0.34,market_avg,False
brasileirao,2021,2021-12-10,Athletico-PR @ Sport Recife,1X2,draw,,3.57,0.4192,0.2801,22.34,win,2.57,0.34,market_avg,True
brasileirao,2021,2021-12-10,Athletico-PR @ Sport Recife,1X2,athletico pr,,5.19,0.3291,0.1927,31.86,lose,-1.0,0.34,market_avg,True
ligamx,2022,2022-08-03,Puebla @ Toluca,1X2,toluca,,2.28,0.4487,0.4386,1.03,lose,-1.0,0.34,market_avg,False
ligamx,2022,2022-08-03,Puebla @ Toluca,1X2,draw,,3.34,0.3081,0.2994,1.3,win,2.34,0.34,market_avg,False
ligamx,2022,2022-08-03,Puebla @ Toluca,1X2,puebla,,2.99,0.2433,0.3344,-12.27,lose,-1.0,0.34,market_avg,False
ligamx,2022,2022-08-04,Atl. San Luis @ Juarez,1X2,juarez,,2.34,0.3311,0.4274,-10.13,lose,-1.0,0.34,market_avg,False
ligamx,2022,2022-08-04,Atl. San Luis @ Juarez,1X2,draw,,3.0,0.4151,0.3333,11.04,win,2.0,0.34,market_avg,True
ligamx,2022,2022-08-04,Atl. San Luis @ Juarez,1X2,atl san luis,,3.19,0.2538,0.3135,-8.57,lose,-1.0,0.34,market_avg,False
ligamx,2022,2022-08-05,Queretaro @ Atlas,1X2,atlas,,1.84,0.4358,0.5435,-8.92,win,0.8400000000000001,0.34,market_avg,False
ligamx,2022,2022-08-05,Queretaro @ Atlas,1X2,draw,,3.47,0.2762,0.2882,-1.87,lose,-1.0,0.34,market_avg,False
ligamx,2022,2022-08-05,Queretaro @ Atlas,1X2,queretaro,,4.17,0.2881,0.2398,9.06,lose,-1.0,0.34,market_avg,True
ligamx,2022,2022-08-06,Guadalajara Chivas @ Mazatlan FC,1X2,mazatlan,,2.98,0.2838,0.3356,-6.94,win,1.98,0.34,market_avg,False
ligamx,2022,2022-08-06,Guadalajara Chivas @ Mazatlan FC,1X2,draw,,2.98,0.3539,0.3356,2.45,lose,-1.0,0.34,market_avg,False
ligamx,2022,2022-08-06,Guadalajara Chivas @ Mazatlan FC,1X2,guadalajara chivas,,2.49,0.3623,0.4016,-4.4,lose,-1.0,0.34,market_avg,False
ligamx,2022,2022-08-07,Club Leon @ Monterrey,1X2,monterrey,,1.56,0.5012,0.641,-9.82,win,0.56,0.34,market_avg,False
ligamx,2022,2022-08-07,Club Leon @ Monterrey,1X2,draw,,4.16,0.2412,0.2404,0.16,lose,-1.0,0.34,market_avg,False
ligamx,2022,2022-08-07,Club Leon @ Monterrey,1X2,leon,,5.24,0.2576,0.1908,15.74,lose,-1.0,0.34,market_avg,True
ligamx,2022,2022-08-07,Club Tijuana @ Toluca,1X2,toluca,,1.79,0.4099,0.5587,-11.98,win,0.79,0.34,market_avg,False
ligamx,2022,2022-08-07,Club Tijuana @ Toluca,1X2,draw,,3.55,0.2991,0.2817,2.78,lose,-1.0,0.34,market_avg,False
ligamx,2022,2022-08-07,Club Tijuana @ Toluca,1X2,tijuana,,4.34,0.291,0.2304,11.83,lose,-1.0,0.34,market_avg,True
ligamx,2022,2022-08-07,Necaxa @ Atl. San Luis,1X2,atl san luis,,2.22,0.2388,0.4505,-21.14,lose,-1.0,0.34,market_avg,False
ligamx,2022,2022-08-07,Necaxa @ Atl. San Luis,1X2,draw,,3.14,0.4057,0.3185,12.33,lose,-1.0,0.34,market_avg,True
ligamx,2022,2022-08-07,Necaxa @ Atl. San Luis,1X2,necaxa,,3.31,0.3555,0.3021,7.95,win,2.31,0.34,market_avg,True
ligamx,2022,2022-08-08,Tigres UANL @ Pachuca,1X2,pachuca,,2.0,0.3119,0.5,-16.93,win,1.0,0.34,market_avg,False
ligamx,2022,2022-08-08,Tigres UANL @ Pachuca,1X2,draw,,3.35,0.3586,0.2985,9.06,lose,-1.0,0.34,market_avg,True
ligamx,2022,2022-08-08,Tigres UANL @ Pachuca,1X2,tigres uanl,,3.65,0.3295,0.274,9.12,lose,-1.0,0.34,market_avg,True
ligamx,2022,2022-08-12,Atl. San Luis @ Queretaro,1X2,queretaro,,2.94,0.3265,0.3401,-1.8,lose,-1.0,0.34,market_avg,False
ligamx,2022,2022-08-12,Atl. San Luis @ Queretaro,1X2,draw,,3.21,0.3278,0.3115,2.35,win,2.21,0.34,market_avg,False
ligamx,2022,2022-08-12,Atl. San Luis @ Queretaro,1X2,atl san luis,,2.39,0.3457,0.4184,-7.82,lose,-1.0,0.34,market_avg,False
ligamx,2022,2022-08-13,Monterrey @ Necaxa,1X2,necaxa,,3.13,0.3305,0.3195,1.55,lose,-1.0,0.34,market_avg,False
ligamx,2022,2022-08-13,Monterrey @ Necaxa,1X2,draw,,3.18,0.2671,0.3145,-6.78,lose,-1.0,0.34,market_avg,False
ligamx,2022,2022-08-13,Monterrey @ Necaxa,1X2,monterrey,,2.27,0.4024,0.4405,-3.89,win,1.27,0.34,market_avg,False
ligamx,2022,2022-08-13,Puebla @ Club Tijuana,1X2,tijuana,,2.2,0.3872,0.4545,-6.67,lose,-1.0,0.34,market_avg,False
ligamx,2022,2022-08-13,Puebla @ Club Tijuana,1X2,draw,,3.27,0.3,0.3058,-0.85,win,2.27,0.34,market_avg,False
ligamx,2022,2022-08-13,Puebla @ Club Tijuana,1X2,puebla,,3.21,0.3128,0.3115,0.18,lose,-1.0,0.34,market_avg,False
ligamx,2022,2022-08-13,Mazatlan FC @ Club Leon,1X2,leon,,1.59,0.4976,0.6289,-9.39,lose,-1.0,0.34,market_avg,False
ligamx,2022,2022-08-13,Mazatlan FC @ Club Leon,1X2,draw,,4.1,0.2491,0.2439,0.97,lose,-1.0,0.34,market_avg,False
ligamx,2022,2022-08-13,Mazatlan FC @ Club Leon,1X2,mazatlan,,5.05,0.2532,0.198,12.54,win,4.05,0.34,market_avg,True
ligamx,2022,2022-08-14,Club America @ UNAM Pumas,1X2,unam pumas,,3.12,0.4777,0.3205,22.07,lose,-1.0,0.34,market_avg,False
ligamx,2022,2022-08-14,Club America @ UNAM Pumas,1X2,draw,,3.21,0.2779,0.3115,-4.86,lose,-1.0,0.34,market_avg,False
ligamx,2022,2022-08-14,Club America @ UNAM Pumas,1X2,america,,2.27,0.2445,0.4405,-20.02,win,1.27,0.34,market_avg,False
ligamx,2022,2022-08-14,Atlas @ Guadalajara Chivas,1X2,guadalajara chivas,,2.39,0.3872,0.4184,-3.35,lose,-1.0,0.34,market_avg,False
ligamx,2022,2022-08-14,Atlas @ Guadalajara Chivas,1X2,draw,,2.97,0.3193,0.3367,-2.32,win,1.9700000000000002,0.34,market_avg,False
ligamx,2022,2022-08-14,Atlas @ Guadalajara Chivas,1X2,atlas,,3.19,0.2934,0.3135,-2.88,lose,-1.0,0.34,market_avg,False
ligamx,2022,2022-08-14,Toluca @ Cruz Azul,1X2,cruz azul,,2.13,0.2742,0.4695,-18.72,lose,-1.0,0.34,market_avg,False
ligamx,2022,2022-08-14,Toluca @ Cruz Azul,1X2,draw,,3.28,0.2522,0.3049,-7.78,lose,-1.0,0.34,market_avg,False
ligamx,2022,2022-08-14,Toluca @ Cruz Azul,1X2,toluca,,3.38,0.4736,0.2959,27.03,win,2.38,0.34,market_avg,False
ligamx,2022,2022-08-15,Santos Laguna @ Tigres UANL,1X2,tigres uanl,,1.59,0.399,0.6289,-16.45,win,0.5900000000000001,0.34,market_avg,False
ligamx,2022,2022-08-15,Santos Laguna @ Tigres UANL,1X2,draw,,3.91,0.2844,0.2558,5.05,lose,-1.0,0.34,market_avg,True
ligamx,2022,2022-08-15,Santos Laguna @ Tigres UANL,1X2,santos laguna,,5.32,0.3166,0.188,30.79,lose,-1.0,0.34,market_avg,True
ligamx,2022,2022-08-17,Juarez @ Atlas,1X2,atlas,,2.1,0.3335,0.4762,-13.48,lose,-1.0,0.34,market_avg,False
ligamx,2022,2022-08-17,Juarez @ Atlas,1X2,draw,,3.03,0.3275,0.33,-0.35,lose,-1.0,0.34,market_avg,False
ligamx,2022,2022-08-17,Juarez @ Atlas,1X2,juarez,,3.78,0.339,0.2646,12.66,win,2.78,0.34,market_avg,True
ligamx,2022,2022-08-17,Queretaro @ Mazatlan FC,1X2,mazatlan,,1.97,0.5379,0.5076,2.68,lose,-1.0,0.34,market_avg,False
ligamx,2022,2022-08-17,Queretaro @ Mazatlan FC,1X2,draw,,3.53,0.2492,0.2833,-5.41,win,2.53,0.34,market_avg,False
ligamx,2022,2022-08-17,Queretaro @ Mazatlan FC,1X2,queretaro,,3.56,0.2129,0.2809,-10.89,lose,-1.0,0.34,market_avg,False
ligamx,2022,2022-08-17,Necaxa @ Puebla,1X2,puebla,,2.3,0.4411,0.4348,0.66,lose,-1.0,0.34,market_avg,False
ligamx,2022,2022-08-17,Necaxa @ Puebla,1X2,draw,,3.16,0.2782,0.3165,-5.44,win,2.16,0.34,market_avg,False
ligamx,2022,2022-08-17,Necaxa @ Puebla,1X2,necaxa,,3.11,0.2806,0.3215,-5.72,lose,-1.0,0.34,market_avg,False
ligamx,2022,2022-08-18,Monterrey @ Toluca,1X2,toluca,,2.35,0.3843,0.4255,-4.36,lose,-1.0,0.34,market_avg,False
ligamx,2022,2022-08-18,Monterrey @ Toluca,1X2,draw,,3.42,0.2414,0.2924,-7.85,win,2.42,0.34,market_avg,False
ligamx,2022,2022-08-18,Monterrey @ Toluca,1X2,monterrey,,2.8,0.3743,0.3571,2.16,lose,-1.0,0.34,market_avg,False
ligamx,2022,2022-08-18,Club Tijuana @ Cruz Azul,1X2,cruz azul,,1.87,0.3618,0.5348,-14.56,lose,-1.0,0.34,market_avg,False
ligamx,2022,2022-08-18,Club Tijuana @ Cruz Azul,1X2,draw,,3.5,0.2515,0.2857,-5.38,lose,-1.0,0.34,market_avg,False
ligamx,2022,2022-08-18,Club Tijuana @ Cruz Azul,1X2,tijuana,,4.0,0.3867,0.25,24.61,win,3.0,0.34,market_avg,True
ligamx,2022,2022-08-18,Club America @ Pachuca,1X2,pachuca,,2.27,0.4635,0.4405,2.35,lose,-1.0,0.34,market_avg,False
ligamx,2022,2022-08-18,Club America @ Pachuca,1X2,draw,,3.31,0.3122,0.3021,1.5,lose,-1.0,0.34,market_avg,False
ligamx,2022,2022-08-18,Club America @ Pachuca,1X2,america,,3.05,0.2242,0.3279,-14.23,win,2.05,0.34,market_avg,False
ligamx,2022,2022-08-19,Club Leon @ Santos Laguna,1X2,santos laguna,,2.18,0.5323,0.4587,7.22,win,1.1800000000000002,0.34,market_avg,True
ligamx,2022,2022-08-19,Club Leon @ Santos Laguna,1X2,draw,,3.51,0.2334,0.2849,-8.13,lose,-1.0,0.34,market_avg,False
ligamx,2022,2022-08-19,Club Leon @ Santos Laguna,1X2,leon,,3.06,0.2343,0.3268,-12.74,lose,-1.0,0.34,market_avg,False
ligamx,2022,2022-08-19,UNAM Pumas @ Atl. San Luis,1X2,atl san luis,,2.46,0.3602,0.4065,-5.13,win,1.46,0.34,market_avg,False
ligamx,2022,2022-08-19,UNAM Pumas @ Atl. San Luis,1X2,draw,,3.21,0.3403,0.3115,4.16,lose,-1.0,0.34,market_avg,True
ligamx,2022,2022-08-19,UNAM Pumas @ Atl. San Luis,1X2,unam pumas,,2.83,0.2995,0.3534,-6.86,lose,-1.0,0.34,market_avg,False
ligamx,2022,2022-08-20,Guadalajara Chivas @ Necaxa,1X2,necaxa,,2.99,0.3015,0.3344,-4.43,lose,-1.0,0.34,market_avg,False
ligamx,2022,2022-08-20,Guadalajara Chivas @ Necaxa,1X2,draw,,2.95,0.3657,0.339,3.55,lose,-1.0,0.34,market_avg,True
ligamx,2022,2022-08-20,Guadalajara Chivas @ Necaxa,1X2,guadalajara chivas,,2.52,0.3328,0.3968,-7.26,win,1.52,0.34,market_avg,False
ligamx,2022,2022-08-20,Club Tijuana @ Queretaro,1X2,queretaro,,2.15,0.2772,0.4651,-18.18,win,1.15,0.34,market_avg,False
ligamx,2022,2022-08-20,Club Tijuana @ Queretaro,1X2,draw,,3.37,0.2882,0.2967,-1.29,lose,-1.0,0.34,market_avg,False
ligamx,2022,2022-08-20,Club Tijuana @ Queretaro,1X2,tijuana,,3.23,0.4346,0.3096,18.17,lose,-1.0,0.34,market_avg,True
ligamx,2022,2022-08-21,Puebla @ Atlas,1X2,atlas,,2.03,0.28,0.4926,-19.42,lose,-1.0,0.34,market_avg,False
ligamx,2022,2022-08-21,Puebla @ Atlas,1X2,draw,,3.39,0.2717,0.295,-3.56,win,2.39,0.34,market_avg,False
ligamx,2022,2022-08-21,Puebla @ Atlas,1X2,puebla,,3.56,0.4483,0.2809,26.82,lose,-1.0,0.34,market_avg,False
ligamx,2022,2022-08-21,Tigres UANL @ Monterrey,1X2,monterrey,,2.18,0.3785,0.4587,-7.87,lose,-1.0,0.34,market_avg,False
ligamx,2022,2022-08-21,Tigres UANL @ Monterrey,1X2,draw,,3.28,0.288,0.3049,-2.5,win,2.28,0.34,market_avg,False
ligamx,2022,2022-08-21,Tigres UANL @ Monterrey,1X2,tigres uanl,,3.26,0.3336,0.3067,3.94,lose,-1.0,0.34,market_avg,True
ligamx,2022,2022-08-21,Cruz Azul @ Club America,1X2,america,,1.68,0.5612,0.5952,-2.57,win,0.6799999999999999,0.34,market_avg,False
ligamx,2022,2022-08-21,Cruz Azul @ Club America,1X2,draw,,3.72,0.2503,0.2688,-3.11,lose,-1.0,0.34,market_avg,False
ligamx,2022,2022-08-21,Cruz Azul @ Club America,1X2,cruz azul,,4.91,0.1885,0.2037,-3.34,lose,-1.0,0.34,market_avg,False
ligamx,2022,2022-08-21,Mazatlan FC @ Juarez,1X2,juarez,,1.92,0.3881,0.5208,-11.47,lose,-1.0,0.34,market_avg,False
ligamx,2022,2022-08-21,Mazatlan FC @ Juarez,1X2,draw,,3.16,0.3289,0.3165,1.78,win,2.16,0.34,market_avg,False
ligamx,2022,2022-08-21,Mazatlan FC @ Juarez,1X2,mazatlan,,4.2,0.283,0.2381,8.48,lose,-1.0,0.34,market_avg,True
ligamx,2022,2022-08-21,Santos Laguna @ UNAM Pumas,1X2,unam pumas,,2.49,0.2755,0.4016,-14.13,lose,-1.0,0.34,market_avg,False
ligamx,2022,2022-08-21,Santos Laguna @ UNAM Pumas,1X2,draw,,3.23,0.2981,0.3096,-1.67,lose,-1.0,0.34,market_avg,False
ligamx,2022,2022-08-21,Santos Laguna @ UNAM Pumas,1X2,santos laguna,,2.78,0.4264,0.3597,8.34,win,1.7799999999999998,0.34,market_avg,True
ligamx,2022,2022-08-21,Toluca @ Atl. San Luis,1X2,atl san luis,,2.46,0.2926,0.4065,-12.61,win,1.46,0.34,market_avg,False
ligamx,2022,2022-08-21,Toluca @ Atl. San Luis,1X2,draw,,3.41,0.3303,0.2933,5.68,lose,-1.0,0.34,market_avg,True
ligamx,2022,2022-08-21,Toluca @ Atl. San Luis,1X2,toluca,,2.7,0.3771,0.3704,0.82,lose,-1.0,0.34,market_avg,False
ligamx,2022,2022-08-22,Club Leon @ Pachuca,1X2,pachuca,,1.67,0.5108,0.5988,-6.61,win,0.6699999999999999,0.34,market_avg,False
ligamx,2022,2022-08-22,Club Leon @ Pachuca,1X2,draw,,3.97,0.284,0.2519,5.73,lose,-1.0,0.34,market_avg,True
ligamx,2022,2022-08-22,Club Leon @ Pachuca,1X2,leon,,4.54,0.2052,0.2203,-3.08,lose,-1.0,0.34,market_avg,False
ligamx,2022,2022-08-24,Monterrey @ Guadalajara Chivas,1X2,guadalajara chivas,,2.62,0.3656,0.3817,-1.9,win,1.62,0.34,market_avg,False
ligamx,2022,2022-08-24,Monterrey @ Guadalajara Chivas,1X2,draw,,3.06,0.3311,0.3268,0.6,lose,-1.0,0.34,market_avg,False
ligamx,2022,2022-08-24,Monterrey @ Guadalajara Chivas,1X2,monterrey,,2.78,0.3033,0.3597,-7.06,lose,-1.0,0.34,market_avg,False
ligamx,2022,2022-08-24,Club America @ Queretaro,1X2,queretaro,,4.8,0.174,0.2083,-7.41,lose,-1.0,0.34,market_avg,False
ligamx,2022,2022-08-24,Club America @ Queretaro,1X2,draw,,3.84,0.2429,0.2604,-3.02,lose,-1.0,0.34,market_avg,False
ligamx,2022,2022-08-24,Club America @ Queretaro,1X2,america,,1.66,0.583,0.6024,-1.45,win,0.6599999999999999,0.34,market_avg,False
ligamx,2022,2022-08-25,Tigres UANL @ UNAM Pumas,1X2,unam pumas,,3.21,0.1647,0.3115,-21.22,lose,-1.0,0.34,market_avg,False
ligamx,2022,2022-08-25,Tigres UANL @ UNAM Pumas,1X2,draw,,3.24,0.2807,0.3086,-4.07,win,2.24,0.34,market_avg,False
ligamx,2022,2022-08-25,Tigres UANL @ UNAM Pumas,1X2,tigres uanl,,2.22,0.5546,0.4505,10.41,lose,-1.0,0.34,market_avg,True
ligamx,2022,2022-08-26,Atlas @ Pachuca,1X2,pachuca,,1.75,0.4434,0.5714,-10.08,win,0.75,0.34,market_avg,False
ligamx,2022,2022-08-26,Atlas @ Pachuca,1X2,draw,,3.52,0.3165,0.2841,5.13,lose,-1.0,0.34,market_avg,True
ligamx,2022,2022-08-26,Atlas @ Pachuca,1X2,atlas,,4.57,0.2401,0.2188,4.37,lose,-1.0,0.34,market_avg,True
ligamx,2022,2022-08-26,Santos Laguna @ Club Tijuana,1X2,tijuana,,2.67,0.325,0.3745,-5.95,lose,-1.0,0.34,market_avg,False
ligamx,2022,2022-08-26,Santos Laguna @ Club Tijuana,1X2,draw,,3.29,0.2585,0.304,-6.73,lose,-1.0,0.34,market_avg,False
ligamx,2022,2022-08-26,Santos Laguna @ Club Tijuana,1X2,santos laguna,,2.54,0.4165,0.3937,2.6,win,1.54,0.34,market_avg,False
ligamx,2022,2022-08-27,Juarez @ Puebla,1X2,puebla,,2.3,0.3854,0.4348,-5.11,lose,-1.0,0.34,market_avg,False
ligamx,2022,2022-08-27,Juarez @ Puebla,1X2,draw,,3.14,0.3181,0.3185,-0.06,win,2.14,0.34,market_avg,False
ligamx,2022,2022-08-27,Juarez @ Puebla,1X2,juarez,,3.16,0.2966,0.3165,-2.83,lose,-1.0,0.34,market_avg,False
ligamx,2022,2022-08-27,Club America @ Mazatlan FC,1X2,mazatlan,,4.09,0.2674,0.2445,4.21,lose,-1.0,0.34,market_avg,True
ligamx,2022,2022-08-27,Club America @ Mazatlan FC,1X2,draw,,3.48,0.2785,0.2874,-1.38,lose,-1.0,0.34,market_avg,False
ligamx,2022,2022-08-27,Club America @ Mazatlan FC,1X2,america,,1.85,0.4541,0.5405,-7.2,win,0.8500000000000001,0.34,market_avg,False
ligamx,2022,2022-08-27,Queretaro @ Cruz Azul,1X2,cruz azul,,1.99,0.4569,0.5025,-4.09,win,0.99,0.34,market_avg,False
ligamx,2022,2022-08-27,Queretaro @ Cruz Azul,1X2,draw,,3.48,0.267,0.2874,-3.19,lose,-1.0,0.34,market_avg,False
ligamx,2022,2022-08-27,Queretaro @ Cruz Azul,1X2,queretaro,,3.58,0.2762,0.2793,-0.51,lose,-1.0,0.34,market_avg,False
ligamx,2022,2022-08-28,Necaxa @ Tigres UANL,1X2,tigres uanl,,1.53,0.4545,0.6536,-13.71,lose,-1.0,0.34,market_avg,False
ligamx,2022,2022-08-28,Necaxa @ Tigres UANL,1X2,draw,,3.95,0.3221,0.2532,12.25,win,2.95,0.34,market_avg,True
ligamx,2022,2022-08-28,Necaxa @ Tigres UANL,1X2,necaxa,,6.21,0.2234,0.161,17.43,lose,-1.0,0.34,market_avg,True
ligamx,2022,2022-08-28,UNAM Pumas @ Guadalajara Chivas,1X2,guadalajara chivas,,1.74,0.6091,0.5747,2.69,win,0.74,0.34,market_avg,False
ligamx,2022,2022-08-28,UNAM Pumas @ Guadalajara Chivas,1X2,draw,,3.56,0.2789,0.2809,-0.32,lose,-1.0,0.34,market_avg,False
ligamx,2022,2022-08-28,UNAM Pumas @ Guadalajara Chivas,1X2,unam pumas,,4.73,0.112,0.2114,-21.17,lose,-1.0,0.34,market_avg,False
ligamx,2022,2022-08-28,Pachuca @ Toluca,1X2,toluca,,2.75,0.4554,0.3636,11.35,lose,-1.0,0.34,market_avg,True
ligamx,2022,2022-08-28,Pachuca @ Toluca,1X2,draw,,3.34,0.3226,0.2994,3.49,lose,-1.0,0.34,market_avg,True
ligamx,2022,2022-08-28,Pachuca @ Toluca,1X2,pachuca,,2.45,0.222,0.4082,-20.53,win,1.4500000000000002,0.34,market_avg,False
ligamx,2022,2022-08-29,Atlas @ Club Leon,1X2,leon,,2.72,0.3906,0.3676,2.81,win,1.7200000000000002,0.34,market_avg,False
ligamx,2022,2022-08-29,Atlas @ Club Leon,1X2,draw,,3.16,0.2738,0.3165,-6.07,lose,-1.0,0.34,market_avg,False
ligamx,2022,2022-08-29,Atlas @ Club Leon,1X2,atlas,,2.6,0.3356,0.3846,-5.73,lose,-1.0,0.34,market_avg,False
ligamx,2022,2022-08-29,Atl. San Luis @ Santos Laguna,1X2,santos laguna,,1.86,0.4559,0.5376,-6.84,win,0.8600000000000001,0.34,market_avg,False
ligamx,2022,2022-08-29,Atl. San Luis @ Santos Laguna,1X2,draw,,3.72,0.2958,0.2688,4.52,lose,-1.0,0.34,market_avg,True
ligamx,2022,2022-08-29,Atl. San Luis @ Santos Laguna,1X2,atl san luis,,3.79,0.2483,0.2639,-2.66,lose,-1.0,0.34,market_avg,False
ligamx,2022,2022-08-29,Monterrey @ Club Tijuana,1X2,tijuana,,3.63,0.2102,0.2755,-10.67,lose,-1.0,0.34,market_avg,False
ligamx,2022,2022-08-29,Monterrey @ Club Tijuana,1X2,draw,,3.4,0.2548,0.2941,-6.01,lose,-1.0,0.34,market_avg,False
ligamx,2022,2022-08-29,Monterrey @ Club Tijuana,1X2,monterrey,,2.0,0.535,0.5,3.15,win,1.0,0.34,market_avg,True
ligamx,2022,2022-09-02,Club Tijuana @ Atl. San Luis,1X2,atl san luis,,2.14,0.4466,0.4673,-1.99,lose,-1.0,0.34,market_avg,False
ligamx,2022,2022-09-02,Club Tijuana @ Atl. San Luis,1X2,draw,,3.33,0.3047,0.3003,0.66,win,2.33,0.34,market_avg,False
ligamx,2022,2022-09-02,Club Tijuana @ Atl. San Luis,1X2,tijuana,,3.3,0.2487,0.303,-8.07,lose,-1.0,0.34,market_avg,False
ligamx,2022,2022-09-02,Puebla @ Queretaro,1X2,queretaro,,2.67,0.2626,0.3745,-13.44,lose,-1.0,0.34,market_avg,False
ligamx,2022,2022-09-02,Puebla @ Queretaro,1X2,draw,,3.26,0.2598,0.3067,-6.89,win,2.26,0.34,market_avg,False
ligamx,2022,2022-09-02,Puebla @ Queretaro,1X2,puebla,,2.56,0.4776,0.3906,10.02,lose,-1.0,0.34,market_avg,True
ligamx,2022,2022-09-03,Club Leon @ Necaxa,1X2,necaxa,,2.74,0.4048,0.365,4.92,win,1.7400000000000002,0.34,market_avg,True
ligamx,2022,2022-09-03,Club Leon @ Necaxa,1X2,draw,,3.26,0.2653,0.3067,-6.08,lose,-1.0,0.34,market_avg,False
ligamx,2022,2022-09-03,Club Leon @ Necaxa,1X2,leon,,2.51,0.3299,0.3984,-7.74,lose,-1.0,0.34,market_avg,False
ligamx,2022,2022-09-03,Cruz Azul @ Juarez,1X2,juarez,,2.21,0.5102,0.4525,5.74,lose,-1.0,0.34,market_avg,True
ligamx,2022,2022-09-03,Cruz Azul @ Juarez,1X2,draw,,3.11,0.2668,0.3215,-7.67,win,2.11,0.34,market_avg,False
ligamx,2022,2022-09-03,Cruz Azul @ Juarez,1X2,cruz azul,,3.38,0.223,0.2959,-11.08,lose,-1.0,0.34,market_avg,False
ligamx,2022,2022-09-03,Santos Laguna @ Pachuca,1X2,pachuca,,1.71,0.3549,0.5848,-17.69,win,0.71,0.34,market_avg,False
ligamx,2022,2022-09-03,Santos Laguna @ Pachuca,1X2,draw,,3.68,0.281,0.2717,1.53,lose,-1.0,0.34,market_avg,False
ligamx,2022,2022-09-03,Santos Laguna @ Pachuca,1X2,santos laguna,,4.67,0.3641,0.2141,31.52,lose,-1.0,0.34,market_avg,True
ligamx,2022,2022-09-04,UNAM Pumas @ Atlas,1X2,atlas,,1.99,0.4403,0.5025,-5.57,lose,-1.0,0.34,market_avg,False
ligamx,2022,2022-09-04,UNAM Pumas @ Atlas,1X2,draw,,3.48,0.2546,0.2874,-5.13,win,2.48,0.34,market_avg,False
ligamx,2022,2022-09-04,UNAM Pumas @ Atlas,1X2,unam pumas,,3.54,0.305,0.2825,3.59,lose,-1.0,0.34,market_avg,True
ligamx,2022,2022-09-04,Mazatlan FC @ Monterrey,1X2,monterrey,,1.41,0.6144,0.7092,-6.01,lose,-1.0,0.34,market_avg,False
ligamx,2022,2022-09-04,Mazatlan FC @ Monterrey,1X2,draw,,4.41,0.2246,0.2268,-0.44,win,3.41,0.34,market_avg,False
ligamx,2022,2022-09-04,Mazatlan FC @ Monterrey,1X2,mazatlan,,7.31,0.161,0.1368,7.97,lose,-1.0,0.34,market_avg,False
ligamx,2022,2022-09-04,Tigres UANL @ Club America,1X2,america,,2.06,0.4278,0.4854,-5.35,win,1.06,0.34,market_avg,False
ligamx,2022,2022-09-04,Tigres UANL @ Club America,1X2,draw,,3.37,0.314,0.2967,2.62,lose,-1.0,0.34,market_avg,False
ligamx,2022,2022-09-04,Tigres UANL @ Club America,1X2,tigres uanl,,3.47,0.2582,0.2882,-4.68,lose,-1.0,0.34,market_avg,False
ligamx,2022,2022-09-04,Guadalajara Chivas @ Toluca,1X2,toluca,,2.75,0.3177,0.3636,-5.69,lose,-1.0,0.34,market_avg,False
ligamx,2022,2022-09-04,Guadalajara Chivas @ Toluca,1X2,draw,,3.26,0.3042,0.3067,-0.37,win,2.26,0.34,market_avg,False
ligamx,2022,2022-09-04,Guadalajara Chivas @ Toluca,1X2,guadalajara chivas,,2.5,0.3781,0.4,-2.46,lose,-1.0,0.34,market_avg,False
ligamx,2022,2022-09-07,Juarez @ Club Leon,1X2,leon,,2.04,0.3342,0.4902,-14.32,win,1.04,0.34,market_avg,False
ligamx,2022,2022-09-07,Juarez @ Club Leon,1X2,draw,,3.33,0.2779,0.3003,-3.36,lose,-1.0,0.34,market_avg,False
ligamx,2022,2022-09-07,Juarez @ Club Leon,1X2,juarez,,3.52,0.3879,0.2841,16.44,lose,-1.0,0.34,market_avg,True
ligamx,2022,2022-09-07,Necaxa @ Santos Laguna,1X2,santos laguna,,1.85,0.5877,0.5405,3.93,win,0.8500000000000001,0.34,market_avg,True
ligamx,2022,2022-09-07,Necaxa @ Santos Laguna,1X2,draw,,3.6,0.2232,0.2778,-8.84,lose,-1.0,0.34,market_avg,False
ligamx,2022,2022-09-07,Necaxa @ Santos Laguna,1X2,necaxa,,4.0,0.1891,0.25,-10.96,lose,-1.0,0.34,market_avg,False
ligamx,2022,2022-09-07,Atl. San Luis @ Club America,1X2,america,,1.42,0.5877,0.7042,-7.45,win,0.41999999999999993,0.34,market_avg,False
ligamx,2022,2022-09-07,Atl. San Luis @ Club America,1X2,draw,,4.47,0.255,0.2237,6.28,lose,-1.0,0.34,market_avg,True
ligamx,2022,2022-09-07,Atl. San Luis @ Club America,1X2,atl san luis,,7.05,0.1574,0.1418,4.93,lose,-1.0,0.34,market_avg,False
ligamx,2022,2022-09-07,Cruz Azul @ Monterrey,1X2,monterrey,,1.44,0.6891,0.6944,-0.35,win,0.43999999999999995,0.34,market_avg,False
ligamx,2022,2022-09-07,Cruz Azul @ Monterrey,1X2,draw,,4.38,0.1856,0.2283,-8.42,lose,-1.0,0.34,market_avg,False
ligamx,2022,2022-09-07,Cruz Azul @ Monterrey,1X2,cruz azul,,6.76,0.1253,0.1479,-6.88,lose,-1.0,0.34,market_avg,False
ligamx,2022,2022-09-08,Pachuca @ Puebla,1X2,puebla,,3.27,0.2963,0.3058,-1.4,lose,-1.0,0.34,market_avg,False
ligamx,2022,2022-09-08,Pachuca @ Puebla,1X2,draw,,3.3,0.2927,0.303,-1.54,win,2.3,0.34,market_avg,False
ligamx,2022,2022-09-08,Pachuca @ Puebla,1X2,pachuca,,2.17,0.411,0.4608,-4.86,lose,-1.0,0.34,market_avg,False
ligamx,2022,2022-09-08,Toluca @ Tigres UANL,1X2,tigres uanl,,1.51,0.4338,0.6623,-15.53,win,0.51,0.34,market_avg,False
ligamx,2022,2022-09-08,Toluca @ Tigres UANL,1X2,draw,,4.22,0.3091,0.237,13.69,lose,-1.0,0.34,market_avg,True
ligamx,2022,2022-09-08,Toluca @ Tigres UANL,1X2,toluca,,5.95,0.2572,0.1681,23.86,lose,-1.0,0.34,market_avg,True
ligamx,2022,2022-09-08,Atlas @ Mazatlan FC,1X2,mazatlan,,2.51,0.4528,0.3984,6.14,win,1.5099999999999998,0.34,market_avg,True
ligamx,2022,2022-09-08,Atlas @ Mazatlan FC,1X2,draw,,3.06,0.2757,0.3268,-7.03,lose,-1.0,0.34,market_avg,False
ligamx,2022,2022-09-08,Atlas @ Mazatlan FC,1X2,atlas,,2.89,0.2715,0.346,-9.69,lose,-1.0,0.34,market_avg,False
ligamx,2022,2022-09-08,Guadalajara Chivas @ Club Tijuana,1X2,tijuana,,2.55,0.2274,0.3922,-18.91,lose,-1.0,0.34,market_avg,False
ligamx,2022,2022-09-08,Guadalajara Chivas @ Club Tijuana,1X2,draw,,3.08,0.3245,0.3247,-0.02,lose,-1.0,0.34,market_avg,False
ligamx,2022,2022-09-08,Guadalajara Chivas @ Club Tijuana,1X2,guadalajara chivas,,2.84,0.4481,0.3521,12.27,win,1.8399999999999999,0.34,market_avg,True
ligamx,2022,2022-09-08,Queretaro @ UNAM Pumas,1X2,unam pumas,,1.9,0.4152,0.5263,-9.5,win,0.8999999999999999,0.34,market_avg,False
ligamx,2022,2022-09-08,Queretaro @ UNAM Pumas,1X2,draw,,3.52,0.2789,0.2841,-0.83,lose,-1.0,0.34,market_avg,False
ligamx,2022,2022-09-08,Queretaro @ UNAM Pumas,1X2,queretaro,,3.84,0.306,0.2604,7.87,lose,-1.0,0.34,market_avg,True
ligamx,2022,2022-09-10,Monterrey @ Juarez,1X2,juarez,,3.63,0.218,0.2755,-9.4,lose,-1.0,0.34,market_avg,False
ligamx,2022,2022-09-10,Monterrey @ Juarez,1X2,draw,,3.2,0.356,0.3125,6.27,lose,-1.0,0.34,market_avg,True
ligamx,2022,2022-09-10,Monterrey @ Juarez,1X2,monterrey,,2.07,0.426,0.4831,-5.32,win,1.0699999999999998,0.34,market_avg,False
ligamx,2022,2022-09-10,Santos Laguna @ Queretaro,1X2,queretaro,,2.97,0.1906,0.3367,-19.53,lose,-1.0,0.34,market_avg,False
ligamx,2022,2022-09-10,Santos Laguna @ Queretaro,1X2,draw,,3.47,0.2449,0.2882,-6.76,win,2.47,0.34,market_avg,False
ligamx,2022,2022-09-10,Santos Laguna @ Queretaro,1X2,santos laguna,,2.24,0.5645,0.4464,11.9,lose,-1.0,0.34,market_avg,True
ligamx,2022,2022-09-11,Club America @ Necaxa,1X2,necaxa,,3.41,0.1914,0.2933,-15.64,lose,-1.0,0.34,market_avg,False
ligamx,2022,2022-09-11,Club America @ Necaxa,1X2,draw,,3.32,0.2411,0.3012,-8.99,lose,-1.0,0.34,market_avg,False
ligamx,2022,2022-09-11,Club America @ Necaxa,1X2,america,,2.1,0.5676,0.4762,8.64,win,1.1,0.34,market_avg,True
ligamx,2022,2022-09-11,Club Leon @ Tigres UANL,1X2,tigres uanl,,1.65,0.5076,0.6061,-7.31,lose,-1.0,0.34,market_avg,False
ligamx,2022,2022-09-11,Club Leon @ Tigres UANL,1X2,draw,,3.9,0.2818,0.2564,4.46,lose,-1.0,0.34,market_avg,True
ligamx,2022,2022-09-11,Club Leon @ Tigres UANL,1X2,leon,,4.8,0.2106,0.2083,0.49,win,3.8,0.34,market_avg,False
ligamx,2022,2022-09-11,Puebla @ Guadalajara Chivas,1X2,guadalajara chivas,,2.09,0.4387,0.4785,-3.74,win,1.0899999999999999,0.34,market_avg,False
ligamx,2022,2022-09-11,Puebla @ Guadalajara Chivas,1X2,draw,,3.31,0.3337,0.3021,4.71,lose,-1.0,0.34,market_avg,True
ligamx,2022,2022-09-11,Puebla @ Guadalajara Chivas,1X2,puebla,,3.44,0.2276,0.2907,-9.77,lose,-1.0,0.34,market_avg,False
ligamx,2022,2022-09-11,UNAM Pumas @ Toluca,1X2,toluca,,2.32,0.5141,0.431,8.67,lose,-1.0,0.34,market_avg,True
ligamx,2022,2022-09-11,UNAM Pumas @ Toluca,1X2,draw,,3.47,0.2711,0.2882,-2.67,win,2.47,0.34,market_avg,False
ligamx,2022,2022-09-11,UNAM Pumas @ Toluca,1X2,unam pumas,,2.83,0.2148,0.3534,-17.65,lose,-1.0,0.34,market_avg,False
ligamx,2022,2022-09-11,Mazatlan FC @ Cruz Azul,1X2,cruz azul,,1.86,0.406,0.5376,-11.02,win,0.8600000000000001,0.34,market_avg,False
ligamx,2022,2022-09-11,Mazatlan FC @ Cruz Azul,1X2,draw,,3.56,0.272,0.2809,-1.43,lose,-1.0,0.34,market_avg,False
ligamx,2022,2022-09-11,Mazatlan FC @ Cruz Azul,1X2,mazatlan,,3.96,0.322,0.2525,12.38,lose,-1.0,0.34,market_avg,True
ligamx,2022,2022-09-12,Atl. San Luis @ Atlas,1X2,atlas,,2.4,0.3855,0.4167,-3.37,lose,-1.0,0.34,market_avg,False
ligamx,2022,2022-09-12,Atl. San Luis @ Atlas,1X2,draw,,3.19,0.312,0.3135,-0.21,lose,-1.0,0.34,market_avg,False
ligamx,2022,2022-09-12,Atl. San Luis @ Atlas,1X2,atl san luis,,2.95,0.3025,0.339,-4.84,win,1.9500000000000002,0.34,market_avg,False
ligamx,2022,2022-09-12,Club Tijuana @ Pachuca,1X2,pachuca,,1.44,0.6015,0.6944,-6.02,win,0.43999999999999995,0.34,market_avg,False
ligamx,2022,2022-09-12,Club Tijuana @ Pachuca,1X2,draw,,4.32,0.2481,0.2315,3.22,lose,-1.0,0.34,market_avg,False
ligamx,2022,2022-09-12,Club Tijuana @ Pachuca,1X2,tijuana,,6.86,0.1504,0.1458,1.44,lose,-1.0,0.34,market_avg,False
ligamx,2022,2022-09-14,Tigres UANL @ Guadalajara Chivas,1X2,guadalajara chivas,,2.76,0.3512,0.3623,-1.38,lose,-1.0,0.34,market_avg,False
ligamx,2022,2022-09-14,Tigres UANL @ Guadalajara Chivas,1X2,draw,,3.0,0.4762,0.3333,19.29,lose,-1.0,0.34,market_avg,True
ligamx,2022,2022-09-14,Tigres UANL @ Guadalajara Chivas,1X2,tigres uanl,,2.67,0.1726,0.3745,-24.27,win,1.67,0.34,market_avg,False
ligamx,2022,2022-09-15,Santos Laguna @ Club America,1X2,america,,1.5,0.5576,0.6667,-7.36,lose,-1.0,0.34,market_avg,False
ligamx,2022,2022-09-15,Santos Laguna @ Club America,1X2,draw,,4.38,0.2211,0.2283,-1.42,win,3.38,0.34,market_avg,False
ligamx,2022,2022-09-15,Santos Laguna @ Club America,1X2,santos laguna,,5.64,0.2213,0.1773,11.17,lose,-1.0,0.34,market_avg,True
ligamx,2022,2022-09-15,Pachuca @ Juarez,1X2,juarez,,3.02,0.2803,0.3311,-6.91,win,2.02,0.34,market_avg,False
ligamx,2022,2022-09-15,Pachuca @ Juarez,1X2,draw,,3.17,0.3494,0.3155,4.84,lose,-1.0,0.34,market_avg,True
ligamx,2022,2022-09-15,Pachuca @ Juarez,1X2,pachuca,,2.35,0.3704,0.4255,-5.84,lose,-1.0,0.34,market_avg,False
ligamx,2022,2022-09-16,Club Leon @ Cruz Azul,1X2,cruz azul,,2.47,0.4037,0.4049,-0.12,win,1.4700000000000002,0.34,market_avg,False
ligamx,2022,2022-09-16,Club Leon @ Cruz Azul,1X2,draw,,3.42,0.2324,0.2924,-9.23,lose,-1.0,0.34,market_avg,False
ligamx,2022,2022-09-16,Club Leon @ Cruz Azul,1X2,leon,,2.69,0.3639,0.3717,-0.96,lose,-1.0,0.34,market_avg,False
ligamx,2022,2022-09-17,Tigres UANL @ Puebla,1X2,puebla,,2.77,0.3578,0.361,-0.4,win,1.77,0.34,market_avg,False
ligamx,2022,2022-09-17,Tigres UANL @ Puebla,1X2,draw,,3.29,0.3247,0.304,3.08,lose,-1.0,0.34,market_avg,True
ligamx,2022,2022-09-17,Tigres UANL @ Puebla,1X2,tigres uanl,,2.47,0.3174,0.4049,-9.72,lose,-1.0,0.34,market_avg,False
ligamx,2022,2022-09-17,Toluca @ Mazatlan FC,1X2,mazatlan,,2.73,0.3532,0.3663,-1.61,lose,-1.0,0.34,market_avg,False
ligamx,2022,2022-09-17,Toluca @ Mazatlan FC,1X2,draw,,3.33,0.2838,0.3003,-2.47,win,2.33,0.34,market_avg,False
ligamx,2022,2022-09-17,Toluca @ Mazatlan FC,1X2,toluca,,2.48,0.363,0.4032,-4.49,lose,-1.0,0.34,market_avg,False
ligamx,2022,2022-09-18,Atlas @ Monterrey,1X2,monterrey,,1.42,0.6924,0.7042,-0.75,win,0.41999999999999993,0.34,market_avg,False
ligamx,2022,2022-09-18,Atlas @ Monterrey,1X2,draw,,4.39,0.1982,0.2278,-5.85,lose,-1.0,0.34,market_avg,False
ligamx,2022,2022-09-18,Atlas @ Monterrey,1X2,atlas,,7.24,0.1094,0.1381,-9.36,lose,-1.0,0.34,market_avg,False
ligamx,2022,2022-09-18,Guadalajara Chivas @ Club America,1X2,america,,1.67,0.4959,0.5988,-7.73,win,0.6699999999999999,0.34,market_avg,False
ligamx,2022,2022-09-18,Guadalajara Chivas @ Club America,1X2,draw,,3.79,0.3035,0.2639,6.76,lose,-1.0,0.34,market_avg,True
ligamx,2022,2022-09-18,Guadalajara Chivas @ Club America,1X2,guadalajara chivas,,4.76,0.2006,0.2101,-2.03,lose,-1.0,0.34,market_avg,False
ligamx,2022,2022-09-18,Cruz Azul @ UNAM Pumas,1X2,unam pumas,,2.39,0.5262,0.4184,11.59,lose,-1.0,0.34,market_avg,True
ligamx,2022,2022-09-18,Cruz Azul @ UNAM Pumas,1X2,draw,,3.41,0.2316,0.2933,-9.45,lose,-1.0,0.34,market_avg,False
ligamx,2022,2022-09-18,Cruz Azul @ UNAM Pumas,1X2,cruz azul,,2.78,0.2422,0.3597,-14.7,win,1.7799999999999998,0.34,market_avg,False
ligamx,2022,2022-09-19,Queretaro @ Club Leon,1X2,leon,,1.7,0.4792,0.5882,-8.34,win,0.7,0.34,market_avg,False
ligamx,2022,2022-09-19,Queretaro @ Club Leon,1X2,draw,,3.85,0.25,0.2597,-1.7,lose,-1.0,0.34,market_avg,False
ligamx,2022,2022-09-19,Queretaro @ Club Leon,1X2,queretaro,,4.49,0.2709,0.2227,9.73,lose,-1.0,0.34,market_avg,True
ligamx,2022,2022-09-19,Juarez @ Santos Laguna,1X2,santos laguna,,1.94,0.5403,0.5155,2.17,win,0.94,0.34,market_avg,False
ligamx,2022,2022-09-19,Juarez @ Santos Laguna,1X2,draw,,3.49,0.2508,0.2865,-5.61,lose,-1.0,0.34,market_avg,False
ligamx,2022,2022-09-19,Juarez @ Santos Laguna,1X2,juarez,,3.71,0.2088,0.2695,-10.14,lose,-1.0,0.34,market_avg,False
ligamx,2022,2022-09-19,Pachuca @ Atl. San Luis,1X2,atl san luis,,3.77,0.2621,0.2653,-0.53,lose,-1.0,0.34,market_avg,False
ligamx,2022,2022-09-19,Pachuca @ Atl. San Luis,1X2,draw,,3.55,0.3107,0.2817,4.63,lose,-1.0,0.34,market_avg,True
ligamx,2022,2022-09-19,Pachuca @ Atl. San Luis,1X2,pachuca,,1.9,0.4272,0.5263,-8.47,win,0.8999999999999999,0.34,market_avg,False
ligamx,2022,2022-09-19,Necaxa @ Club Tijuana,1X2,tijuana,,2.05,0.366,0.4878,-11.24,lose,-1.0,0.34,market_avg,False
ligamx,2022,2022-09-19,Necaxa @ Club Tijuana,1X2,draw,,3.36,0.273,0.2976,-3.72,win,2.36,0.34,market_avg,False
ligamx,2022,2022-09-19,Necaxa @ Club Tijuana,1X2,necaxa,,3.5,0.361,0.2857,11.86,lose,-1.0,0.34,market_avg,True
ligamx,2022,2022-09-24,Mazatlan FC @ Necaxa,1X2,necaxa,,1.9,0.396,0.5263,-11.15,lose,-1.0,0.34,market_avg,False
ligamx,2022,2022-09-24,Mazatlan FC @ Necaxa,1X2,draw,,3.36,0.2933,0.2976,-0.65,win,2.36,0.34,market_avg,False
ligamx,2022,2022-09-24,Mazatlan FC @ Necaxa,1X2,mazatlan,,4.06,0.3107,0.2463,11.77,lose,-1.0,0.34,market_avg,True
ligamx,2022,2022-09-24,UNAM Pumas @ Puebla,1X2,puebla,,2.25,0.5369,0.4444,9.36,win,1.25,0.34,market_avg,True
ligamx,2022,2022-09-24,UNAM Pumas @ Puebla,1X2,draw,,3.5,0.2364,0.2857,-7.77,lose,-1.0,0.34,market_avg,False
ligamx,2022,2022-09-24,UNAM Pumas @ Puebla,1X2,unam pumas,,2.94,0.2267,0.3401,-15.01,lose,-1.0,0.34,market_avg,False
ligamx,2022,2022-10-01,Club America @ Puebla,1X2,puebla,,3.7,0.2732,0.2703,0.49,lose,-1.0,0.34,market_avg,False
ligamx,2022,2022-10-01,Club America @ Puebla,1X2,draw,,3.83,0.2454,0.2611,-2.71,lose,-1.0,0.34,market_avg,False
ligamx,2022,2022-10-01,Club America @ Puebla,1X2,america,,1.86,0.4814,0.5376,-4.7,win,0.8600000000000001,0.34,market_avg,False
ligamx,2022,2022-10-01,UNAM Pumas @ Juarez,1X2,juarez,,2.02,0.4449,0.495,-4.56,win,1.02,0.34,market_avg,False
ligamx,2022,2022-10-01,UNAM Pumas @ Juarez,1X2,draw,,3.5,0.2923,0.2857,1.04,lose,-1.0,0.34,market_avg,False
ligamx,2022,2022-10-01,UNAM Pumas @ Juarez,1X2,unam pumas,,3.46,0.2629,0.289,-4.07,lose,-1.0,0.34,market_avg,False
ligamx,2022,2022-10-01,Tigres UANL @ Atl. San Luis,1X2,atl san luis,,2.83,0.2615,0.3534,-11.69,lose,-1.0,0.34,market_avg,False
ligamx,2022,2022-10-01,Tigres UANL @ Atl. San Luis,1X2,draw,,3.36,0.3227,0.2976,3.79,lose,-1.0,0.34,market_avg,True
ligamx,2022,2022-10-01,Tigres UANL @ Atl. San Luis,1X2,tigres uanl,,2.38,0.4158,0.4202,-0.47,win,1.38,0.34,market_avg,False
ligamx,2022,2022-10-01,Pachuca @ Monterrey,1X2,monterrey,,2.12,0.4571,0.4717,-1.39,lose,-1.0,0.34,market_avg,False
ligamx,2022,2022-10-01,Pachuca @ Monterrey,1X2,draw,,3.4,0.2832,0.2941,-1.68,win,2.4,0.34,market_avg,False
ligamx,2022,2022-10-01,Pachuca @ Monterrey,1X2,pachuca,,3.26,0.2597,0.3067,-6.9,lose,-1.0,0.34,market_avg,False
ligamx,2022,2022-10-02,Necaxa @ Atlas,1X2,atlas,,2.39,0.3537,0.4184,-6.96,win,1.3900000000000001,0.34,market_avg,False
ligamx,2022,2022-10-02,Necaxa @ Atlas,1X2,draw,,3.24,0.2783,0.3086,-4.43,lose,-1.0,0.34,market_avg,False
ligamx,2022,2022-10-02,Necaxa @ Atlas,1X2,necaxa,,2.92,0.368,0.3425,3.36,lose,-1.0,0.34,market_avg,True
ligamx,2022,2022-10-02,Guadalajara Chivas @ Cruz Azul,1X2,cruz azul,,2.41,0.3108,0.4149,-11.29,win,1.4100000000000001,0.34,market_avg,False
ligamx,2022,2022-10-02,Guadalajara Chivas @ Cruz Azul,1X2,draw,,3.31,0.2724,0.3021,-4.43,lose,-1.0,0.34,market_avg,False
ligamx,2022,2022-10-02,Guadalajara Chivas @ Cruz Azul,1X2,guadalajara chivas,,2.84,0.4169,0.3521,8.28,lose,-1.0,0.34,market_avg,True
ligamx,2022,2022-10-02,Queretaro @ Toluca,1X2,toluca,,2.01,0.5853,0.4975,7.94,win,1.0099999999999998,0.34,market_avg,True
ligamx,2022,2022-10-02,Queretaro @ Toluca,1X2,draw,,3.75,0.2251,0.2667,-7.02,lose,-1.0,0.34,market_avg,False
ligamx,2022,2022-10-02,Queretaro @ Toluca,1X2,queretaro,,3.28,0.1897,0.3049,-17.0,lose,-1.0,0.34,market_avg,False
ligamx,2022,2022-10-03,Mazatlan FC @ Santos Laguna,1X2,santos laguna,,1.64,0.6234,0.6098,1.01,win,0.6399999999999999,0.34,market_avg,False
ligamx,2022,2022-10-03,Mazatlan FC @ Santos Laguna,1X2,draw,,4.14,0.2115,0.2415,-5.6,lose,-1.0,0.34,market_avg,False
ligamx,2022,2022-10-03,Mazatlan FC @ Santos Laguna,1X2,mazatlan,,4.55,0.1651,0.2198,-11.2,lose,-1.0,0.34,market_avg,False
ligamx,2022,2022-10-03,Club Tijuana @ Club Leon,1X2,leon,,1.8,0.5364,0.5556,-1.55,lose,-1.0,0.34,market_avg,False
ligamx,2022,2022-10-03,Club Tijuana @ Club Leon,1X2,draw,,3.86,0.2368,0.2591,-3.87,win,2.86,0.34,market_avg,False
ligamx,2022,2022-10-03,Club Tijuana @ Club Leon,1X2,tijuana,,3.94,0.2268,0.2538,-4.78,lose,-1.0,0.34,market_avg,False
ligamx,2022,2022-10-09,Necaxa @ Tigres UANL,1X2,tigres uanl,,1.54,0.6031,0.6494,-3.21,win,0.54,0.34,market_avg,False
ligamx,2022,2022-10-09,Necaxa @ Tigres UANL,1X2,draw,,4.01,0.2487,0.2494,-0.13,lose,-1.0,0.34,market_avg,False
ligamx,2022,2022-10-09,Necaxa @ Tigres UANL,1X2,necaxa,,5.85,0.1483,0.1709,-5.97,lose,-1.0,0.34,market_avg,False
ligamx,2022,2022-10-09,Club Leon @ Cruz Azul,1X2,cruz azul,,2.38,0.4384,0.4202,1.95,win,1.38,0.34,market_avg,False
ligamx,2022,2022-10-09,Club Leon @ Cruz Azul,1X2,draw,,3.26,0.2263,0.3067,-11.8,lose,-1.0,0.34,market_avg,False
ligamx,2022,2022-10-09,Club Leon @ Cruz Azul,1X2,leon,,2.94,0.3354,0.3401,-0.63,lose,-1.0,0.34,market_avg,False
ligamx,2022,2022-10-09,Juarez @ Toluca,1X2,toluca,,1.96,0.4616,0.5102,-4.28,win,0.96,0.34,market_avg,False
ligamx,2022,2022-10-09,Juarez @ Toluca,1X2,draw,,3.41,0.284,0.2933,-1.42,lose,-1.0,0.34,market_avg,False
ligamx,2022,2022-10-09,Juarez @ Toluca,1X2,juarez,,3.78,0.2544,0.2646,-1.73,lose,-1.0,0.34,market_avg,False
ligamx,2022,2022-10-09,Guadalajara Chivas @ Puebla,1X2,puebla,,2.64,0.4054,0.3788,3.16,lose,-1.0,0.34,market_avg,True
ligamx,2022,2022-10-09,Guadalajara Chivas @ Puebla,1X2,draw,,3.1,0.2947,0.3226,-3.89,win,2.1,0.34,market_avg,False
ligamx,2022,2022-10-09,Guadalajara Chivas @ Puebla,1X2,guadalajara chivas,,2.73,0.2999,0.3663,-8.15,lose,-1.0,0.34,market_avg,False
ligamx,2022,2022-10-13,Club America @ Puebla,1X2,puebla,,3.99,0.2728,0.2506,3.98,lose,-1.0,0.34,market_avg,True
ligamx,2022,2022-10-13,Club America @ Puebla,1X2,draw,,3.35,0.2469,0.2985,-7.79,lose,-1.0,0.34,market_avg,False
ligamx,2022,2022-10-13,Club America @ Puebla,1X2,america,,1.92,0.4803,0.5208,-3.5,win,0.9199999999999999,0.34,market_avg,False
ligamx,2022,2022-10-13,Monterrey @ Cruz Azul,1X2,cruz azul,,2.98,0.2127,0.3356,-16.47,lose,-1.0,0.34,market_avg,False
ligamx,2022,2022-10-13,Monterrey @ Cruz Azul,1X2,draw,,3.09,0.2424,0.3236,-11.29,win,2.09,0.34,market_avg,False
ligamx,2022,2022-10-13,Monterrey @ Cruz Azul,1X2,monterrey,,2.45,0.5448,0.4082,15.07,lose,-1.0,0.34,market_avg,True
ligamx,2022,2022-10-14,Santos Laguna @ Toluca,1X2,toluca,,2.41,0.3665,0.4149,-5.25,win,1.4100000000000001,0.34,market_avg,False
ligamx,2022,2022-10-14,Santos Laguna @ Toluca,1X2,draw,,3.45,0.2386,0.2899,-7.96,lose,-1.0,0.34,market_avg,False
ligamx,2022,2022-10-14,Santos Laguna @ Toluca,1X2,santos laguna,,2.75,0.3949,0.3636,3.86,lose,-1.0,0.34,market_avg,True
ligamx,2022,2022-10-14,Pachuca @ Tigres UANL,1X2,tigres uanl,,2.34,0.4006,0.4274,-2.82,win,1.3399999999999999,0.34,market_avg,False
ligamx,2022,2022-10-14,Pachuca @ Tigres UANL,1X2,draw,,2.97,0.3175,0.3367,-2.57,lose,-1.0,0.34,market_avg,False
ligamx,2022,2022-10-14,Pachuca @ Tigres UANL,1X2,pachuca,,3.28,0.282,0.3049,-3.38,lose,-1.0,0.34,market_avg,False
ligamx,2022,2022-10-16,Cruz Azul @ Monterrey,1X2,monterrey,,1.72,0.7276,0.5814,11.31,win,0.72,0.34,market_avg,True
ligamx,2022,2022-10-16,Cruz Azul @ Monterrey,1X2,draw,,3.64,0.1971,0.2747,-12.72,lose,-1.0,0.34,market_avg,False
ligamx,2022,2022-10-16,Cruz Azul @ Monterrey,1X2,cruz azul,,4.68,0.0754,0.2137,-29.13,lose,-1.0,0.34,market_avg,False
ligamx,2022,2022-10-16,Puebla @ Club America,1X2,america,,1.45,0.7701,0.6897,5.25,win,0.44999999999999996,0.34,market_avg,False
ligamx,2022,2022-10-16,Puebla @ Club America,1X2,draw,,4.61,0.1524,0.2169,-13.38,lose,-1.0,0.34,market_avg,False
ligamx,2022,2022-10-16,Puebla @ Club America,1X2,puebla,,6.22,0.0775,0.1608,-23.31,lose,-1.0,0.34,market_avg,False
ligamx,2022,2022-10-17,Toluca @ Santos Laguna,1X2,santos laguna,,1.47,0.5532,0.6803,-8.4,lose,-1.0,0.34,market_avg,False
ligamx,2022,2022-10-17,Toluca @ Santos Laguna,1X2,draw,,4.69,0.2138,0.2132,0.13,lose,-1.0,0.34,market_avg,False
ligamx,2022,2022-10-17,Toluca @ Santos Laguna,1X2,toluca,,5.73,0.233,0.1745,15.07,win,4.73,0.34,market_avg,True
ligamx,2022,2022-10-17,Tigres UANL @ Pachuca,1X2,pachuca,,1.69,0.3623,0.5917,-17.45,win,0.69,0.34,market_avg,False
ligamx,2022,2022-10-17,Tigres UANL @ Pachuca,1X2,draw,,3.63,0.3583,0.2755,13.53,lose,-1.0,0.34,market_avg,True
ligamx,2022,2022-10-17,Tigres UANL @ Pachuca,1X2,tigres uanl,,4.95,0.2794,0.202,17.24,lose,-1.0,0.34,market_avg,True
ligamx,2022,2022-10-20,Club America @ Toluca,1X2,toluca,,5.16,0.2476,0.1938,12.49,win,4.16,0.34,market_avg,True
ligamx,2022,2022-10-20,Club America @ Toluca,1X2,draw,,4.1,0.2404,0.2439,-0.65,lose,-1.0,0.34,market_avg,False
ligamx,2022,2022-10-20,Club America @ Toluca,1X2,america,,1.58,0.512,0.6329,-8.6,lose,-1.0,0.34,market_avg,False
ligamx,2022,2022-10-21,Monterrey @ Pachuca,1X2,pachuca,,2.08,0.2817,0.4808,-18.63,win,1.08,0.34,market_avg,False
ligamx,2022,2022-10-21,Monterrey @ Pachuca,1X2,draw,,3.05,0.3388,0.3279,1.5,lose,-1.0,0.34,market_avg,False
ligamx,2022,2022-10-21,Monterrey @ Pachuca,1X2,monterrey,,3.87,0.3794,0.2584,21.07,lose,-1.0,0.34,market_avg,True
ligamx,2022,2022-10-23,Toluca @ Club America,1X2,america,,1.26,0.6537,0.7937,-7.93,lose,-1.0,0.34,market_avg,False
ligamx,2022,2022-10-23,Toluca @ Club America,1X2,draw,,5.82,0.2025,0.1718,8.03,win,4.82,0.34,market_avg,True
ligamx,2022,2022-10-23,Toluca @ Club America,1X2,toluca,,9.75,0.1438,0.1026,18.09,lose,-1.0,0.34,market_avg,False
ligamx,2022,2022-10-24,Pachuca @ Monterrey,1X2,monterrey,,1.9,0.4688,0.5263,-4.92,lose,-1.0,0.34,market_avg,False
ligamx,2022,2022-10-24,Pachuca @ Monterrey,1X2,draw,,3.62,0.3109,0.2762,5.65,lose,-1.0,0.34,market_avg,True
ligamx,2022,2022-10-24,Pachuca @ Monterrey,1X2,pachuca,,3.74,0.2203,0.2674,-7.92,win,2.74,0.34,market_avg,False
ligamx,2022,2022-10-28,Pachuca @ Toluca,1X2,toluca,,3.56,0.388,0.2809,17.16,lose,-1.0,0.34,market_avg,True
ligamx,2022,2022-10-28,Pachuca @ Toluca,1X2,draw,,3.6,0.2781,0.2778,0.05,lose,-1.0,0.34,market_avg,False
ligamx,2022,2022-10-28,Pachuca @ Toluca,1X2,pachuca,,1.96,0.3339,0.5102,-15.55,win,0.96,0.34,market_avg,False
ligamx,2022,2022-10-31,Toluca @ Pachuca,1X2,pachuca,,1.57,0.5725,0.6369,-4.55,win,0.5700000000000001,0.34,market_avg,False
ligamx,2022,2022-10-31,Toluca @ Pachuca,1X2,draw,,4.39,0.2422,0.2278,2.85,lose,-1.0,0.34,market_avg,False
ligamx,2022,2022-10-31,Toluca @ Pachuca,1X2,toluca,,4.89,0.1853,0.2045,-4.22,lose,-1.0,0.34,market_avg,False
ligamx,2022,2023-01-07,Atl. San Luis @ Necaxa,1X2,necaxa,,2.17,0.4187,0.4608,-4.12,lose,-1.0,0.34,market_avg,False
ligamx,2022,2023-01-07,Atl. San Luis @ Necaxa,1X2,draw,,3.15,0.3001,0.3175,-2.46,lose,-1.0,0.34,market_avg,False
ligamx,2022,2023-01-07,Atl. San Luis @ Necaxa,1X2,atl san luis,,3.41,0.2812,0.2933,-1.84,win,2.41,0.34,market_avg,False
ligamx,2022,2023-01-07,Queretaro @ Club America,1X2,america,,1.43,0.8343,0.6993,8.69,lose,-1.0,0.34,market_avg,False
ligamx,2022,2023-01-07,Queretaro @ Club America,1X2,draw,,4.52,0.109,0.2212,-22.83,win,3.5199999999999996,0.34,market_avg,False
ligamx,2022,2023-01-07,Queretaro @ Club America,1X2,queretaro,,6.74,0.0566,0.1484,-27.82,lose,-1.0,0.34,market_avg,False
ligamx,2022,2023-01-08,Guadalajara Chivas @ Monterrey,1X2,monterrey,,1.95,0.5073,0.5128,-0.48,lose,-1.0,0.34,market_avg,False
ligamx,2022,2023-01-08,Guadalajara Chivas @ Monterrey,1X2,draw,,3.28,0.295,0.3049,-1.46,lose,-1.0,0.34,market_avg,False
ligamx,2022,2023-01-08,Guadalajara Chivas @ Monterrey,1X2,guadalajara chivas,,3.98,0.1977,0.2513,-9.59,win,2.98,0.34,market_avg,False
ligamx,2022,2023-01-08,Juarez @ UNAM Pumas,1X2,unam pumas,,2.23,0.3807,0.4484,-6.8,win,1.23,0.34,market_avg,False
ligamx,2022,2023-01-08,Juarez @ UNAM Pumas,1X2,draw,,3.17,0.2915,0.3155,-3.42,lose,-1.0,0.34,market_avg,False
ligamx,2022,2023-01-08,Juarez @ UNAM Pumas,1X2,juarez,,3.25,0.3278,0.3077,2.94,lose,-1.0,0.34,market_avg,False
ligamx,2022,2023-01-09,Tigres UANL @ Santos Laguna,1X2,santos laguna,,3.11,0.4041,0.3215,11.55,lose,-1.0,0.34,market_avg,True
ligamx,2022,2023-01-09,Tigres UANL @ Santos Laguna,1X2,draw,,3.16,0.2705,0.3165,-6.53,lose,-1.0,0.34,market_avg,False
ligamx,2022,2023-01-09,Tigres UANL @ Santos Laguna,1X2,tigres uanl,,2.3,0.3254,0.4348,-11.32,win,1.2999999999999998,0.34,market_avg,False
ligamx,2022,2023-01-09,Cruz Azul @ Club Tijuana,1X2,tijuana,,2.44,0.4062,0.4098,-0.4,lose,-1.0,0.34,market_avg,False
ligamx,2022,2023-01-09,Cruz Azul @ Club Tijuana,1X2,draw,,3.33,0.2536,0.3003,-7.0,win,2.33,0.34,market_avg,False
ligamx,2022,2023-01-09,Cruz Azul @ Club Tijuana,1X2,cruz azul,,2.76,0.3402,0.3623,-2.74,lose,-1.0,0.34,market_avg,False
ligamx,2022,2023-01-10,Puebla @ Pachuca,1X2,pachuca,,1.53,0.7004,0.6536,3.22,win,0.53,0.34,market_avg,False
ligamx,2022,2023-01-10,Puebla @ Pachuca,1X2,draw,,4.08,0.1814,0.2451,-11.69,lose,-1.0,0.34,market_avg,False
ligamx,2022,2023-01-10,Puebla @ Pachuca,1X2,puebla,,5.8,0.1182,0.1724,-14.15,lose,-1.0,0.34,market_avg,False
ligamx,2022,2023-01-13,Mazatlan FC @ Atlas,1X2,atlas,,1.72,0.379,0.5814,-15.66,win,0.72,0.34,market_avg,False
ligamx,2022,2023-01-13,Mazatlan FC @ Atlas,1X2,draw,,3.48,0.2996,0.2874,1.91,lose,-1.0,0.34,market_avg,False
ligamx,2022,2023-01-13,Mazatlan FC @ Atlas,1X2,mazatlan,,4.98,0.3214,0.2008,27.02,lose,-1.0,0.34,market_avg,True
ligamx,2022,2023-01-14,Guadalajara Chivas @ Atl. San Luis,1X2,atl san luis,,2.94,0.3004,0.3401,-5.26,lose,-1.0,0.34,market_avg,False
ligamx,2022,2023-01-14,Guadalajara Chivas @ Atl. San Luis,1X2,draw,,3.17,0.3278,0.3155,1.76,win,2.17,0.34,market_avg,False
ligamx,2022,2023-01-14,Guadalajara Chivas @ Atl. San Luis,1X2,guadalajara chivas,,2.39,0.3719,0.4184,-5.01,lose,-1.0,0.34,market_avg,False
ligamx,2022,2023-01-14,Queretaro @ Puebla,1X2,puebla,,2.17,0.538,0.4608,7.54,win,1.17,0.34,market_avg,True
ligamx,2022,2023-01-14,Queretaro @ Puebla,1X2,draw,,3.3,0.2296,0.303,-10.9,lose,-1.0,0.34,market_avg,False
ligamx,2022,2023-01-14,Queretaro @ Puebla,1X2,queretaro,,3.25,0.2324,0.3077,-11.01,lose,-1.0,0.34,market_avg,False
ligamx,2022,2023-01-14,Monterrey @ Cruz Azul,1X2,cruz azul,,2.61,0.2403,0.3831,-16.78,lose,-1.0,0.34,market_avg,False
ligamx,2022,2023-01-14,Monterrey @ Cruz Azul,1X2,draw,,3.15,0.2593,0.3175,-8.24,lose,-1.0,0.34,market_avg,False
ligamx,2022,2023-01-14,Monterrey @ Cruz Azul,1X2,monterrey,,2.69,0.5004,0.3717,15.57,win,1.69,0.34,market_avg,True
ligamx,2022,2023-01-15,Club Tijuana @ Juarez,1X2,juarez,,2.26,0.4706,0.4425,2.86,win,1.2599999999999998,0.34,market_avg,False
ligamx,2022,2023-01-15,Club Tijuana @ Juarez,1X2,draw,,3.15,0.2886,0.3175,-4.09,lose,-1.0,0.34,market_avg,False
ligamx,2022,2023-01-15,Club Tijuana @ Juarez,1X2,tijuana,,3.21,0.2407,0.3115,-10.23,lose,-1.0,0.34,market_avg,False
ligamx,2022,2023-01-15,Club America @ Toluca,1X2,toluca,,3.96,0.2596,0.2525,1.26,lose,-1.0,0.34,market_avg,False
ligamx,2022,2023-01-15,Club America @ Toluca,1X2,draw,,3.74,0.2244,0.2674,-7.23,win,2.74,0.34,market_avg,False
ligamx,2022,2023-01-15,Club America @ Toluca,1X2,america,,1.81,0.516,0.5525,-2.97,lose,-1.0,0.34,market_avg,False
ligamx,2022,2023-01-15,UNAM Pumas @ Santos Laguna,1X2,santos laguna,,2.14,0.6616,0.4673,18.71,win,1.1400000000000001,0.34,market_avg,False
ligamx,2022,2023-01-15,UNAM Pumas @ Santos Laguna,1X2,draw,,3.53,0.1798,0.2833,-16.44,lose,-1.0,0.34,market_avg,False
ligamx,2022,2023-01-15,UNAM Pumas @ Santos Laguna,1X2,unam pumas,,3.1,0.1586,0.3226,-22.88,lose,-1.0,0.34,market_avg,False
ligamx,2022,2023-01-16,Pachuca @ Tigres UANL,1X2,tigres uanl,,2.11,0.3821,0.4739,-8.72,win,1.1099999999999999,0.34,market_avg,False
ligamx,2022,2023-01-16,Pachuca @ Tigres UANL,1X2,draw,,3.14,0.307,0.3185,-1.63,lose,-1.0,0.34,market_avg,False
ligamx,2022,2023-01-16,Pachuca @ Tigres UANL,1X2,pachuca,,3.57,0.311,0.2801,4.96,lose,-1.0,0.34,market_avg,True
ligamx,2022,2023-01-17,Necaxa @ Club Leon,1X2,leon,,1.76,0.5075,0.5682,-4.81,win,0.76,0.34,market_avg,False
ligamx,2022,2023-01-17,Necaxa @ Club Leon,1X2,draw,,3.73,0.2464,0.2681,-3.65,lose,-1.0,0.34,market_avg,False
ligamx,2022,2023-01-17,Necaxa @ Club Leon,1X2,necaxa,,4.23,0.2462,0.2364,1.86,lose,-1.0,0.34,market_avg,False
ligamx,2022,2023-01-21,Santos Laguna @ Mazatlan FC,1X2,mazatlan,,3.33,0.27,0.3003,-4.55,lose,-1.0,0.34,market_avg,False
ligamx,2022,2023-01-21,Santos Laguna @ Mazatlan FC,1X2,draw,,3.54,0.2457,0.2825,-5.86,lose,-1.0,0.34,market_avg,False
ligamx,2022,2023-01-21,Santos Laguna @ Mazatlan FC,1X2,santos laguna,,2.04,0.4843,0.4902,-0.54,win,1.04,0.34,market_avg,False
ligamx,2022,2023-01-21,Tigres UANL @ Club Tijuana,1X2,tijuana,,3.91,0.1681,0.2558,-15.43,lose,-1.0,0.34,market_avg,False
ligamx,2022,2023-01-21,Tigres UANL @ Club Tijuana,1X2,draw,,3.56,0.2597,0.2809,-3.39,win,2.56,0.34,market_avg,False
ligamx,2022,2023-01-21,Tigres UANL @ Club Tijuana,1X2,tigres uanl,,1.88,0.5722,0.5319,3.41,lose,-1.0,0.34,market_avg,True
ligamx,2022,2023-01-21,Atl. San Luis @ Monterrey,1X2,monterrey,,1.39,0.6123,0.7194,-6.7,win,0.3899999999999999,0.34,market_avg,False
ligamx,2022,2023-01-21,Atl. San Luis @ Monterrey,1X2,draw,,4.57,0.248,0.2188,6.0,lose,-1.0,0.34,market_avg,True
ligamx,2022,2023-01-21,Atl. San Luis @ Monterrey,1X2,atl san luis,,7.55,0.1397,0.1325,2.47,lose,-1.0,0.34,market_avg,False
ligamx,2022,2023-01-22,Puebla @ Club America,1X2,america,,1.37,0.7672,0.7299,2.3,lose,-1.0,0.34,market_avg,False
ligamx,2022,2023-01-22,Puebla @ Club America,1X2,draw,,4.88,0.1413,0.2049,-13.97,win,3.88,0.34,market_avg,False
ligamx,2022,2023-01-22,Puebla @ Club America,1X2,puebla,,7.45,0.0915,0.1342,-14.32,lose,-1.0,0.34,market_avg,False
ligamx,2022,2023-01-22,Toluca @ Guadalajara Chivas,1X2,guadalajara chivas,,1.95,0.4504,0.5128,-5.48,lose,-1.0,0.34,market_avg,False
ligamx,2022,2023-01-22,Toluca @ Guadalajara Chivas,1X2,draw,,3.38,0.2838,0.2959,-1.83,lose,-1.0,0.34,market_avg,False
ligamx,2022,2023-01-22,Toluca @ Guadalajara Chivas,1X2,toluca,,3.79,0.2657,0.2639,0.32,win,2.79,0.34,market_avg,False
ligamx,2022,2023-01-22,Cruz Azul @ Necaxa,1X2,necaxa,,3.22,0.4378,0.3106,18.44,win,2.22,0.34,market_avg,True
ligamx,2022,2023-01-22,Cruz Azul @ Necaxa,1X2,draw,,3.3,0.2525,0.303,-7.51,lose,-1.0,0.34,market_avg,False
ligamx,2022,2023-01-22,Cruz Azul @ Necaxa,1X2,cruz azul,,2.19,0.3097,0.4566,-14.48,lose,-1.0,0.34,market_avg,False
ligamx,2022,2023-01-22,Club Leon @ UNAM Pumas,1X2,unam pumas,,2.22,0.3933,0.4505,-5.71,win,1.2200000000000002,0.34,market_avg,False
ligamx,2022,2023-01-22,Club Leon @ UNAM Pumas,1X2,draw,,3.59,0.25,0.2786,-4.61,lose,-1.0,0.34,market_avg,False
ligamx,2022,2023-01-22,Club Leon @ UNAM Pumas,1X2,leon,,2.92,0.3567,0.3425,1.88,lose,-1.0,0.34,market_avg,False
ligamx,2022,2023-01-22,Atlas @ Queretaro,1X2,queretaro,,3.35,0.3758,0.2985,11.65,lose,-1.0,0.34,market_avg,True
ligamx,2022,2023-01-22,Atlas @ Queretaro,1X2,draw,,3.18,0.2829,0.3145,-4.51,win,2.18,0.34,market_avg,False
ligamx,2022,2023-01-22,Atlas @ Queretaro,1X2,atlas,,2.18,0.3413,0.4587,-11.52,lose,-1.0,0.34,market_avg,False
ligamx,2022,2023-01-23,Juarez @ Pachuca,1X2,pachuca,,1.54,0.6168,0.6494,-2.25,win,0.54,0.34,market_avg,False
ligamx,2022,2023-01-23,Juarez @ Pachuca,1X2,draw,,3.91,0.2356,0.2558,-3.55,lose,-1.0,0.34,market_avg,False
ligamx,2022,2023-01-23,Juarez @ Pachuca,1X2,juarez,,5.93,0.1476,0.1686,-5.62,lose,-1.0,0.34,market_avg,False
ligamx,2022,2023-01-27,Santos Laguna @ Atlas,1X2,atlas,,2.09,0.2638,0.4785,-20.19,lose,-1.0,0.34,market_avg,False
ligamx,2022,2023-01-27,Santos Laguna @ Atlas,1X2,draw,,3.49,0.2342,0.2865,-8.22,win,2.49,0.34,market_avg,False
ligamx,2022,2023-01-27,Santos Laguna @ Atlas,1X2,santos laguna,,3.26,0.502,0.3067,28.64,lose,-1.0,0.34,market_avg,False
ligamx,2022,2023-01-28,Monterrey @ Puebla,1X2,puebla,,3.72,0.2572,0.2688,-1.95,lose,-1.0,0.34,market_avg,False
ligamx,2022,2023-01-28,Monterrey @ Puebla,1X2,draw,,3.51,0.2519,0.2849,-5.21,lose,-1.0,0.34,market_avg,False
ligamx,2022,2023-01-28,Monterrey @ Puebla,1X2,monterrey,,1.92,0.4909,0.5208,-2.59,win,0.9199999999999999,0.34,market_avg,False
ligamx,2022,2023-01-28,UNAM Pumas @ Club Tijuana,1X2,tijuana,,1.97,0.3923,0.5076,-10.22,lose,-1.0,0.34,market_avg,False
ligamx,2022,2023-01-28,UNAM Pumas @ Club Tijuana,1X2,draw,,3.53,0.2614,0.2833,-3.48,win,2.53,0.34,market_avg,False
ligamx,2022,2023-01-28,UNAM Pumas @ Club Tijuana,1X2,unam pumas,,3.59,0.3463,0.2786,10.94,lose,-1.0,0.34,market_avg,True
ligamx,2022,2023-01-29,Atl. San Luis @ Tigres UANL,1X2,tigres uanl,,1.44,0.6512,0.6944,-2.8,lose,-1.0,0.34,market_avg,False
ligamx,2022,2023-01-29,Atl. San Luis @ Tigres UANL,1X2,draw,,4.36,0.238,0.2294,1.7,win,3.3600000000000003,0.34,market_avg,False
ligamx,2022,2023-01-29,Atl. San Luis @ Tigres UANL,1X2,atl san luis,,6.8,0.1108,0.1471,-11.1,lose,-1.0,0.34,market_avg,False
ligamx,2022,2023-01-29,Mazatlan FC @ Club America,1X2,america,,1.22,0.7417,0.8197,-4.28,win,0.21999999999999997,0.34,market_avg,False
ligamx,2022,2023-01-29,Mazatlan FC @ Club America,1X2,draw,,6.26,0.1659,0.1597,1.74,lose,-1.0,0.34,market_avg,False
ligamx,2022,2023-01-29,Mazatlan FC @ Club America,1X2,mazatlan,,11.22,0.0923,0.0891,1.61,lose,-1.0,0.34,market_avg,False
ligamx,2022,2023-01-29,Guadalajara Chivas @ Juarez,1X2,juarez,,2.89,0.3352,0.346,-1.41,lose,-1.0,0.34,market_avg,False
ligamx,2022,2023-01-29,Guadalajara Chivas @ Juarez,1X2,draw,,2.89,0.3394,0.346,-0.87,lose,-1.0,0.34,market_avg,False
ligamx,2022,2023-01-29,Guadalajara Chivas @ Juarez,1X2,guadalajara chivas,,2.64,0.3255,0.3788,-6.33,win,1.6400000000000001,0.34,market_avg,False
ligamx,2022,2023-01-29,Club Leon @ Toluca,1X2,toluca,,2.18,0.5762,0.4587,11.53,lose,-1.0,0.34,market_avg,True
ligamx,2022,2023-01-29,Club Leon @ Toluca,1X2,draw,,3.64,0.21,0.2747,-10.6,win,2.64,0.34,market_avg,False
ligamx,2022,2023-01-29,Club Leon @ Toluca,1X2,leon,,2.95,0.2138,0.339,-16.62,lose,-1.0,0.34,market_avg,False
ligamx,2022,2023-01-30,Necaxa @ Pachuca,1X2,pachuca,,1.44,0.7306,0.6944,2.34,win,0.43999999999999995,0.34,market_avg,False
ligamx,2022,2023-01-30,Necaxa @ Pachuca,1X2,draw,,4.41,0.1717,0.2268,-10.93,lose,-1.0,0.34,market_avg,False
ligamx,2022,2023-01-30,Necaxa @ Pachuca,1X2,necaxa,,6.71,0.0978,0.149,-15.48,lose,-1.0,0.34,market_avg,False
ligamx,2022,2023-02-02,Toluca @ Atlas,1X2,atlas,,2.07,0.3436,0.4831,-12.99,lose,-1.0,0.34,market_avg,False
ligamx,2022,2023-02-02,Toluca @ Atlas,1X2,draw,,3.49,0.2542,0.2865,-5.08,win,2.49,0.34,market_avg,False
ligamx,2022,2023-02-02,Toluca @ Atlas,1X2,toluca,,3.32,0.4022,0.3012,15.09,lose,-1.0,0.34,market_avg,True
ligamx,2022,2023-02-03,Puebla @ Atl. San Luis,1X2,atl san luis,,2.36,0.4224,0.4237,-0.14,win,1.3599999999999999,0.34,market_avg,False
ligamx,2022,2023-02-03,Puebla @ Atl. San Luis,1X2,draw,,3.1,0.275,0.3226,-6.64,lose,-1.0,0.34,market_avg,False
ligamx,2022,2023-02-03,Puebla @ Atl. San Luis,1X2,puebla,,3.1,0.3026,0.3226,-2.79,lose,-1.0,0.34,market_avg,False
ligamx,2022,2023-02-04,Club Tijuana @ Necaxa,1X2,necaxa,,2.63,0.4844,0.3802,12.33,lose,-1.0,0.34,market_avg,True
ligamx,2022,2023-02-04,Club Tijuana @ Necaxa,1X2,draw,,3.14,0.2721,0.3185,-6.55,win,2.14,0.34,market_avg,False
ligamx,2022,2023-02-04,Club Tijuana @ Necaxa,1X2,tijuana,,2.7,0.2434,0.3704,-15.43,lose,-1.0,0.34,market_avg,False
ligamx,2022,2023-02-04,Juarez @ Mazatlan FC,1X2,mazatlan,,2.72,0.3582,0.3676,-1.15,lose,-1.0,0.34,market_avg,False
ligamx,2022,2023-02-04,Juarez @ Mazatlan FC,1X2,draw,,3.05,0.3008,0.3279,-3.72,lose,-1.0,0.34,market_avg,False
ligamx,2022,2023-02-04,Juarez @ Mazatlan FC,1X2,juarez,,2.68,0.341,0.3731,-3.87,win,1.6800000000000002,0.34,market_avg,False
ligamx,2022,2023-02-04,Pachuca @ Club Leon,1X2,leon,,2.9,0.232,0.3448,-14.73,lose,-1.0,0.34,market_avg,False
ligamx,2022,2023-02-04,Pachuca @ Club Leon,1X2,draw,,3.45,0.2338,0.2899,-8.71,lose,-1.0,0.34,market_avg,False
ligamx,2022,2023-02-04,Pachuca @ Club Leon,1X2,pachuca,,2.29,0.5343,0.4367,10.05,win,1.29,0.34,market_avg,True
ligamx,2022,2023-02-05,Tigres UANL @ Cruz Azul,1X2,cruz azul,,2.78,0.2072,0.3597,-19.07,lose,-1.0,0.34,market_avg,False
ligamx,2022,2023-02-05,Tigres UANL @ Cruz Azul,1X2,draw,,3.16,0.2669,0.3165,-7.05,lose,-1.0,0.34,market_avg,False
ligamx,2022,2023-02-05,Tigres UANL @ Cruz Azul,1X2,tigres uanl,,2.53,0.5259,0.3953,14.87,win,1.5299999999999998,0.34,market_avg,True
ligamx,2022,2023-02-05,Club America @ Santos Laguna,1X2,santos laguna,,2.95,0.3466,0.339,1.01,lose,-1.0,0.34,market_avg,False
ligamx,2022,2023-02-05,Club America @ Santos Laguna,1X2,draw,,3.75,0.2233,0.2667,-7.32,win,2.75,0.34,market_avg,False
ligamx,2022,2023-02-05,Club America @ Santos Laguna,1X2,america,,2.15,0.4302,0.4651,-3.38,lose,-1.0,0.34,market_avg,False
ligamx,2022,2023-02-05,Atlas @ UNAM Pumas,1X2,unam pumas,,2.64,0.5019,0.3788,14.63,lose,-1.0,0.34,market_avg,True
ligamx,2022,2023-02-05,Atlas @ UNAM Pumas,1X2,draw,,3.19,0.2594,0.3135,-7.76,win,2.19,0.34,market_avg,False
ligamx,2022,2023-02-05,Atlas @ UNAM Pumas,1X2,atlas,,2.65,0.2387,0.3774,-16.54,lose,-1.0,0.34,market_avg,False
ligamx,2022,2023-02-05,Queretaro @ Guadalajara Chivas,1X2,guadalajara chivas,,1.85,0.607,0.5405,5.53,lose,-1.0,0.34,market_avg,True
ligamx,2022,2023-02-05,Queretaro @ Guadalajara Chivas,1X2,draw,,3.46,0.2461,0.289,-6.68,win,2.46,0.34,market_avg,False
ligamx,2022,2023-02-05,Queretaro @ Guadalajara Chivas,1X2,queretaro,,4.15,0.1469,0.241,-17.57,lose,-1.0,0.34,market_avg,False
ligamx,2022,2023-02-06,Toluca @ Monterrey,1X2,monterrey,,1.51,0.573,0.6623,-6.06,win,0.51,0.34,market_avg,False
ligamx,2022,2023-02-06,Toluca @ Monterrey,1X2,draw,,4.23,0.2352,0.2364,-0.24,lose,-1.0,0.34,market_avg,False
ligamx,2022,2023-02-06,Toluca @ Monterrey,1X2,toluca,,5.86,0.1918,0.1706,5.58,lose,-1.0,0.34,market_avg,True
ligamx,2022,2023-02-10,Club Leon @ Queretaro,1X2,queretaro,,2.77,0.3688,0.361,0.97,lose,-1.0,0.34,market_avg,False
ligamx,2022,2023-02-10,Club Leon @ Queretaro,1X2,draw,,3.45,0.2609,0.2899,-4.5,lose,-1.0,0.34,market_avg,False
ligamx,2022,2023-02-10,Club Leon @ Queretaro,1X2,leon,,2.38,0.3703,0.4202,-5.34,win,1.38,0.34,market_avg,False
ligamx,2022,2023-02-10,Monterrey @ Atlas,1X2,atlas,,2.64,0.2323,0.3788,-17.4,lose,-1.0,0.34,market_avg,False
ligamx,2022,2023-02-10,Monterrey @ Atlas,1X2,draw,,3.32,0.2665,0.3012,-5.18,lose,-1.0,0.34,market_avg,False
ligamx,2022,2023-02-10,Monterrey @ Atlas,1X2,monterrey,,2.55,0.5011,0.3922,12.51,win,1.5499999999999998,0.34,market_avg,True
ligamx,2022,2023-02-11,Mazatlan FC @ Puebla,1X2,puebla,,1.56,0.5196,0.641,-8.52,win,0.56,0.34,market_avg,False
ligamx,2022,2023-02-11,Mazatlan FC @ Puebla,1X2,draw,,4.15,0.2403,0.241,-0.12,lose,-1.0,0.34,market_avg,False
ligamx,2022,2023-02-11,Mazatlan FC @ Puebla,1X2,mazatlan,,5.37,0.24,0.1862,13.0,lose,-1.0,0.34,market_avg,True
ligamx,2022,2023-02-11,Atl. San Luis @ Club Tijuana,1X2,tijuana,,2.07,0.3592,0.4831,-11.54,win,1.0699999999999998,0.34,market_avg,False
ligamx,2022,2023-02-11,Atl. San Luis @ Club Tijuana,1X2,draw,,3.41,0.311,0.2933,2.72,lose,-1.0,0.34,market_avg,False
ligamx,2022,2023-02-11,Atl. San Luis @ Club Tijuana,1X2,atl san luis,,3.4,0.3299,0.2941,5.47,lose,-1.0,0.34,market_avg,True
ligamx,2022,2023-02-11,Necaxa @ Club America,1X2,america,,1.24,0.7727,0.8065,-1.88,win,0.24,0.34,market_avg,False
ligamx,2022,2023-02-11,Necaxa @ Club America,1X2,draw,,5.98,0.1454,0.1672,-5.87,lose,-1.0,0.34,market_avg,False
ligamx,2022,2023-02-11,Necaxa @ Club America,1X2,necaxa,,10.7,0.0818,0.0935,-5.6,lose,-1.0,0.34,market_avg,False
ligamx,2022,2023-02-12,Santos Laguna @ Juarez,1X2,juarez,,2.84,0.313,0.3521,-4.99,win,1.8399999999999999,0.34,market_avg,False
ligamx,2022,2023-02-12,Santos Laguna @ Juarez,1X2,draw,,3.49,0.2494,0.2865,-5.83,lose,-1.0,0.34,market_avg,False
ligamx,2022,2023-02-12,Santos Laguna @ Juarez,1X2,santos laguna,,2.32,0.4376,0.431,0.68,lose,-1.0,0.34,market_avg,False
ligamx,2022,2023-02-12,UNAM Pumas @ Tigres UANL,1X2,tigres uanl,,1.4,0.6727,0.7143,-2.62,win,0.3999999999999999,0.34,market_avg,False
ligamx,2022,2023-02-12,UNAM Pumas @ Tigres UANL,1X2,draw,,4.64,0.2144,0.2155,-0.23,lose,-1.0,0.34,market_avg,False
ligamx,2022,2023-02-12,UNAM Pumas @ Tigres UANL,1X2,unam pumas,,7.17,0.1129,0.1395,-8.58,lose,-1.0,0.34,market_avg,False
ligamx,2022,2023-02-12,Guadalajara Chivas @ Pachuca,1X2,pachuca,,1.93,0.5658,0.5181,4.14,lose,-1.0,0.34,market_avg,True
ligamx,2022,2023-02-12,Guadalajara Chivas @ Pachuca,1X2,draw,,3.34,0.2632,0.2994,-5.45,win,2.34,0.34,market_avg,False
ligamx,2022,2023-02-12,Guadalajara Chivas @ Pachuca,1X2,guadalajara chivas,,3.96,0.171,0.2525,-14.53,lose,-1.0,0.34,market_avg,False
ligamx,2022,2023-02-12,Cruz Azul @ Toluca,1X2,toluca,,2.47,0.5928,0.4049,20.88,win,1.4700000000000002,0.34,market_avg,False
ligamx,2022,2023-02-12,Cruz Azul @ Toluca,1X2,draw,,3.33,0.2143,0.3003,-12.89,lose,-1.0,0.34,market_avg,False
ligamx,2022,2023-02-12,Cruz Azul @ Toluca,1X2,cruz azul,,2.73,0.193,0.3663,-21.29,lose,-1.0,0.34,market_avg,False
ligamx,2022,2023-02-15,Puebla @ Club Leon,1X2,leon,,1.66,0.4977,0.6024,-7.82,win,0.6599999999999999,0.34,market_avg,False
ligamx,2022,2023-02-15,Puebla @ Club Leon,1X2,draw,,3.96,0.2355,0.2525,-3.03,lose,-1.0,0.34,market_avg,False
ligamx,2022,2023-02-15,Puebla @ Club Leon,1X2,puebla,,4.65,0.2667,0.2151,10.81,lose,-1.0,0.34,market_avg,True
ligamx,2022,2023-02-15,Juarez @ Tigres UANL,1X2,tigres uanl,,1.42,0.6223,0.7042,-5.24,lose,-1.0,0.34,market_avg,False
ligamx,2022,2023-02-15,Juarez @ Tigres UANL,1X2,draw,,4.6,0.2606,0.2174,8.94,win,3.5999999999999996,0.34,market_avg,True
ligamx,2022,2023-02-15,Juarez @ Tigres UANL,1X2,juarez,,6.86,0.1171,0.1458,-8.85,lose,-1.0,0.34,market_avg,False
ligamx,2022,2023-02-15,Club America @ Atl. San Luis,1X2,atl san luis,,4.46,0.1892,0.2242,-7.03,lose,-1.0,0.34,market_avg,False
ligamx,2022,2023-02-15,Club America @ Atl. San Luis,1X2,draw,,3.83,0.2457,0.2611,-2.66,lose,-1.0,0.34,market_avg,False
ligamx,2022,2023-02-15,Club America @ Atl. San Luis,1X2,america,,1.71,0.5652,0.5848,-1.51,win,0.71,0.34,market_avg,False
ligamx,2022,2023-02-16,Club Tijuana @ Guadalajara Chivas,1X2,guadalajara chivas,,1.84,0.5463,0.5435,0.24,win,0.8400000000000001,0.34,market_avg,False
ligamx,2022,2023-02-16,Club Tijuana @ Guadalajara Chivas,1X2,draw,,3.41,0.2855,0.2933,-1.19,lose,-1.0,0.34,market_avg,False
ligamx,2022,2023-02-16,Club Tijuana @ Guadalajara Chivas,1X2,tijuana,,4.3,0.1682,0.2326,-12.46,lose,-1.0,0.34,market_avg,False
ligamx,2022,2023-02-16,Queretaro @ Monterrey,1X2,monterrey,,1.33,0.7618,0.7519,0.59,win,0.33000000000000007,0.34,market_avg,False
ligamx,2022,2023-02-16,Queretaro @ Monterrey,1X2,draw,,5.03,0.1606,0.1988,-8.65,lose,-1.0,0.34,market_avg,False
ligamx,2022,2023-02-16,Queretaro @ Monterrey,1X2,queretaro,,8.38,0.0776,0.1193,-15.74,lose,-1.0,0.34,market_avg,False
ligamx,2022,2023-02-16,UNAM Pumas @ Necaxa,1X2,necaxa,,2.73,0.4381,0.3663,8.83,win,1.73,0.34,market_avg,True
ligamx,2022,2023-02-16,UNAM Pumas @ Necaxa,1X2,draw,,3.36,0.2574,0.2976,-6.07,lose,-1.0,0.34,market_avg,False
ligamx,2022,2023-02-16,UNAM Pumas @ Necaxa,1X2,unam pumas,,2.47,0.3044,0.4049,-11.16,lose,-1.0,0.34,market_avg,False
ligamx,2022,2023-02-17,Pachuca @ Mazatlan FC,1X2,mazatlan,,4.54,0.1641,0.2203,-11.47,lose,-1.0,0.34,market_avg,False
ligamx,2022,2023-02-17,Pachuca @ Mazatlan FC,1X2,draw,,3.95,0.2218,0.2532,-5.58,lose,-1.0,0.34,market_avg,False
ligamx,2022,2023-02-17,Pachuca @ Mazatlan FC,1X2,pachuca,,1.68,0.6142,0.5952,1.43,win,0.6799999999999999,0.34,market_avg,False
ligamx,2022,2023-02-18,Club Leon @ Juarez,1X2,juarez,,2.81,0.3949,0.3559,4.94,lose,-1.0,0.34,market_avg,True
ligamx,2022,2023-02-18,Club Leon @ Juarez,1X2,draw,,3.25,0.3074,0.3077,-0.04,win,2.25,0.34,market_avg,False
ligamx,2022,2023-02-18,Club Leon @ Juarez,1X2,leon,,2.47,0.2976,0.4049,-11.92,lose,-1.0,0.34,market_avg,False
ligamx,2022,2023-02-18,Cruz Azul @ Puebla,1X2,puebla,,3.04,0.4435,0.3289,15.68,lose,-1.0,0.34,market_avg,True
ligamx,2022,2023-02-18,Cruz Azul @ Puebla,1X2,draw,,3.45,0.2514,0.2899,-5.97,lose,-1.0,0.34,market_avg,False
ligamx,2022,2023-02-18,Cruz Azul @ Puebla,1X2,cruz azul,,2.21,0.3051,0.4525,-14.66,win,1.21,0.34,market_avg,False
ligamx,2022,2023-02-18,Santos Laguna @ Atl. San Luis,1X2,atl san luis,,2.66,0.2186,0.3759,-18.83,lose,-1.0,0.34,market_avg,False
ligamx,2022,2023-02-18,Santos Laguna @ Atl. San Luis,1X2,draw,,3.48,0.2622,0.2874,-3.94,win,2.48,0.34,market_avg,False
ligamx,2022,2023-02-18,Santos Laguna @ Atl. San Luis,1X2,santos laguna,,2.46,0.5192,0.4065,12.47,lose,-1.0,0.34,market_avg,True
ligamx,2022,2023-02-18,Necaxa @ Monterrey,1X2,monterrey,,1.31,0.7294,0.7634,-2.0,win,0.31000000000000005,0.34,market_avg,False
ligamx,2022,2023-02-18,Necaxa @ Monterrey,1X2,draw,,5.17,0.2003,0.1934,1.61,lose,-1.0,0.34,market_avg,False
ligamx,2022,2023-02-18,Necaxa @ Monterrey,1X2,necaxa,,9.03,0.0702,0.1107,-16.46,lose,-1.0,0.34,market_avg,False
ligamx,2022,2023-02-19,Tigres UANL @ Atlas,1X2,atlas,,3.37,0.2114,0.2967,-12.94,lose,-1.0,0.34,market_avg,False
ligamx,2022,2023-02-19,Tigres UANL @ Atlas,1X2,draw,,3.29,0.3031,0.304,-0.13,lose,-1.0,0.34,market_avg,False
ligamx,2022,2023-02-19,Tigres UANL @ Atlas,1X2,tigres uanl,,2.13,0.4855,0.4695,1.54,win,1.13,0.34,market_avg,False
ligamx,2022,2023-02-19,Guadalajara Chivas @ UNAM Pumas,1X2,unam pumas,,2.32,0.288,0.431,-14.93,lose,-1.0,0.34,market_avg,False
ligamx,2022,2023-02-19,Guadalajara Chivas @ UNAM Pumas,1X2,draw,,3.26,0.337,0.3067,4.44,lose,-1.0,0.34,market_avg,True
ligamx,2022,2023-02-19,Guadalajara Chivas @ UNAM Pumas,1X2,guadalajara chivas,,3.0,0.375,0.3333,5.63,win,2.0,0.34,market_avg,True
ligamx,2022,2023-02-19,Mazatlan FC @ Queretaro,1X2,queretaro,,1.84,0.4105,0.5435,-11.01,lose,-1.0,0.34,market_avg,False
ligamx,2022,2023-02-19,Mazatlan FC @ Queretaro,1X2,draw,,3.5,0.2809,0.2857,-0.75,win,2.5,0.34,market_avg,False
ligamx,2022,2023-02-19,Mazatlan FC @ Queretaro,1X2,mazatlan,,4.15,0.3085,0.241,12.61,lose,-1.0,0.34,market_avg,True
ligamx,2022,2023-02-20,Club Tijuana @ Club America,1X2,america,,1.29,0.7979,0.7752,1.32,win,0.29000000000000004,0.34,market_avg,False
ligamx,2022,2023-02-20,Club Tijuana @ Club America,1X2,draw,,5.46,0.1346,0.1832,-11.93,lose,-1.0,0.34,market_avg,False
ligamx,2022,2023-02-20,Club Tijuana @ Club America,1X2,tijuana,,9.0,0.0675,0.1111,-17.66,lose,-1.0,0.34,market_avg,False
ligamx,2022,2023-02-20,Toluca @ Pachuca,1X2,pachuca,,1.76,0.6044,0.5682,2.86,lose,-1.0,0.34,market_avg,False
ligamx,2022,2023-02-20,Toluca @ Pachuca,1X2,draw,,3.86,0.215,0.2591,-7.66,lose,-1.0,0.34,market_avg,False
ligamx,2022,2023-02-20,Toluca @ Pachuca,1X2,toluca,,4.17,0.1807,0.2398,-11.1,win,3.17,0.34,market_avg,False
ligamx,2022,2023-02-23,Atlas @ Cruz Azul,1X2,cruz azul,,2.35,0.4747,0.4255,5.2,win,1.35,0.34,market_avg,True
ligamx,2022,2023-02-23,Atlas @ Cruz Azul,1X2,draw,,3.21,0.2558,0.3115,-8.05,lose,-1.0,0.34,market_avg,False
ligamx,2022,2023-02-23,Atlas @ Cruz Azul,1X2,atlas,,2.98,0.2694,0.3356,-8.87,lose,-1.0,0.34,market_avg,False
ligamx,2022,2023-02-24,Toluca @ Santos Laguna,1X2,santos laguna,,2.01,0.5345,0.4975,3.34,lose,-1.0,0.34,market_avg,True
ligamx,2022,2023-02-24,Toluca @ Santos Laguna,1X2,draw,,3.85,0.2132,0.2597,-8.06,lose,-1.0,0.34,market_avg,False
ligamx,2022,2023-02-24,Toluca @ Santos Laguna,1X2,toluca,,3.21,0.2523,0.3115,-8.55,win,2.21,0.34,market_avg,False
ligamx,2022,2023-02-25,Queretaro @ Necaxa,1X2,necaxa,,2.39,0.5393,0.4184,13.0,lose,-1.0,0.34,market_avg,True
ligamx,2022,2023-02-25,Queretaro @ Necaxa,1X2,draw,,3.08,0.2481,0.3247,-10.62,win,2.08,0.34,market_avg,False
ligamx,2022,2023-02-25,Queretaro @ Necaxa,1X2,queretaro,,3.06,0.2127,0.3268,-15.72,lose,-1.0,0.34,market_avg,False
ligamx,2022,2023-02-25,UNAM Pumas @ Mazatlan FC,1X2,mazatlan,,2.36,0.4011,0.4237,-2.4,lose,-1.0,0.34,market_avg,False
ligamx,2022,2023-02-25,UNAM Pumas @ Mazatlan FC,1X2,draw,,3.49,0.2534,0.2865,-5.2,lose,-1.0,0.34,market_avg,False
ligamx,2022,2023-02-25,UNAM Pumas @ Mazatlan FC,1X2,unam pumas,,2.78,0.3455,0.3597,-1.78,win,1.7799999999999998,0.34,market_avg,False
ligamx,2022,2023-02-25,Juarez @ Cruz Azul,1X2,cruz azul,,1.72,0.3096,0.5814,-21.04,win,0.72,0.34,market_avg,False
ligamx,2022,2023-02-25,Juarez @ Cruz Azul,1X2,draw,,3.58,0.2982,0.2793,3.05,lose,-1.0,0.34,market_avg,False
ligamx,2022,2023-02-25,Juarez @ Cruz Azul,1X2,juarez,,4.85,0.3922,0.2062,40.59,lose,-1.0,0.34,market_avg,False
ligamx,2022,2023-02-26,Guadalajara Chivas @ Tigres UANL,1X2,tigres uanl,,1.69,0.5073,0.5917,-6.42,lose,-1.0,0.34,market_avg,False
ligamx,2022,2023-02-26,Guadalajara Chivas @ Tigres UANL,1X2,draw,,3.46,0.3184,0.289,4.57,lose,-1.0,0.34,market_avg,True
ligamx,2022,2023-02-26,Guadalajara Chivas @ Tigres UANL,1X2,guadalajara chivas,,5.24,0.1743,0.1908,-3.89,win,4.24,0.34,market_avg,False
ligamx,2022,2023-02-26,Club America @ Atlas,1X2,atlas,,3.69,0.1023,0.271,-28.01,lose,-1.0,0.34,market_avg,False
ligamx,2022,2023-02-26,Club America @ Atlas,1X2,draw,,3.56,0.1928,0.2809,-14.11,win,2.56,0.34,market_avg,False
ligamx,2022,2023-02-26,Club America @ Atlas,1X2,america,,1.93,0.7049,0.5181,16.22,lose,-1.0,0.34,market_avg,False
ligamx,2022,2023-02-26,Atl. San Luis @ Toluca,1X2,toluca,,1.64,0.5219,0.6098,-6.48,win,0.6399999999999999,0.34,market_avg,False
ligamx,2022,2023-02-26,Atl. San Luis @ Toluca,1X2,draw,,4.06,0.2697,0.2463,4.27,lose,-1.0,0.34,market_avg,True
ligamx,2022,2023-02-26,Atl. San Luis @ Toluca,1X2,atl san luis,,4.68,0.2084,0.2137,-1.11,lose,-1.0,0.34,market_avg,False
ligamx,2022,2023-02-27,Puebla @ Santos Laguna,1X2,santos laguna,,1.51,0.6186,0.6623,-2.96,win,0.51,0.34,market_avg,False
ligamx,2022,2023-02-27,Puebla @ Santos Laguna,1X2,draw,,4.44,0.1902,0.2252,-6.99,lose,-1.0,0.34,market_avg,False
ligamx,2022,2023-02-27,Puebla @ Santos Laguna,1X2,puebla,,5.48,0.1911,0.1825,2.13,lose,-1.0,0.34,market_avg,False
ligamx,2022,2023-02-27,Pachuca @ Club Tijuana,1X2,tijuana,,2.6,0.1783,0.3846,-24.14,win,1.6,0.34,market_avg,False
ligamx,2022,2023-02-27,Pachuca @ Club Tijuana,1X2,draw,,3.35,0.2347,0.2985,-9.62,lose,-1.0,0.34,market_avg,False
ligamx,2022,2023-02-27,Pachuca @ Club Tijuana,1X2,pachuca,,2.57,0.587,0.3891,22.89,lose,-1.0,0.34,market_avg,False
ligamx,2022,2023-02-28,Monterrey @ Club Leon,1X2,leon,,2.67,0.2529,0.3745,-14.62,lose,-1.0,0.34,market_avg,False
ligamx,2022,2023-02-28,Monterrey @ Club Leon,1X2,draw,,3.33,0.2731,0.3003,-4.08,win,2.33,0.34,market_avg,False
ligamx,2022,2023-02-28,Monterrey @ Club Leon,1X2,monterrey,,2.54,0.4741,0.3937,9.18,lose,-1.0,0.34,market_avg,True
ligamx,2022,2023-03-04,Cruz Azul @ Mazatlan FC,1X2,mazatlan,,3.46,0.3749,0.289,13.37,win,2.46,0.34,market_avg,True
ligamx,2022,2023-03-04,Cruz Azul @ Mazatlan FC,1X2,draw,,3.37,0.2619,0.2967,-5.28,lose,-1.0,0.34,market_avg,False
ligamx,2022,2023-03-04,Cruz Azul @ Mazatlan FC,1X2,cruz azul,,2.06,0.3632,0.4854,-11.33,lose,-1.0,0.34,market_avg,False
ligamx,2022,2023-03-04,Tigres UANL @ Necaxa,1X2,necaxa,,4.58,0.2046,0.2183,-2.82,lose,-1.0,0.34,market_avg,False
ligamx,2022,2023-03-04,Tigres UANL @ Necaxa,1X2,draw,,3.54,0.2874,0.2825,0.78,lose,-1.0,0.34,market_avg,False
ligamx,2022,2023-03-04,Tigres UANL @ Necaxa,1X2,tigres uanl,,1.75,0.5079,0.5714,-5.0,win,0.75,0.34,market_avg,False
ligamx,2022,2023-03-04,Atlas @ Club Tijuana,1X2,tijuana,,1.96,0.4242,0.5102,-7.58,lose,-1.0,0.34,market_avg,False
ligamx,2022,2023-03-04,Atlas @ Club Tijuana,1X2,draw,,3.33,0.2885,0.3003,-1.77,win,2.33,0.34,market_avg,False
ligamx,2022,2023-03-04,Atlas @ Club Tijuana,1X2,atlas,,3.84,0.2873,0.2604,4.65,lose,-1.0,0.34,market_avg,True
ligamx,2022,2023-03-04,Atl. San Luis @ Club Leon,1X2,leon,,1.6,0.4972,0.625,-9.2,win,0.6000000000000001,0.34,market_avg,False
ligamx,2022,2023-03-04,Atl. San Luis @ Club Leon,1X2,draw,,3.92,0.2815,0.2551,4.65,lose,-1.0,0.34,market_avg,True
ligamx,2022,2023-03-04,Atl. San Luis @ Club Leon,1X2,atl san luis,,5.18,0.2214,0.1931,6.6,lose,-1.0,0.34,market_avg,True
ligamx,2022,2023-03-05,Pachuca @ Club America,1X2,america,,1.85,0.5348,0.5405,-0.48,lose,-1.0,0.34,market_avg,False
ligamx,2022,2023-03-05,Pachuca @ Club America,1X2,draw,,3.77,0.2238,0.2653,-7.03,lose,-1.0,0.34,market_avg,False
ligamx,2022,2023-03-05,Pachuca @ Club America,1X2,pachuca,,3.78,0.2414,0.2646,-3.94,win,2.78,0.34,market_avg,False
ligamx,2022,2023-03-05,Juarez @ Monterrey,1X2,monterrey,,1.59,0.605,0.6289,-1.71,win,0.5900000000000001,0.34,market_avg,False
ligamx,2022,2023-03-05,Juarez @ Monterrey,1X2,draw,,3.71,0.2511,0.2695,-3.07,lose,-1.0,0.34,market_avg,False
ligamx,2022,2023-03-05,Juarez @ Monterrey,1X2,juarez,,5.7,0.1438,0.1754,-8.11,lose,-1.0,0.34,market_avg,False
ligamx,2022,2023-03-05,Santos Laguna @ Guadalajara Chivas,1X2,guadalajara chivas,,2.06,0.4514,0.4854,-3.16,win,1.06,0.34,market_avg,False
ligamx,2022,2023-03-05,Santos Laguna @ Guadalajara Chivas,1X2,draw,,3.57,0.2615,0.2801,-2.99,lose,-1.0,0.34,market_avg,False
ligamx,2022,2023-03-05,Santos Laguna @ Guadalajara Chivas,1X2,santos laguna,,3.28,0.2871,0.3049,-2.62,lose,-1.0,0.34,market_avg,False
ligamx,2022,2023-03-05,Puebla @ UNAM Pumas,1X2,unam pumas,,1.6,0.477,0.625,-10.65,lose,-1.0,0.34,market_avg,False
ligamx,2022,2023-03-05,Puebla @ UNAM Pumas,1X2,draw,,4.1,0.2287,0.2439,-2.81,lose,-1.0,0.34,market_avg,False
ligamx,2022,2023-03-05,Puebla @ UNAM Pumas,1X2,puebla,,4.94,0.2943,0.2024,20.42,win,3.9400000000000004,0.34,market_avg,True
ligamx,2022,2023-03-06,Toluca @ Queretaro,1X2,queretaro,,3.43,0.2167,0.2915,-11.55,win,2.43,0.34,market_avg,False
ligamx,2022,2023-03-06,Toluca @ Queretaro,1X2,draw,,3.47,0.2333,0.2882,-8.58,lose,-1.0,0.34,market_avg,False
ligamx,2022,2023-03-06,Toluca @ Queretaro,1X2,toluca,,2.03,0.5501,0.4926,5.25,lose,-1.0,0.34,market_avg,True
ligamx,2022,2023-03-11,Queretaro @ Atl. San Luis,1X2,atl san luis,,2.18,0.4609,0.4587,0.21,win,1.1800000000000002,0.34,market_avg,False
ligamx,2022,2023-03-11,Queretaro @ Atl. San Luis,1X2,draw,,3.19,0.2935,0.3135,-2.86,lose,-1.0,0.34,market_avg,False
ligamx,2022,2023-03-11,Queretaro @ Atl. San Luis,1X2,queretaro,,3.33,0.2456,0.3003,-8.2,lose,-1.0,0.34,market_avg,False
ligamx,2022,2023-03-11,Guadalajara Chivas @ Puebla,1X2,puebla,,3.16,0.3038,0.3165,-1.8,win,2.16,0.34,market_avg,False
ligamx,2022,2023-03-11,Guadalajara Chivas @ Puebla,1X2,draw,,3.35,0.2775,0.2985,-3.17,lose,-1.0,0.34,market_avg,False
ligamx,2022,2023-03-11,Guadalajara Chivas @ Puebla,1X2,guadalajara chivas,,2.18,0.4187,0.4587,-3.93,lose,-1.0,0.34,market_avg,False
ligamx,2022,2023-03-11,Club Leon @ Atlas,1X2,atlas,,2.47,0.3434,0.4049,-6.83,lose,-1.0,0.34,market_avg,False
ligamx,2022,2023-03-11,Club Leon @ Atlas,1X2,draw,,3.18,0.2831,0.3145,-4.48,lose,-1.0,0.34,market_avg,False
ligamx,2022,2023-03-11,Club Leon @ Atlas,1X2,leon,,2.81,0.3734,0.3559,2.22,win,1.81,0.34,market_avg,False
ligamx,2022,2023-03-12,UNAM Pumas @ Cruz Azul,1X2,cruz azul,,2.06,0.4791,0.4854,-0.59,win,1.06,0.34,market_avg,False
ligamx,2022,2023-03-12,UNAM Pumas @ Cruz Azul,1X2,draw,,3.48,0.2338,0.2874,-8.39,lose,-1.0,0.34,market_avg,False
ligamx,2022,2023-03-12,UNAM Pumas @ Cruz Azul,1X2,unam pumas,,3.36,0.2871,0.2976,-1.59,lose,-1.0,0.34,market_avg,False
ligamx,2022,2023-03-12,Club America @ Tigres UANL,1X2,tigres uanl,,2.26,0.4363,0.4425,-0.63,lose,-1.0,0.34,market_avg,False
ligamx,2022,2023-03-12,Club America @ Tigres UANL,1X2,draw,,3.28,0.2797,0.3049,-3.72,lose,-1.0,0.34,market_avg,False
ligamx,2022,2023-03-12,Club America @ Tigres UANL,1X2,america,,3.07,0.284,0.3257,-5.77,win,2.07,0.34,market_avg,False
ligamx,2022,2023-03-12,Mazatlan FC @ Toluca,1X2,toluca,,1.3,0.6654,0.7692,-6.07,win,0.30000000000000004,0.34,market_avg,False
ligamx,2022,2023-03-12,Mazatlan FC @ Toluca,1X2,draw,,5.44,0.193,0.1838,2.25,lose,-1.0,0.34,market_avg,False
ligamx,2022,2023-03-12,Mazatlan FC @ Toluca,1X2,mazatlan,,8.88,0.1416,0.1126,11.58,lose,-1.0,0.34,market_avg,False
ligamx,2022,2023-03-13,Monterrey @ Pachuca,1X2,pachuca,,2.36,0.4209,0.4237,-0.3,lose,-1.0,0.34,market_avg,False
ligamx,2022,2023-03-13,Monterrey @ Pachuca,1X2,draw,,3.11,0.2759,0.3215,-6.39,lose,-1.0,0.34,market_avg,False
ligamx,2022,2023-03-13,Monterrey @ Pachuca,1X2,monterrey,,3.06,0.3032,0.3268,-3.25,win,2.06,0.34,market_avg,False
ligamx,2022,2023-03-13,Club Tijuana @ Santos Laguna,1X2,santos laguna,,1.79,0.6288,0.5587,5.65,win,0.79,0.34,market_avg,True
ligamx,2022,2023-03-13,Club Tijuana @ Santos Laguna,1X2,draw,,3.78,0.2034,0.2646,-10.39,lose,-1.0,0.34,market_avg,False
ligamx,2022,2023-03-13,Club Tijuana @ Santos Laguna,1X2,tijuana,,3.97,0.1678,0.2519,-15.03,lose,-1.0,0.34,market_avg,False
ligamx,2022,2023-03-13,Necaxa @ Juarez,1X2,juarez,,2.14,0.4524,0.4673,-1.44,lose,-1.0,0.34,market_avg,False
ligamx,2022,2023-03-13,Necaxa @ Juarez,1X2,draw,,3.08,0.2907,0.3247,-4.71,win,2.08,0.34,market_avg,False
ligamx,2022,2023-03-13,Necaxa @ Juarez,1X2,necaxa,,3.57,0.2569,0.2801,-3.73,lose,-1.0,0.34,market_avg,False
ligamx,2022,2023-03-18,Atlas @ Puebla,1X2,puebla,,3.19,0.5051,0.3135,27.51,lose,-1.0,0.34,market_avg,False
ligamx,2022,2023-03-18,Atlas @ Puebla,1X2,draw,,3.27,0.2464,0.3058,-8.75,lose,-1.0,0.34,market_avg,False
ligamx,2022,2023-03-18,Atlas @ Puebla,1X2,atlas,,2.22,0.2485,0.4505,-20.17,win,1.2200000000000002,0.34,market_avg,False
ligamx,2022,2023-03-18,Toluca @ Club Tijuana,1X2,tijuana,,2.31,0.2662,0.4329,-17.33,lose,-1.0,0.34,market_avg,False
ligamx,2022,2023-03-18,Toluca @ Club Tijuana,1X2,draw,,3.4,0.2554,0.2941,-5.92,win,2.4,0.34,market_avg,False
ligamx,2022,2023-03-18,Toluca @ Club Tijuana,1X2,toluca,,2.89,0.4785,0.346,17.23,lose,-1.0,0.34,market_avg,True
ligamx,2022,2023-03-18,Necaxa @ Mazatlan FC,1X2,mazatlan,,2.82,0.3925,0.3546,4.81,lose,-1.0,0.34,market_avg,True
ligamx,2022,2023-03-18,Necaxa @ Mazatlan FC,1X2,draw,,3.23,0.2711,0.3096,-5.6,lose,-1.0,0.34,market_avg,False
ligamx,2022,2023-03-18,Necaxa @ Mazatlan FC,1X2,necaxa,,2.45,0.3364,0.4082,-7.91,win,1.4500000000000002,0.34,market_avg,False
ligamx,2022,2023-03-18,Atl. San Luis @ Cruz Azul,1X2,cruz azul,,1.74,0.453,0.5747,-9.53,win,0.74,0.34,market_avg,False
ligamx,2022,2023-03-18,Atl. San Luis @ Cruz Azul,1X2,draw,,3.53,0.2845,0.2833,0.19,lose,-1.0,0.34,market_avg,False
ligamx,2022,2023-03-18,Atl. San Luis @ Cruz Azul,1X2,atl san luis,,4.63,0.2625,0.216,9.69,lose,-1.0,0.34,market_avg,True
ligamx,2022,2023-03-19,Monterrey @ Tigres UANL,1X2,tigres uanl,,2.39,0.3801,0.4184,-4.12,lose,-1.0,0.34,market_avg,False
ligamx,2022,2023-03-19,Monterrey @ Tigres UANL,1X2,draw,,3.09,0.3262,0.3236,0.35,lose,-1.0,0.34,market_avg,False
ligamx,2022,2023-03-19,Monterrey @ Tigres UANL,1X2,monterrey,,3.03,0.2938,0.33,-4.95,win,2.03,0.34,market_avg,False
ligamx,2022,2023-03-19,Club America @ Guadalajara Chivas,1X2,guadalajara chivas,,3.11,0.3054,0.3215,-2.26,lose,-1.0,0.34,market_avg,False
ligamx,2022,2023-03-19,Club America @ Guadalajara Chivas,1X2,draw,,3.36,0.2828,0.2976,-2.24,lose,-1.0,0.34,market_avg,False
ligamx,2022,2023-03-19,Club America @ Guadalajara Chivas,1X2,america,,2.21,0.4118,0.4525,-4.05,win,1.21,0.34,market_avg,False
ligamx,2022,2023-03-19,Pachuca @ UNAM Pumas,1X2,unam pumas,,2.56,0.2097,0.3906,-20.84,lose,-1.0,0.34,market_avg,False
ligamx,2022,2023-03-19,Pachuca @ UNAM Pumas,1X2,draw,,3.33,0.2184,0.3003,-12.28,lose,-1.0,0.34,market_avg,False
ligamx,2022,2023-03-19,Pachuca @ UNAM Pumas,1X2,pachuca,,2.63,0.5719,0.3802,22.69,win,1.63,0.34,market_avg,False
ligamx,2022,2023-03-20,Juarez @ Queretaro,1X2,queretaro,,2.5,0.3066,0.4,-10.51,lose,-1.0,0.34,market_avg,False
ligamx,2022,2023-03-20,Juarez @ Queretaro,1X2,draw,,2.98,0.2988,0.3356,-4.93,win,1.98,0.34,market_avg,False
ligamx,2022,2023-03-20,Juarez @ Queretaro,1X2,juarez,,2.95,0.3946,0.339,7.39,lose,-1.0,0.34,market_avg,True
ligamx,2022,2023-03-20,Santos Laguna @ Club Leon,1X2,leon,,1.85,0.4066,0.5405,-11.15,win,0.8500000000000001,0.34,market_avg,False
ligamx,2022,2023-03-20,Santos Laguna @ Club Leon,1X2,draw,,3.82,0.2401,0.2618,-3.72,lose,-1.0,0.34,market_avg,False
ligamx,2022,2023-03-20,Santos Laguna @ Club Leon,1X2,santos laguna,,3.68,0.3533,0.2717,13.5,lose,-1.0,0.34,market_avg,True
ligamx,2022,2023-03-25,Club Leon @ Mazatlan FC,1X2,mazatlan,,4.41,0.2833,0.2268,11.21,lose,-1.0,0.34,market_avg,True
ligamx,2022,2023-03-25,Club Leon @ Mazatlan FC,1X2,draw,,3.56,0.2623,0.2809,-2.98,lose,-1.0,0.34,market_avg,False
ligamx,2022,2023-03-25,Club Leon @ Mazatlan FC,1X2,leon,,1.77,0.4544,0.565,-8.8,win,0.77,0.34,market_avg,False
ligamx,2022,2023-03-30,Cruz Azul @ Queretaro,1X2,queretaro,,3.79,0.3371,0.2639,12.5,lose,-1.0,0.34,market_avg,True
ligamx,2022,2023-03-30,Cruz Azul @ Queretaro,1X2,draw,,3.26,0.2689,0.3067,-5.56,win,2.26,0.34,market_avg,False
ligamx,2022,2023-03-30,Cruz Azul @ Queretaro,1X2,cruz azul,,2.0,0.394,0.5,-9.54,lose,-1.0,0.34,market_avg,False
ligamx,2022,2023-04-01,Santos Laguna @ Necaxa,1X2,necaxa,,2.71,0.3414,0.369,-3.37,lose,-1.0,0.34,market_avg,False
ligamx,2022,2023-04-01,Santos Laguna @ Necaxa,1X2,draw,,3.46,0.2429,0.289,-7.18,win,2.46,0.34,market_avg,False
ligamx,2022,2023-04-01,Santos Laguna @ Necaxa,1X2,santos laguna,,2.41,0.4156,0.4149,0.07,lose,-1.0,0.34,market_avg,False
ligamx,2022,2023-04-01,Puebla @ Juarez,1X2,juarez,,1.74,0.4681,0.5747,-8.35,lose,-1.0,0.34,market_avg,False
ligamx,2022,2023-04-01,Puebla @ Juarez,1X2,draw,,3.6,0.2596,0.2778,-2.94,lose,-1.0,0.34,market_avg,False
ligamx,2022,2023-04-01,Puebla @ Juarez,1X2,puebla,,4.7,0.2723,0.2128,12.59,win,3.7,0.34,market_avg,True
ligamx,2022,2023-04-02,Cruz Azul @ Pachuca,1X2,pachuca,,1.95,0.7163,0.5128,17.86,lose,-1.0,0.34,market_avg,False
ligamx,2022,2023-04-02,Cruz Azul @ Pachuca,1X2,draw,,3.39,0.179,0.295,-17.69,lose,-1.0,0.34,market_avg,False
ligamx,2022,2023-04-02,Cruz Azul @ Pachuca,1X2,cruz azul,,3.79,0.1046,0.2639,-27.15,win,2.79,0.34,market_avg,False
ligamx,2022,2023-04-02,Club Leon @ Club America,1X2,america,,1.68,0.6447,0.5952,3.74,lose,-1.0,0.34,market_avg,False
ligamx,2022,2023-04-02,Club Leon @ Club America,1X2,draw,,3.97,0.1962,0.2519,-9.95,win,2.97,0.34,market_avg,False
ligamx,2022,2023-04-02,Club Leon @ Club America,1X2,leon,,4.47,0.1591,0.2237,-12.99,lose,-1.0,0.34,market_avg,False
ligamx,2022,2023-04-02,Club Tijuana @ Monterrey,1X2,monterrey,,1.49,0.7022,0.6711,2.08,win,0.49,0.34,market_avg,False
ligamx,2022,2023-04-02,Club Tijuana @ Monterrey,1X2,draw,,4.12,0.1965,0.2427,-8.57,lose,-1.0,0.34,market_avg,False
ligamx,2022,2023-04-02,Club Tijuana @ Monterrey,1X2,tijuana,,6.36,0.1013,0.1572,-16.01,lose,-1.0,0.34,market_avg,False
ligamx,2022,2023-04-02,Guadalajara Chivas @ Atlas,1X2,atlas,,2.42,0.3038,0.4132,-11.92,lose,-1.0,0.34,market_avg,False
ligamx,2022,2023-04-02,Guadalajara Chivas @ Atlas,1X2,draw,,3.1,0.3087,0.3226,-1.94,win,2.1,0.34,market_avg,False
ligamx,2022,2023-04-02,Guadalajara Chivas @ Atlas,1X2,guadalajara chivas,,2.97,0.3875,0.3367,6.79,lose,-1.0,0.34,market_avg,True
ligamx,2022,2023-04-02,Tigres UANL @ Toluca,1X2,toluca,,2.23,0.3445,0.4484,-10.43,win,1.23,0.34,market_avg,False
ligamx,2022,2023-04-02,Tigres UANL @ Toluca,1X2,draw,,3.47,0.2928,0.2882,0.72,lose,-1.0,0.34,market_avg,False
ligamx,2022,2023-04-02,Tigres UANL @ Toluca,1X2,tigres uanl,,2.97,0.3627,0.3367,3.47,lose,-1.0,0.34,market_avg,True
ligamx,2022,2023-04-03,Mazatlan FC @ Atl. San Luis,1X2,atl san luis,,1.55,0.4484,0.6452,-13.72,win,0.55,0.34,market_avg,False
ligamx,2022,2023-04-03,Mazatlan FC @ Atl. San Luis,1X2,draw,,3.95,0.2924,0.2532,6.98,lose,-1.0,0.34,market_avg,True
ligamx,2022,2023-04-03,Mazatlan FC @ Atl. San Luis,1X2,mazatlan,,5.94,0.2592,0.1684,24.27,lose,-1.0,0.34,market_avg,True
ligamx,2022,2023-04-03,UNAM Pumas @ Queretaro,1X2,queretaro,,2.73,0.3851,0.3663,2.31,win,1.73,0.34,market_avg,False
ligamx,2022,2023-04-03,UNAM Pumas @ Queretaro,1X2,draw,,3.34,0.2568,0.2994,-6.4,lose,-1.0,0.34,market_avg,False
ligamx,2022,2023-04-03,UNAM Pumas @ Queretaro,1X2,unam pumas,,2.46,0.3581,0.4065,-5.36,lose,-1.0,0.34,market_avg,False
ligamx,2022,2023-04-08,Toluca @ Puebla,1X2,puebla,,3.65,0.3003,0.274,4.32,lose,-1.0,0.34,market_avg,True
ligamx,2022,2023-04-08,Toluca @ Puebla,1X2,draw,,3.73,0.2264,0.2681,-7.0,lose,-1.0,0.34,market_avg,False
ligamx,2022,2023-04-08,Toluca @ Puebla,1X2,toluca,,1.89,0.4732,0.5291,-4.75,win,0.8899999999999999,0.34,market_avg,False
ligamx,2022,2023-04-08,Queretaro @ Club Tijuana,1X2,tijuana,,1.52,0.4628,0.6579,-13.35,lose,-1.0,0.34,market_avg,False
ligamx,2022,2023-04-08,Queretaro @ Club Tijuana,1X2,draw,,4.21,0.2678,0.2375,5.74,lose,-1.0,0.34,market_avg,True
ligamx,2022,2023-04-08,Queretaro @ Club Tijuana,1X2,queretaro,,5.66,0.2694,0.1767,23.61,win,4.66,0.34,market_avg,True
ligamx,2022,2023-04-09,Necaxa @ Guadalajara Chivas,1X2,guadalajara chivas,,1.73,0.5112,0.578,-5.2,win,0.73,0.34,market_avg,False
ligamx,2022,2023-04-09,Necaxa @ Guadalajara Chivas,1X2,draw,,3.71,0.2833,0.2695,2.3,lose,-1.0,0.34,market_avg,False
ligamx,2022,2023-04-09,Necaxa @ Guadalajara Chivas,1X2,necaxa,,4.4,0.2054,0.2273,-4.32,lose,-1.0,0.34,market_avg,False
ligamx,2022,2023-04-09,Cruz Azul @ Club Leon,1X2,leon,,2.04,0.5184,0.4902,2.59,lose,-1.0,0.34,market_avg,False
ligamx,2022,2023-04-09,Cruz Azul @ Club Leon,1X2,draw,,3.47,0.2466,0.2882,-6.5,win,2.47,0.34,market_avg,False
ligamx,2022,2023-04-09,Cruz Azul @ Club Leon,1X2,cruz azul,,3.41,0.2351,0.2933,-8.93,lose,-1.0,0.34,market_avg,False
ligamx,2022,2023-04-09,Mazatlan FC @ Tigres UANL,1X2,tigres uanl,,1.28,0.6778,0.7812,-5.96,lose,-1.0,0.34,market_avg,False
ligamx,2022,2023-04-09,Mazatlan FC @ Tigres UANL,1X2,draw,,5.4,0.2129,0.1852,6.74,lose,-1.0,0.34,market_avg,True
ligamx,2022,2023-04-09,Mazatlan FC @ Tigres UANL,1X2,mazatlan,,9.46,0.1092,0.1057,1.51,win,8.46,0.34,market_avg,False
ligamx,2022,2023-04-09,Monterrey @ Club America,1X2,america,,1.87,0.4148,0.5348,-10.09,win,0.8700000000000001,0.34,market_avg,False
ligamx,2022,2023-04-09,Monterrey @ Club America,1X2,draw,,3.73,0.2609,0.2681,-1.21,lose,-1.0,0.34,market_avg,False
ligamx,2022,2023-04-09,Monterrey @ Club America,1X2,monterrey,,3.74,0.3243,0.2674,9.58,lose,-1.0,0.34,market_avg,True
ligamx,2022,2023-04-09,Atl. San Luis @ UNAM Pumas,1X2,unam pumas,,1.85,0.4054,0.5405,-11.25,win,0.8500000000000001,0.34,market_avg,False
ligamx,2022,2023-04-09,Atl. San Luis @ UNAM Pumas,1X2,draw,,3.58,0.2875,0.2793,1.32,lose,-1.0,0.34,market_avg,False
ligamx,2022,2023-04-09,Atl. San Luis @ UNAM Pumas,1X2,atl san luis,,3.96,0.3071,0.2525,9.73,lose,-1.0,0.34,market_avg,True
ligamx,2022,2023-04-10,Pachuca @ Santos Laguna,1X2,santos laguna,,2.51,0.3251,0.3984,-8.28,lose,-1.0,0.34,market_avg,False
ligamx,2022,2023-04-10,Pachuca @ Santos Laguna,1X2,draw,,3.51,0.231,0.2849,-8.52,lose,-1.0,0.34,market_avg,False
ligamx,2022,2023-04-10,Pachuca @ Santos Laguna,1X2,pachuca,,2.57,0.444,0.3891,6.34,win,1.5699999999999998,0.34,market_avg,True
ligamx,2022,2023-04-10,Atlas @ Juarez,1X2,juarez,,3.0,0.4239,0.3333,12.22,lose,-1.0,0.34,market_avg,True
ligamx,2022,2023-04-10,Atlas @ Juarez,1X2,draw,,3.02,0.2917,0.3311,-5.36,win,2.02,0.34,market_avg,False
ligamx,2022,2023-04-10,Atlas @ Juarez,1X2,atlas,,2.43,0.2844,0.4115,-13.9,lose,-1.0,0.34,market_avg,False
ligamx,2022,2023-04-14,Juarez @ Atl. San Luis,1X2,atl san luis,,2.2,0.3594,0.4545,-9.42,win,1.2000000000000002,0.34,market_avg,False
ligamx,2022,2023-04-14,Juarez @ Atl. San Luis,1X2,draw,,3.23,0.3248,0.3096,2.21,lose,-1.0,0.34,market_avg,False
ligamx,2022,2023-04-14,Juarez @ Atl. San Luis,1X2,juarez,,3.27,0.3158,0.3058,1.47,lose,-1.0,0.34,market_avg,False
ligamx,2022,2023-04-15,Puebla @ Necaxa,1X2,necaxa,,2.03,0.4275,0.4926,-5.94,lose,-1.0,0.34,market_avg,False
ligamx,2022,2023-04-15,Puebla @ Necaxa,1X2,draw,,3.37,0.2637,0.2967,-5.01,win,2.37,0.34,market_avg,False
ligamx,2022,2023-04-15,Puebla @ Necaxa,1X2,puebla,,3.56,0.3088,0.2809,4.46,lose,-1.0,0.34,market_avg,True
ligamx,2022,2023-04-15,Club Tijuana @ Mazatlan FC,1X2,mazatlan,,3.59,0.4238,0.2786,23.46,lose,-1.0,0.34,market_avg,True
ligamx,2022,2023-04-15,Club Tijuana @ Mazatlan FC,1X2,draw,,3.7,0.2662,0.2703,-0.68,lose,-1.0,0.34,market_avg,False
ligamx,2022,2023-04-15,Club Tijuana @ Mazatlan FC,1X2,tijuana,,1.92,0.31,0.5208,-18.22,win,0.9199999999999999,0.34,market_avg,False
ligamx,2022,2023-04-16,Pachuca @ Atlas,1X2,atlas,,2.99,0.2181,0.3344,-15.65,win,1.9900000000000002,0.34,market_avg,False
ligamx,2022,2023-04-16,Pachuca @ Atlas,1X2,draw,,3.37,0.2443,0.2967,-7.95,lose,-1.0,0.34,market_avg,False
ligamx,2022,2023-04-16,Pachuca @ Atlas,1X2,pachuca,,2.28,0.5376,0.4386,10.16,lose,-1.0,0.34,market_avg,True
ligamx,2022,2023-04-16,Guadalajara Chivas @ Club Leon,1X2,leon,,2.32,0.3932,0.431,-3.95,lose,-1.0,0.34,market_avg,False
ligamx,2022,2023-04-16,Guadalajara Chivas @ Club Leon,1X2,draw,,3.33,0.2977,0.3003,-0.38,lose,-1.0,0.34,market_avg,False
ligamx,2022,2023-04-16,Guadalajara Chivas @ Club Leon,1X2,guadalajara chivas,,2.96,0.309,0.3378,-3.84,win,1.96,0.34,market_avg,False
ligamx,2022,2023-04-16,Club America @ Cruz Azul,1X2,cruz azul,,3.3,0.2085,0.303,-14.03,lose,-1.0,0.34,market_avg,False
ligamx,2022,2023-04-16,Club America @ Cruz Azul,1X2,draw,,3.53,0.2162,0.2833,-10.66,lose,-1.0,0.34,market_avg,False
ligamx,2022,2023-04-16,Club America @ Cruz Azul,1X2,america,,2.06,0.5753,0.4854,8.33,win,1.06,0.34,market_avg,True
ligamx,2022,2023-04-16,Toluca @ UNAM Pumas,1X2,unam pumas,,2.79,0.2695,0.3584,-11.16,win,1.79,0.34,market_avg,False
ligamx,2022,2023-04-16,Toluca @ UNAM Pumas,1X2,draw,,3.65,0.2272,0.274,-7.68,lose,-1.0,0.34,market_avg,False
ligamx,2022,2023-04-16,Toluca @ UNAM Pumas,1X2,toluca,,2.27,0.5032,0.4405,6.4,lose,-1.0,0.34,market_avg,True
ligamx,2022,2023-04-17,Tigres UANL @ Queretaro,1X2,queretaro,,4.25,0.1947,0.2353,-7.76,lose,-1.0,0.34,market_avg,False
ligamx,2022,2023-04-17,Tigres UANL @ Queretaro,1X2,draw,,3.45,0.2747,0.2899,-2.35,win,2.45,0.34,market_avg,False
ligamx,2022,2023-04-17,Tigres UANL @ Queretaro,1X2,tigres uanl,,1.83,0.5305,0.5464,-1.31,lose,-1.0,0.34,market_avg,False
ligamx,2022,2023-04-17,Santos Laguna @ Monterrey,1X2,monterrey,,1.52,0.6508,0.6579,-0.49,lose,-1.0,0.34,market_avg,False
ligamx,2022,2023-04-17,Santos Laguna @ Monterrey,1X2,draw,,4.41,0.1966,0.2268,-5.98,lose,-1.0,0.34,market_avg,False
ligamx,2022,2023-04-17,Santos Laguna @ Monterrey,1X2,santos laguna,,5.39,0.1526,0.1855,-7.99,win,4.39,0.34,market_avg,False
ligamx,2022,2023-04-21,Puebla @ Tigres UANL,1X2,tigres uanl,,1.55,0.6161,0.6452,-2.03,win,0.55,0.34,market_avg,False
ligamx,2022,2023-04-21,Puebla @ Tigres UANL,1X2,draw,,4.12,0.2311,0.2427,-2.15,lose,-1.0,0.34,market_avg,False
ligamx,2022,2023-04-21,Puebla @ Tigres UANL,1X2,puebla,,5.47,0.1528,0.1828,-7.39,lose,-1.0,0.34,market_avg,False
ligamx,2022,2023-04-22,Monterrey @ Mazatlan FC,1X2,mazatlan,,5.63,0.1551,0.1776,-5.71,lose,-1.0,0.34,market_avg,False
ligamx,2022,2023-04-22,Monterrey @ Mazatlan FC,1X2,draw,,4.38,0.2272,0.2283,-0.22,lose,-1.0,0.34,market_avg,False
ligamx,2022,2023-04-22,Monterrey @ Mazatlan FC,1X2,monterrey,,1.51,0.6177,0.6623,-3.03,win,0.51,0.34,market_avg,False
ligamx,2022,2023-04-22,Atlas @ Necaxa,1X2,necaxa,,3.28,0.3888,0.3049,12.39,lose,-1.0,0.34,market_avg,True
ligamx,2022,2023-04-22,Atlas @ Necaxa,1X2,draw,,3.44,0.2889,0.2907,-0.28,lose,-1.0,0.34,market_avg,False
ligamx,2022,2023-04-22,Atlas @ Necaxa,1X2,atlas,,2.12,0.3223,0.4717,-14.25,win,1.12,0.34,market_avg,False
ligamx,2022,2023-04-22,Club Leon @ Club Tijuana,1X2,tijuana,,2.15,0.3067,0.4651,-15.33,lose,-1.0,0.34,market_avg,False
ligamx,2022,2023-04-22,Club Leon @ Club Tijuana,1X2,draw,,3.61,0.2736,0.277,-0.55,win,2.61,0.34,market_avg,False
ligamx,2022,2023-04-22,Club Leon @ Club Tijuana,1X2,leon,,3.06,0.4197,0.3268,12.79,lose,-1.0,0.34,market_avg,True
ligamx,2022,2023-04-23,Atl. San Luis @ Pachuca,1X2,pachuca,,1.7,0.641,0.5882,4.04,win,0.7,0.34,market_avg,True
ligamx,2022,2023-04-23,Atl. San Luis @ Pachuca,1X2,draw,,3.85,0.2218,0.2597,-6.58,lose,-1.0,0.34,market_avg,False
ligamx,2022,2023-04-23,Atl. San Luis @ Pachuca,1X2,atl san luis,,4.55,0.1372,0.2198,-16.91,lose,-1.0,0.34,market_avg,False
ligamx,2022,2023-04-23,Cruz Azul @ Guadalajara Chivas,1X2,guadalajara chivas,,2.16,0.528,0.463,6.32,win,1.1600000000000001,0.34,market_avg,True
ligamx,2022,2023-04-23,Cruz Azul @ Guadalajara Chivas,1X2,draw,,3.27,0.2662,0.3058,-5.82,lose,-1.0,0.34,market_avg,False
ligamx,2022,2023-04-23,Cruz Azul @ Guadalajara Chivas,1X2,cruz azul,,3.35,0.2057,0.2985,-13.98,lose,-1.0,0.34,market_avg,False
ligamx,2022,2023-04-23,UNAM Pumas @ Club America,1X2,america,,1.55,0.7677,0.6452,8.55,lose,-1.0,0.34,market_avg,False
ligamx,2022,2023-04-23,UNAM Pumas @ Club America,1X2,draw,,4.35,0.1375,0.2299,-18.08,win,3.3499999999999996,0.34,market_avg,False
ligamx,2022,2023-04-23,UNAM Pumas @ Club America,1X2,unam pumas,,5.18,0.0948,0.1931,-22.9,lose,-1.0,0.34,market_avg,False
ligamx,2022,2023-04-23,Juarez @ Toluca,1X2,toluca,,1.53,0.579,0.6536,-5.14,lose,-1.0,0.34,market_avg,False
ligamx,2022,2023-04-23,Juarez @ Toluca,1X2,draw,,4.26,0.235,0.2347,0.05,win,3.26,0.34,market_avg,False
ligamx,2022,2023-04-23,Juarez @ Toluca,1X2,juarez,,5.58,0.1859,0.1792,1.68,lose,-1.0,0.34,market_avg,False
ligamx,2022,2023-04-24,Queretaro @ Santos Laguna,1X2,santos laguna,,1.58,0.6338,0.6329,0.06,lose,-1.0,0.34,market_avg,False
ligamx,2022,2023-04-24,Queretaro @ Santos Laguna,1X2,draw,,4.15,0.1965,0.241,-8.3,lose,-1.0,0.34,market_avg,False
ligamx,2022,2023-04-24,Queretaro @ Santos Laguna,1X2,queretaro,,5.16,0.1696,0.1938,-5.62,win,4.16,0.34,market_avg,False
ligamx,2022,2023-04-29,Club America @ Juarez,1X2,juarez,,4.83,0.1892,0.207,-3.88,lose,-1.0,0.34,market_avg,False
ligamx,2022,2023-04-29,Club America @ Juarez,1X2,draw,,3.83,0.2328,0.2611,-4.88,lose,-1.0,0.34,market_avg,False
ligamx,2022,2023-04-29,Club America @ Juarez,1X2,america,,1.66,0.578,0.6024,-1.82,win,0.6599999999999999,0.34,market_avg,False
ligamx,2022,2023-04-30,Club Tijuana @ Puebla,1X2,puebla,,2.13,0.4775,0.4695,0.77,win,1.13,0.34,market_avg,False
ligamx,2022,2023-04-30,Club Tijuana @ Puebla,1X2,draw,,3.65,0.2491,0.274,-4.09,lose,-1.0,0.34,market_avg,False
ligamx,2022,2023-04-30,Club Tijuana @ Puebla,1X2,tijuana,,3.14,0.2734,0.3185,-6.37,lose,-1.0,0.34,market_avg,False
ligamx,2022,2023-04-30,Atlas @ Atl. San Luis,1X2,atl san luis,,2.75,0.3576,0.3636,-0.75,lose,-1.0,0.34,market_avg,False
ligamx,2022,2023-04-30,Atlas @ Atl. San Luis,1X2,draw,,3.36,0.2964,0.2976,-0.19,win,2.36,0.34,market_avg,False
ligamx,2022,2023-04-30,Atlas @ Atl. San Luis,1X2,atlas,,2.43,0.3461,0.4115,-7.16,lose,-1.0,0.34,market_avg,False
ligamx,2022,2023-04-30,Mazatlan FC @ Guadalajara Chivas,1X2,guadalajara chivas,,1.33,0.616,0.7519,-8.13,win,0.33000000000000007,0.34,market_avg,False
ligamx,2022,2023-04-30,Mazatlan FC @ Guadalajara Chivas,1X2,draw,,5.04,0.235,0.1984,8.29,lose,-1.0,0.34,market_avg,True
ligamx,2022,2023-04-30,Mazatlan FC @ Guadalajara Chivas,1X2,mazatlan,,8.47,0.149,0.1181,11.79,lose,-1.0,0.34,market_avg,False
ligamx,2022,2023-04-30,UNAM Pumas @ Monterrey,1X2,monterrey,,1.68,0.7082,0.5952,8.54,win,0.6799999999999999,0.34,market_avg,False
ligamx,2022,2023-04-30,UNAM Pumas @ Monterrey,1X2,draw,,3.94,0.1831,0.2538,-12.54,lose,-1.0,0.34,market_avg,False
ligamx,2022,2023-04-30,UNAM Pumas @ Monterrey,1X2,unam pumas,,4.53,0.1087,0.2208,-22.84,lose,-1.0,0.34,market_avg,False
ligamx,2022,2023-04-30,Santos Laguna @ Cruz Azul,1X2,cruz azul,,2.01,0.3683,0.4975,-11.69,win,1.0099999999999998,0.34,market_avg,False
ligamx,2022,2023-04-30,Santos Laguna @ Cruz Azul,1X2,draw,,3.59,0.2349,0.2786,-7.05,lose,-1.0,0.34,market_avg,False
ligamx,2022,2023-04-30,Santos Laguna @ Cruz Azul,1X2,santos laguna,,3.43,0.3968,0.2915,16.24,lose,-1.0,0.34,market_avg,True
ligamx,2022,2023-04-30,Necaxa @ Toluca,1X2,toluca,,1.43,0.5984,0.6993,-6.49,win,0.42999999999999994,0.34,market_avg,False
ligamx,2022,2023-04-30,Necaxa @ Toluca,1X2,draw,,4.9,0.2244,0.2041,4.48,lose,-1.0,0.34,market_avg,True
ligamx,2022,2023-04-30,Necaxa @ Toluca,1X2,necaxa,,6.18,0.1772,0.1618,4.28,lose,-1.0,0.34,market_avg,False
ligamx,2022,2023-05-01,Pachuca @ Queretaro,1X2,queretaro,,3.95,0.1924,0.2532,-10.8,lose,-1.0,0.34,market_avg,False
ligamx,2022,2023-05-01,Pachuca @ Queretaro,1X2,draw,,3.71,0.2319,0.2695,-6.29,lose,-1.0,0.34,market_avg,False
ligamx,2022,2023-05-01,Pachuca @ Queretaro,1X2,pachuca,,1.83,0.5757,0.5464,2.41,win,0.8300000000000001,0.34,market_avg,False
ligamx,2022,2023-05-01,Tigres UANL @ Club Leon,1X2,leon,,1.83,0.2987,0.5464,-20.4,win,0.8300000000000001,0.34,market_avg,False
ligamx,2022,2023-05-01,Tigres UANL @ Club Leon,1X2,draw,,3.71,0.3187,0.2695,8.21,lose,-1.0,0.34,market_avg,True
ligamx,2022,2023-05-01,Tigres UANL @ Club Leon,1X2,tigres uanl,,3.95,0.3826,0.2532,23.0,lose,-1.0,0.34,market_avg,True
ligamx,2022,2023-05-07,Atlas @ Cruz Azul,1X2,cruz azul,,2.08,0.4163,0.4808,-6.03,lose,-1.0,0.34,market_avg,False
ligamx,2022,2023-05-07,Atlas @ Cruz Azul,1X2,draw,,3.25,0.2653,0.3077,-6.2,lose,-1.0,0.34,market_avg,False
ligamx,2022,2023-05-07,Atlas @ Cruz Azul,1X2,atlas,,3.57,0.3184,0.2801,6.15,win,2.57,0.34,market_avg,True
ligamx,2022,2023-05-07,Santos Laguna @ Pachuca,1X2,pachuca,,1.58,0.6337,0.6329,0.06,lose,-1.0,0.34,market_avg,False
ligamx,2022,2023-05-07,Santos Laguna @ Pachuca,1X2,draw,,4.18,0.1885,0.2392,-9.55,win,3.1799999999999997,0.34,market_avg,False
ligamx,2022,2023-05-07,Santos Laguna @ Pachuca,1X2,santos laguna,,5.02,0.1778,0.1992,-4.83,lose,-1.0,0.34,market_avg,False
ligamx,2022,2023-05-08,Atl. San Luis @ Club Leon,1X2,leon,,1.54,0.5148,0.6494,-9.33,lose,-1.0,0.34,market_avg,False
ligamx,2022,2023-05-08,Atl. San Luis @ Club Leon,1X2,draw,,4.16,0.2849,0.2404,8.33,lose,-1.0,0.34,market_avg,True
ligamx,2022,2023-05-08,Atl. San Luis @ Club Leon,1X2,atl san luis,,5.45,0.2004,0.1835,4.14,win,4.45,0.34,market_avg,False
ligamx,2022,2023-05-08,Puebla @ Tigres UANL,1X2,tigres uanl,,1.4,0.589,0.7143,-7.89,win,0.3999999999999999,0.34,market_avg,False
ligamx,2022,2023-05-08,Puebla @ Tigres UANL,1X2,draw,,4.7,0.2396,0.2128,5.67,lose,-1.0,0.34,market_avg,True
ligamx,2022,2023-05-08,Puebla @ Tigres UANL,1X2,puebla,,7.0,0.1714,0.1429,9.0,lose,-1.0,0.34,market_avg,False
ligamx,2022,2023-05-11,Monterrey @ Santos Laguna,1X2,santos laguna,,3.51,0.246,0.2849,-6.15,lose,-1.0,0.34,market_avg,False
ligamx,2022,2023-05-11,Monterrey @ Santos Laguna,1X2,draw,,3.62,0.2288,0.2762,-7.73,win,2.62,0.34,market_avg,False
ligamx,2022,2023-05-11,Monterrey @ Santos Laguna,1X2,monterrey,,1.97,0.5252,0.5076,1.56,lose,-1.0,0.34,market_avg,False
ligamx,2022,2023-05-11,Club America @ Atl. San Luis,1X2,atl san luis,,4.74,0.1637,0.211,-10.08,lose,-1.0,0.34,market_avg,False
ligamx,2022,2023-05-11,Club America @ Atl. San Luis,1X2,draw,,3.99,0.2394,0.2506,-2.02,lose,-1.0,0.34,market_avg,False
ligamx,2022,2023-05-11,Club America @ Atl. San Luis,1X2,america,,1.65,0.5969,0.6061,-0.68,win,0.6499999999999999,0.34,market_avg,False
ligamx,2022,2023-05-12,Guadalajara Chivas @ Atlas,1X2,atlas,,2.62,0.3143,0.3817,-7.95,win,1.62,0.34,market_avg,False
ligamx,2022,2023-05-12,Guadalajara Chivas @ Atlas,1X2,draw,,3.07,0.2959,0.3257,-4.12,lose,-1.0,0.34,market_avg,False
ligamx,2022,2023-05-12,Guadalajara Chivas @ Atlas,1X2,guadalajara chivas,,2.77,0.3898,0.361,3.59,lose,-1.0,0.34,market_avg,True
ligamx,2022,2023-05-12,Toluca @ Tigres UANL,1X2,tigres uanl,,1.99,0.4477,0.5025,-4.91,win,0.99,0.34,market_avg,False
ligamx,2022,2023-05-12,Toluca @ Tigres UANL,1X2,draw,,3.53,0.2812,0.2833,-0.33,lose,-1.0,0.34,market_avg,False
ligamx,2022,2023-05-12,Toluca @ Tigres UANL,1X2,toluca,,3.57,0.2711,0.2801,-1.45,lose,-1.0,0.34,market_avg,False
ligamx,2022,2023-05-14,Santos Laguna @ Monterrey,1X2,monterrey,,1.55,0.7094,0.6452,4.48,win,0.55,0.34,market_avg,False
ligamx,2022,2023-05-14,Santos Laguna @ Monterrey,1X2,draw,,4.2,0.1873,0.2381,-9.61,lose,-1.0,0.34,market_avg,False
ligamx,2022,2023-05-14,Santos Laguna @ Monterrey,1X2,santos laguna,,5.36,0.1033,0.1866,-20.07,lose,-1.0,0.34,market_avg,False
ligamx,2022,2023-05-14,Atl. San Luis @ Club America,1X2,america,,1.31,0.7634,0.7634,0.0,lose,-1.0,0.34,market_avg,False
ligamx,2022,2023-05-14,Atl. San Luis @ Club America,1X2,draw,,5.52,0.1718,0.1812,-2.33,lose,-1.0,0.34,market_avg,False
ligamx,2022,2023-05-14,Atl. San Luis @ Club America,1X2,atl san luis,,8.05,0.0649,0.1242,-21.5,win,7.050000000000001,0.34,market_avg,False
ligamx,2022,2023-05-14,Tigres UANL @ Toluca,1X2,toluca,,1.86,0.3928,0.5376,-12.13,win,0.8600000000000001,0.34,market_avg,False
ligamx,2022,2023-05-14,Tigres UANL @ Toluca,1X2,draw,,3.76,0.3102,0.266,7.49,lose,-1.0,0.34,market_avg,True
ligamx,2022,2023-05-14,Tigres UANL @ Toluca,1X2,tigres uanl,,3.81,0.297,0.2625,5.92,lose,-1.0,0.34,market_avg,True
ligamx,2022,2023-05-15,Atlas @ Guadalajara Chivas,1X2,guadalajara chivas,,2.19,0.5007,0.4566,4.34,win,1.19,0.34,market_avg,True
ligamx,2022,2023-05-15,Atlas @ Guadalajara Chivas,1X2,draw,,3.32,0.2975,0.3012,-0.55,lose,-1.0,0.34,market_avg,False
ligamx,2022,2023-05-15,Atlas @ Guadalajara Chivas,1X2,atlas,,3.21,0.2018,0.3115,-15.85,lose,-1.0,0.34,market_avg,False
ligamx,2022,2023-05-18,Monterrey @ Tigres UANL,1X2,tigres uanl,,2.58,0.2889,0.3876,-11.46,lose,-1.0,0.34,market_avg,False
ligamx,2022,2023-05-18,Monterrey @ Tigres UANL,1X2,draw,,2.95,0.354,0.339,2.0,win,1.9500000000000002,0.34,market_avg,False
ligamx,2022,2023-05-18,Monterrey @ Tigres UANL,1X2,monterrey,,2.91,0.3571,0.3436,1.76,lose,-1.0,0.34,market_avg,False
ligamx,2022,2023-05-19,Club America @ Guadalajara Chivas,1X2,guadalajara chivas,,2.98,0.283,0.3356,-7.05,lose,-1.0,0.34,market_avg,False
ligamx,2022,2023-05-19,Club America @ Guadalajara Chivas,1X2,draw,,3.21,0.2772,0.3115,-4.96,lose,-1.0,0.34,market_avg,False
ligamx,2022,2023-05-19,Club America @ Guadalajara Chivas,1X2,america,,2.37,0.4398,0.4219,1.9,win,1.37,0.34,market_avg,False
ligamx,2022,2023-05-21,Tigres UANL @ Monterrey,1X2,monterrey,,2.04,0.4842,0.4902,-0.55,lose,-1.0,0.34,market_avg,False
ligamx,2022,2023-05-21,Tigres UANL @ Monterrey,1X2,draw,,3.17,0.3534,0.3155,5.42,lose,-1.0,0.34,market_avg,True
ligamx,2022,2023-05-21,Tigres UANL @ Monterrey,1X2,tigres uanl,,3.79,0.1624,0.2639,-17.31,win,2.79,0.34,market_avg,False
ligamx,2022,2023-05-22,Guadalajara Chivas @ Club America,1X2,america,,1.75,0.5978,0.5714,2.08,lose,-1.0,0.34,market_avg,False
ligamx,2022,2023-05-22,Guadalajara Chivas @ Club America,1X2,draw,,3.69,0.254,0.271,-2.82,lose,-1.0,0.34,market_avg,False
ligamx,2022,2023-05-22,Guadalajara Chivas @ Club America,1X2,guadalajara chivas,,4.39,0.1482,0.2278,-15.72,win,3.3899999999999997,0.34,market_avg,False
ligamx,2022,2023-05-26,Guadalajara Chivas @ Tigres UANL,1X2,tigres uanl,,1.81,0.4529,0.5525,-8.11,lose,-1.0,0.34,market_avg,False
ligamx,2022,2023-05-26,Guadalajara Chivas @ Tigres UANL,1X2,draw,,3.26,0.3342,0.3067,4.03,win,2.26,0.34,market_avg,True
ligamx,2022,2023-05-26,Guadalajara Chivas @ Tigres UANL,1X2,guadalajara chivas,,4.77,0.2129,0.2096,0.7,lose,-1.0,0.34,market_avg,False
ligamx,2022,2023-05-29,Tigres UANL @ Guadalajara Chivas,1X2,guadalajara chivas,,2.57,0.2915,0.3891,-11.29,lose,-1.0,0.34,market_avg,False
ligamx,2022,2023-05-29,Tigres UANL @ Guadalajara Chivas,1X2,draw,,2.89,0.3916,0.346,5.92,lose,-1.0,0.34,market_avg,True
ligamx,2022,2023-05-29,Tigres UANL @ Guadalajara Chivas,1X2,tigres uanl,,2.97,0.3169,0.3367,-2.64,win,1.9700000000000002,0.34,market_avg,False
brasileirao,2022,2022-05-21,Coritiba @ Atletico GO,1X2,atletico go,,2.12,0.3032,0.4717,-16.07,win,1.12,0.334,market_avg,False
brasileirao,2022,2022-05-21,Coritiba @ Atletico GO,1X2,draw,,3.24,0.2835,0.3086,-3.67,lose,-1.0,0.334,market_avg,False
brasileirao,2022,2022-05-21,Coritiba @ Atletico GO,1X2,coritiba,,3.6,0.4133,0.2778,21.95,lose,-1.0,0.334,market_avg,True
brasileirao,2022,2022-05-21,Goias @ Flamengo RJ,1X2,flamengo rj,,1.17,0.5315,0.8547,-17.01,win,0.16999999999999993,0.34,market_avg,False
brasileirao,2022,2022-05-21,Goias @ Flamengo RJ,1X2,draw,,7.26,0.2718,0.1377,43.81,lose,-1.0,0.34,market_avg,False
brasileirao,2022,2022-05-21,Goias @ Flamengo RJ,1X2,goias,,16.02,0.1966,0.0624,96.74,lose,-1.0,0.34,market_avg,False
brasileirao,2022,2022-05-21,Palmeiras @ Juventude,1X2,juventude,,4.68,0.3556,0.2137,29.88,lose,-1.0,0.334,market_avg,True
brasileirao,2022,2022-05-21,Palmeiras @ Juventude,1X2,draw,,3.37,0.29,0.2967,-1.02,lose,-1.0,0.334,market_avg,False
brasileirao,2022,2022-05-21,Palmeiras @ Juventude,1X2,palmeiras,,1.83,0.3544,0.5464,-15.81,win,0.8300000000000001,0.334,market_avg,False
brasileirao,2022,2022-05-22,Botafogo RJ @ America MG,1X2,america mg,,2.67,0.4429,0.3745,8.21,lose,-1.0,0.334,market_avg,True
brasileirao,2022,2022-05-22,Botafogo RJ @ America MG,1X2,draw,,3.03,0.2763,0.33,-7.33,win,2.03,0.334,market_avg,False
brasileirao,2022,2022-05-22,Botafogo RJ @ America MG,1X2,botafogo rj,,2.82,0.2808,0.3546,-9.37,lose,-1.0,0.334,market_avg,False
brasileirao,2022,2022-05-22,Internacional @ Cuiaba,1X2,cuiaba,,2.89,0.405,0.346,7.67,lose,-1.0,0.334,market_avg,True
brasileirao,2022,2022-05-22,Internacional @ Cuiaba,1X2,draw,,2.88,0.3161,0.3472,-4.03,win,1.88,0.334,market_avg,False
brasileirao,2022,2022-05-22,Internacional @ Cuiaba,1X2,internacional,,2.73,0.2789,0.3663,-10.74,lose,-1.0,0.334,market_avg,False
brasileirao,2022,2022-05-22,Sao Paulo @ Corinthians,1X2,corinthians,,2.49,0.5258,0.4016,13.91,lose,-1.0,0.34,market_avg,True
brasileirao,2022,2022-05-22,Sao Paulo @ Corinthians,1X2,draw,,2.86,0.2481,0.3497,-13.07,win,1.8599999999999999,0.34,market_avg,False
brasileirao,2022,2022-05-22,Sao Paulo @ Corinthians,1X2,sao paulo,,3.28,0.2261,0.3049,-11.62,lose,-1.0,0.34,market_avg,False
brasileirao,2022,2022-05-22,Avai @ Athletico-PR,1X2,athletico pr,,1.6,0.3778,0.625,-17.8,win,0.6000000000000001,0.334,market_avg,False
brasileirao,2022,2022-05-22,Avai @ Athletico-PR,1X2,draw,,3.67,0.3156,0.2725,7.13,lose,-1.0,0.334,market_avg,True
brasileirao,2022,2022-05-22,Avai @ Athletico-PR,1X2,avai,,6.2,0.3066,0.1613,40.53,lose,-1.0,0.334,market_avg,True
brasileirao,2022,2022-05-28,Bragantino @ Goias,1X2,goias,,2.87,0.3825,0.3484,4.4,lose,-1.0,0.334,market_avg,True
brasileirao,2022,2022-05-28,Bragantino @ Goias,1X2,draw,,2.92,0.2984,0.3425,-5.79,win,1.92,0.334,market_avg,False
brasileirao,2022,2022-05-28,Bragantino @ Goias,1X2,bragantino,,2.71,0.3191,0.369,-6.09,lose,-1.0,0.334,market_avg,False
brasileirao,2022,2022-05-28,Ceara @ Sao Paulo,1X2,sao paulo,,1.72,0.6384,0.5814,4.41,lose,-1.0,0.34,market_avg,True
brasileirao,2022,2022-05-28,Ceara @ Sao Paulo,1X2,draw,,3.46,0.2167,0.289,-11.26,win,2.46,0.34,market_avg,False
brasileirao,2022,2022-05-28,Ceara @ Sao Paulo,1X2,ceara,,5.29,0.1449,0.189,-10.51,lose,-1.0,0.34,market_avg,False
brasileirao,2022,2022-05-29,Juventude @ Fortaleza,1X2,fortaleza,,1.58,0.4265,0.6329,-14.68,lose,-1.0,0.334,market_avg,False
brasileirao,2022,2022-05-29,Juventude @ Fortaleza,1X2,draw,,3.77,0.298,0.2653,5.56,win,2.77,0.334,market_avg,True
brasileirao,2022,2022-05-29,Juventude @ Fortaleza,1X2,juventude,,6.26,0.2755,0.1597,32.61,lose,-1.0,0.334,market_avg,True
brasileirao,2022,2022-05-29,Botafogo RJ @ Coritiba,1X2,coritiba,,2.74,0.469,0.365,12.83,win,1.7400000000000002,0.334,market_avg,True
brasileirao,2022,2022-05-29,Botafogo RJ @ Coritiba,1X2,draw,,3.0,0.2546,0.3333,-10.63,lose,-1.0,0.334,market_avg,False
brasileirao,2022,2022-05-29,Botafogo RJ @ Coritiba,1X2,botafogo rj,,2.76,0.2764,0.3623,-10.67,lose,-1.0,0.334,market_avg,False
brasileirao,2022,2022-05-29,Palmeiras @ Santos,1X2,santos,,4.05,0.4239,0.2469,32.26,lose,-1.0,0.34,market_avg,False
brasileirao,2022,2022-05-29,Palmeiras @ Santos,1X2,draw,,3.36,0.3138,0.2976,2.45,lose,-1.0,0.34,market_avg,False
brasileirao,2022,2022-05-29,Palmeiras @ Santos,1X2,palmeiras,,1.95,0.2623,0.5128,-21.99,win,0.95,0.34,market_avg,False
brasileirao,2022,2022-05-29,America MG @ Corinthians,1X2,corinthians,,1.63,0.56,0.6135,-3.92,lose,-1.0,0.34,market_avg,False
brasileirao,2022,2022-05-29,America MG @ Corinthians,1X2,draw,,3.61,0.2561,0.277,-3.4,win,2.61,0.34,market_avg,False
brasileirao,2022,2022-05-29,America MG @ Corinthians,1X2,america mg,,5.89,0.1839,0.1698,3.74,lose,-1.0,0.34,market_avg,False
brasileirao,2022,2022-05-29,Athletico-PR @ Cuiaba,1X2,cuiaba,,2.57,0.4759,0.3891,10.04,lose,-1.0,0.334,market_avg,True
brasileirao,2022,2022-05-29,Athletico-PR @ Cuiaba,1X2,draw,,2.79,0.3044,0.3584,-6.78,lose,-1.0,0.334,market_avg,False
brasileirao,2022,2022-05-29,Athletico-PR @ Cuiaba,1X2,athletico pr,,3.22,0.2196,0.3106,-13.17,win,2.22,0.334,market_avg,False
brasileirao,2022,2022-05-29,Flamengo RJ @ Fluminense,1X2,fluminense,,4.12,0.4344,0.2427,35.54,lose,-1.0,0.34,market_avg,False
brasileirao,2022,2022-05-29,Flamengo RJ @ Fluminense,1X2,draw,,3.34,0.3334,0.2994,5.12,lose,-1.0,0.34,market_avg,True
brasileirao,2022,2022-05-29,Flamengo RJ @ Fluminense,1X2,flamengo rj,,1.94,0.2322,0.5155,-24.73,win,0.94,0.34,market_avg,False
brasileirao,2022,2022-05-29,Avai @ Atletico-MG,1X2,atletico mg,,1.21,0.6078,0.8264,-11.91,win,0.20999999999999996,0.334,market_avg,False
brasileirao,2022,2022-05-29,Avai @ Atletico-MG,1X2,draw,,6.21,0.2326,0.161,20.0,lose,-1.0,0.334,market_avg,True
brasileirao,2022,2022-05-29,Avai @ Atletico-MG,1X2,avai,,14.43,0.1596,0.0693,58.64,lose,-1.0,0.334,market_avg,False
brasileirao,2022,2022-05-31,Atletico GO @ Internacional,1X2,internacional,,1.59,0.5399,0.6289,-6.37,lose,-1.0,0.34,market_avg,False
brasileirao,2022,2022-05-31,Atletico GO @ Internacional,1X2,draw,,3.73,0.2846,0.2681,2.78,win,2.73,0.34,market_avg,False
brasileirao,2022,2022-05-31,Atletico GO @ Internacional,1X2,atletico go,,6.07,0.1754,0.1647,2.92,lose,-1.0,0.34,market_avg,False
brasileirao,2022,2022-06-02,Ceara @ Fortaleza,1X2,fortaleza,,2.47,0.3784,0.4049,-2.94,lose,-1.0,0.34,market_avg,False
brasileirao,2022,2022-06-02,Ceara @ Fortaleza,1X2,draw,,2.93,0.3034,0.3413,-5.0,lose,-1.0,0.34,market_avg,False
brasileirao,2022,2022-06-02,Ceara @ Fortaleza,1X2,ceara,,3.18,0.3182,0.3145,0.53,win,2.18,0.34,market_avg,False
brasileirao,2022,2022-06-04,Cuiaba @ America MG,1X2,america mg,,1.8,0.5195,0.5556,-2.92,win,0.8,0.334,market_avg,False
brasileirao,2022,2022-06-04,Cuiaba @ America MG,1X2,draw,,3.19,0.2869,0.3135,-3.81,lose,-1.0,0.334,market_avg,False
brasileirao,2022,2022-06-04,Cuiaba @ America MG,1X2,cuiaba,,5.22,0.1936,0.1916,0.47,lose,-1.0,0.334,market_avg,False
brasileirao,2022,2022-06-04,Santos @ Athletico-PR,1X2,athletico pr,,2.09,0.2901,0.4785,-17.72,lose,-1.0,0.34,market_avg,False
brasileirao,2022,2022-06-04,Santos @ Athletico-PR,1X2,draw,,3.19,0.3398,0.3135,3.77,win,2.19,0.34,market_avg,True
brasileirao,2022,2022-06-04,Santos @ Athletico-PR,1X2,santos,,3.72,0.3702,0.2688,16.97,lose,-1.0,0.34,market_avg,True
brasileirao,2022,2022-06-04,Sao Paulo @ Avai,1X2,avai,,4.09,0.3653,0.2445,22.23,lose,-1.0,0.334,market_avg,True
brasileirao,2022,2022-06-04,Sao Paulo @ Avai,1X2,draw,,3.04,0.2639,0.3289,-8.91,win,2.04,0.334,market_avg,False
brasileirao,2022,2022-06-04,Sao Paulo @ Avai,1X2,sao paulo,,2.06,0.3709,0.4854,-10.62,lose,-1.0,0.334,market_avg,False
brasileirao,2022,2022-06-04,Coritiba @ Ceara,1X2,ceara,,1.59,0.3315,0.6289,-21.28,lose,-1.0,0.334,market_avg,False
brasileirao,2022,2022-06-04,Coritiba @ Ceara,1X2,draw,,3.83,0.2926,0.2611,5.43,win,2.83,0.334,market_avg,True
brasileirao,2022,2022-06-04,Coritiba @ Ceara,1X2,coritiba,,5.89,0.3759,0.1698,54.63,lose,-1.0,0.334,market_avg,False
brasileirao,2022,2022-06-05,Corinthians @ Atletico GO,1X2,atletico go,,2.44,0.2916,0.4098,-12.98,lose,-1.0,0.34,market_avg,False
brasileirao,2022,2022-06-05,Corinthians @ Atletico GO,1X2,draw,,3.05,0.3002,0.3279,-3.8,lose,-1.0,0.34,market_avg,False
brasileirao,2022,2022-06-05,Corinthians @ Atletico GO,1X2,corinthians,,3.1,0.4082,0.3226,11.95,win,2.1,0.34,market_avg,True
brasileirao,2022,2022-06-05,Fluminense @ Juventude,1X2,juventude,,2.67,0.3629,0.3745,-1.4,win,1.67,0.334,market_avg,False
brasileirao,2022,2022-06-05,Fluminense @ Juventude,1X2,draw,,2.94,0.3012,0.3401,-5.14,lose,-1.0,0.334,market_avg,False
brasileirao,2022,2022-06-05,Fluminense @ Juventude,1X2,fluminense,,2.89,0.3359,0.346,-1.32,lose,-1.0,0.334,market_avg,False
brasileirao,2022,2022-06-05,Fortaleza @ Flamengo RJ,1X2,flamengo rj,,1.5,0.6529,0.6667,-0.93,lose,-1.0,0.34,market_avg,False
brasileirao,2022,2022-06-05,Fortaleza @ Flamengo RJ,1X2,draw,,4.18,0.2654,0.2392,4.92,lose,-1.0,0.34,market_avg,True
brasileirao,2022,2022-06-05,Fortaleza @ Flamengo RJ,1X2,fortaleza,,6.53,0.0817,0.1531,-20.99,win,5.53,0.34,market_avg,False
brasileirao,2022,2022-06-05,Atletico-MG @ Palmeiras,1X2,palmeiras,,2.14,0.5429,0.4673,7.28,lose,-1.0,0.34,market_avg,True
brasileirao,2022,2022-06-05,Atletico-MG @ Palmeiras,1X2,draw,,3.3,0.27,0.303,-4.91,win,2.3,0.34,market_avg,False
brasileirao,2022,2022-06-05,Atletico-MG @ Palmeiras,1X2,atletico mg,,3.48,0.1872,0.2874,-15.69,lose,-1.0,0.34,market_avg,False
brasileirao,2022,2022-06-05,Internacional @ Bragantino,1X2,bragantino,,2.31,0.475,0.4329,4.38,lose,-1.0,0.34,market_avg,True
brasileirao,2022,2022-06-05,Internacional @ Bragantino,1X2,draw,,3.06,0.2994,0.3268,-3.77,lose,-1.0,0.34,market_avg,False
brasileirao,2022,2022-06-05,Internacional @ Bragantino,1X2,internacional,,3.34,0.2256,0.2994,-11.09,win,2.34,0.34,market_avg,False
brasileirao,2022,2022-06-07,Goias @ Botafogo RJ,1X2,botafogo rj,,1.7,0.5414,0.5882,-3.58,lose,-1.0,0.34,market_avg,False
brasileirao,2022,2022-06-07,Goias @ Botafogo RJ,1X2,draw,,3.39,0.2589,0.295,-5.5,lose,-1.0,0.34,market_avg,False
brasileirao,2022,2022-06-07,Goias @ Botafogo RJ,1X2,goias,,5.61,0.1996,0.1783,5.4,win,4.61,0.34,market_avg,True
brasileirao,2022,2022-06-08,Corinthians @ Cuiaba,1X2,cuiaba,,2.98,0.2856,0.3356,-6.7,win,1.98,0.334,market_avg,False
brasileirao,2022,2022-06-08,Corinthians @ Cuiaba,1X2,draw,,2.79,0.3176,0.3584,-5.13,lose,-1.0,0.334,market_avg,False
brasileirao,2022,2022-06-08,Corinthians @ Cuiaba,1X2,corinthians,,2.74,0.3967,0.365,3.91,lose,-1.0,0.334,market_avg,True
brasileirao,2022,2022-06-08,Ceara @ America MG,1X2,america mg,,2.22,0.5315,0.4505,8.1,lose,-1.0,0.34,market_avg,True
brasileirao,2022,2022-06-08,Ceara @ America MG,1X2,draw,,3.0,0.275,0.3333,-7.88,lose,-1.0,0.34,market_avg,False
brasileirao,2022,2022-06-08,Ceara @ America MG,1X2,ceara,,3.61,0.1935,0.277,-13.56,win,2.61,0.34,market_avg,False
brasileirao,2022,2022-06-08,Athletico-PR @ Juventude,1X2,juventude,,2.74,0.3799,0.365,1.84,lose,-1.0,0.334,market_avg,False
brasileirao,2022,2022-06-08,Athletico-PR @ Juventude,1X2,draw,,2.86,0.3082,0.3497,-5.34,lose,-1.0,0.334,market_avg,False
brasileirao,2022,2022-06-08,Athletico-PR @ Juventude,1X2,athletico pr,,2.9,0.312,0.3448,-4.29,win,1.9,0.334,market_avg,False
brasileirao,2022,2022-06-09,Avai @ Atletico GO,1X2,atletico go,,1.65,0.3546,0.6061,-18.67,win,0.6499999999999999,0.334,market_avg,False
brasileirao,2022,2022-06-09,Avai @ Atletico GO,1X2,draw,,3.63,0.3065,0.2755,5.07,lose,-1.0,0.334,market_avg,True
brasileirao,2022,2022-06-09,Avai @ Atletico GO,1X2,avai,,5.62,0.3389,0.1779,40.7,lose,-1.0,0.334,market_avg,False
brasileirao,2022,2022-06-09,Flamengo RJ @ Bragantino,1X2,bragantino,,2.41,0.3971,0.4149,-1.94,win,1.4100000000000001,0.34,market_avg,False
brasileirao,2022,2022-06-09,Flamengo RJ @ Bragantino,1X2,draw,,3.13,0.3084,0.3195,-1.57,lose,-1.0,0.34,market_avg,False
brasileirao,2022,2022-06-09,Flamengo RJ @ Bragantino,1X2,flamengo rj,,3.11,0.2946,0.3215,-3.78,lose,-1.0,0.34,market_avg,False
brasileirao,2022,2022-06-09,Atletico-MG @ Fluminense,1X2,fluminense,,3.66,0.3109,0.2732,6.21,win,2.66,0.34,market_avg,True
brasileirao,2022,2022-06-09,Atletico-MG @ Fluminense,1X2,draw,,2.99,0.3198,0.3344,-1.97,lose,-1.0,0.34,market_avg,False
brasileirao,2022,2022-06-09,Atletico-MG @ Fluminense,1X2,atletico mg,,2.22,0.3693,0.4505,-8.11,lose,-1.0,0.34,market_avg,False
brasileirao,2022,2022-06-09,Internacional @ Santos,1X2,santos,,2.21,0.4406,0.4525,-1.19,lose,-1.0,0.34,market_avg,False
brasileirao,2022,2022-06-09,Internacional @ Santos,1X2,draw,,2.99,0.3102,0.3344,-3.26,win,1.9900000000000002,0.34,market_avg,False
brasileirao,2022,2022-06-09,Internacional @ Santos,1X2,internacional,,3.65,0.2492,0.274,-4.07,lose,-1.0,0.34,market_avg,False
brasileirao,2022,2022-06-09,Botafogo RJ @ Palmeiras,1X2,palmeiras,,1.4,0.6138,0.7143,-6.33,win,0.3999999999999999,0.34,market_avg,False
brasileirao,2022,2022-06-09,Botafogo RJ @ Palmeiras,1X2,draw,,4.73,0.2616,0.2114,10.68,lose,-1.0,0.34,market_avg,True
brasileirao,2022,2022-06-09,Botafogo RJ @ Palmeiras,1X2,botafogo rj,,7.48,0.1246,0.1337,-3.06,lose,-1.0,0.34,market_avg,False
brasileirao,2022,2022-06-10,Sao Paulo @ Coritiba,1X2,coritiba,,3.26,0.4376,0.3067,19.2,lose,-1.0,0.334,market_avg,True
brasileirao,2022,2022-06-10,Sao Paulo @ Coritiba,1X2,draw,,3.05,0.2587,0.3279,-9.49,win,2.05,0.334,market_avg,False
brasileirao,2022,2022-06-10,Sao Paulo @ Coritiba,1X2,sao paulo,,2.36,0.3037,0.4237,-12.75,lose,-1.0,0.334,market_avg,False
brasileirao,2022,2022-06-10,Goias @ Fortaleza,1X2,fortaleza,,1.51,0.3816,0.6623,-19.07,lose,-1.0,0.34,market_avg,False
brasileirao,2022,2022-06-10,Goias @ Fortaleza,1X2,draw,,4.01,0.3209,0.2494,12.9,win,3.01,0.34,market_avg,True
brasileirao,2022,2022-06-10,Goias @ Fortaleza,1X2,goias,,6.75,0.2975,0.1481,45.38,lose,-1.0,0.34,market_avg,False
brasileirao,2022,2022-06-11,Juventude @ Corinthians,1X2,corinthians,,1.77,0.6217,0.565,4.52,win,0.77,0.334,market_avg,True
brasileirao,2022,2022-06-11,Juventude @ Corinthians,1X2,draw,,3.24,0.265,0.3086,-6.36,lose,-1.0,0.334,market_avg,False
brasileirao,2022,2022-06-11,Juventude @ Corinthians,1X2,juventude,,5.35,0.1133,0.1869,-17.73,lose,-1.0,0.334,market_avg,False
brasileirao,2022,2022-06-11,Santos @ Atletico-MG,1X2,atletico mg,,1.45,0.4069,0.6897,-18.45,lose,-1.0,0.34,market_avg,False
brasileirao,2022,2022-06-11,Santos @ Atletico-MG,1X2,draw,,4.35,0.3198,0.2299,17.6,win,3.3499999999999996,0.34,market_avg,True
brasileirao,2022,2022-06-11,Santos @ Atletico-MG,1X2,santos,,7.32,0.2733,0.1366,45.03,lose,-1.0,0.34,market_avg,False
brasileirao,2022,2022-06-11,Bragantino @ Cuiaba,1X2,cuiaba,,3.45,0.3034,0.2899,2.1,lose,-1.0,0.334,market_avg,False
brasileirao,2022,2022-06-11,Bragantino @ Cuiaba,1X2,draw,,2.93,0.3941,0.3413,6.96,win,1.9300000000000002,0.334,market_avg,True
brasileirao,2022,2022-06-11,Bragantino @ Cuiaba,1X2,bragantino,,2.34,0.3026,0.4274,-13.14,lose,-1.0,0.334,market_avg,False
brasileirao,2022,2022-06-11,Atletico GO @ Fluminense,1X2,fluminense,,1.88,0.537,0.5319,0.43,lose,-1.0,0.34,market_avg,False
brasileirao,2022,2022-06-11,Atletico GO @ Fluminense,1X2,draw,,3.36,0.3093,0.2976,1.77,lose,-1.0,0.34,market_avg,False
brasileirao,2022,2022-06-11,Atletico GO @ Fluminense,1X2,atletico go,,4.4,0.1537,0.2273,-14.58,win,3.4000000000000004,0.34,market_avg,False
brasileirao,2022,2022-06-12,Flamengo RJ @ Internacional,1X2,internacional,,3.13,0.4273,0.3195,15.19,win,2.13,0.34,market_avg,True
brasileirao,2022,2022-06-12,Flamengo RJ @ Internacional,1X2,draw,,3.17,0.3831,0.3155,9.65,lose,-1.0,0.34,market_avg,True
brasileirao,2022,2022-06-12,Flamengo RJ @ Internacional,1X2,flamengo rj,,2.36,0.1896,0.4237,-24.86,lose,-1.0,0.34,market_avg,False
brasileirao,2022,2022-06-12,Ceara @ Goias,1X2,goias,,2.8,0.3327,0.3571,-3.07,lose,-1.0,0.34,market_avg,False
brasileirao,2022,2022-06-12,Ceara @ Goias,1X2,draw,,3.0,0.3108,0.3333,-3.04,win,2.0,0.34,market_avg,False
brasileirao,2022,2022-06-12,Ceara @ Goias,1X2,ceara,,2.71,0.3564,0.369,-1.53,lose,-1.0,0.34,market_avg,False
brasileirao,2022,2022-06-12,America MG @ Sao Paulo,1X2,sao paulo,,1.72,0.5004,0.5814,-6.27,win,0.72,0.34,market_avg,False
brasileirao,2022,2022-06-12,America MG @ Sao Paulo,1X2,draw,,3.51,0.267,0.2849,-2.83,lose,-1.0,0.34,market_avg,False
brasileirao,2022,2022-06-12,America MG @ Sao Paulo,1X2,america mg,,5.25,0.2326,0.1905,9.95,lose,-1.0,0.34,market_avg,True
brasileirao,2022,2022-06-12,Palmeiras @ Coritiba,1X2,coritiba,,5.04,0.2359,0.1984,8.5,lose,-1.0,0.334,market_avg,True
brasileirao,2022,2022-06-12,Palmeiras @ Coritiba,1X2,draw,,3.72,0.342,0.2688,12.25,lose,-1.0,0.334,market_avg,True
brasileirao,2022,2022-06-12,Palmeiras @ Coritiba,1X2,palmeiras,,1.68,0.422,0.5952,-13.1,win,0.6799999999999999,0.334,market_avg,False
brasileirao,2022,2022-06-12,Athletico-PR @ Fortaleza,1X2,fortaleza,,1.63,0.2535,0.6135,-26.4,lose,-1.0,0.34,market_avg,False
brasileirao,2022,2022-06-12,Athletico-PR @ Fortaleza,1X2,draw,,3.76,0.3397,0.266,12.47,win,2.76,0.34,market_avg,True
brasileirao,2022,2022-06-12,Athletico-PR @ Fortaleza,1X2,athletico pr,,5.53,0.4068,0.1808,56.23,lose,-1.0,0.34,market_avg,False
brasileirao,2022,2022-06-13,Avai @ Botafogo RJ,1X2,botafogo rj,,1.84,0.4345,0.5435,-9.02,lose,-1.0,0.334,market_avg,False
brasileirao,2022,2022-06-13,Avai @ Botafogo RJ,1X2,draw,,3.38,0.2756,0.2959,-3.08,lose,-1.0,0.334,market_avg,False
brasileirao,2022,2022-06-13,Avai @ Botafogo RJ,1X2,avai,,4.53,0.2899,0.2208,14.09,win,3.5300000000000002,0.334,market_avg,True
brasileirao,2022,2022-06-15,Santos @ Juventude,1X2,juventude,,2.32,0.2441,0.431,-19.52,lose,-1.0,0.334,market_avg,False
brasileirao,2022,2022-06-15,Santos @ Juventude,1X2,draw,,2.97,0.312,0.3367,-3.3,lose,-1.0,0.334,market_avg,False
brasileirao,2022,2022-06-15,Santos @ Juventude,1X2,santos,,3.42,0.4439,0.2924,23.32,win,2.42,0.334,market_avg,False
brasileirao,2022,2022-06-15,Coritiba @ Bragantino,1X2,bragantino,,1.54,0.4748,0.6494,-12.1,win,0.54,0.334,market_avg,False
brasileirao,2022,2022-06-15,Coritiba @ Bragantino,1X2,draw,,3.84,0.3169,0.2604,9.76,lose,-1.0,0.334,market_avg,True
brasileirao,2022,2022-06-15,Coritiba @ Bragantino,1X2,coritiba,,6.76,0.2083,0.1479,18.36,lose,-1.0,0.334,market_avg,False
brasileirao,2022,2022-06-15,Atletico-MG @ Ceara,1X2,ceara,,3.46,0.3662,0.289,12.02,lose,-1.0,0.34,market_avg,True
brasileirao,2022,2022-06-15,Atletico-MG @ Ceara,1X2,draw,,3.14,0.3018,0.3185,-2.36,win,2.14,0.34,market_avg,False
brasileirao,2022,2022-06-15,Atletico-MG @ Ceara,1X2,atletico mg,,2.21,0.332,0.4525,-11.98,lose,-1.0,0.34,market_avg,False
brasileirao,2022,2022-06-16,Cuiaba @ Flamengo RJ,1X2,flamengo rj,,1.32,0.4012,0.7576,-21.17,win,0.32000000000000006,0.334,market_avg,False
brasileirao,2022,2022-06-16,Cuiaba @ Flamengo RJ,1X2,draw,,5.18,0.3294,0.1931,31.79,lose,-1.0,0.334,market_avg,True
brasileirao,2022,2022-06-16,Cuiaba @ Flamengo RJ,1X2,cuiaba,,9.18,0.2693,0.1089,66.26,lose,-1.0,0.334,market_avg,False
brasileirao,2022,2022-06-16,Internacional @ Goias,1X2,goias,,3.42,0.3206,0.2924,4.34,lose,-1.0,0.34,market_avg,True
brasileirao,2022,2022-06-16,Internacional @ Goias,1X2,draw,,3.09,0.3311,0.3236,1.04,lose,-1.0,0.34,market_avg,False
brasileirao,2022,2022-06-16,Internacional @ Goias,1X2,internacional,,2.26,0.3483,0.4425,-9.58,win,1.2599999999999998,0.34,market_avg,False
brasileirao,2022,2022-06-16,Fluminense @ America MG,1X2,america mg,,2.33,0.4506,0.4292,2.24,lose,-1.0,0.34,market_avg,False
brasileirao,2022,2022-06-16,Fluminense @ America MG,1X2,draw,,3.02,0.3005,0.3311,-4.16,win,2.02,0.34,market_avg,False
brasileirao,2022,2022-06-16,Fluminense @ America MG,1X2,fluminense,,3.36,0.2489,0.2976,-7.36,lose,-1.0,0.34,market_avg,False
brasileirao,2022,2022-06-16,Corinthians @ Athletico-PR,1X2,athletico pr,,2.36,0.3077,0.4237,-12.32,lose,-1.0,0.34,market_avg,False
brasileirao,2022,2022-06-16,Corinthians @ Athletico-PR,1X2,draw,,3.03,0.3196,0.33,-1.42,win,2.03,0.34,market_avg,False
brasileirao,2022,2022-06-16,Corinthians @ Athletico-PR,1X2,corinthians,,3.29,0.3726,0.304,10.17,lose,-1.0,0.34,market_avg,True
brasileirao,2022,2022-06-16,Sao Paulo @ Botafogo RJ,1X2,botafogo rj,,3.38,0.2745,0.2959,-3.25,win,2.38,0.34,market_avg,False
brasileirao,2022,2022-06-16,Sao Paulo @ Botafogo RJ,1X2,draw,,2.99,0.3003,0.3344,-4.59,lose,-1.0,0.34,market_avg,False
brasileirao,2022,2022-06-16,Sao Paulo @ Botafogo RJ,1X2,sao paulo,,2.32,0.4252,0.431,-0.61,lose,-1.0,0.34,market_avg,False
brasileirao,2022,2022-06-16,Atletico GO @ Palmeiras,1X2,palmeiras,,1.42,0.6873,0.7042,-1.08,win,0.41999999999999993,0.34,market_avg,False
brasileirao,2022,2022-06-16,Atletico GO @ Palmeiras,1X2,draw,,4.57,0.2404,0.2188,4.43,lose,-1.0,0.34,market_avg,True
brasileirao,2022,2022-06-16,Atletico GO @ Palmeiras,1X2,atletico go,,7.35,0.0723,0.1361,-21.08,lose,-1.0,0.34,market_avg,False
brasileirao,2022,2022-06-16,Fortaleza @ Avai,1X2,avai,,3.12,0.4317,0.3205,15.61,win,2.12,0.334,market_avg,True
brasileirao,2022,2022-06-16,Fortaleza @ Avai,1X2,draw,,3.11,0.3499,0.3215,3.96,lose,-1.0,0.334,market_avg,True
brasileirao,2022,2022-06-16,Fortaleza @ Avai,1X2,fortaleza,,2.39,0.2184,0.4184,-21.51,lose,-1.0,0.334,market_avg,False
brasileirao,2022,2022-06-18,Ceara @ Cuiaba,1X2,cuiaba,,2.78,0.2969,0.3597,-7.86,lose,-1.0,0.334,market_avg,False
brasileirao,2022,2022-06-18,Ceara @ Cuiaba,1X2,draw,,2.86,0.3919,0.3497,5.44,win,1.8599999999999999,0.334,market_avg,True
brasileirao,2022,2022-06-18,Ceara @ Cuiaba,1X2,ceara,,2.86,0.3112,0.3497,-4.95,lose,-1.0,0.334,market_avg,False
brasileirao,2022,2022-06-19,Bragantino @ Santos,1X2,santos,,2.09,0.472,0.4785,-0.61,lose,-1.0,0.34,market_avg,False
brasileirao,2022,2022-06-19,Bragantino @ Santos,1X2,draw,,3.2,0.285,0.3125,-3.96,win,2.2,0.34,market_avg,False
brasileirao,2022,2022-06-19,Bragantino @ Santos,1X2,bragantino,,3.72,0.243,0.2688,-4.32,lose,-1.0,0.34,market_avg,False
brasileirao,2022,2022-06-19,Flamengo RJ @ Atletico-MG,1X2,atletico mg,,1.96,0.5526,0.5102,3.74,win,0.96,0.34,market_avg,True
brasileirao,2022,2022-06-19,Flamengo RJ @ Atletico-MG,1X2,draw,,3.47,0.2791,0.2882,-1.42,lose,-1.0,0.34,market_avg,False
brasileirao,2022,2022-06-19,Flamengo RJ @ Atletico-MG,1X2,flamengo rj,,3.85,0.1683,0.2597,-15.84,lose,-1.0,0.34,market_avg,False
brasileirao,2022,2022-06-19,Goias @ Corinthians,1X2,corinthians,,1.52,0.6161,0.6579,-2.86,win,0.52,0.34,market_avg,False
brasileirao,2022,2022-06-19,Goias @ Corinthians,1X2,draw,,3.87,0.2702,0.2584,2.06,lose,-1.0,0.34,market_avg,False
brasileirao,2022,2022-06-19,Goias @ Corinthians,1X2,goias,,7.02,0.1137,0.1425,-9.08,lose,-1.0,0.34,market_avg,False
brasileirao,2022,2022-06-19,Athletico-PR @ Coritiba,1X2,coritiba,,2.6,0.4636,0.3846,9.25,lose,-1.0,0.334,market_avg,True
brasileirao,2022,2022-06-19,Athletico-PR @ Coritiba,1X2,draw,,2.92,0.3073,0.3425,-4.62,lose,-1.0,0.334,market_avg,False
brasileirao,2022,2022-06-19,Athletico-PR @ Coritiba,1X2,athletico pr,,3.0,0.229,0.3333,-14.08,win,2.0,0.334,market_avg,False
brasileirao,2022,2022-06-19,Juventude @ Atletico GO,1X2,atletico go,,1.69,0.4725,0.5917,-9.06,win,0.69,0.334,market_avg,False
brasileirao,2022,2022-06-19,Juventude @ Atletico GO,1X2,draw,,3.63,0.2794,0.2755,0.64,lose,-1.0,0.334,market_avg,False
brasileirao,2022,2022-06-19,Juventude @ Atletico GO,1X2,juventude,,5.21,0.248,0.1919,13.15,lose,-1.0,0.334,market_avg,True
brasileirao,2022,2022-06-19,America MG @ Fortaleza,1X2,fortaleza,,1.74,0.3108,0.5747,-20.66,win,0.74,0.334,market_avg,False
brasileirao,2022,2022-06-19,America MG @ Fortaleza,1X2,draw,,3.58,0.4011,0.2793,19.62,lose,-1.0,0.334,market_avg,True
brasileirao,2022,2022-06-19,America MG @ Fortaleza,1X2,america mg,,4.87,0.2882,0.2053,18.16,lose,-1.0,0.334,market_avg,True
brasileirao,2022,2022-06-19,Botafogo RJ @ Internacional,1X2,internacional,,1.55,0.5589,0.6452,-6.02,lose,-1.0,0.34,market_avg,False
brasileirao,2022,2022-06-19,Botafogo RJ @ Internacional,1X2,draw,,3.88,0.2974,0.2577,6.93,lose,-1.0,0.34,market_avg,True
brasileirao,2022,2022-06-19,Botafogo RJ @ Internacional,1X2,botafogo rj,,6.4,0.1437,0.1562,-3.61,win,5.4,0.34,market_avg,False
brasileirao,2022,2022-06-19,Avai @ Fluminense,1X2,fluminense,,1.66,0.4904,0.6024,-8.36,win,0.6599999999999999,0.334,market_avg,False
brasileirao,2022,2022-06-19,Avai @ Fluminense,1X2,draw,,3.55,0.297,0.2817,2.45,lose,-1.0,0.334,market_avg,False
brasileirao,2022,2022-06-19,Avai @ Fluminense,1X2,avai,,5.69,0.2125,0.1757,9.42,lose,-1.0,0.334,market_avg,True
brasileirao,2022,2022-06-21,Palmeiras @ Sao Paulo,1X2,sao paulo,,3.02,0.2524,0.3311,-10.7,lose,-1.0,0.34,market_avg,False
brasileirao,2022,2022-06-21,Palmeiras @ Sao Paulo,1X2,draw,,3.04,0.2914,0.3289,-5.13,lose,-1.0,0.34,market_avg,False
brasileirao,2022,2022-06-21,Palmeiras @ Sao Paulo,1X2,palmeiras,,2.52,0.4562,0.3968,6.73,win,1.52,0.34,market_avg,True
brasileirao,2022,2022-06-25,Coritiba @ Internacional,1X2,internacional,,1.76,0.5528,0.5682,-1.22,win,0.76,0.334,market_avg,False
brasileirao,2022,2022-06-25,Coritiba @ Internacional,1X2,draw,,3.57,0.2456,0.2801,-5.54,lose,-1.0,0.334,market_avg,False
brasileirao,2022,2022-06-25,Coritiba @ Internacional,1X2,coritiba,,4.7,0.2015,0.2128,-2.37,lose,-1.0,0.334,market_avg,False
brasileirao,2022,2022-06-25,Bragantino @ Athletico-PR,1X2,athletico pr,,3.19,0.3991,0.3135,12.29,win,2.19,0.34,market_avg,True
brasileirao,2022,2022-06-25,Bragantino @ Athletico-PR,1X2,draw,,3.06,0.3024,0.3268,-3.36,lose,-1.0,0.34,market_avg,False
brasileirao,2022,2022-06-25,Bragantino @ Athletico-PR,1X2,bragantino,,2.39,0.2985,0.4184,-12.9,lose,-1.0,0.34,market_avg,False
brasileirao,2022,2022-06-25,Santos @ Corinthians,1X2,corinthians,,2.25,0.4719,0.4444,2.78,lose,-1.0,0.34,market_avg,False
brasileirao,2022,2022-06-25,Santos @ Corinthians,1X2,draw,,2.96,0.2985,0.3378,-5.23,win,1.96,0.34,market_avg,False
brasileirao,2022,2022-06-25,Santos @ Corinthians,1X2,santos,,3.64,0.2295,0.2747,-7.4,lose,-1.0,0.34,market_avg,False
brasileirao,2022,2022-06-25,America MG @ Flamengo RJ,1X2,flamengo rj,,1.51,0.4316,0.6623,-15.67,win,0.51,0.34,market_avg,False
brasileirao,2022,2022-06-25,America MG @ Flamengo RJ,1X2,draw,,4.17,0.3203,0.2398,15.11,lose,-1.0,0.34,market_avg,True
brasileirao,2022,2022-06-25,America MG @ Flamengo RJ,1X2,america mg,,6.39,0.2481,0.1565,26.34,lose,-1.0,0.34,market_avg,True
brasileirao,2022,2022-06-26,Fortaleza @ Atletico-MG,1X2,atletico mg,,1.82,0.5981,0.5495,3.98,win,0.8200000000000001,0.34,market_avg,True
brasileirao,2022,2022-06-26,Fortaleza @ Atletico-MG,1X2,draw,,3.25,0.2521,0.3077,-8.12,lose,-1.0,0.34,market_avg,False
brasileirao,2022,2022-06-26,Fortaleza @ Atletico-MG,1X2,fortaleza,,4.99,0.1498,0.2004,-11.36,lose,-1.0,0.34,market_avg,False
brasileirao,2022,2022-06-26,Palmeiras @ Avai,1X2,avai,,4.86,0.188,0.2058,-3.88,lose,-1.0,0.334,market_avg,False
brasileirao,2022,2022-06-26,Palmeiras @ Avai,1X2,draw,,3.27,0.2602,0.3058,-6.71,win,2.27,0.334,market_avg,False
brasileirao,2022,2022-06-26,Palmeiras @ Avai,1X2,palmeiras,,1.83,0.5518,0.5464,0.44,lose,-1.0,0.334,market_avg,False
brasileirao,2022,2022-06-26,Fluminense @ Botafogo RJ,1X2,botafogo rj,,3.03,0.4205,0.33,12.34,lose,-1.0,0.34,market_avg,True
brasileirao,2022,2022-06-26,Fluminense @ Botafogo RJ,1X2,draw,,3.04,0.286,0.3289,-5.87,lose,-1.0,0.34,market_avg,False
brasileirao,2022,2022-06-26,Fluminense @ Botafogo RJ,1X2,fluminense,,2.51,0.2934,0.3984,-11.86,win,1.5099999999999998,0.34,market_avg,False
brasileirao,2022,2022-06-26,Atletico GO @ Ceara,1X2,ceara,,1.99,0.4838,0.5025,-1.67,lose,-1.0,0.34,market_avg,False
brasileirao,2022,2022-06-26,Atletico GO @ Ceara,1X2,draw,,3.25,0.2886,0.3077,-2.79,win,2.25,0.34,market_avg,False
brasileirao,2022,2022-06-26,Atletico GO @ Ceara,1X2,atletico go,,4.02,0.2275,0.2488,-3.84,lose,-1.0,0.34,market_avg,False
brasileirao,2022,2022-06-26,Cuiaba @ Goias,1X2,goias,,2.42,0.4656,0.4132,5.7,win,1.42,0.334,market_avg,True
brasileirao,2022,2022-06-26,Cuiaba @ Goias,1X2,draw,,2.94,0.3122,0.3401,-3.69,lose,-1.0,0.334,market_avg,False
brasileirao,2022,2022-06-26,Cuiaba @ Goias,1X2,cuiaba,,3.29,0.2222,0.304,-12.1,lose,-1.0,0.334,market_avg,False
brasileirao,2022,2022-06-26,Juventude @ Sao Paulo,1X2,sao paulo,,1.56,0.6554,0.641,1.01,lose,-1.0,0.334,market_avg,False
brasileirao,2022,2022-06-26,Juventude @ Sao Paulo,1X2,draw,,3.78,0.2096,0.2646,-9.34,win,2.78,0.334,market_avg,False
brasileirao,2022,2022-06-26,Juventude @ Sao Paulo,1X2,juventude,,6.59,0.135,0.1517,-4.97,lose,-1.0,0.334,market_avg,False
brasileirao,2022,2022-07-02,Corinthians @ Fluminense,1X2,fluminense,,1.62,0.3393,0.6173,-20.26,win,0.6200000000000001,0.34,market_avg,False
brasileirao,2022,2022-07-02,Corinthians @ Fluminense,1X2,draw,,3.48,0.3401,0.2874,8.26,lose,-1.0,0.34,market_avg,True
brasileirao,2022,2022-07-02,Corinthians @ Fluminense,1X2,corinthians,,6.6,0.3205,0.1515,50.2,lose,-1.0,0.34,market_avg,False
brasileirao,2022,2022-07-02,Atletico-MG @ Juventude,1X2,juventude,,4.5,0.261,0.2222,7.84,lose,-1.0,0.334,market_avg,True
brasileirao,2022,2022-07-02,Atletico-MG @ Juventude,1X2,draw,,3.3,0.2654,0.303,-5.59,lose,-1.0,0.334,market_avg,False
brasileirao,2022,2022-07-02,Atletico-MG @ Juventude,1X2,atletico mg,,1.87,0.4736,0.5348,-5.14,win,0.8700000000000001,0.334,market_avg,False
brasileirao,2022,2022-07-02,Internacional @ Ceara,1X2,ceara,,2.11,0.3587,0.4739,-10.94,lose,-1.0,0.34,market_avg,False
brasileirao,2022,2022-07-02,Internacional @ Ceara,1X2,draw,,3.15,0.3099,0.3175,-1.07,win,2.15,0.34,market_avg,False
brasileirao,2022,2022-07-02,Internacional @ Ceara,1X2,internacional,,3.72,0.3313,0.2688,10.47,lose,-1.0,0.34,market_avg,True
brasileirao,2022,2022-07-02,Flamengo RJ @ Santos,1X2,santos,,2.91,0.4941,0.3436,19.71,lose,-1.0,0.34,market_avg,False
brasileirao,2022,2022-07-02,Flamengo RJ @ Santos,1X2,draw,,3.13,0.2905,0.3195,-4.08,lose,-1.0,0.34,market_avg,False
brasileirao,2022,2022-07-02,Flamengo RJ @ Santos,1X2,flamengo rj,,2.51,0.2153,0.3984,-20.68,win,1.5099999999999998,0.34,market_avg,False
brasileirao,2022,2022-07-03,Athletico-PR @ Palmeiras,1X2,palmeiras,,1.33,0.6474,0.7519,-6.25,lose,-1.0,0.34,market_avg,False
brasileirao,2022,2022-07-03,Athletico-PR @ Palmeiras,1X2,draw,,5.2,0.2261,0.1923,7.9,lose,-1.0,0.34,market_avg,True
brasileirao,2022,2022-07-03,Athletico-PR @ Palmeiras,1X2,athletico pr,,8.68,0.1265,0.1152,4.43,win,7.68,0.34,market_avg,False
brasileirao,2022,2022-07-03,Cuiaba @ Avai,1X2,avai,,2.24,0.5009,0.4464,5.49,lose,-1.0,0.334,market_avg,True
brasileirao,2022,2022-07-03,Cuiaba @ Avai,1X2,draw,,2.96,0.2905,0.3378,-6.3,lose,-1.0,0.334,market_avg,False
brasileirao,2022,2022-07-03,Cuiaba @ Avai,1X2,cuiaba,,3.61,0.2086,0.277,-11.11,win,2.61,0.334,market_avg,False
brasileirao,2022,2022-07-03,Sao Paulo @ Atletico GO,1X2,atletico go,,2.66,0.3818,0.3759,0.7,lose,-1.0,0.34,market_avg,False
brasileirao,2022,2022-07-03,Sao Paulo @ Atletico GO,1X2,draw,,3.11,0.2889,0.3215,-4.57,lose,-1.0,0.34,market_avg,False
brasileirao,2022,2022-07-03,Sao Paulo @ Atletico GO,1X2,sao paulo,,2.75,0.3294,0.3636,-4.24,win,1.75,0.34,market_avg,False
brasileirao,2022,2022-07-03,Goias @ America MG,1X2,america mg,,1.8,0.3861,0.5556,-13.73,win,0.8,0.334,market_avg,False
brasileirao,2022,2022-07-03,Goias @ America MG,1X2,draw,,3.39,0.323,0.295,4.27,lose,-1.0,0.334,market_avg,True
brasileirao,2022,2022-07-03,Goias @ America MG,1X2,goias,,4.72,0.2909,0.2119,16.79,lose,-1.0,0.334,market_avg,True
brasileirao,2022,2022-07-03,Fortaleza @ Coritiba,1X2,coritiba,,2.39,0.486,0.4184,7.27,win,1.3900000000000001,0.334,market_avg,True
brasileirao,2022,2022-07-03,Fortaleza @ Coritiba,1X2,draw,,3.15,0.2749,0.3175,-6.04,lose,-1.0,0.334,market_avg,False
brasileirao,2022,2022-07-03,Fortaleza @ Coritiba,1X2,fortaleza,,3.06,0.2391,0.3268,-12.08,lose,-1.0,0.334,market_avg,False
brasileirao,2022,2022-07-05,Botafogo RJ @ Bragantino,1X2,bragantino,,1.69,0.52,0.5917,-5.46,lose,-1.0,0.334,market_avg,False
brasileirao,2022,2022-07-05,Botafogo RJ @ Bragantino,1X2,draw,,3.56,0.2498,0.2809,-4.99,lose,-1.0,0.334,market_avg,False
brasileirao,2022,2022-07-05,Botafogo RJ @ Bragantino,1X2,botafogo rj,,5.32,0.2302,0.188,10.12,win,4.32,0.334,market_avg,True
brasileirao,2022,2022-07-09,Avai @ Bragantino,1X2,bragantino,,1.49,0.5266,0.6711,-9.69,win,0.49,0.334,market_avg,False
brasileirao,2022,2022-07-09,Avai @ Bragantino,1X2,draw,,4.15,0.2442,0.241,0.6,lose,-1.0,0.334,market_avg,False
brasileirao,2022,2022-07-09,Avai @ Bragantino,1X2,avai,,6.68,0.2292,0.1497,23.9,lose,-1.0,0.334,market_avg,False
brasileirao,2022,2022-07-09,Ceara @ Fluminense,1X2,fluminense,,1.72,0.495,0.5814,-6.68,win,0.72,0.34,market_avg,False
brasileirao,2022,2022-07-09,Ceara @ Fluminense,1X2,draw,,3.49,0.2986,0.2865,1.89,lose,-1.0,0.34,market_avg,False
brasileirao,2022,2022-07-09,Ceara @ Fluminense,1X2,ceara,,5.21,0.2064,0.1919,3.38,lose,-1.0,0.34,market_avg,False
brasileirao,2022,2022-07-10,Athletico-PR @ Goias,1X2,goias,,2.75,0.3384,0.3636,-3.12,win,1.75,0.34,market_avg,False
brasileirao,2022,2022-07-10,Athletico-PR @ Goias,1X2,draw,,2.96,0.3147,0.3378,-3.08,lose,-1.0,0.34,market_avg,False
brasileirao,2022,2022-07-10,Athletico-PR @ Goias,1X2,athletico pr,,2.79,0.3468,0.3584,-1.46,lose,-1.0,0.34,market_avg,False
brasileirao,2022,2022-07-10,Juventude @ Coritiba,1X2,coritiba,,1.89,0.5659,0.5291,3.13,lose,-1.0,0.334,market_avg,True
brasileirao,2022,2022-07-10,Juventude @ Coritiba,1X2,draw,,3.33,0.2413,0.3003,-8.84,win,2.33,0.334,market_avg,False
brasileirao,2022,2022-07-10,Juventude @ Coritiba,1X2,juventude,,4.3,0.1928,0.2326,-7.69,lose,-1.0,0.334,market_avg,False
brasileirao,2022,2022-07-10,Flamengo RJ @ Corinthians,1X2,corinthians,,2.99,0.4487,0.3344,15.38,win,1.9900000000000002,0.34,market_avg,True
brasileirao,2022,2022-07-10,Flamengo RJ @ Corinthians,1X2,draw,,2.93,0.3067,0.3413,-4.57,lose,-1.0,0.34,market_avg,False
brasileirao,2022,2022-07-10,Flamengo RJ @ Corinthians,1X2,flamengo rj,,2.62,0.2446,0.3817,-16.16,lose,-1.0,0.34,market_avg,False
brasileirao,2022,2022-07-10,Sao Paulo @ Atletico-MG,1X2,atletico mg,,1.59,0.4955,0.6289,-9.55,lose,-1.0,0.34,market_avg,False
brasileirao,2022,2022-07-10,Sao Paulo @ Atletico-MG,1X2,draw,,3.77,0.2619,0.2653,-0.57,win,2.77,0.34,market_avg,False
brasileirao,2022,2022-07-10,Sao Paulo @ Atletico-MG,1X2,sao paulo,,6.23,0.2426,0.1605,23.01,lose,-1.0,0.34,market_avg,True
brasileirao,2022,2022-07-10,Palmeiras @ Fortaleza,1X2,fortaleza,,3.66,0.1979,0.2732,-12.4,lose,-1.0,0.34,market_avg,False
brasileirao,2022,2022-07-10,Palmeiras @ Fortaleza,1X2,draw,,3.36,0.2709,0.2976,-4.05,win,2.36,0.34,market_avg,False
brasileirao,2022,2022-07-10,Palmeiras @ Fortaleza,1X2,palmeiras,,2.04,0.5312,0.4902,3.77,lose,-1.0,0.34,market_avg,True
brasileirao,2022,2022-07-10,Atletico GO @ Santos,1X2,santos,,1.94,0.5515,0.5155,3.14,win,0.94,0.34,market_avg,True
brasileirao,2022,2022-07-10,Atletico GO @ Santos,1X2,draw,,3.3,0.2591,0.303,-6.53,lose,-1.0,0.34,market_avg,False
brasileirao,2022,2022-07-10,Atletico GO @ Santos,1X2,atletico go,,4.17,0.1895,0.2398,-9.45,lose,-1.0,0.34,market_avg,False
brasileirao,2022,2022-07-10,Botafogo RJ @ Cuiaba,1X2,cuiaba,,2.28,0.3705,0.4386,-6.99,win,1.2799999999999998,0.334,market_avg,False
brasileirao,2022,2022-07-10,Botafogo RJ @ Cuiaba,1X2,draw,,2.92,0.323,0.3425,-2.55,lose,-1.0,0.334,market_avg,False
brasileirao,2022,2022-07-10,Botafogo RJ @ Cuiaba,1X2,botafogo rj,,3.61,0.3065,0.277,4.79,lose,-1.0,0.334,market_avg,True
brasileirao,2022,2022-07-12,America MG @ Internacional,1X2,internacional,,1.65,0.5889,0.6061,-1.27,win,0.6499999999999999,0.34,market_avg,False
brasileirao,2022,2022-07-12,America MG @ Internacional,1X2,draw,,3.74,0.2609,0.2674,-1.09,lose,-1.0,0.34,market_avg,False
brasileirao,2022,2022-07-12,America MG @ Internacional,1X2,america mg,,5.38,0.1502,0.1859,-8.64,lose,-1.0,0.34,market_avg,False
brasileirao,2022,2022-07-16,Internacional @ Athletico-PR,1X2,athletico pr,,2.23,0.3941,0.4484,-5.45,lose,-1.0,0.34,market_avg,False
brasileirao,2022,2022-07-16,Internacional @ Athletico-PR,1X2,draw,,3.17,0.2973,0.3155,-2.59,win,2.17,0.34,market_avg,False
brasileirao,2022,2022-07-16,Internacional @ Athletico-PR,1X2,internacional,,3.44,0.3086,0.2907,2.77,lose,-1.0,0.34,market_avg,False
brasileirao,2022,2022-07-16,Santos @ Avai,1X2,avai,,2.99,0.3155,0.3344,-2.55,win,1.9900000000000002,0.334,market_avg,False
brasileirao,2022,2022-07-16,Santos @ Avai,1X2,draw,,3.06,0.2855,0.3268,-5.69,lose,-1.0,0.334,market_avg,False
brasileirao,2022,2022-07-16,Santos @ Avai,1X2,santos,,2.51,0.399,0.3984,0.07,lose,-1.0,0.334,market_avg,False
brasileirao,2022,2022-07-16,Coritiba @ Flamengo RJ,1X2,flamengo rj,,1.49,0.5297,0.6711,-9.48,win,0.49,0.334,market_avg,False
brasileirao,2022,2022-07-16,Coritiba @ Flamengo RJ,1X2,draw,,4.38,0.2582,0.2283,5.89,lose,-1.0,0.334,market_avg,True
brasileirao,2022,2022-07-16,Coritiba @ Flamengo RJ,1X2,coritiba,,6.26,0.2121,0.1597,14.73,lose,-1.0,0.334,market_avg,True
brasileirao,2022,2022-07-17,Corinthians @ Ceara,1X2,ceara,,1.85,0.367,0.5405,-14.45,win,0.8500000000000001,0.34,market_avg,False
brasileirao,2022,2022-07-17,Corinthians @ Ceara,1X2,draw,,3.16,0.3336,0.3165,2.44,lose,-1.0,0.34,market_avg,False
brasileirao,2022,2022-07-17,Corinthians @ Ceara,1X2,corinthians,,4.96,0.2995,0.2016,21.85,lose,-1.0,0.34,market_avg,True
brasileirao,2022,2022-07-17,Goias @ Juventude,1X2,juventude,,2.05,0.3694,0.4878,-10.92,lose,-1.0,0.334,market_avg,False
brasileirao,2022,2022-07-17,Goias @ Juventude,1X2,draw,,3.13,0.294,0.3195,-3.59,win,2.13,0.334,market_avg,False
brasileirao,2022,2022-07-17,Goias @ Juventude,1X2,goias,,3.97,0.3365,0.2519,15.12,lose,-1.0,0.334,market_avg,True
brasileirao,2022,2022-07-17,Fluminense @ Sao Paulo,1X2,sao paulo,,2.52,0.4171,0.3968,2.3,lose,-1.0,0.34,market_avg,False
brasileirao,2022,2022-07-17,Fluminense @ Sao Paulo,1X2,draw,,3.02,0.3006,0.3311,-4.15,win,2.02,0.34,market_avg,False
brasileirao,2022,2022-07-17,Fluminense @ Sao Paulo,1X2,fluminense,,3.04,0.2823,0.3289,-6.38,lose,-1.0,0.34,market_avg,False
brasileirao,2022,2022-07-17,Fortaleza @ Atletico GO,1X2,atletico go,,2.06,0.497,0.4854,1.07,lose,-1.0,0.34,market_avg,False
brasileirao,2022,2022-07-17,Fortaleza @ Atletico GO,1X2,draw,,3.28,0.2851,0.3049,-2.91,lose,-1.0,0.34,market_avg,False
brasileirao,2022,2022-07-17,Fortaleza @ Atletico GO,1X2,fortaleza,,3.73,0.2178,0.2681,-8.43,win,2.73,0.34,market_avg,False
brasileirao,2022,2022-07-17,Atletico-MG @ Botafogo RJ,1X2,botafogo rj,,4.82,0.3448,0.2075,29.78,lose,-1.0,0.34,market_avg,True
brasileirao,2022,2022-07-17,Atletico-MG @ Botafogo RJ,1X2,draw,,3.45,0.2847,0.2899,-0.81,lose,-1.0,0.34,market_avg,False
brasileirao,2022,2022-07-17,Atletico-MG @ Botafogo RJ,1X2,atletico mg,,1.78,0.3706,0.5618,-15.32,win,0.78,0.34,market_avg,False
brasileirao,2022,2022-07-17,Bragantino @ America MG,1X2,america mg,,2.75,0.3343,0.3636,-3.63,lose,-1.0,0.334,market_avg,False
brasileirao,2022,2022-07-17,Bragantino @ America MG,1X2,draw,,3.09,0.3041,0.3236,-2.72,lose,-1.0,0.334,market_avg,False
brasileirao,2022,2022-07-17,Bragantino @ America MG,1X2,bragantino,,2.68,0.3617,0.3731,-1.38,win,1.6800000000000002,0.334,market_avg,False
brasileirao,2022,2022-07-19,Cuiaba @ Palmeiras,1X2,palmeiras,,1.25,0.6513,0.8,-8.36,win,0.25,0.334,market_avg,False
brasileirao,2022,2022-07-19,Cuiaba @ Palmeiras,1X2,draw,,5.61,0.2395,0.1783,15.47,lose,-1.0,0.334,market_avg,True
brasileirao,2022,2022-07-19,Cuiaba @ Palmeiras,1X2,cuiaba,,12.29,0.1091,0.0814,15.36,lose,-1.0,0.334,market_avg,False
brasileirao,2022,2022-07-20,Avai @ Ceara,1X2,ceara,,1.34,0.5207,0.7463,-13.6,win,0.3400000000000001,0.334,market_avg,False
brasileirao,2022,2022-07-20,Avai @ Ceara,1X2,draw,,4.83,0.2695,0.207,13.57,lose,-1.0,0.334,market_avg,True
brasileirao,2022,2022-07-20,Avai @ Ceara,1X2,avai,,9.44,0.2098,0.1059,44.12,lose,-1.0,0.334,market_avg,False
brasileirao,2022,2022-07-20,Fortaleza @ Bragantino,1X2,bragantino,,1.81,0.6225,0.5525,5.71,win,0.81,0.34,market_avg,True
brasileirao,2022,2022-07-20,Fortaleza @ Bragantino,1X2,draw,,3.38,0.2444,0.2959,-7.83,lose,-1.0,0.34,market_avg,False
brasileirao,2022,2022-07-20,Fortaleza @ Bragantino,1X2,fortaleza,,4.76,0.1331,0.2101,-16.49,lose,-1.0,0.34,market_avg,False
brasileirao,2022,2022-07-20,Fluminense @ Goias,1X2,goias,,4.3,0.3224,0.2326,17.38,lose,-1.0,0.34,market_avg,True
brasileirao,2022,2022-07-20,Fluminense @ Goias,1X2,draw,,3.44,0.3313,0.2907,6.28,lose,-1.0,0.34,market_avg,True
brasileirao,2022,2022-07-20,Fluminense @ Goias,1X2,fluminense,,1.86,0.3464,0.5376,-16.01,win,0.8600000000000001,0.34,market_avg,False
brasileirao,2022,2022-07-20,Atletico GO @ Athletico-PR,1X2,athletico pr,,1.97,0.5808,0.5076,6.49,win,0.97,0.34,market_avg,True
brasileirao,2022,2022-07-20,Atletico GO @ Athletico-PR,1X2,draw,,3.26,0.2667,0.3067,-5.87,lose,-1.0,0.34,market_avg,False
brasileirao,2022,2022-07-20,Atletico GO @ Athletico-PR,1X2,atletico go,,4.08,0.1525,0.2451,-17.0,lose,-1.0,0.34,market_avg,False
brasileirao,2022,2022-07-21,Juventude @ Flamengo RJ,1X2,flamengo rj,,1.34,0.6213,0.7463,-7.54,win,0.3400000000000001,0.334,market_avg,False
brasileirao,2022,2022-07-21,Juventude @ Flamengo RJ,1X2,draw,,5.11,0.2388,0.1957,9.91,lose,-1.0,0.334,market_avg,True
brasileirao,2022,2022-07-21,Juventude @ Flamengo RJ,1X2,juventude,,8.63,0.1399,0.1159,9.34,lose,-1.0,0.334,market_avg,False
brasileirao,2022,2022-07-21,Sao Paulo @ Internacional,1X2,internacional,,1.85,0.5011,0.5405,-3.28,lose,-1.0,0.34,market_avg,False
brasileirao,2022,2022-07-21,Sao Paulo @ Internacional,1X2,draw,,3.31,0.2828,0.3021,-2.88,win,2.31,0.34,market_avg,False
brasileirao,2022,2022-07-21,Sao Paulo @ Internacional,1X2,sao paulo,,4.67,0.2161,0.2141,0.42,lose,-1.0,0.34,market_avg,False
brasileirao,2022,2022-07-21,Coritiba @ Corinthians,1X2,corinthians,,1.67,0.5541,0.5988,-3.36,win,0.6699999999999999,0.334,market_avg,False
brasileirao,2022,2022-07-21,Coritiba @ Corinthians,1X2,draw,,3.51,0.2558,0.2849,-4.6,lose,-1.0,0.334,market_avg,False
brasileirao,2022,2022-07-21,Coritiba @ Corinthians,1X2,coritiba,,5.67,0.1901,0.1764,3.5,lose,-1.0,0.334,market_avg,False
brasileirao,2022,2022-07-21,Botafogo RJ @ Santos,1X2,santos,,1.86,0.5465,0.5376,0.74,win,0.8600000000000001,0.34,market_avg,False
brasileirao,2022,2022-07-21,Botafogo RJ @ Santos,1X2,draw,,3.4,0.2751,0.2941,-2.91,lose,-1.0,0.34,market_avg,False
brasileirao,2022,2022-07-21,Botafogo RJ @ Santos,1X2,botafogo rj,,4.37,0.1784,0.2288,-9.92,lose,-1.0,0.34,market_avg,False
brasileirao,2022,2022-07-21,Atletico-MG @ Cuiaba,1X2,cuiaba,,3.66,0.2589,0.2732,-2.36,lose,-1.0,0.334,market_avg,False
brasileirao,2022,2022-07-21,Atletico-MG @ Cuiaba,1X2,draw,,2.94,0.3306,0.3401,-1.26,win,1.94,0.334,market_avg,False
brasileirao,2022,2022-07-21,Atletico-MG @ Cuiaba,1X2,atletico mg,,2.24,0.4105,0.4464,-3.62,lose,-1.0,0.334,market_avg,False
brasileirao,2022,2022-07-22,Palmeiras @ America MG,1X2,america mg,,4.51,0.2016,0.2217,-4.09,lose,-1.0,0.34,market_avg,False
brasileirao,2022,2022-07-22,Palmeiras @ America MG,1X2,draw,,3.46,0.3234,0.289,5.35,lose,-1.0,0.34,market_avg,True
brasileirao,2022,2022-07-22,Palmeiras @ America MG,1X2,palmeiras,,1.82,0.475,0.5495,-6.1,win,0.8200000000000001,0.34,market_avg,False
brasileirao,2022,2022-07-23,Goias @ Sao Paulo,1X2,sao paulo,,1.42,0.5533,0.7042,-9.65,lose,-1.0,0.34,market_avg,False
brasileirao,2022,2022-07-23,Goias @ Sao Paulo,1X2,draw,,4.3,0.2935,0.2326,11.79,win,3.3,0.34,market_avg,True
brasileirao,2022,2022-07-23,Goias @ Sao Paulo,1X2,goias,,8.12,0.1532,0.1232,10.98,lose,-1.0,0.34,market_avg,False
brasileirao,2022,2022-07-24,Athletico-PR @ Botafogo RJ,1X2,botafogo rj,,2.37,0.2374,0.4219,-19.68,win,1.37,0.34,market_avg,False
brasileirao,2022,2022-07-24,Athletico-PR @ Botafogo RJ,1X2,draw,,3.09,0.3197,0.3236,-0.55,lose,-1.0,0.34,market_avg,False
brasileirao,2022,2022-07-24,Athletico-PR @ Botafogo RJ,1X2,athletico pr,,3.15,0.443,0.3175,17.8,lose,-1.0,0.34,market_avg,True
brasileirao,2022,2022-07-24,Flamengo RJ @ Avai,1X2,avai,,5.61,0.3256,0.1783,37.21,lose,-1.0,0.334,market_avg,True
brasileirao,2022,2022-07-24,Flamengo RJ @ Avai,1X2,draw,,3.89,0.3001,0.2571,7.54,lose,-1.0,0.334,market_avg,True
brasileirao,2022,2022-07-24,Flamengo RJ @ Avai,1X2,flamengo rj,,1.59,0.3742,0.6289,-18.22,win,0.5900000000000001,0.334,market_avg,False
brasileirao,2022,2022-07-24,Bragantino @ Fluminense,1X2,fluminense,,1.9,0.4883,0.5263,-3.25,win,0.8999999999999999,0.34,market_avg,False
brasileirao,2022,2022-07-24,Bragantino @ Fluminense,1X2,draw,,3.49,0.2718,0.2865,-2.31,lose,-1.0,0.34,market_avg,False
brasileirao,2022,2022-07-24,Bragantino @ Fluminense,1X2,bragantino,,4.03,0.2399,0.2481,-1.49,lose,-1.0,0.34,market_avg,False
brasileirao,2022,2022-07-24,Ceara @ Juventude,1X2,juventude,,3.15,0.2229,0.3175,-13.41,win,2.15,0.334,market_avg,False
brasileirao,2022,2022-07-24,Ceara @ Juventude,1X2,draw,,3.05,0.3351,0.3279,0.99,lose,-1.0,0.334,market_avg,False
brasileirao,2022,2022-07-24,Ceara @ Juventude,1X2,ceara,,2.41,0.4421,0.4149,2.94,lose,-1.0,0.334,market_avg,False
brasileirao,2022,2022-07-24,Internacional @ Palmeiras,1X2,palmeiras,,1.42,0.5293,0.7042,-11.18,win,0.41999999999999993,0.34,market_avg,False
brasileirao,2022,2022-07-24,Internacional @ Palmeiras,1X2,draw,,4.41,0.3047,0.2268,15.46,lose,-1.0,0.34,market_avg,True
brasileirao,2022,2022-07-24,Internacional @ Palmeiras,1X2,internacional,,7.89,0.166,0.1267,13.95,lose,-1.0,0.34,market_avg,False
brasileirao,2022,2022-07-24,America MG @ Atletico GO,1X2,atletico go,,1.86,0.5009,0.5376,-3.07,lose,-1.0,0.334,market_avg,False
brasileirao,2022,2022-07-24,America MG @ Atletico GO,1X2,draw,,3.38,0.3376,0.2959,6.35,lose,-1.0,0.334,market_avg,True
brasileirao,2022,2022-07-24,America MG @ Atletico GO,1X2,america mg,,4.46,0.1615,0.2242,-12.59,win,3.46,0.334,market_avg,False
brasileirao,2022,2022-07-24,Corinthians @ Atletico-MG,1X2,atletico mg,,1.45,0.4873,0.6897,-13.2,lose,-1.0,0.34,market_avg,False
brasileirao,2022,2022-07-24,Corinthians @ Atletico-MG,1X2,draw,,4.07,0.3264,0.2457,14.77,lose,-1.0,0.34,market_avg,True
brasileirao,2022,2022-07-24,Corinthians @ Atletico-MG,1X2,corinthians,,8.26,0.1863,0.1211,24.26,win,7.26,0.34,market_avg,False
brasileirao,2022,2022-07-24,Santos @ Fortaleza,1X2,fortaleza,,1.83,0.2617,0.5464,-23.45,lose,-1.0,0.34,market_avg,False
brasileirao,2022,2022-07-24,Santos @ Fortaleza,1X2,draw,,3.46,0.3564,0.289,10.49,win,2.46,0.34,market_avg,True
brasileirao,2022,2022-07-24,Santos @ Fortaleza,1X2,santos,,4.51,0.3819,0.2217,32.51,lose,-1.0,0.34,market_avg,False
brasileirao,2022,2022-07-26,Cuiaba @ Coritiba,1X2,coritiba,,2.13,0.4737,0.4695,0.4,win,1.13,0.334,market_avg,False
brasileirao,2022,2022-07-26,Cuiaba @ Coritiba,1X2,draw,,3.09,0.3048,0.3236,-2.62,lose,-1.0,0.334,market_avg,False
brasileirao,2022,2022-07-26,Cuiaba @ Coritiba,1X2,cuiaba,,3.78,0.2215,0.2646,-7.32,lose,-1.0,0.334,market_avg,False
brasileirao,2022,2022-07-30,Palmeiras @ Ceara,1X2,ceara,,3.59,0.2646,0.2786,-2.25,lose,-1.0,0.34,market_avg,False
brasileirao,2022,2022-07-30,Palmeiras @ Ceara,1X2,draw,,3.23,0.3242,0.3096,2.13,lose,-1.0,0.34,market_avg,False
brasileirao,2022,2022-07-30,Palmeiras @ Ceara,1X2,palmeiras,,2.12,0.4112,0.4717,-5.78,win,1.12,0.34,market_avg,False
brasileirao,2022,2022-07-30,Coritiba @ Goias,1X2,goias,,2.46,0.5091,0.4065,11.36,win,1.46,0.334,market_avg,True
brasileirao,2022,2022-07-30,Coritiba @ Goias,1X2,draw,,3.1,0.2573,0.3226,-9.11,lose,-1.0,0.334,market_avg,False
brasileirao,2022,2022-07-30,Coritiba @ Goias,1X2,coritiba,,3.01,0.2337,0.3322,-13.35,lose,-1.0,0.334,market_avg,False
brasileirao,2022,2022-07-30,Botafogo RJ @ Corinthians,1X2,corinthians,,1.82,0.5564,0.5495,0.57,win,0.8200000000000001,0.34,market_avg,False
brasileirao,2022,2022-07-30,Botafogo RJ @ Corinthians,1X2,draw,,3.23,0.2674,0.3096,-6.13,lose,-1.0,0.34,market_avg,False
brasileirao,2022,2022-07-30,Botafogo RJ @ Corinthians,1X2,botafogo rj,,4.97,0.1762,0.2012,-5.6,lose,-1.0,0.34,market_avg,False
brasileirao,2022,2022-07-31,Atletico GO @ Flamengo RJ,1X2,flamengo rj,,1.45,0.6437,0.6897,-3.0,win,0.44999999999999996,0.34,market_avg,False
brasileirao,2022,2022-07-31,Atletico GO @ Flamengo RJ,1X2,draw,,4.25,0.2272,0.2353,-1.55,lose,-1.0,0.34,market_avg,False
brasileirao,2022,2022-07-31,Atletico GO @ Flamengo RJ,1X2,atletico go,,7.4,0.1291,0.1351,-2.0,lose,-1.0,0.34,market_avg,False
brasileirao,2022,2022-07-31,Sao Paulo @ Athletico-PR,1X2,athletico pr,,2.02,0.4808,0.495,-1.3,win,1.02,0.34,market_avg,False
brasileirao,2022,2022-07-31,Sao Paulo @ Athletico-PR,1X2,draw,,3.25,0.2659,0.3077,-6.11,lose,-1.0,0.34,market_avg,False
brasileirao,2022,2022-07-31,Sao Paulo @ Athletico-PR,1X2,sao paulo,,3.89,0.2533,0.2571,-0.66,lose,-1.0,0.34,market_avg,False
brasileirao,2022,2022-07-31,Atletico-MG @ Internacional,1X2,internacional,,3.09,0.4696,0.3236,20.3,win,2.09,0.34,market_avg,True
brasileirao,2022,2022-07-31,Atletico-MG @ Internacional,1X2,draw,,2.99,0.2735,0.3344,-8.21,lose,-1.0,0.34,market_avg,False
brasileirao,2022,2022-07-31,Atletico-MG @ Internacional,1X2,atletico mg,,2.51,0.2569,0.3984,-15.98,lose,-1.0,0.34,market_avg,False
brasileirao,2022,2022-07-31,Avai @ America MG,1X2,america mg,,1.74,0.4204,0.5747,-12.08,win,0.74,0.334,market_avg,False
brasileirao,2022,2022-07-31,Avai @ America MG,1X2,draw,,3.48,0.312,0.2874,3.86,lose,-1.0,0.334,market_avg,True
brasileirao,2022,2022-07-31,Avai @ America MG,1X2,avai,,5.03,0.2676,0.1988,15.57,lose,-1.0,0.334,market_avg,True
brasileirao,2022,2022-07-31,Fortaleza @ Cuiaba,1X2,cuiaba,,2.62,0.4245,0.3817,5.05,lose,-1.0,0.334,market_avg,True
brasileirao,2022,2022-07-31,Fortaleza @ Cuiaba,1X2,draw,,2.88,0.347,0.3472,-0.03,lose,-1.0,0.334,market_avg,False
brasileirao,2022,2022-07-31,Fortaleza @ Cuiaba,1X2,fortaleza,,3.04,0.2285,0.3289,-13.74,win,2.04,0.334,market_avg,False
brasileirao,2022,2022-07-31,Juventude @ Bragantino,1X2,bragantino,,1.55,0.7086,0.6452,4.43,win,0.55,0.334,market_avg,False
brasileirao,2022,2022-07-31,Juventude @ Bragantino,1X2,draw,,3.91,0.184,0.2558,-12.63,lose,-1.0,0.334,market_avg,False
brasileirao,2022,2022-07-31,Juventude @ Bragantino,1X2,juventude,,6.33,0.1074,0.158,-14.41,lose,-1.0,0.334,market_avg,False
brasileirao,2022,2022-08-02,Fluminense @ Santos,1X2,santos,,3.01,0.4456,0.3322,15.36,lose,-1.0,0.34,market_avg,True
brasileirao,2022,2022-08-02,Fluminense @ Santos,1X2,draw,,3.1,0.2995,0.3226,-3.22,win,2.1,0.34,market_avg,False
brasileirao,2022,2022-08-02,Fluminense @ Santos,1X2,fluminense,,2.47,0.2548,0.4049,-16.67,lose,-1.0,0.34,market_avg,False
brasileirao,2022,2022-08-06,Ceara @ Botafogo RJ,1X2,botafogo rj,,2.36,0.387,0.4237,-3.9,lose,-1.0,0.34,market_avg,False
brasileirao,2022,2022-08-06,Ceara @ Botafogo RJ,1X2,draw,,3.05,0.3195,0.3279,-1.15,win,2.05,0.34,market_avg,False
brasileirao,2022,2022-08-06,Ceara @ Botafogo RJ,1X2,ceara,,3.25,0.2935,0.3077,-2.07,lose,-1.0,0.34,market_avg,False
brasileirao,2022,2022-08-06,America MG @ Juventude,1X2,juventude,,2.38,0.3687,0.4202,-5.51,lose,-1.0,0.334,market_avg,False
brasileirao,2022,2022-08-06,America MG @ Juventude,1X2,draw,,3.16,0.3251,0.3165,1.22,lose,-1.0,0.334,market_avg,False
brasileirao,2022,2022-08-06,America MG @ Juventude,1X2,america mg,,3.12,0.3062,0.3205,-2.0,win,2.12,0.334,market_avg,False
brasileirao,2022,2022-08-06,Bragantino @ Atletico GO,1X2,atletico go,,3.02,0.2933,0.3311,-5.14,win,2.02,0.34,market_avg,False
brasileirao,2022,2022-08-06,Bragantino @ Atletico GO,1X2,draw,,3.16,0.2688,0.3165,-6.77,lose,-1.0,0.34,market_avg,False
brasileirao,2022,2022-08-06,Bragantino @ Atletico GO,1X2,bragantino,,2.43,0.4378,0.4115,2.88,lose,-1.0,0.34,market_avg,False
brasileirao,2022,2022-08-06,Corinthians @ Avai,1X2,avai,,3.15,0.3079,0.3175,-1.35,lose,-1.0,0.334,market_avg,False
brasileirao,2022,2022-08-06,Corinthians @ Avai,1X2,draw,,2.93,0.2903,0.3413,-6.73,win,1.9300000000000002,0.334,market_avg,False
brasileirao,2022,2022-08-06,Corinthians @ Avai,1X2,corinthians,,2.5,0.4018,0.4,0.2,lose,-1.0,0.334,market_avg,False
brasileirao,2022,2022-08-07,Flamengo RJ @ Sao Paulo,1X2,sao paulo,,3.31,0.3949,0.3021,13.82,lose,-1.0,0.34,market_avg,True
brasileirao,2022,2022-08-07,Flamengo RJ @ Sao Paulo,1X2,draw,,3.18,0.2774,0.3145,-5.31,lose,-1.0,0.34,market_avg,False
brasileirao,2022,2022-08-07,Flamengo RJ @ Sao Paulo,1X2,flamengo rj,,2.27,0.3277,0.4405,-11.52,win,1.27,0.34,market_avg,False
brasileirao,2022,2022-08-07,Cuiaba @ Fluminense,1X2,fluminense,,1.51,0.6041,0.6623,-3.95,win,0.51,0.334,market_avg,False
brasileirao,2022,2022-08-07,Cuiaba @ Fluminense,1X2,draw,,3.8,0.2578,0.2632,-0.92,lose,-1.0,0.334,market_avg,False
brasileirao,2022,2022-08-07,Cuiaba @ Fluminense,1X2,cuiaba,,7.6,0.1382,0.1316,2.26,lose,-1.0,0.334,market_avg,False
brasileirao,2022,2022-08-07,Goias @ Palmeiras,1X2,palmeiras,,1.24,0.6858,0.8065,-6.73,win,0.24,0.34,market_avg,False
brasileirao,2022,2022-08-07,Goias @ Palmeiras,1X2,draw,,5.99,0.2123,0.1669,12.23,lose,-1.0,0.34,market_avg,True
brasileirao,2022,2022-08-07,Goias @ Palmeiras,1X2,goias,,11.21,0.1019,0.0892,6.41,lose,-1.0,0.34,market_avg,False
brasileirao,2022,2022-08-07,Internacional @ Fortaleza,1X2,fortaleza,,1.76,0.2893,0.5682,-22.09,win,0.76,0.34,market_avg,False
brasileirao,2022,2022-08-07,Internacional @ Fortaleza,1X2,draw,,3.58,0.3133,0.2793,5.48,lose,-1.0,0.34,market_avg,True
brasileirao,2022,2022-08-07,Internacional @ Fortaleza,1X2,internacional,,4.78,0.3974,0.2092,40.48,lose,-1.0,0.34,market_avg,False
brasileirao,2022,2022-08-07,Athletico-PR @ Atletico-MG,1X2,atletico mg,,1.5,0.4514,0.6667,-14.53,lose,-1.0,0.34,market_avg,False
brasileirao,2022,2022-08-07,Athletico-PR @ Atletico-MG,1X2,draw,,4.04,0.2856,0.2475,6.92,lose,-1.0,0.34,market_avg,True
brasileirao,2022,2022-08-07,Athletico-PR @ Atletico-MG,1X2,athletico pr,,7.01,0.263,0.1427,37.96,win,6.01,0.34,market_avg,False
brasileirao,2022,2022-08-09,Santos @ Coritiba,1X2,coritiba,,2.64,0.3232,0.3788,-6.61,lose,-1.0,0.334,market_avg,False
brasileirao,2022,2022-08-09,Santos @ Coritiba,1X2,draw,,3.0,0.2992,0.3333,-4.61,lose,-1.0,0.334,market_avg,False
brasileirao,2022,2022-08-09,Santos @ Coritiba,1X2,santos,,2.88,0.3776,0.3472,3.94,win,1.88,0.334,market_avg,True
brasileirao,2022,2022-08-13,Avai @ Goias,1X2,goias,,1.94,0.5226,0.5155,0.62,lose,-1.0,0.334,market_avg,False
brasileirao,2022,2022-08-13,Avai @ Goias,1X2,draw,,3.37,0.2597,0.2967,-5.62,win,2.37,0.334,market_avg,False
brasileirao,2022,2022-08-13,Avai @ Goias,1X2,avai,,4.07,0.2177,0.2457,-5.13,lose,-1.0,0.334,market_avg,False
brasileirao,2022,2022-08-13,Palmeiras @ Corinthians,1X2,corinthians,,3.39,0.2925,0.295,-0.38,lose,-1.0,0.34,market_avg,False
brasileirao,2022,2022-08-13,Palmeiras @ Corinthians,1X2,draw,,3.01,0.3197,0.3322,-1.69,lose,-1.0,0.34,market_avg,False
brasileirao,2022,2022-08-13,Palmeiras @ Corinthians,1X2,palmeiras,,2.33,0.3878,0.4292,-4.34,win,1.33,0.34,market_avg,False
brasileirao,2022,2022-08-14,Juventude @ Cuiaba,1X2,cuiaba,,2.0,0.4832,0.5,-1.51,win,1.0,0.334,market_avg,False
brasileirao,2022,2022-08-14,Juventude @ Cuiaba,1X2,draw,,3.03,0.3228,0.33,-0.99,lose,-1.0,0.334,market_avg,False
brasileirao,2022,2022-08-14,Juventude @ Cuiaba,1X2,juventude,,4.43,0.194,0.2257,-6.33,lose,-1.0,0.334,market_avg,False
brasileirao,2022,2022-08-14,Atletico GO @ Botafogo RJ,1X2,botafogo rj,,2.05,0.5049,0.4878,1.58,lose,-1.0,0.334,market_avg,False
brasileirao,2022,2022-08-14,Atletico GO @ Botafogo RJ,1X2,draw,,3.3,0.2763,0.303,-3.96,win,2.3,0.334,market_avg,False
brasileirao,2022,2022-08-14,Atletico GO @ Botafogo RJ,1X2,atletico go,,3.75,0.2187,0.2667,-8.09,lose,-1.0,0.334,market_avg,False
brasileirao,2022,2022-08-14,Atletico-MG @ Coritiba,1X2,coritiba,,5.08,0.3699,0.1969,39.56,lose,-1.0,0.334,market_avg,False
brasileirao,2022,2022-08-14,Atletico-MG @ Coritiba,1X2,draw,,3.61,0.2688,0.277,-1.33,lose,-1.0,0.334,market_avg,False
brasileirao,2022,2022-08-14,Atletico-MG @ Coritiba,1X2,atletico mg,,1.71,0.3613,0.5848,-17.2,win,0.71,0.334,market_avg,False
brasileirao,2022,2022-08-14,Fortaleza @ Ceara,1X2,ceara,,2.82,0.4707,0.3546,14.73,lose,-1.0,0.34,market_avg,True
brasileirao,2022,2022-08-14,Fortaleza @ Ceara,1X2,draw,,2.93,0.3151,0.3413,-3.45,lose,-1.0,0.34,market_avg,False
brasileirao,2022,2022-08-14,Fortaleza @ Ceara,1X2,fortaleza,,2.75,0.2142,0.3636,-18.49,win,1.75,0.34,market_avg,False
brasileirao,2022,2022-08-14,Athletico-PR @ Flamengo RJ,1X2,flamengo rj,,1.31,0.534,0.7634,-13.52,win,0.31000000000000005,0.34,market_avg,False
brasileirao,2022,2022-08-14,Athletico-PR @ Flamengo RJ,1X2,draw,,5.22,0.266,0.1916,17.47,lose,-1.0,0.34,market_avg,True
brasileirao,2022,2022-08-14,Athletico-PR @ Flamengo RJ,1X2,athletico pr,,9.79,0.2001,0.1021,43.14,lose,-1.0,0.34,market_avg,False
brasileirao,2022,2022-08-14,Bragantino @ Sao Paulo,1X2,sao paulo,,2.14,0.435,0.4673,-3.11,win,1.1400000000000001,0.34,market_avg,False
brasileirao,2022,2022-08-14,Bragantino @ Sao Paulo,1X2,draw,,3.28,0.2606,0.3049,-6.54,lose,-1.0,0.34,market_avg,False
brasileirao,2022,2022-08-14,Bragantino @ Sao Paulo,1X2,bragantino,,3.49,0.3043,0.2865,2.79,lose,-1.0,0.34,market_avg,False
brasileirao,2022,2022-08-14,Santos @ America MG,1X2,america mg,,2.35,0.3051,0.4255,-12.73,win,1.35,0.34,market_avg,False
brasileirao,2022,2022-08-14,Santos @ America MG,1X2,draw,,3.07,0.3416,0.3257,2.2,lose,-1.0,0.34,market_avg,False
brasileirao,2022,2022-08-14,Santos @ America MG,1X2,santos,,3.27,0.3532,0.3058,6.98,lose,-1.0,0.34,market_avg,True
brasileirao,2022,2022-08-14,Fluminense @ Internacional,1X2,internacional,,2.41,0.4507,0.4149,3.88,win,1.4100000000000001,0.34,market_avg,True
brasileirao,2022,2022-08-14,Fluminense @ Internacional,1X2,draw,,3.12,0.2708,0.3205,-6.99,lose,-1.0,0.34,market_avg,False
brasileirao,2022,2022-08-14,Fluminense @ Internacional,1X2,fluminense,,3.11,0.2786,0.3215,-6.02,lose,-1.0,0.34,market_avg,False
brasileirao,2022,2022-08-20,Goias @ Atletico-MG,1X2,atletico mg,,1.22,0.5765,0.8197,-13.35,lose,-1.0,0.34,market_avg,False
brasileirao,2022,2022-08-20,Goias @ Atletico-MG,1X2,draw,,6.14,0.2452,0.1629,22.76,lose,-1.0,0.34,market_avg,True
brasileirao,2022,2022-08-20,Goias @ Atletico-MG,1X2,goias,,12.81,0.1782,0.0781,57.75,win,11.81,0.34,market_avg,False
brasileirao,2022,2022-08-20,Coritiba @ Fluminense,1X2,fluminense,,1.37,0.6547,0.7299,-4.64,win,0.3700000000000001,0.334,market_avg,False
brasileirao,2022,2022-08-20,Coritiba @ Fluminense,1X2,draw,,4.75,0.2084,0.2105,-0.44,lose,-1.0,0.334,market_avg,False
brasileirao,2022,2022-08-20,Coritiba @ Fluminense,1X2,coritiba,,8.46,0.1369,0.1182,7.11,lose,-1.0,0.334,market_avg,False
brasileirao,2022,2022-08-21,Botafogo RJ @ Juventude,1X2,juventude,,2.44,0.3434,0.4098,-7.29,lose,-1.0,0.334,market_avg,False
brasileirao,2022,2022-08-21,Botafogo RJ @ Juventude,1X2,draw,,3.08,0.3253,0.3247,0.08,win,2.08,0.334,market_avg,False
brasileirao,2022,2022-08-21,Botafogo RJ @ Juventude,1X2,botafogo rj,,3.09,0.3313,0.3236,1.07,lose,-1.0,0.334,market_avg,False
brasileirao,2022,2022-08-21,Flamengo RJ @ Palmeiras,1X2,palmeiras,,2.01,0.5372,0.4975,3.59,lose,-1.0,0.34,market_avg,True
brasileirao,2022,2022-08-21,Flamengo RJ @ Palmeiras,1X2,draw,,3.38,0.2771,0.2959,-2.85,win,2.38,0.34,market_avg,False
brasileirao,2022,2022-08-21,Flamengo RJ @ Palmeiras,1X2,flamengo rj,,3.8,0.1857,0.2632,-13.25,lose,-1.0,0.34,market_avg,False
brasileirao,2022,2022-08-21,America MG @ Athletico-PR,1X2,athletico pr,,1.85,0.5133,0.5405,-2.27,lose,-1.0,0.34,market_avg,False
brasileirao,2022,2022-08-21,America MG @ Athletico-PR,1X2,draw,,3.48,0.2911,0.2874,0.59,win,2.48,0.34,market_avg,False
brasileirao,2022,2022-08-21,America MG @ Athletico-PR,1X2,america mg,,4.33,0.1956,0.2309,-6.89,lose,-1.0,0.34,market_avg,False
brasileirao,2022,2022-08-21,Cuiaba @ Atletico GO,1X2,atletico go,,2.21,0.4142,0.4525,-3.8,lose,-1.0,0.334,market_avg,False
brasileirao,2022,2022-08-21,Cuiaba @ Atletico GO,1X2,draw,,2.97,0.3346,0.3367,-0.28,win,1.9700000000000002,0.334,market_avg,False
brasileirao,2022,2022-08-21,Cuiaba @ Atletico GO,1X2,cuiaba,,3.76,0.2511,0.266,-2.51,lose,-1.0,0.334,market_avg,False
brasileirao,2022,2022-08-21,Ceara @ Bragantino,1X2,bragantino,,1.85,0.5184,0.5405,-1.84,lose,-1.0,0.34,market_avg,False
brasileirao,2022,2022-08-21,Ceara @ Bragantino,1X2,draw,,3.38,0.2704,0.2959,-3.88,win,2.38,0.34,market_avg,False
brasileirao,2022,2022-08-21,Ceara @ Bragantino,1X2,ceara,,4.55,0.2113,0.2198,-1.74,lose,-1.0,0.34,market_avg,False
brasileirao,2022,2022-08-21,Corinthians @ Fortaleza,1X2,fortaleza,,1.93,0.3651,0.5181,-13.29,win,0.9299999999999999,0.34,market_avg,False
brasileirao,2022,2022-08-21,Corinthians @ Fortaleza,1X2,draw,,3.22,0.3367,0.3106,3.79,lose,-1.0,0.34,market_avg,True
brasileirao,2022,2022-08-21,Corinthians @ Fortaleza,1X2,corinthians,,4.39,0.2982,0.2278,13.9,lose,-1.0,0.34,market_avg,True
brasileirao,2022,2022-08-21,Sao Paulo @ Santos,1X2,santos,,2.41,0.5024,0.4149,9.49,win,1.4100000000000001,0.34,market_avg,True
brasileirao,2022,2022-08-21,Sao Paulo @ Santos,1X2,draw,,3.03,0.2773,0.33,-7.19,lose,-1.0,0.34,market_avg,False
brasileirao,2022,2022-08-21,Sao Paulo @ Santos,1X2,sao paulo,,3.21,0.2203,0.3115,-13.18,lose,-1.0,0.34,market_avg,False
brasileirao,2022,2022-08-23,Internacional @ Avai,1X2,avai,,3.66,0.3017,0.2732,4.69,lose,-1.0,0.334,market_avg,True
brasileirao,2022,2022-08-23,Internacional @ Avai,1X2,draw,,3.18,0.2722,0.3145,-6.05,lose,-1.0,0.334,market_avg,False
brasileirao,2022,2022-08-23,Internacional @ Avai,1X2,internacional,,2.13,0.4261,0.4695,-4.16,win,1.13,0.334,market_avg,False
brasileirao,2022,2022-08-27,Avai @ Coritiba,1X2,coritiba,,1.94,0.4971,0.5155,-1.6,win,0.94,0.334,market_avg,False
brasileirao,2022,2022-08-27,Avai @ Coritiba,1X2,draw,,3.33,0.2554,0.3003,-6.73,lose,-1.0,0.334,market_avg,False
brasileirao,2022,2022-08-27,Avai @ Coritiba,1X2,avai,,4.08,0.2475,0.2451,0.44,lose,-1.0,0.334,market_avg,False
brasileirao,2022,2022-08-27,Atletico GO @ Goias,1X2,goias,,2.67,0.5283,0.3745,18.48,win,1.67,0.334,market_avg,False
brasileirao,2022,2022-08-27,Atletico GO @ Goias,1X2,draw,,3.02,0.2692,0.3311,-8.42,lose,-1.0,0.334,market_avg,False
brasileirao,2022,2022-08-27,Atletico GO @ Goias,1X2,atletico go,,2.83,0.2024,0.3534,-19.22,lose,-1.0,0.334,market_avg,False
brasileirao,2022,2022-08-27,Palmeiras @ Fluminense,1X2,fluminense,,3.02,0.3221,0.3311,-1.23,lose,-1.0,0.34,market_avg,False
brasileirao,2022,2022-08-27,Palmeiras @ Fluminense,1X2,draw,,3.16,0.2909,0.3165,-3.63,win,2.16,0.34,market_avg,False
brasileirao,2022,2022-08-27,Palmeiras @ Fluminense,1X2,palmeiras,,2.44,0.387,0.4098,-2.51,lose,-1.0,0.34,market_avg,False
brasileirao,2022,2022-08-28,Athletico-PR @ Ceara,1X2,ceara,,1.77,0.4448,0.565,-9.57,lose,-1.0,0.34,market_avg,False
brasileirao,2022,2022-08-28,Athletico-PR @ Ceara,1X2,draw,,3.51,0.2979,0.2849,2.06,win,2.51,0.34,market_avg,False
brasileirao,2022,2022-08-28,Athletico-PR @ Ceara,1X2,athletico pr,,4.75,0.2573,0.2105,10.0,lose,-1.0,0.34,market_avg,True
brasileirao,2022,2022-08-28,Atletico-MG @ America MG,1X2,america mg,,5.4,0.3785,0.1852,46.99,lose,-1.0,0.34,market_avg,False
brasileirao,2022,2022-08-28,Atletico-MG @ America MG,1X2,draw,,3.68,0.3192,0.2717,7.85,win,2.68,0.34,market_avg,True
brasileirao,2022,2022-08-28,Atletico-MG @ America MG,1X2,atletico mg,,1.66,0.3023,0.6024,-22.42,lose,-1.0,0.34,market_avg,False
brasileirao,2022,2022-08-28,Fortaleza @ Sao Paulo,1X2,sao paulo,,1.94,0.5023,0.5155,-1.15,lose,-1.0,0.34,market_avg,False
brasileirao,2022,2022-08-28,Fortaleza @ Sao Paulo,1X2,draw,,3.28,0.2879,0.3049,-2.5,lose,-1.0,0.34,market_avg,False
brasileirao,2022,2022-08-28,Fortaleza @ Sao Paulo,1X2,fortaleza,,4.17,0.2098,0.2398,-5.64,win,3.17,0.34,market_avg,False
brasileirao,2022,2022-08-28,Flamengo RJ @ Botafogo RJ,1X2,botafogo rj,,4.75,0.2667,0.2105,12.01,lose,-1.0,0.34,market_avg,True
brasileirao,2022,2022-08-28,Flamengo RJ @ Botafogo RJ,1X2,draw,,3.59,0.2963,0.2786,2.87,lose,-1.0,0.34,market_avg,False
brasileirao,2022,2022-08-28,Flamengo RJ @ Botafogo RJ,1X2,flamengo rj,,1.75,0.437,0.5714,-10.59,win,0.75,0.34,market_avg,False
brasileirao,2022,2022-08-28,Santos @ Cuiaba,1X2,cuiaba,,2.35,0.2925,0.4255,-14.07,lose,-1.0,0.334,market_avg,False
brasileirao,2022,2022-08-28,Santos @ Cuiaba,1X2,draw,,2.89,0.3684,0.346,2.9,win,1.8900000000000001,0.334,market_avg,False
brasileirao,2022,2022-08-28,Santos @ Cuiaba,1X2,santos,,3.5,0.3391,0.2857,8.41,lose,-1.0,0.334,market_avg,True
brasileirao,2022,2022-08-30,Juventude @ Internacional,1X2,internacional,,1.43,0.7292,0.6993,1.92,win,0.42999999999999994,0.334,market_avg,False
brasileirao,2022,2022-08-30,Juventude @ Internacional,1X2,draw,,4.38,0.1835,0.2283,-8.83,lose,-1.0,0.334,market_avg,False
brasileirao,2022,2022-08-30,Juventude @ Internacional,1X2,juventude,,7.65,0.0872,0.1307,-14.98,lose,-1.0,0.334,market_avg,False
brasileirao,2022,2022-08-30,Bragantino @ Corinthians,1X2,corinthians,,2.04,0.4812,0.4902,-0.83,win,1.04,0.34,market_avg,False
brasileirao,2022,2022-08-30,Bragantino @ Corinthians,1X2,draw,,3.05,0.2774,0.3279,-6.93,lose,-1.0,0.34,market_avg,False
brasileirao,2022,2022-08-30,Bragantino @ Corinthians,1X2,bragantino,,4.18,0.2414,0.2392,0.41,lose,-1.0,0.34,market_avg,False
brasileirao,2022,2022-09-03,Avai @ Juventude,1X2,juventude,,2.24,0.3961,0.4464,-5.08,lose,-1.0,0.334,market_avg,False
brasileirao,2022,2022-09-03,Avai @ Juventude,1X2,draw,,3.08,0.2932,0.3247,-4.36,win,2.08,0.334,market_avg,False
brasileirao,2022,2022-09-03,Avai @ Juventude,1X2,avai,,3.48,0.3107,0.2874,3.66,lose,-1.0,0.334,market_avg,True
brasileirao,2022,2022-09-03,Fluminense @ Athletico-PR,1X2,athletico pr,,3.14,0.4217,0.3185,14.59,win,2.14,0.34,market_avg,True
brasileirao,2022,2022-09-03,Fluminense @ Athletico-PR,1X2,draw,,3.27,0.27,0.3058,-5.26,lose,-1.0,0.34,market_avg,False
brasileirao,2022,2022-09-03,Fluminense @ Athletico-PR,1X2,fluminense,,2.31,0.3082,0.4329,-12.96,lose,-1.0,0.34,market_avg,False
brasileirao,2022,2022-09-03,Palmeiras @ Bragantino,1X2,bragantino,,2.63,0.2822,0.3802,-11.6,lose,-1.0,0.34,market_avg,False
brasileirao,2022,2022-09-03,Palmeiras @ Bragantino,1X2,draw,,3.02,0.2914,0.3311,-5.4,win,2.02,0.34,market_avg,False
brasileirao,2022,2022-09-03,Palmeiras @ Bragantino,1X2,palmeiras,,2.87,0.4264,0.3484,10.07,lose,-1.0,0.34,market_avg,True
brasileirao,2022,2022-09-04,Coritiba @ America MG,1X2,america mg,,1.67,0.5043,0.5988,-7.1,win,0.6699999999999999,0.334,market_avg,False
brasileirao,2022,2022-09-04,Coritiba @ America MG,1X2,draw,,3.58,0.2858,0.2793,1.04,lose,-1.0,0.334,market_avg,False
brasileirao,2022,2022-09-04,Coritiba @ America MG,1X2,coritiba,,5.56,0.21,0.1799,7.54,lose,-1.0,0.334,market_avg,True
brasileirao,2022,2022-09-04,Ceara @ Flamengo RJ,1X2,flamengo rj,,1.35,0.6192,0.7407,-7.38,lose,-1.0,0.34,market_avg,False
brasileirao,2022,2022-09-04,Ceara @ Flamengo RJ,1X2,draw,,4.78,0.2507,0.2092,8.93,win,3.7800000000000002,0.34,market_avg,True
brasileirao,2022,2022-09-04,Ceara @ Flamengo RJ,1X2,ceara,,9.07,0.1301,0.1103,8.1,lose,-1.0,0.34,market_avg,False
brasileirao,2022,2022-09-04,Internacional @ Corinthians,1X2,corinthians,,2.39,0.3915,0.4184,-2.89,lose,-1.0,0.34,market_avg,False
brasileirao,2022,2022-09-04,Internacional @ Corinthians,1X2,draw,,2.94,0.3059,0.3401,-4.53,win,1.94,0.34,market_avg,False
brasileirao,2022,2022-09-04,Internacional @ Corinthians,1X2,internacional,,3.38,0.3026,0.2959,1.03,lose,-1.0,0.34,market_avg,False
brasileirao,2022,2022-09-04,Botafogo RJ @ Fortaleza,1X2,fortaleza,,1.7,0.4846,0.5882,-7.93,lose,-1.0,0.34,market_avg,False
brasileirao,2022,2022-09-04,Botafogo RJ @ Fortaleza,1X2,draw,,3.47,0.3172,0.2882,4.53,lose,-1.0,0.34,market_avg,True
brasileirao,2022,2022-09-04,Botafogo RJ @ Fortaleza,1X2,botafogo rj,,5.44,0.1982,0.1838,3.52,win,4.44,0.34,market_avg,False
brasileirao,2022,2022-09-04,Atletico-MG @ Atletico GO,1X2,atletico go,,4.31,0.3496,0.232,22.81,lose,-1.0,0.34,market_avg,True
brasileirao,2022,2022-09-04,Atletico-MG @ Atletico GO,1X2,draw,,3.39,0.2859,0.295,-1.39,lose,-1.0,0.34,market_avg,False
brasileirao,2022,2022-09-04,Atletico-MG @ Atletico GO,1X2,atletico mg,,1.88,0.3645,0.5319,-14.16,win,0.8799999999999999,0.34,market_avg,False
brasileirao,2022,2022-09-04,Sao Paulo @ Cuiaba,1X2,cuiaba,,2.32,0.3529,0.431,-8.16,lose,-1.0,0.334,market_avg,False
brasileirao,2022,2022-09-04,Sao Paulo @ Cuiaba,1X2,draw,,2.81,0.3391,0.3559,-2.12,win,1.81,0.334,market_avg,False
brasileirao,2022,2022-09-04,Sao Paulo @ Cuiaba,1X2,sao paulo,,3.69,0.308,0.271,6.14,lose,-1.0,0.334,market_avg,True
brasileirao,2022,2022-09-06,Goias @ Santos,1X2,santos,,1.59,0.5477,0.6289,-5.81,lose,-1.0,0.34,market_avg,False
brasileirao,2022,2022-09-06,Goias @ Santos,1X2,draw,,3.83,0.2819,0.2611,3.59,lose,-1.0,0.34,market_avg,True
brasileirao,2022,2022-09-06,Goias @ Santos,1X2,goias,,5.85,0.1704,0.1709,-0.14,win,4.85,0.34,market_avg,False
brasileirao,2022,2022-09-07,Bragantino @ Atletico-MG,1X2,atletico mg,,1.67,0.4761,0.5988,-9.22,lose,-1.0,0.34,market_avg,False
brasileirao,2022,2022-09-07,Bragantino @ Atletico-MG,1X2,draw,,3.67,0.2666,0.2725,-0.98,win,2.67,0.34,market_avg,False
brasileirao,2022,2022-09-07,Bragantino @ Atletico-MG,1X2,bragantino,,5.46,0.2573,0.1832,18.22,lose,-1.0,0.34,market_avg,True
brasileirao,2022,2022-09-10,Santos @ Ceara,1X2,ceara,,2.14,0.3642,0.4673,-9.93,win,1.1400000000000001,0.34,market_avg,False
brasileirao,2022,2022-09-10,Santos @ Ceara,1X2,draw,,3.02,0.3454,0.3311,1.94,lose,-1.0,0.34,market_avg,False
brasileirao,2022,2022-09-10,Santos @ Ceara,1X2,santos,,3.83,0.2904,0.2611,5.05,lose,-1.0,0.34,market_avg,True
brasileirao,2022,2022-09-10,Cuiaba @ Internacional,1X2,internacional,,1.6,0.611,0.625,-1.01,win,0.6000000000000001,0.334,market_avg,False
brasileirao,2022,2022-09-10,Cuiaba @ Internacional,1X2,draw,,3.62,0.2625,0.2762,-2.24,lose,-1.0,0.334,market_avg,False
brasileirao,2022,2022-09-10,Cuiaba @ Internacional,1X2,cuiaba,,6.39,0.1265,0.1565,-8.62,lose,-1.0,0.334,market_avg,False
brasileirao,2022,2022-09-10,Fortaleza @ Fluminense,1X2,fluminense,,1.7,0.5569,0.5882,-2.4,win,0.7,0.34,market_avg,False
brasileirao,2022,2022-09-10,Fortaleza @ Fluminense,1X2,draw,,3.58,0.2633,0.2793,-2.58,lose,-1.0,0.34,market_avg,False
brasileirao,2022,2022-09-10,Fortaleza @ Fluminense,1X2,fortaleza,,5.24,0.1797,0.1908,-2.62,lose,-1.0,0.34,market_avg,False
brasileirao,2022,2022-09-11,Juventude @ Palmeiras,1X2,palmeiras,,1.17,0.8127,0.8547,-2.21,win,0.16999999999999993,0.334,market_avg,False
brasileirao,2022,2022-09-11,Juventude @ Palmeiras,1X2,draw,,6.8,0.1399,0.1471,-2.21,lose,-1.0,0.334,market_avg,False
brasileirao,2022,2022-09-11,Juventude @ Palmeiras,1X2,juventude,,16.67,0.0474,0.06,-9.43,lose,-1.0,0.334,market_avg,False
brasileirao,2022,2022-09-11,Athletico-PR @ Avai,1X2,avai,,3.24,0.3449,0.3086,5.29,lose,-1.0,0.334,market_avg,True
brasileirao,2022,2022-09-11,Athletico-PR @ Avai,1X2,draw,,3.04,0.2928,0.3289,-4.94,win,2.04,0.334,market_avg,False
brasileirao,2022,2022-09-11,Athletico-PR @ Avai,1X2,athletico pr,,2.37,0.3624,0.4219,-6.35,lose,-1.0,0.334,market_avg,False
brasileirao,2022,2022-09-11,America MG @ Botafogo RJ,1X2,botafogo rj,,2.03,0.4193,0.4926,-6.7,lose,-1.0,0.334,market_avg,False
brasileirao,2022,2022-09-11,America MG @ Botafogo RJ,1X2,draw,,3.25,0.3288,0.3077,3.09,win,2.25,0.334,market_avg,True
brasileirao,2022,2022-09-11,America MG @ Botafogo RJ,1X2,america mg,,3.89,0.252,0.2571,-0.89,lose,-1.0,0.334,market_avg,False
brasileirao,2022,2022-09-11,Atletico GO @ Coritiba,1X2,coritiba,,2.2,0.4936,0.4545,3.87,win,1.2000000000000002,0.334,market_avg,True
brasileirao,2022,2022-09-11,Atletico GO @ Coritiba,1X2,draw,,3.14,0.2646,0.3185,-7.6,lose,-1.0,0.334,market_avg,False
brasileirao,2022,2022-09-11,Atletico GO @ Coritiba,1X2,atletico go,,3.49,0.2418,0.2865,-7.03,lose,-1.0,0.334,market_avg,False
brasileirao,2022,2022-09-11,Corinthians @ Sao Paulo,1X2,sao paulo,,2.46,0.4313,0.4065,2.75,lose,-1.0,0.34,market_avg,False
brasileirao,2022,2022-09-11,Corinthians @ Sao Paulo,1X2,draw,,2.89,0.2955,0.346,-6.57,win,1.8900000000000001,0.34,market_avg,False
brasileirao,2022,2022-09-11,Corinthians @ Sao Paulo,1X2,corinthians,,3.3,0.2732,0.303,-4.43,lose,-1.0,0.34,market_avg,False
brasileirao,2022,2022-09-11,Flamengo RJ @ Goias,1X2,goias,,5.71,0.2891,0.1751,29.28,lose,-1.0,0.34,market_avg,True
brasileirao,2022,2022-09-11,Flamengo RJ @ Goias,1X2,draw,,3.94,0.2915,0.2538,6.68,win,2.94,0.34,market_avg,True
brasileirao,2022,2022-09-11,Flamengo RJ @ Goias,1X2,flamengo rj,,1.59,0.4194,0.6289,-14.99,lose,-1.0,0.34,market_avg,False
brasileirao,2022,2022-09-17,Atletico-MG @ Avai,1X2,avai,,4.48,0.3293,0.2232,21.39,win,3.4800000000000004,0.334,market_avg,True
brasileirao,2022,2022-09-17,Atletico-MG @ Avai,1X2,draw,,3.38,0.2867,0.2959,-1.4,lose,-1.0,0.334,market_avg,False
brasileirao,2022,2022-09-17,Atletico-MG @ Avai,1X2,atletico mg,,1.86,0.384,0.5376,-12.86,lose,-1.0,0.334,market_avg,False
brasileirao,2022,2022-09-17,Coritiba @ Botafogo RJ,1X2,botafogo rj,,1.55,0.5172,0.6452,-8.92,win,0.55,0.334,market_avg,False
brasileirao,2022,2022-09-17,Coritiba @ Botafogo RJ,1X2,draw,,3.9,0.2707,0.2564,2.51,lose,-1.0,0.334,market_avg,False
brasileirao,2022,2022-09-17,Coritiba @ Botafogo RJ,1X2,coritiba,,6.33,0.2121,0.158,15.41,lose,-1.0,0.334,market_avg,True
brasileirao,2022,2022-09-18,Goias @ Bragantino,1X2,bragantino,,1.45,0.5374,0.6897,-9.94,lose,-1.0,0.334,market_avg,False
brasileirao,2022,2022-09-18,Goias @ Bragantino,1X2,draw,,4.3,0.2516,0.2326,3.69,win,3.3,0.334,market_avg,False
brasileirao,2022,2022-09-18,Goias @ Bragantino,1X2,goias,,7.31,0.211,0.1368,24.4,lose,-1.0,0.334,market_avg,False
brasileirao,2022,2022-09-18,Sao Paulo @ Ceara,1X2,ceara,,2.6,0.4442,0.3846,6.97,lose,-1.0,0.34,market_avg,True
brasileirao,2022,2022-09-18,Sao Paulo @ Ceara,1X2,draw,,3.01,0.3003,0.3322,-4.32,lose,-1.0,0.34,market_avg,False
brasileirao,2022,2022-09-18,Sao Paulo @ Ceara,1X2,sao paulo,,2.92,0.2556,0.3425,-11.41,win,1.92,0.34,market_avg,False
brasileirao,2022,2022-09-18,Fluminense @ Flamengo RJ,1X2,flamengo rj,,1.67,0.5774,0.5988,-1.61,lose,-1.0,0.34,market_avg,False
brasileirao,2022,2022-09-18,Fluminense @ Flamengo RJ,1X2,draw,,3.7,0.24,0.2703,-5.04,lose,-1.0,0.34,market_avg,False
brasileirao,2022,2022-09-18,Fluminense @ Flamengo RJ,1X2,fluminense,,5.29,0.1826,0.189,-1.53,win,4.29,0.34,market_avg,False
brasileirao,2022,2022-09-18,Corinthians @ America MG,1X2,america mg,,2.21,0.3628,0.4525,-8.92,win,1.21,0.34,market_avg,False
brasileirao,2022,2022-09-18,Corinthians @ America MG,1X2,draw,,3.06,0.3483,0.3268,2.96,lose,-1.0,0.34,market_avg,False
brasileirao,2022,2022-09-18,Corinthians @ America MG,1X2,corinthians,,3.57,0.2889,0.2801,1.41,lose,-1.0,0.34,market_avg,False
brasileirao,2022,2022-09-18,Fortaleza @ Juventude,1X2,juventude,,3.32,0.3146,0.3012,2.0,lose,-1.0,0.334,market_avg,False
brasileirao,2022,2022-09-18,Fortaleza @ Juventude,1X2,draw,,3.14,0.3209,0.3185,0.34,win,2.14,0.334,market_avg,False
brasileirao,2022,2022-09-18,Fortaleza @ Juventude,1X2,fortaleza,,2.27,0.3645,0.4405,-7.77,lose,-1.0,0.334,market_avg,False
brasileirao,2022,2022-09-18,Santos @ Palmeiras,1X2,palmeiras,,1.38,0.5976,0.7246,-7.89,win,0.3799999999999999,0.34,market_avg,False
brasileirao,2022,2022-09-18,Santos @ Palmeiras,1X2,draw,,4.64,0.2626,0.2155,9.83,lose,-1.0,0.34,market_avg,True
brasileirao,2022,2022-09-18,Santos @ Palmeiras,1X2,santos,,8.69,0.1398,0.1151,9.67,lose,-1.0,0.34,market_avg,False
brasileirao,2022,2022-09-18,Cuiaba @ Athletico-PR,1X2,athletico pr,,1.72,0.5131,0.5814,-5.29,lose,-1.0,0.334,market_avg,False
brasileirao,2022,2022-09-18,Cuiaba @ Athletico-PR,1X2,draw,,3.32,0.3152,0.3012,2.09,win,2.32,0.334,market_avg,False
brasileirao,2022,2022-09-18,Cuiaba @ Athletico-PR,1X2,cuiaba,,5.7,0.1717,0.1754,-0.96,lose,-1.0,0.334,market_avg,False
brasileirao,2022,2022-09-20,Internacional @ Atletico GO,1X2,atletico go,,3.47,0.2317,0.2882,-8.82,lose,-1.0,0.34,market_avg,False
brasileirao,2022,2022-09-20,Internacional @ Atletico GO,1X2,draw,,3.18,0.2695,0.3145,-6.44,lose,-1.0,0.34,market_avg,False
brasileirao,2022,2022-09-20,Internacional @ Atletico GO,1X2,internacional,,2.2,0.4989,0.4545,4.39,win,1.2000000000000002,0.34,market_avg,True
brasileirao,2022,2022-09-26,Avai @ Sao Paulo,1X2,sao paulo,,1.39,0.6067,0.7194,-7.05,win,0.3899999999999999,0.334,market_avg,False
brasileirao,2022,2022-09-26,Avai @ Sao Paulo,1X2,draw,,4.56,0.2357,0.2193,3.37,lose,-1.0,0.334,market_avg,False
brasileirao,2022,2022-09-26,Avai @ Sao Paulo,1X2,avai,,8.23,0.1576,0.1215,13.37,lose,-1.0,0.334,market_avg,False
brasileirao,2022,2022-09-28,Athletico-PR @ Santos,1X2,santos,,2.07,0.4722,0.4831,-1.01,win,1.0699999999999998,0.34,market_avg,False
brasileirao,2022,2022-09-28,Athletico-PR @ Santos,1X2,draw,,3.24,0.2996,0.3086,-1.32,lose,-1.0,0.34,market_avg,False
brasileirao,2022,2022-09-28,Athletico-PR @ Santos,1X2,athletico pr,,3.76,0.2282,0.266,-6.4,lose,-1.0,0.34,market_avg,False
brasileirao,2022,2022-09-28,Atletico GO @ Corinthians,1X2,corinthians,,1.6,0.6211,0.625,-0.28,win,0.6000000000000001,0.34,market_avg,False
brasileirao,2022,2022-09-28,Atletico GO @ Corinthians,1X2,draw,,3.73,0.2447,0.2681,-3.93,lose,-1.0,0.34,market_avg,False
brasileirao,2022,2022-09-28,Atletico GO @ Corinthians,1X2,atletico go,,5.97,0.1342,0.1675,-8.95,lose,-1.0,0.34,market_avg,False
brasileirao,2022,2022-09-28,Ceara @ Coritiba,1X2,coritiba,,2.23,0.3776,0.4484,-7.11,win,1.23,0.334,market_avg,False
brasileirao,2022,2022-09-28,Ceara @ Coritiba,1X2,draw,,3.18,0.3038,0.3145,-1.52,lose,-1.0,0.334,market_avg,False
brasileirao,2022,2022-09-28,Ceara @ Coritiba,1X2,ceara,,3.38,0.3186,0.2959,3.46,lose,-1.0,0.334,market_avg,True
brasileirao,2022,2022-09-28,Juventude @ Fluminense,1X2,fluminense,,1.34,0.7468,0.7463,0.03,win,0.3400000000000001,0.334,market_avg,False
brasileirao,2022,2022-09-28,Juventude @ Fluminense,1X2,draw,,5.06,0.1682,0.1976,-6.7,lose,-1.0,0.334,market_avg,False
brasileirao,2022,2022-09-28,Juventude @ Fluminense,1X2,juventude,,8.39,0.0851,0.1192,-12.87,lose,-1.0,0.334,market_avg,False
brasileirao,2022,2022-09-28,Flamengo RJ @ Fortaleza,1X2,fortaleza,,2.99,0.2911,0.3344,-5.84,win,1.9900000000000002,0.34,market_avg,False
brasileirao,2022,2022-09-28,Flamengo RJ @ Fortaleza,1X2,draw,,2.96,0.3141,0.3378,-3.17,lose,-1.0,0.34,market_avg,False
brasileirao,2022,2022-09-28,Flamengo RJ @ Fortaleza,1X2,flamengo rj,,2.59,0.3949,0.3861,1.02,lose,-1.0,0.34,market_avg,False
brasileirao,2022,2022-09-29,America MG @ Cuiaba,1X2,cuiaba,,2.48,0.3484,0.4032,-6.12,win,1.48,0.334,market_avg,False
brasileirao,2022,2022-09-29,America MG @ Cuiaba,1X2,draw,,2.97,0.389,0.3367,6.99,lose,-1.0,0.334,market_avg,True
brasileirao,2022,2022-09-29,America MG @ Cuiaba,1X2,america mg,,3.13,0.2626,0.3195,-8.01,lose,-1.0,0.334,market_avg,False
brasileirao,2022,2022-09-29,Palmeiras @ Atletico-MG,1X2,atletico mg,,1.89,0.2936,0.5291,-20.03,lose,-1.0,0.34,market_avg,False
brasileirao,2022,2022-09-29,Palmeiras @ Atletico-MG,1X2,draw,,3.34,0.3047,0.2994,0.79,lose,-1.0,0.34,market_avg,False
brasileirao,2022,2022-09-29,Palmeiras @ Atletico-MG,1X2,palmeiras,,4.4,0.4018,0.2273,34.55,win,3.4000000000000004,0.34,market_avg,False
brasileirao,2022,2022-09-29,Botafogo RJ @ Goias,1X2,goias,,3.26,0.4631,0.3067,22.94,lose,-1.0,0.34,market_avg,False
brasileirao,2022,2022-09-29,Botafogo RJ @ Goias,1X2,draw,,3.09,0.2975,0.3236,-3.63,lose,-1.0,0.34,market_avg,False
brasileirao,2022,2022-09-29,Botafogo RJ @ Goias,1X2,botafogo rj,,2.33,0.2394,0.4292,-19.9,win,1.33,0.34,market_avg,False
brasileirao,2022,2022-09-29,Bragantino @ Internacional,1X2,internacional,,1.89,0.6115,0.5291,7.01,lose,-1.0,0.34,market_avg,True
brasileirao,2022,2022-09-29,Bragantino @ Internacional,1X2,draw,,3.44,0.2239,0.2907,-10.34,win,2.44,0.34,market_avg,False
brasileirao,2022,2022-09-29,Bragantino @ Internacional,1X2,bragantino,,4.18,0.1646,0.2392,-14.05,lose,-1.0,0.34,market_avg,False
brasileirao,2022,2022-10-01,Fluminense @ Atletico-MG,1X2,atletico mg,,1.73,0.4015,0.578,-13.74,win,0.73,0.34,market_avg,False
brasileirao,2022,2022-10-01,Fluminense @ Atletico-MG,1X2,draw,,3.53,0.29,0.2833,1.07,lose,-1.0,0.34,market_avg,False
brasileirao,2022,2022-10-01,Fluminense @ Atletico-MG,1X2,fluminense,,5.05,0.3084,0.198,25.09,lose,-1.0,0.34,market_avg,True
brasileirao,2022,2022-10-01,America MG @ Ceara,1X2,ceara,,2.01,0.409,0.4975,-8.01,lose,-1.0,0.34,market_avg,False
brasileirao,2022,2022-10-01,America MG @ Ceara,1X2,draw,,3.25,0.3809,0.3077,10.71,lose,-1.0,0.34,market_avg,True
brasileirao,2022,2022-10-01,America MG @ Ceara,1X2,america mg,,3.92,0.2101,0.2551,-7.93,win,2.92,0.34,market_avg,False
brasileirao,2022,2022-10-01,Santos @ Internacional,1X2,internacional,,1.72,0.5252,0.5814,-4.35,win,0.72,0.34,market_avg,False
brasileirao,2022,2022-10-01,Santos @ Internacional,1X2,draw,,3.53,0.3016,0.2833,2.91,lose,-1.0,0.34,market_avg,False
brasileirao,2022,2022-10-01,Santos @ Internacional,1X2,santos,,5.18,0.1731,0.1931,-4.65,lose,-1.0,0.34,market_avg,False
brasileirao,2022,2022-10-01,Juventude @ Athletico-PR,1X2,athletico pr,,1.45,0.6818,0.6897,-0.51,win,0.44999999999999996,0.334,market_avg,False
brasileirao,2022,2022-10-01,Juventude @ Athletico-PR,1X2,draw,,4.26,0.2194,0.2347,-2.95,lose,-1.0,0.334,market_avg,False
brasileirao,2022,2022-10-01,Juventude @ Athletico-PR,1X2,juventude,,7.18,0.0988,0.1393,-13.08,lose,-1.0,0.334,market_avg,False
brasileirao,2022,2022-10-01,Atletico GO @ Avai,1X2,avai,,2.19,0.5225,0.4566,6.49,lose,-1.0,0.334,market_avg,True
brasileirao,2022,2022-10-01,Atletico GO @ Avai,1X2,draw,,3.16,0.2749,0.3165,-5.91,lose,-1.0,0.334,market_avg,False
brasileirao,2022,2022-10-01,Atletico GO @ Avai,1X2,atletico go,,3.47,0.2026,0.2882,-13.36,win,2.47,0.334,market_avg,False
brasileirao,2022,2022-10-01,Bragantino @ Flamengo RJ,1X2,flamengo rj,,1.43,0.6037,0.6993,-6.15,win,0.42999999999999994,0.34,market_avg,False
brasileirao,2022,2022-10-01,Bragantino @ Flamengo RJ,1X2,draw,,4.44,0.241,0.2252,3.15,lose,-1.0,0.34,market_avg,False
brasileirao,2022,2022-10-01,Bragantino @ Flamengo RJ,1X2,bragantino,,7.25,0.1553,0.1379,5.67,lose,-1.0,0.34,market_avg,False
brasileirao,2022,2022-10-01,Fortaleza @ Goias,1X2,goias,,2.83,0.4456,0.3534,11.74,lose,-1.0,0.34,market_avg,True
brasileirao,2022,2022-10-01,Fortaleza @ Goias,1X2,draw,,3.0,0.3234,0.3333,-1.34,lose,-1.0,0.34,market_avg,False
brasileirao,2022,2022-10-01,Fortaleza @ Goias,1X2,fortaleza,,2.66,0.2311,0.3759,-17.34,win,1.6600000000000001,0.34,market_avg,False
brasileirao,2022,2022-10-02,Cuiaba @ Corinthians,1X2,corinthians,,1.67,0.5543,0.5988,-3.34,win,0.6699999999999999,0.334,market_avg,False
brasileirao,2022,2022-10-02,Cuiaba @ Corinthians,1X2,draw,,3.42,0.316,0.2924,3.63,lose,-1.0,0.334,market_avg,True
brasileirao,2022,2022-10-02,Cuiaba @ Corinthians,1X2,cuiaba,,5.92,0.1297,0.1689,-10.45,lose,-1.0,0.334,market_avg,False
brasileirao,2022,2022-10-04,Palmeiras @ Botafogo RJ,1X2,botafogo rj,,4.95,0.2448,0.202,9.52,lose,-1.0,0.34,market_avg,True
brasileirao,2022,2022-10-04,Palmeiras @ Botafogo RJ,1X2,draw,,3.52,0.3206,0.2841,5.79,lose,-1.0,0.34,market_avg,True
brasileirao,2022,2022-10-04,Palmeiras @ Botafogo RJ,1X2,palmeiras,,1.75,0.4346,0.5714,-10.77,win,0.75,0.34,market_avg,False
brasileirao,2022,2022-10-05,Corinthians @ Juventude,1X2,juventude,,4.45,0.2194,0.2247,-1.06,lose,-1.0,0.334,market_avg,False
brasileirao,2022,2022-10-05,Corinthians @ Juventude,1X2,draw,,3.27,0.3444,0.3058,5.68,win,2.27,0.334,market_avg,True
brasileirao,2022,2022-10-05,Corinthians @ Juventude,1X2,corinthians,,1.9,0.4362,0.5263,-7.71,lose,-1.0,0.334,market_avg,False
brasileirao,2022,2022-10-05,Fluminense @ Atletico GO,1X2,atletico go,,3.14,0.2648,0.3185,-7.58,win,2.14,0.34,market_avg,False
brasileirao,2022,2022-10-05,Fluminense @ Atletico GO,1X2,draw,,3.2,0.2835,0.3125,-4.17,lose,-1.0,0.34,market_avg,False
brasileirao,2022,2022-10-05,Fluminense @ Atletico GO,1X2,fluminense,,2.34,0.4517,0.4274,2.56,lose,-1.0,0.34,market_avg,False
brasileirao,2022,2022-10-05,Cuiaba @ Bragantino,1X2,bragantino,,1.95,0.5665,0.5128,4.71,win,0.95,0.334,market_avg,True
brasileirao,2022,2022-10-05,Cuiaba @ Bragantino,1X2,draw,,3.17,0.3093,0.3155,-0.88,lose,-1.0,0.334,market_avg,False
brasileirao,2022,2022-10-05,Cuiaba @ Bragantino,1X2,cuiaba,,4.36,0.1242,0.2294,-20.62,lose,-1.0,0.334,market_avg,False
brasileirao,2022,2022-10-05,Goias @ Ceara,1X2,ceara,,1.67,0.4443,0.5988,-11.61,lose,-1.0,0.34,market_avg,False
brasileirao,2022,2022-10-05,Goias @ Ceara,1X2,draw,,3.62,0.3416,0.2762,10.65,win,2.62,0.34,market_avg,True
brasileirao,2022,2022-10-05,Goias @ Ceara,1X2,goias,,5.45,0.2141,0.1835,7.5,lose,-1.0,0.34,market_avg,True
brasileirao,2022,2022-10-05,Fortaleza @ Athletico-PR,1X2,athletico pr,,2.03,0.4841,0.4926,-0.78,lose,-1.0,0.34,market_avg,False
brasileirao,2022,2022-10-05,Fortaleza @ Athletico-PR,1X2,draw,,3.23,0.3177,0.3096,1.17,win,2.23,0.34,market_avg,False
brasileirao,2022,2022-10-05,Fortaleza @ Athletico-PR,1X2,fortaleza,,3.94,0.1983,0.2538,-9.85,lose,-1.0,0.34,market_avg,False
brasileirao,2022,2022-10-06,Internacional @ Flamengo RJ,1X2,flamengo rj,,1.39,0.5227,0.7194,-12.31,lose,-1.0,0.34,market_avg,False
brasileirao,2022,2022-10-06,Internacional @ Flamengo RJ,1X2,draw,,4.73,0.272,0.2114,12.9,win,3.7300000000000004,0.34,market_avg,True
brasileirao,2022,2022-10-06,Internacional @ Flamengo RJ,1X2,internacional,,7.94,0.2053,0.1259,28.34,lose,-1.0,0.34,market_avg,False
brasileirao,2022,2022-10-06,Atletico-MG @ Santos,1X2,santos,,3.21,0.4941,0.3115,26.37,lose,-1.0,0.34,market_avg,False
brasileirao,2022,2022-10-06,Atletico-MG @ Santos,1X2,draw,,3.04,0.316,0.3289,-1.77,lose,-1.0,0.34,market_avg,False
brasileirao,2022,2022-10-06,Atletico-MG @ Santos,1X2,atletico mg,,2.41,0.1899,0.4149,-24.4,win,1.4100000000000001,0.34,market_avg,False
brasileirao,2022,2022-10-06,Coritiba @ Palmeiras,1X2,palmeiras,,1.23,0.7322,0.813,-4.47,win,0.22999999999999998,0.334,market_avg,False
brasileirao,2022,2022-10-06,Coritiba @ Palmeiras,1X2,draw,,6.25,0.188,0.16,7.87,lose,-1.0,0.334,market_avg,True
brasileirao,2022,2022-10-06,Coritiba @ Palmeiras,1X2,coritiba,,12.04,0.0798,0.0831,-1.77,lose,-1.0,0.334,market_avg,False
brasileirao,2022,2022-10-07,Sao Paulo @ America MG,1X2,america mg,,2.67,0.3826,0.3745,0.97,lose,-1.0,0.34,market_avg,False
brasileirao,2022,2022-10-07,Sao Paulo @ America MG,1X2,draw,,3.13,0.3191,0.3195,-0.05,lose,-1.0,0.34,market_avg,False
brasileirao,2022,2022-10-07,Sao Paulo @ America MG,1X2,sao paulo,,2.74,0.2983,0.365,-8.22,win,1.7400000000000002,0.34,market_avg,False
brasileirao,2022,2022-10-07,Botafogo RJ @ Avai,1X2,avai,,2.58,0.4022,0.3876,1.7,lose,-1.0,0.334,market_avg,False
brasileirao,2022,2022-10-07,Botafogo RJ @ Avai,1X2,draw,,3.01,0.3131,0.3322,-2.59,lose,-1.0,0.334,market_avg,False
brasileirao,2022,2022-10-07,Botafogo RJ @ Avai,1X2,botafogo rj,,2.94,0.2847,0.3401,-7.33,win,1.94,0.334,market_avg,False
brasileirao,2022,2022-10-08,Flamengo RJ @ Cuiaba,1X2,cuiaba,,3.56,0.2051,0.2809,-12.14,lose,-1.0,0.334,market_avg,False
brasileirao,2022,2022-10-08,Flamengo RJ @ Cuiaba,1X2,draw,,3.15,0.3847,0.3175,9.53,lose,-1.0,0.334,market_avg,True
brasileirao,2022,2022-10-08,Flamengo RJ @ Cuiaba,1X2,flamengo rj,,2.18,0.4102,0.4587,-4.76,win,1.1800000000000002,0.334,market_avg,False
brasileirao,2022,2022-10-09,Athletico-PR @ Corinthians,1X2,corinthians,,2.16,0.4549,0.463,-0.78,win,1.1600000000000001,0.34,market_avg,False
brasileirao,2022,2022-10-09,Athletico-PR @ Corinthians,1X2,draw,,3.08,0.306,0.3247,-2.58,lose,-1.0,0.34,market_avg,False
brasileirao,2022,2022-10-09,Athletico-PR @ Corinthians,1X2,athletico pr,,3.73,0.239,0.2681,-4.88,lose,-1.0,0.34,market_avg,False
brasileirao,2022,2022-10-09,Goias @ Internacional,1X2,internacional,,1.38,0.5989,0.7246,-7.81,win,0.3799999999999999,0.34,market_avg,False
brasileirao,2022,2022-10-09,Goias @ Internacional,1X2,draw,,4.67,0.2561,0.2141,8.82,lose,-1.0,0.34,market_avg,True
brasileirao,2022,2022-10-09,Goias @ Internacional,1X2,goias,,8.24,0.145,0.1214,8.78,lose,-1.0,0.34,market_avg,False
brasileirao,2022,2022-10-09,Avai @ Fortaleza,1X2,fortaleza,,1.47,0.6002,0.6803,-5.3,win,0.47,0.334,market_avg,False
brasileirao,2022,2022-10-09,Avai @ Fortaleza,1X2,draw,,4.06,0.2621,0.2463,2.88,lose,-1.0,0.334,market_avg,False
brasileirao,2022,2022-10-09,Avai @ Fortaleza,1X2,avai,,7.63,0.1378,0.1311,2.3,lose,-1.0,0.334,market_avg,False
brasileirao,2022,2022-10-09,Botafogo RJ @ Sao Paulo,1X2,sao paulo,,1.69,0.5979,0.5917,0.47,lose,-1.0,0.34,market_avg,False
brasileirao,2022,2022-10-09,Botafogo RJ @ Sao Paulo,1X2,draw,,3.69,0.2722,0.271,0.2,lose,-1.0,0.34,market_avg,False
brasileirao,2022,2022-10-09,Botafogo RJ @ Sao Paulo,1X2,botafogo rj,,5.12,0.1299,0.1953,-15.07,win,4.12,0.34,market_avg,False
brasileirao,2022,2022-10-09,Ceara @ Atletico-MG,1X2,atletico mg,,1.44,0.4863,0.6944,-13.49,lose,-1.0,0.34,market_avg,False
brasileirao,2022,2022-10-09,Ceara @ Atletico-MG,1X2,draw,,4.22,0.3059,0.237,13.09,win,3.2199999999999998,0.34,market_avg,True
brasileirao,2022,2022-10-09,Ceara @ Atletico-MG,1X2,ceara,,8.07,0.2078,0.1239,30.46,lose,-1.0,0.34,market_avg,False
brasileirao,2022,2022-10-09,Bragantino @ Coritiba,1X2,coritiba,,2.51,0.3275,0.3984,-8.01,win,1.5099999999999998,0.334,market_avg,False
brasileirao,2022,2022-10-09,Bragantino @ Coritiba,1X2,draw,,3.1,0.2755,0.3226,-6.57,lose,-1.0,0.334,market_avg,False
brasileirao,2022,2022-10-09,Bragantino @ Coritiba,1X2,bragantino,,2.96,0.397,0.3378,7.88,lose,-1.0,0.334,market_avg,True
brasileirao,2022,2022-10-09,America MG @ Fluminense,1X2,fluminense,,1.63,0.5966,0.6135,-1.24,lose,-1.0,0.34,market_avg,False
brasileirao,2022,2022-10-09,America MG @ Fluminense,1X2,draw,,3.89,0.2575,0.2571,0.07,lose,-1.0,0.34,market_avg,False
brasileirao,2022,2022-10-09,America MG @ Fluminense,1X2,america mg,,5.44,0.1459,0.1838,-9.28,win,4.44,0.34,market_avg,False
brasileirao,2022,2022-10-10,Palmeiras @ Atletico GO,1X2,atletico go,,5.55,0.1783,0.1802,-0.47,lose,-1.0,0.34,market_avg,False
brasileirao,2022,2022-10-10,Palmeiras @ Atletico GO,1X2,draw,,3.86,0.2693,0.2591,1.78,win,2.86,0.34,market_avg,False
brasileirao,2022,2022-10-10,Palmeiras @ Atletico GO,1X2,palmeiras,,1.62,0.5524,0.6173,-4.73,lose,-1.0,0.34,market_avg,False
brasileirao,2022,2022-10-11,Juventude @ Santos,1X2,santos,,1.46,0.6718,0.6849,-0.86,win,0.45999999999999996,0.334,market_avg,False
brasileirao,2022,2022-10-11,Juventude @ Santos,1X2,draw,,4.12,0.225,0.2427,-3.29,lose,-1.0,0.334,market_avg,False
brasileirao,2022,2022-10-11,Juventude @ Santos,1X2,juventude,,7.67,0.1032,0.1304,-9.37,lose,-1.0,0.334,market_avg,False
brasileirao,2022,2022-10-16,Atletico-MG @ Flamengo RJ,1X2,flamengo rj,,2.6,0.5703,0.3846,21.72,win,1.6,0.34,market_avg,False
brasileirao,2022,2022-10-16,Atletico-MG @ Flamengo RJ,1X2,draw,,3.03,0.2541,0.33,-10.36,lose,-1.0,0.34,market_avg,False
brasileirao,2022,2022-10-16,Atletico-MG @ Flamengo RJ,1X2,atletico mg,,2.94,0.1757,0.3401,-21.76,lose,-1.0,0.34,market_avg,False
brasileirao,2022,2022-10-16,Fortaleza @ America MG,1X2,america mg,,2.14,0.4198,0.4673,-4.57,lose,-1.0,0.334,market_avg,False
brasileirao,2022,2022-10-16,Fortaleza @ America MG,1X2,draw,,3.26,0.3384,0.3067,4.64,lose,-1.0,0.334,market_avg,True
brasileirao,2022,2022-10-16,Fortaleza @ America MG,1X2,fortaleza,,3.51,0.2418,0.2849,-6.81,win,2.51,0.334,market_avg,False
brasileirao,2022,2022-10-16,Cuiaba @ Ceara,1X2,ceara,,2.02,0.4642,0.495,-2.8,lose,-1.0,0.334,market_avg,False
brasileirao,2022,2022-10-16,Cuiaba @ Ceara,1X2,draw,,3.06,0.3419,0.3268,2.08,win,2.06,0.334,market_avg,False
brasileirao,2022,2022-10-16,Cuiaba @ Ceara,1X2,cuiaba,,4.23,0.1938,0.2364,-8.11,lose,-1.0,0.334,market_avg,False
brasileirao,2022,2022-10-16,Sao Paulo @ Palmeiras,1X2,palmeiras,,1.64,0.6506,0.6098,3.01,lose,-1.0,0.34,market_avg,False
brasileirao,2022,2022-10-16,Sao Paulo @ Palmeiras,1X2,draw,,3.8,0.2261,0.2632,-6.34,win,2.8,0.34,market_avg,False
brasileirao,2022,2022-10-16,Sao Paulo @ Palmeiras,1X2,sao paulo,,5.38,0.1233,0.1859,-15.15,lose,-1.0,0.34,market_avg,False
brasileirao,2022,2022-10-16,Atletico GO @ Juventude,1X2,juventude,,2.74,0.3743,0.365,1.16,lose,-1.0,0.334,market_avg,False
brasileirao,2022,2022-10-16,Atletico GO @ Juventude,1X2,draw,,3.13,0.2858,0.3195,-4.75,win,2.13,0.334,market_avg,False
brasileirao,2022,2022-10-16,Atletico GO @ Juventude,1X2,atletico go,,2.68,0.3399,0.3731,-4.01,lose,-1.0,0.334,market_avg,False
brasileirao,2022,2022-10-16,Internacional @ Botafogo RJ,1X2,botafogo rj,,2.64,0.3148,0.3788,-7.6,lose,-1.0,0.34,market_avg,False
brasileirao,2022,2022-10-16,Internacional @ Botafogo RJ,1X2,draw,,3.09,0.3082,0.3236,-2.14,lose,-1.0,0.34,market_avg,False
brasileirao,2022,2022-10-16,Internacional @ Botafogo RJ,1X2,internacional,,2.8,0.377,0.3571,2.5,win,1.7999999999999998,0.34,market_avg,False
brasileirao,2022,2022-10-16,Coritiba @ Athletico-PR,1X2,athletico pr,,1.67,0.6025,0.5988,0.28,win,0.6699999999999999,0.334,market_avg,False
brasileirao,2022,2022-10-16,Coritiba @ Athletico-PR,1X2,draw,,3.7,0.2344,0.2703,-5.97,lose,-1.0,0.334,market_avg,False
brasileirao,2022,2022-10-16,Coritiba @ Athletico-PR,1X2,coritiba,,5.25,0.163,0.1905,-6.48,lose,-1.0,0.334,market_avg,False
brasileirao,2022,2022-10-16,Fluminense @ Avai,1X2,avai,,4.05,0.2866,0.2469,7.24,lose,-1.0,0.334,market_avg,True
brasileirao,2022,2022-10-16,Fluminense @ Avai,1X2,draw,,3.29,0.265,0.304,-5.77,lose,-1.0,0.334,market_avg,False
brasileirao,2022,2022-10-16,Fluminense @ Avai,1X2,fluminense,,1.97,0.4484,0.5076,-5.25,win,0.97,0.334,market_avg,False
brasileirao,2022,2022-10-18,Santos @ Bragantino,1X2,bragantino,,1.98,0.4108,0.5051,-8.4,lose,-1.0,0.34,market_avg,False
brasileirao,2022,2022-10-18,Santos @ Bragantino,1X2,draw,,3.2,0.2918,0.3125,-2.99,lose,-1.0,0.34,market_avg,False
brasileirao,2022,2022-10-18,Santos @ Bragantino,1X2,santos,,4.14,0.2975,0.2415,10.42,win,3.1399999999999997,0.34,market_avg,True
brasileirao,2022,2022-10-21,Coritiba @ Sao Paulo,1X2,sao paulo,,1.4,0.6505,0.7143,-4.02,win,0.3999999999999999,0.334,market_avg,False
brasileirao,2022,2022-10-21,Coritiba @ Sao Paulo,1X2,draw,,4.46,0.2157,0.2242,-1.71,lose,-1.0,0.334,market_avg,False
brasileirao,2022,2022-10-21,Coritiba @ Sao Paulo,1X2,coritiba,,8.39,0.1338,0.1192,5.5,lose,-1.0,0.334,market_avg,False
brasileirao,2022,2022-10-22,Athletico-PR @ Bragantino,1X2,bragantino,,2.12,0.4503,0.4717,-2.04,win,1.12,0.34,market_avg,False
brasileirao,2022,2022-10-22,Athletico-PR @ Bragantino,1X2,draw,,3.27,0.274,0.3058,-4.68,lose,-1.0,0.34,market_avg,False
brasileirao,2022,2022-10-22,Athletico-PR @ Bragantino,1X2,athletico pr,,3.55,0.2757,0.2817,-0.96,lose,-1.0,0.34,market_avg,False
brasileirao,2022,2022-10-22,Flamengo RJ @ America MG,1X2,america mg,,2.76,0.2994,0.3623,-7.81,lose,-1.0,0.34,market_avg,False
brasileirao,2022,2022-10-22,Flamengo RJ @ America MG,1X2,draw,,3.21,0.3181,0.3115,0.95,lose,-1.0,0.34,market_avg,False
brasileirao,2022,2022-10-22,Flamengo RJ @ America MG,1X2,flamengo rj,,2.63,0.3825,0.3802,0.27,win,1.63,0.34,market_avg,False
brasileirao,2022,2022-10-22,Corinthians @ Santos,1X2,santos,,2.59,0.4485,0.3861,7.27,lose,-1.0,0.34,market_avg,True
brasileirao,2022,2022-10-22,Corinthians @ Santos,1X2,draw,,2.86,0.3125,0.3497,-4.78,lose,-1.0,0.34,market_avg,False
brasileirao,2022,2022-10-22,Corinthians @ Santos,1X2,corinthians,,3.13,0.239,0.3195,-11.34,win,2.13,0.34,market_avg,False
brasileirao,2022,2022-10-23,Avai @ Palmeiras,1X2,palmeiras,,1.16,0.8116,0.8621,-2.63,win,0.15999999999999992,0.334,market_avg,False
brasileirao,2022,2022-10-23,Avai @ Palmeiras,1X2,draw,,7.47,0.1407,0.1339,2.28,lose,-1.0,0.334,market_avg,False
brasileirao,2022,2022-10-23,Avai @ Palmeiras,1X2,avai,,17.28,0.0477,0.0579,-7.91,lose,-1.0,0.334,market_avg,False
brasileirao,2022,2022-10-23,Botafogo RJ @ Fluminense,1X2,fluminense,,1.86,0.5726,0.5376,2.93,lose,-1.0,0.34,market_avg,False
brasileirao,2022,2022-10-23,Botafogo RJ @ Fluminense,1X2,draw,,3.43,0.2486,0.2915,-6.63,win,2.43,0.34,market_avg,False
brasileirao,2022,2022-10-23,Botafogo RJ @ Fluminense,1X2,botafogo rj,,4.4,0.1788,0.2273,-9.6,lose,-1.0,0.34,market_avg,False
brasileirao,2022,2022-10-23,Sao Paulo @ Juventude,1X2,juventude,,4.43,0.2586,0.2257,6.56,lose,-1.0,0.334,market_avg,True
brasileirao,2022,2022-10-23,Sao Paulo @ Juventude,1X2,draw,,3.43,0.2962,0.2915,0.72,lose,-1.0,0.334,market_avg,False
brasileirao,2022,2022-10-23,Sao Paulo @ Juventude,1X2,sao paulo,,1.85,0.4451,0.5405,-7.94,win,0.8500000000000001,0.334,market_avg,False
brasileirao,2022,2022-10-23,Ceara @ Atletico GO,1X2,atletico go,,2.27,0.3753,0.4405,-6.67,win,1.27,0.34,market_avg,False
brasileirao,2022,2022-10-23,Ceara @ Atletico GO,1X2,draw,,3.18,0.3154,0.3145,0.13,lose,-1.0,0.34,market_avg,False
brasileirao,2022,2022-10-23,Ceara @ Atletico GO,1X2,ceara,,3.27,0.3094,0.3058,0.52,lose,-1.0,0.34,market_avg,False
brasileirao,2022,2022-10-23,Internacional @ Coritiba,1X2,coritiba,,3.99,0.1535,0.2506,-17.44,lose,-1.0,0.334,market_avg,False
brasileirao,2022,2022-10-23,Internacional @ Coritiba,1X2,draw,,3.39,0.2618,0.295,-5.07,win,2.39,0.334,market_avg,False
brasileirao,2022,2022-10-23,Internacional @ Coritiba,1X2,internacional,,1.95,0.5847,0.5128,6.31,lose,-1.0,0.334,market_avg,True
brasileirao,2022,2022-10-23,Goias @ Cuiaba,1X2,cuiaba,,1.71,0.3924,0.5848,-14.8,lose,-1.0,0.334,market_avg,False
brasileirao,2022,2022-10-23,Goias @ Cuiaba,1X2,draw,,3.57,0.3302,0.2801,8.04,lose,-1.0,0.334,market_avg,True
brasileirao,2022,2022-10-23,Goias @ Cuiaba,1X2,goias,,5.1,0.2774,0.1961,18.66,win,4.1,0.334,market_avg,True
brasileirao,2022,2022-10-25,Atletico-MG @ Fortaleza,1X2,fortaleza,,2.4,0.4141,0.4167,-0.27,lose,-1.0,0.34,market_avg,False
brasileirao,2022,2022-10-25,Atletico-MG @ Fortaleza,1X2,draw,,2.97,0.3159,0.3367,-2.78,win,1.9700000000000002,0.34,market_avg,False
brasileirao,2022,2022-10-25,Atletico-MG @ Fortaleza,1X2,atletico mg,,3.27,0.2699,0.3058,-5.28,lose,-1.0,0.34,market_avg,False
brasileirao,2022,2022-10-26,Palmeiras @ Athletico-PR,1X2,athletico pr,,6.1,0.2429,0.1639,21.68,lose,-1.0,0.34,market_avg,True
brasileirao,2022,2022-10-26,Palmeiras @ Athletico-PR,1X2,draw,,3.8,0.3056,0.2632,7.25,lose,-1.0,0.34,market_avg,True
brasileirao,2022,2022-10-26,Palmeiras @ Athletico-PR,1X2,palmeiras,,1.59,0.4515,0.6289,-12.69,win,0.5900000000000001,0.34,market_avg,False
brasileirao,2022,2022-10-26,Santos @ Flamengo RJ,1X2,flamengo rj,,1.38,0.5343,0.7246,-11.82,win,0.3799999999999999,0.34,market_avg,False
brasileirao,2022,2022-10-26,Santos @ Flamengo RJ,1X2,draw,,4.72,0.2777,0.2119,13.98,lose,-1.0,0.34,market_avg,True
brasileirao,2022,2022-10-26,Santos @ Flamengo RJ,1X2,santos,,8.17,0.188,0.1224,24.13,lose,-1.0,0.34,market_avg,False
brasileirao,2022,2022-10-26,Bragantino @ Botafogo RJ,1X2,botafogo rj,,2.29,0.4143,0.4367,-2.31,win,1.29,0.334,market_avg,False
brasileirao,2022,2022-10-26,Bragantino @ Botafogo RJ,1X2,draw,,3.19,0.2902,0.3135,-3.34,lose,-1.0,0.334,market_avg,False
brasileirao,2022,2022-10-26,Bragantino @ Botafogo RJ,1X2,bragantino,,3.22,0.2955,0.3106,-2.18,lose,-1.0,0.334,market_avg,False
brasileirao,2022,2022-10-27,Fluminense @ Corinthians,1X2,corinthians,,2.23,0.4638,0.4484,1.54,lose,-1.0,0.34,market_avg,False
brasileirao,2022,2022-10-27,Fluminense @ Corinthians,1X2,draw,,3.09,0.2742,0.3236,-6.87,lose,-1.0,0.34,market_avg,False
brasileirao,2022,2022-10-27,Fluminense @ Corinthians,1X2,fluminense,,3.49,0.262,0.2865,-3.85,win,2.49,0.34,market_avg,False
brasileirao,2022,2022-10-27,America MG @ Goias,1X2,goias,,2.94,0.4228,0.3401,10.93,lose,-1.0,0.334,market_avg,True
brasileirao,2022,2022-10-27,America MG @ Goias,1X2,draw,,3.15,0.3139,0.3175,-0.5,win,2.15,0.334,market_avg,False
brasileirao,2022,2022-10-27,America MG @ Goias,1X2,america mg,,2.47,0.2633,0.4049,-15.73,lose,-1.0,0.334,market_avg,False
brasileirao,2022,2022-10-27,Ceara @ Internacional,1X2,internacional,,1.63,0.6011,0.6135,-0.91,win,0.6299999999999999,0.34,market_avg,False
brasileirao,2022,2022-10-27,Ceara @ Internacional,1X2,draw,,3.72,0.2639,0.2688,-0.82,lose,-1.0,0.34,market_avg,False
brasileirao,2022,2022-10-27,Ceara @ Internacional,1X2,ceara,,5.65,0.135,0.177,-10.68,lose,-1.0,0.34,market_avg,False
brasileirao,2022,2022-10-27,Coritiba @ Fortaleza,1X2,fortaleza,,1.45,0.5883,0.6897,-6.62,win,0.44999999999999996,0.334,market_avg,False
brasileirao,2022,2022-10-27,Coritiba @ Fortaleza,1X2,draw,,4.33,0.2723,0.2309,8.05,lose,-1.0,0.334,market_avg,True
brasileirao,2022,2022-10-27,Coritiba @ Fortaleza,1X2,coritiba,,7.05,0.1395,0.1418,-0.76,lose,-1.0,0.334,market_avg,False
brasileirao,2022,2022-10-27,Atletico GO @ Sao Paulo,1X2,sao paulo,,1.64,0.6136,0.6098,0.28,win,0.6399999999999999,0.34,market_avg,False
brasileirao,2022,2022-10-27,Atletico GO @ Sao Paulo,1X2,draw,,3.84,0.2359,0.2604,-4.23,lose,-1.0,0.34,market_avg,False
brasileirao,2022,2022-10-27,Atletico GO @ Sao Paulo,1X2,atletico go,,5.31,0.1505,0.1883,-9.04,lose,-1.0,0.34,market_avg,False
brasileirao,2022,2022-10-27,Juventude @ Atletico-MG,1X2,atletico mg,,1.2,0.6635,0.8333,-9.17,win,0.19999999999999996,0.334,market_avg,False
brasileirao,2022,2022-10-27,Juventude @ Atletico-MG,1X2,draw,,6.52,0.2249,0.1534,20.99,lose,-1.0,0.334,market_avg,False
brasileirao,2022,2022-10-27,Juventude @ Atletico-MG,1X2,juventude,,13.96,0.1116,0.0716,25.09,lose,-1.0,0.334,market_avg,False
brasileirao,2022,2022-10-28,Avai @ Cuiaba,1X2,cuiaba,,1.84,0.4989,0.5435,-3.69,win,0.8400000000000001,0.334,market_avg,False
brasileirao,2022,2022-10-28,Avai @ Cuiaba,1X2,draw,,3.38,0.3029,0.2959,1.07,lose,-1.0,0.334,market_avg,False
brasileirao,2022,2022-10-28,Avai @ Cuiaba,1X2,avai,,4.52,0.1982,0.2212,-4.69,lose,-1.0,0.334,market_avg,False
brasileirao,2022,2022-10-29,Corinthians @ Goias,1X2,goias,,2.79,0.3417,0.3584,-2.1,lose,-1.0,0.34,market_avg,False
brasileirao,2022,2022-10-29,Corinthians @ Goias,1X2,draw,,3.0,0.3598,0.3333,3.57,win,2.0,0.34,market_avg,True
brasileirao,2022,2022-10-29,Corinthians @ Goias,1X2,corinthians,,2.73,0.2985,0.3663,-8.32,lose,-1.0,0.34,market_avg,False
brasileirao,2022,2022-10-31,Fluminense @ Ceara,1X2,ceara,,3.3,0.3334,0.303,4.51,lose,-1.0,0.34,market_avg,True
brasileirao,2022,2022-10-31,Fluminense @ Ceara,1X2,draw,,3.19,0.2995,0.3135,-2.0,lose,-1.0,0.34,market_avg,False
brasileirao,2022,2022-10-31,Fluminense @ Ceara,1X2,fluminense,,2.26,0.3671,0.4425,-7.67,win,1.2599999999999998,0.34,market_avg,False
brasileirao,2022,2022-11-01,Cuiaba @ Botafogo RJ,1X2,botafogo rj,,1.86,0.4847,0.5376,-4.43,lose,-1.0,0.334,market_avg,False
brasileirao,2022,2022-11-01,Cuiaba @ Botafogo RJ,1X2,draw,,3.28,0.3193,0.3049,2.12,lose,-1.0,0.334,market_avg,False
brasileirao,2022,2022-11-01,Cuiaba @ Botafogo RJ,1X2,cuiaba,,4.64,0.196,0.2155,-4.07,win,3.6399999999999997,0.334,market_avg,False
brasileirao,2022,2022-11-02,Atletico-MG @ Sao Paulo,1X2,sao paulo,,2.5,0.4812,0.4,9.13,lose,-1.0,0.34,market_avg,True
brasileirao,2022,2022-11-02,Atletico-MG @ Sao Paulo,1X2,draw,,2.96,0.2881,0.3378,-6.62,win,1.96,0.34,market_avg,False
brasileirao,2022,2022-11-02,Atletico-MG @ Sao Paulo,1X2,atletico mg,,3.13,0.2307,0.3195,-12.51,lose,-1.0,0.34,market_avg,False
brasileirao,2022,2022-11-02,Internacional @ America MG,1X2,america mg,,2.39,0.2915,0.4184,-13.65,win,1.3900000000000001,0.34,market_avg,False
brasileirao,2022,2022-11-02,Internacional @ America MG,1X2,draw,,3.21,0.3163,0.3115,0.69,lose,-1.0,0.34,market_avg,False
brasileirao,2022,2022-11-02,Internacional @ America MG,1X2,internacional,,3.05,0.3922,0.3279,8.83,lose,-1.0,0.34,market_avg,True
brasileirao,2022,2022-11-02,Goias @ Athletico-PR,1X2,athletico pr,,1.58,0.5298,0.6329,-7.33,win,0.5800000000000001,0.34,market_avg,False
brasileirao,2022,2022-11-02,Goias @ Athletico-PR,1X2,draw,,3.96,0.2727,0.2525,3.59,lose,-1.0,0.34,market_avg,True
brasileirao,2022,2022-11-02,Goias @ Athletico-PR,1X2,goias,,5.76,0.1975,0.1736,6.19,lose,-1.0,0.34,market_avg,True
brasileirao,2022,2022-11-02,Santos @ Atletico GO,1X2,atletico go,,1.97,0.3081,0.5076,-17.69,lose,-1.0,0.34,market_avg,False
brasileirao,2022,2022-11-02,Santos @ Atletico GO,1X2,draw,,3.33,0.3018,0.3003,0.22,lose,-1.0,0.34,market_avg,False
brasileirao,2022,2022-11-02,Santos @ Atletico GO,1X2,santos,,3.99,0.3901,0.2506,25.04,win,2.99,0.34,market_avg,True
brasileirao,2022,2022-11-02,Bragantino @ Avai,1X2,avai,,3.35,0.303,0.2985,0.68,lose,-1.0,0.334,market_avg,False
brasileirao,2022,2022-11-02,Bragantino @ Avai,1X2,draw,,3.24,0.2715,0.3086,-5.42,lose,-1.0,0.334,market_avg,False
brasileirao,2022,2022-11-02,Bragantino @ Avai,1X2,bragantino,,2.21,0.4255,0.4525,-2.69,win,1.21,0.334,market_avg,False
brasileirao,2022,2022-11-02,Coritiba @ Juventude,1X2,juventude,,2.54,0.3797,0.3937,-1.6,lose,-1.0,0.334,market_avg,False
brasileirao,2022,2022-11-02,Coritiba @ Juventude,1X2,draw,,3.15,0.2832,0.3175,-4.85,lose,-1.0,0.334,market_avg,False
brasileirao,2022,2022-11-02,Coritiba @ Juventude,1X2,coritiba,,2.88,0.3371,0.3472,-1.32,win,1.88,0.334,market_avg,False
brasileirao,2022,2022-11-03,Corinthians @ Flamengo RJ,1X2,flamengo rj,,1.7,0.5823,0.5882,-0.45,lose,-1.0,0.34,market_avg,False
brasileirao,2022,2022-11-03,Corinthians @ Flamengo RJ,1X2,draw,,3.63,0.2685,0.2755,-1.14,lose,-1.0,0.34,market_avg,False
brasileirao,2022,2022-11-03,Corinthians @ Flamengo RJ,1X2,corinthians,,5.12,0.1492,0.1953,-10.63,win,4.12,0.34,market_avg,False
brasileirao,2022,2022-11-03,Fortaleza @ Palmeiras,1X2,palmeiras,,1.45,0.6494,0.6897,-2.63,win,0.44999999999999996,0.34,market_avg,False
brasileirao,2022,2022-11-03,Fortaleza @ Palmeiras,1X2,draw,,4.55,0.2412,0.2198,4.39,lose,-1.0,0.34,market_avg,True
brasileirao,2022,2022-11-03,Fortaleza @ Palmeiras,1X2,fortaleza,,6.85,0.1094,0.146,-11.28,lose,-1.0,0.34,market_avg,False
brasileirao,2022,2022-11-05,Sao Paulo @ Fluminense,1X2,fluminense,,2.06,0.5277,0.4854,3.92,win,1.06,0.34,market_avg,True
brasileirao,2022,2022-11-05,Sao Paulo @ Fluminense,1X2,draw,,3.48,0.2535,0.2874,-5.31,lose,-1.0,0.34,market_avg,False
brasileirao,2022,2022-11-05,Sao Paulo @ Fluminense,1X2,sao paulo,,3.56,0.2188,0.2809,-9.94,lose,-1.0,0.34,market_avg,False
brasileirao,2022,2022-11-05,Avai @ Santos,1X2,santos,,1.38,0.6795,0.7246,-2.8,lose,-1.0,0.334,market_avg,False
brasileirao,2022,2022-11-05,Avai @ Santos,1X2,draw,,4.56,0.2253,0.2193,1.23,win,3.5599999999999996,0.334,market_avg,False
brasileirao,2022,2022-11-05,Avai @ Santos,1X2,avai,,8.85,0.0952,0.113,-7.09,lose,-1.0,0.334,market_avg,False
brasileirao,2022,2022-11-05,America MG @ Bragantino,1X2,bragantino,,2.0,0.4662,0.5,-3.04,lose,-1.0,0.334,market_avg,False
brasileirao,2022,2022-11-05,America MG @ Bragantino,1X2,draw,,3.49,0.3015,0.2865,2.36,lose,-1.0,0.334,market_avg,False
brasileirao,2022,2022-11-05,America MG @ Bragantino,1X2,america mg,,3.69,0.2323,0.271,-6.43,win,2.69,0.334,market_avg,False
brasileirao,2022,2022-11-05,Juventude @ Goias,1X2,goias,,1.68,0.603,0.5952,0.58,win,0.6799999999999999,0.334,market_avg,False
brasileirao,2022,2022-11-05,Juventude @ Goias,1X2,draw,,3.75,0.2602,0.2667,-1.1,lose,-1.0,0.334,market_avg,False
brasileirao,2022,2022-11-05,Juventude @ Goias,1X2,juventude,,5.15,0.1369,0.1942,-13.28,lose,-1.0,0.334,market_avg,False
brasileirao,2022,2022-11-05,Ceara @ Corinthians,1X2,corinthians,,1.87,0.4259,0.5348,-9.16,win,0.8700000000000001,0.34,market_avg,False
brasileirao,2022,2022-11-05,Ceara @ Corinthians,1X2,draw,,3.26,0.3566,0.3067,7.31,lose,-1.0,0.34,market_avg,True
brasileirao,2022,2022-11-05,Ceara @ Corinthians,1X2,ceara,,4.56,0.2175,0.2193,-0.37,lose,-1.0,0.34,market_avg,False
brasileirao,2022,2022-11-06,Athletico-PR @ Internacional,1X2,internacional,,1.9,0.6086,0.5263,7.04,win,0.8999999999999999,0.34,market_avg,True
brasileirao,2022,2022-11-06,Athletico-PR @ Internacional,1X2,draw,,3.45,0.2355,0.2899,-8.45,lose,-1.0,0.34,market_avg,False
brasileirao,2022,2022-11-06,Athletico-PR @ Internacional,1X2,athletico pr,,4.21,0.1559,0.2375,-15.46,lose,-1.0,0.34,market_avg,False
brasileirao,2022,2022-11-06,Flamengo RJ @ Coritiba,1X2,coritiba,,3.5,0.2427,0.2857,-6.77,win,2.5,0.334,market_avg,False
brasileirao,2022,2022-11-06,Flamengo RJ @ Coritiba,1X2,draw,,3.28,0.267,0.3049,-5.59,lose,-1.0,0.334,market_avg,False
brasileirao,2022,2022-11-06,Flamengo RJ @ Coritiba,1X2,flamengo rj,,2.14,0.4903,0.4673,2.21,lose,-1.0,0.334,market_avg,False
brasileirao,2022,2022-11-06,Atletico GO @ Fortaleza,1X2,fortaleza,,1.68,0.5178,0.5952,-5.85,lose,-1.0,0.34,market_avg,False
brasileirao,2022,2022-11-06,Atletico GO @ Fortaleza,1X2,draw,,3.81,0.2794,0.2625,2.9,win,2.81,0.34,market_avg,False
brasileirao,2022,2022-11-06,Atletico GO @ Fortaleza,1X2,atletico go,,5.07,0.2027,0.1972,1.25,lose,-1.0,0.34,market_avg,False
brasileirao,2022,2022-11-06,Palmeiras @ Cuiaba,1X2,cuiaba,,3.68,0.1756,0.2717,-15.92,lose,-1.0,0.334,market_avg,False
brasileirao,2022,2022-11-06,Palmeiras @ Cuiaba,1X2,draw,,3.38,0.3257,0.2959,4.54,win,2.38,0.334,market_avg,True
brasileirao,2022,2022-11-06,Palmeiras @ Cuiaba,1X2,palmeiras,,2.04,0.4988,0.4902,0.79,lose,-1.0,0.334,market_avg,False
brasileirao,2022,2022-11-07,Botafogo RJ @ Atletico-MG,1X2,atletico mg,,1.61,0.5011,0.6211,-8.69,lose,-1.0,0.34,market_avg,False
brasileirao,2022,2022-11-07,Botafogo RJ @ Atletico-MG,1X2,draw,,3.77,0.295,0.2653,5.05,lose,-1.0,0.34,market_avg,True
brasileirao,2022,2022-11-07,Botafogo RJ @ Atletico-MG,1X2,botafogo rj,,5.84,0.2039,0.1712,8.58,win,4.84,0.34,market_avg,True
brasileirao,2022,2022-11-09,Internacional @ Sao Paulo,1X2,sao paulo,,1.87,0.3865,0.5348,-12.48,lose,-1.0,0.34,market_avg,False
brasileirao,2022,2022-11-09,Internacional @ Sao Paulo,1X2,draw,,3.5,0.3216,0.2857,5.65,lose,-1.0,0.34,market_avg,True
brasileirao,2022,2022-11-09,Internacional @ Sao Paulo,1X2,internacional,,4.26,0.2918,0.2347,10.94,win,3.26,0.34,market_avg,True
brasileirao,2022,2022-11-09,Ceara @ Avai,1X2,avai,,4.05,0.2796,0.2469,5.96,win,3.05,0.334,market_avg,True
brasileirao,2022,2022-11-09,Ceara @ Avai,1X2,draw,,3.33,0.3452,0.3003,6.73,lose,-1.0,0.334,market_avg,True
brasileirao,2022,2022-11-09,Ceara @ Avai,1X2,ceara,,1.96,0.3752,0.5102,-11.91,lose,-1.0,0.334,market_avg,False
brasileirao,2022,2022-11-09,Corinthians @ Coritiba,1X2,coritiba,,2.82,0.2287,0.3546,-15.98,lose,-1.0,0.334,market_avg,False
brasileirao,2022,2022-11-09,Corinthians @ Coritiba,1X2,draw,,2.96,0.3363,0.3378,-0.21,win,1.96,0.334,market_avg,False
brasileirao,2022,2022-11-09,Corinthians @ Coritiba,1X2,corinthians,,2.73,0.435,0.3663,8.44,lose,-1.0,0.334,market_avg,True
brasileirao,2022,2022-11-09,Goias @ Fluminense,1X2,fluminense,,1.36,0.6565,0.7353,-4.82,win,0.3600000000000001,0.34,market_avg,False
brasileirao,2022,2022-11-09,Goias @ Fluminense,1X2,draw,,5.03,0.2148,0.1988,3.62,lose,-1.0,0.34,market_avg,False
brasileirao,2022,2022-11-09,Goias @ Fluminense,1X2,goias,,7.82,0.1287,0.1279,0.29,lose,-1.0,0.34,market_avg,False
brasileirao,2022,2022-11-09,Bragantino @ Fortaleza,1X2,fortaleza,,1.81,0.4345,0.5525,-9.61,win,0.81,0.34,market_avg,False
brasileirao,2022,2022-11-09,Bragantino @ Fortaleza,1X2,draw,,3.58,0.3063,0.2793,4.35,lose,-1.0,0.34,market_avg,True
brasileirao,2022,2022-11-09,Bragantino @ Fortaleza,1X2,bragantino,,4.39,0.2591,0.2278,6.19,lose,-1.0,0.34,market_avg,True
brasileirao,2022,2022-11-10,Athletico-PR @ Atletico GO,1X2,atletico go,,2.1,0.3872,0.4762,-8.41,lose,-1.0,0.34,market_avg,False
brasileirao,2022,2022-11-10,Athletico-PR @ Atletico GO,1X2,draw,,3.39,0.2769,0.295,-2.76,win,2.39,0.34,market_avg,False
brasileirao,2022,2022-11-10,Athletico-PR @ Atletico GO,1X2,athletico pr,,3.46,0.3359,0.289,7.3,lose,-1.0,0.34,market_avg,True
brasileirao,2022,2022-11-10,Flamengo RJ @ Juventude,1X2,juventude,,5.45,0.1788,0.1835,-1.15,lose,-1.0,0.334,market_avg,False
brasileirao,2022,2022-11-10,Flamengo RJ @ Juventude,1X2,draw,,3.75,0.2631,0.2667,-0.6,win,2.75,0.334,market_avg,False
brasileirao,2022,2022-11-10,Flamengo RJ @ Juventude,1X2,flamengo rj,,1.64,0.5581,0.6098,-3.81,lose,-1.0,0.334,market_avg,False
brasileirao,2022,2022-11-10,America MG @ Palmeiras,1X2,palmeiras,,1.52,0.6425,0.6579,-1.05,win,0.52,0.34,market_avg,False
brasileirao,2022,2022-11-10,America MG @ Palmeiras,1X2,draw,,4.5,0.2492,0.2222,5.47,lose,-1.0,0.34,market_avg,True
brasileirao,2022,2022-11-10,America MG @ Palmeiras,1X2,america mg,,5.59,0.1082,0.1789,-17.77,lose,-1.0,0.34,market_avg,False
brasileirao,2022,2022-11-10,Cuiaba @ Atletico-MG,1X2,atletico mg,,1.46,0.4643,0.6849,-14.49,win,0.45999999999999996,0.334,market_avg,False
brasileirao,2022,2022-11-10,Cuiaba @ Atletico-MG,1X2,draw,,4.17,0.3349,0.2398,17.83,lose,-1.0,0.334,market_avg,True
brasileirao,2022,2022-11-10,Cuiaba @ Atletico-MG,1X2,cuiaba,,7.25,0.2008,0.1379,20.52,lose,-1.0,0.334,market_avg,False
brasileirao,2022,2022-11-10,Santos @ Botafogo RJ,1X2,botafogo rj,,2.21,0.343,0.4525,-10.89,win,1.21,0.34,market_avg,False
brasileirao,2022,2022-11-10,Santos @ Botafogo RJ,1X2,draw,,3.24,0.3295,0.3086,3.05,lose,-1.0,0.34,market_avg,True
brasileirao,2022,2022-11-10,Santos @ Botafogo RJ,1X2,santos,,3.37,0.3275,0.2967,4.66,lose,-1.0,0.34,market_avg,True
brasileirao,2022,2022-11-12,Avai @ Flamengo RJ,1X2,flamengo rj,,1.16,0.7734,0.8621,-4.63,lose,-1.0,0.334,market_avg,False
brasileirao,2022,2022-11-12,Avai @ Flamengo RJ,1X2,draw,,7.56,0.175,0.1323,14.53,lose,-1.0,0.334,market_avg,False
brasileirao,2022,2022-11-12,Avai @ Flamengo RJ,1X2,avai,,16.07,0.0516,0.0622,-7.66,win,15.07,0.334,market_avg,False
brasileirao,2022,2022-11-13,Atletico GO @ America MG,1X2,america mg,,1.59,0.598,0.6289,-2.21,lose,-1.0,0.334,market_avg,False
brasileirao,2022,2022-11-13,Atletico GO @ America MG,1X2,draw,,4.21,0.2783,0.2375,7.72,win,3.21,0.334,market_avg,True
brasileirao,2022,2022-11-13,Atletico GO @ America MG,1X2,atletico go,,5.14,0.1237,0.1946,-16.38,lose,-1.0,0.334,market_avg,False
brasileirao,2022,2022-11-13,Botafogo RJ @ Athletico-PR,1X2,athletico pr,,2.18,0.4225,0.4587,-3.55,win,1.1800000000000002,0.34,market_avg,False
brasileirao,2022,2022-11-13,Botafogo RJ @ Athletico-PR,1X2,draw,,3.26,0.3384,0.3067,4.65,lose,-1.0,0.34,market_avg,True
brasileirao,2022,2022-11-13,Botafogo RJ @ Athletico-PR,1X2,botafogo rj,,3.38,0.239,0.2959,-8.64,lose,-1.0,0.34,market_avg,False
brasileirao,2022,2022-11-13,Fluminense @ Bragantino,1X2,bragantino,,2.4,0.3318,0.4167,-9.16,lose,-1.0,0.34,market_avg,False
brasileirao,2022,2022-11-13,Fluminense @ Bragantino,1X2,draw,,3.53,0.2473,0.2833,-5.72,lose,-1.0,0.34,market_avg,False
brasileirao,2022,2022-11-13,Fluminense @ Bragantino,1X2,fluminense,,2.76,0.4209,0.3623,7.27,win,1.7599999999999998,0.34,market_avg,True
brasileirao,2022,2022-11-13,Juventude @ Ceara,1X2,ceara,,1.67,0.5946,0.5988,-0.32,win,0.6699999999999999,0.334,market_avg,False
brasileirao,2022,2022-11-13,Juventude @ Ceara,1X2,draw,,3.84,0.2817,0.2604,3.67,lose,-1.0,0.334,market_avg,True
brasileirao,2022,2022-11-13,Juventude @ Ceara,1X2,juventude,,4.98,0.1238,0.2008,-17.26,lose,-1.0,0.334,market_avg,False
brasileirao,2022,2022-11-13,Atletico-MG @ Corinthians,1X2,corinthians,,3.06,0.5257,0.3268,27.39,lose,-1.0,0.34,market_avg,False
brasileirao,2022,2022-11-13,Atletico-MG @ Corinthians,1X2,draw,,3.07,0.3186,0.3257,-0.99,lose,-1.0,0.34,market_avg,False
brasileirao,2022,2022-11-13,Atletico-MG @ Corinthians,1X2,atletico mg,,2.45,0.1557,0.4082,-27.84,win,1.4500000000000002,0.34,market_avg,False
brasileirao,2022,2022-11-13,Coritiba @ Cuiaba,1X2,cuiaba,,1.94,0.4158,0.5155,-8.7,win,0.94,0.334,market_avg,False
brasileirao,2022,2022-11-13,Coritiba @ Cuiaba,1X2,draw,,3.37,0.353,0.2967,8.53,lose,-1.0,0.334,market_avg,True
brasileirao,2022,2022-11-13,Coritiba @ Cuiaba,1X2,coritiba,,4.0,0.2312,0.25,-3.38,lose,-1.0,0.334,market_avg,False
brasileirao,2022,2022-11-13,Sao Paulo @ Goias,1X2,goias,,4.85,0.3654,0.2062,34.76,lose,-1.0,0.34,market_avg,False
brasileirao,2022,2022-11-13,Sao Paulo @ Goias,1X2,draw,,3.78,0.2855,0.2646,3.57,lose,-1.0,0.34,market_avg,True
brasileirao,2022,2022-11-13,Sao Paulo @ Goias,1X2,sao paulo,,1.69,0.349,0.5917,-18.46,win,0.69,0.34,market_avg,False
brasileirao,2022,2022-11-13,Palmeiras @ Internacional,1X2,internacional,,2.49,0.344,0.4016,-6.45,win,1.4900000000000002,0.34,market_avg,False
brasileirao,2022,2022-11-13,Palmeiras @ Internacional,1X2,draw,,3.45,0.3657,0.2899,11.77,lose,-1.0,0.34,market_avg,True
brasileirao,2022,2022-11-13,Palmeiras @ Internacional,1X2,palmeiras,,2.72,0.2903,0.3676,-9.47,lose,-1.0,0.34,market_avg,False
brasileirao,2022,2022-11-13,Fortaleza @ Santos,1X2,santos,,3.2,0.4507,0.3125,19.9,lose,-1.0,0.34,market_avg,True
brasileirao,2022,2022-11-13,Fortaleza @ Santos,1X2,draw,,3.3,0.3235,0.303,3.04,lose,-1.0,0.34,market_avg,True
brasileirao,2022,2022-11-13,Fortaleza @ Santos,1X2,fortaleza,,2.24,0.2258,0.4464,-22.23,win,1.2400000000000002,0.34,market_avg,False
ligamx,2023,2023-09-02,Mazatlan FC @ Juarez,1X2,juarez,,1.99,0.5814,0.5025,7.06,win,0.99,0.34,market_avg,True
ligamx,2023,2023-09-02,Mazatlan FC @ Juarez,1X2,draw,,3.48,0.2464,0.2874,-6.42,lose,-1.0,0.34,market_avg,False
ligamx,2023,2023-09-02,Mazatlan FC @ Juarez,1X2,mazatlan,,3.58,0.1722,0.2793,-17.25,lose,-1.0,0.34,market_avg,False
ligamx,2023,2023-09-03,Necaxa @ Club Leon,1X2,leon,,1.41,0.5797,0.7092,-8.22,lose,-1.0,0.34,market_avg,False
ligamx,2023,2023-09-03,Necaxa @ Club Leon,1X2,draw,,4.58,0.2521,0.2183,6.96,win,3.58,0.34,market_avg,True
ligamx,2023,2023-09-03,Necaxa @ Club Leon,1X2,necaxa,,7.05,0.1681,0.1418,8.33,lose,-1.0,0.34,market_avg,False
ligamx,2023,2023-09-03,UNAM Pumas @ Santos Laguna,1X2,santos laguna,,1.86,0.3994,0.5376,-11.57,win,0.8600000000000001,0.34,market_avg,False
ligamx,2023,2023-09-03,UNAM Pumas @ Santos Laguna,1X2,draw,,3.85,0.269,0.2597,1.6,lose,-1.0,0.34,market_avg,False
ligamx,2023,2023-09-03,UNAM Pumas @ Santos Laguna,1X2,unam pumas,,3.65,0.3316,0.274,9.47,lose,-1.0,0.34,market_avg,True
ligamx,2023,2023-09-03,Pachuca @ Toluca,1X2,toluca,,2.19,0.4583,0.4566,0.17,win,1.19,0.34,market_avg,False
ligamx,2023,2023-09-03,Pachuca @ Toluca,1X2,draw,,3.6,0.3304,0.2778,8.52,lose,-1.0,0.34,market_avg,True
ligamx,2023,2023-09-03,Pachuca @ Toluca,1X2,pachuca,,2.94,0.2113,0.3401,-17.05,lose,-1.0,0.34,market_avg,False
ligamx,2023,2023-09-04,Atlas @ Atl. San Luis,1X2,atl san luis,,2.49,0.4356,0.4016,3.81,win,1.4900000000000002,0.34,market_avg,True
ligamx,2023,2023-09-04,Atlas @ Atl. San Luis,1X2,draw,,3.22,0.3245,0.3106,2.02,lose,-1.0,0.34,market_avg,False
ligamx,2023,2023-09-04,Atlas @ Atl. San Luis,1X2,atlas,,2.79,0.2399,0.3584,-14.88,lose,-1.0,0.34,market_avg,False
ligamx,2023,2023-09-16,Cruz Azul @ Mazatlan FC,1X2,mazatlan,,3.32,0.4567,0.3012,23.23,lose,-1.0,0.34,market_avg,False
ligamx,2023,2023-09-16,Cruz Azul @ Mazatlan FC,1X2,draw,,3.51,0.2841,0.2849,-0.12,win,2.51,0.34,market_avg,False
ligamx,2023,2023-09-16,Cruz Azul @ Mazatlan FC,1X2,cruz azul,,2.06,0.2592,0.4854,-20.97,lose,-1.0,0.34,market_avg,False
ligamx,2023,2023-09-16,Toluca @ Club Tijuana,1X2,tijuana,,2.51,0.2575,0.3984,-15.91,win,1.5099999999999998,0.34,market_avg,False
ligamx,2023,2023-09-16,Toluca @ Club Tijuana,1X2,draw,,3.6,0.2916,0.2778,2.25,lose,-1.0,0.34,market_avg,False
ligamx,2023,2023-09-16,Toluca @ Club Tijuana,1X2,toluca,,2.52,0.4508,0.3968,6.12,lose,-1.0,0.34,market_avg,True
ligamx,2023,2023-09-17,Juarez @ Necaxa,1X2,necaxa,,2.88,0.2329,0.3472,-14.82,lose,-1.0,0.34,market_avg,False
ligamx,2023,2023-09-17,Juarez @ Necaxa,1X2,draw,,3.22,0.2637,0.3106,-6.79,win,2.22,0.34,market_avg,False
ligamx,2023,2023-09-17,Juarez @ Necaxa,1X2,juarez,,2.42,0.5034,0.4132,9.82,lose,-1.0,0.34,market_avg,True
ligamx,2023,2023-09-17,Club Leon @ Monterrey,1X2,monterrey,,1.89,0.5359,0.5291,0.58,win,0.8899999999999999,0.34,market_avg,False
ligamx,2023,2023-09-17,Club Leon @ Monterrey,1X2,draw,,3.64,0.2689,0.2747,-0.95,lose,-1.0,0.34,market_avg,False
ligamx,2023,2023-09-17,Club Leon @ Monterrey,1X2,leon,,3.75,0.1952,0.2667,-12.06,lose,-1.0,0.34,market_avg,False
ligamx,2023,2023-09-17,Guadalajara Chivas @ Club America,1X2,america,,1.72,0.4767,0.5814,-8.1,win,0.72,0.34,market_avg,False
ligamx,2023,2023-09-17,Guadalajara Chivas @ Club America,1X2,draw,,3.75,0.2534,0.2667,-2.24,lose,-1.0,0.34,market_avg,False
ligamx,2023,2023-09-17,Guadalajara Chivas @ Club America,1X2,guadalajara chivas,,4.49,0.2699,0.2227,9.53,lose,-1.0,0.34,market_avg,True
ligamx,2023,2023-09-17,Atl. San Luis @ UNAM Pumas,1X2,unam pumas,,1.91,0.2801,0.5236,-20.93,win,0.9099999999999999,0.34,market_avg,False
ligamx,2023,2023-09-17,Atl. San Luis @ UNAM Pumas,1X2,draw,,3.71,0.2606,0.2695,-1.5,lose,-1.0,0.34,market_avg,False
ligamx,2023,2023-09-17,Atl. San Luis @ UNAM Pumas,1X2,atl san luis,,3.58,0.4594,0.2793,29.01,lose,-1.0,0.34,market_avg,False
ligamx,2023,2023-09-18,Puebla @ Queretaro,1X2,queretaro,,1.92,0.4283,0.5208,-7.99,lose,-1.0,0.34,market_avg,False
ligamx,2023,2023-09-18,Puebla @ Queretaro,1X2,draw,,3.66,0.2711,0.2732,-0.35,win,2.66,0.34,market_avg,False
ligamx,2023,2023-09-18,Puebla @ Queretaro,1X2,puebla,,3.6,0.3006,0.2778,3.69,lose,-1.0,0.34,market_avg,True
ligamx,2023,2023-09-18,Tigres UANL @ Atlas,1X2,atlas,,2.94,0.3251,0.3401,-1.99,win,1.94,0.34,market_avg,False
ligamx,2023,2023-09-18,Tigres UANL @ Atlas,1X2,draw,,3.09,0.3338,0.3236,1.41,lose,-1.0,0.34,market_avg,False
ligamx,2023,2023-09-18,Tigres UANL @ Atlas,1X2,tigres uanl,,2.45,0.3411,0.4082,-7.39,lose,-1.0,0.34,market_avg,False
ligamx,2023,2023-09-19,Santos Laguna @ Pachuca,1X2,pachuca,,2.14,0.3188,0.4673,-14.3,win,1.1400000000000001,0.34,market_avg,False
ligamx,2023,2023-09-19,Santos Laguna @ Pachuca,1X2,draw,,3.68,0.2733,0.2717,0.26,lose,-1.0,0.34,market_avg,False
ligamx,2023,2023-09-19,Santos Laguna @ Pachuca,1X2,santos laguna,,3.0,0.4079,0.3333,10.07,lose,-1.0,0.34,market_avg,True
ligamx,2023,2023-09-21,Club America @ Queretaro,1X2,queretaro,,4.51,0.2514,0.2217,6.03,lose,-1.0,0.34,market_avg,True
ligamx,2023,2023-09-21,Club America @ Queretaro,1X2,draw,,3.98,0.2495,0.2513,-0.31,lose,-1.0,0.34,market_avg,False
ligamx,2023,2023-09-21,Club America @ Queretaro,1X2,america,,1.67,0.4991,0.5988,-7.5,win,0.6699999999999999,0.34,market_avg,False
ligamx,2023,2023-09-23,Mazatlan FC @ Atl. San Luis,1X2,atl san luis,,1.57,0.7086,0.6369,5.06,win,0.5700000000000001,0.34,market_avg,False
ligamx,2023,2023-09-23,Mazatlan FC @ Atl. San Luis,1X2,draw,,4.28,0.1842,0.2336,-9.53,lose,-1.0,0.34,market_avg,False
ligamx,2023,2023-09-23,Mazatlan FC @ Atl. San Luis,1X2,mazatlan,,5.04,0.1072,0.1984,-20.68,lose,-1.0,0.34,market_avg,False
ligamx,2023,2023-09-23,Atlas @ Juarez,1X2,juarez,,2.6,0.4644,0.3846,9.33,lose,-1.0,0.34,market_avg,True
ligamx,2023,2023-09-23,Atlas @ Juarez,1X2,draw,,3.04,0.3095,0.3289,-2.66,lose,-1.0,0.34,market_avg,False
ligamx,2023,2023-09-23,Atlas @ Juarez,1X2,atlas,,2.8,0.2261,0.3571,-16.51,win,1.7999999999999998,0.34,market_avg,False
ligamx,2023,2023-09-23,UNAM Pumas @ Puebla,1X2,puebla,,3.39,0.4757,0.295,27.56,lose,-1.0,0.34,market_avg,False
ligamx,2023,2023-09-23,UNAM Pumas @ Puebla,1X2,draw,,3.82,0.2579,0.2618,-0.67,lose,-1.0,0.34,market_avg,False
ligamx,2023,2023-09-23,UNAM Pumas @ Puebla,1X2,unam pumas,,1.95,0.2664,0.5128,-21.62,win,0.95,0.34,market_avg,False
ligamx,2023,2023-09-24,Club Tijuana @ Club Leon,1X2,leon,,1.44,0.5017,0.6944,-12.49,win,0.43999999999999995,0.34,market_avg,False
ligamx,2023,2023-09-24,Club Tijuana @ Club Leon,1X2,draw,,4.62,0.2564,0.2165,8.31,lose,-1.0,0.34,market_avg,True
ligamx,2023,2023-09-24,Club Tijuana @ Club Leon,1X2,tijuana,,6.18,0.2418,0.1618,22.25,lose,-1.0,0.34,market_avg,True
ligamx,2023,2023-09-24,Pachuca @ Guadalajara Chivas,1X2,guadalajara chivas,,2.15,0.6214,0.4651,15.12,lose,-1.0,0.34,market_avg,False
ligamx,2023,2023-09-24,Pachuca @ Guadalajara Chivas,1X2,draw,,3.3,0.2208,0.303,-12.2,win,2.3,0.34,market_avg,False
ligamx,2023,2023-09-24,Pachuca @ Guadalajara Chivas,1X2,pachuca,,3.32,0.1577,0.3012,-21.44,lose,-1.0,0.34,market_avg,False
ligamx,2023,2023-09-24,Monterrey @ Tigres UANL,1X2,tigres uanl,,2.41,0.476,0.4149,6.63,win,1.4100000000000001,0.34,market_avg,True
ligamx,2023,2023-09-24,Monterrey @ Tigres UANL,1X2,draw,,3.19,0.2747,0.3135,-5.57,lose,-1.0,0.34,market_avg,False
ligamx,2023,2023-09-24,Monterrey @ Tigres UANL,1X2,monterrey,,2.87,0.2493,0.3484,-12.8,lose,-1.0,0.34,market_avg,False
ligamx,2023,2023-09-24,Club America @ Toluca,1X2,toluca,,2.97,0.5135,0.3367,23.63,lose,-1.0,0.34,market_avg,False
ligamx,2023,2023-09-24,Club America @ Toluca,1X2,draw,,3.69,0.2722,0.271,0.2,win,2.69,0.34,market_avg,False
ligamx,2023,2023-09-24,Club America @ Toluca,1X2,america,,2.16,0.2143,0.463,-24.17,lose,-1.0,0.34,market_avg,False
ligamx,2023,2023-09-24,Queretaro @ Cruz Azul,1X2,cruz azul,,1.68,0.5729,0.5952,-1.69,lose,-1.0,0.34,market_avg,False
ligamx,2023,2023-09-24,Queretaro @ Cruz Azul,1X2,draw,,3.77,0.2483,0.2653,-2.88,lose,-1.0,0.34,market_avg,False
ligamx,2023,2023-09-24,Queretaro @ Cruz Azul,1X2,queretaro,,4.77,0.1788,0.2096,-6.62,win,3.7699999999999996,0.34,market_avg,False
ligamx,2023,2023-09-25,Necaxa @ Santos Laguna,1X2,santos laguna,,1.4,0.6047,0.7143,-6.9,lose,-1.0,0.34,market_avg,False
ligamx,2023,2023-09-25,Necaxa @ Santos Laguna,1X2,draw,,4.85,0.23,0.2062,5.2,lose,-1.0,0.34,market_avg,True
ligamx,2023,2023-09-25,Necaxa @ Santos Laguna,1X2,necaxa,,6.54,0.1653,0.1529,3.64,win,5.54,0.34,market_avg,False
ligamx,2023,2023-09-27,Mazatlan FC @ Guadalajara Chivas,1X2,guadalajara chivas,,1.44,0.5193,0.6944,-11.35,lose,-1.0,0.34,market_avg,False
ligamx,2023,2023-09-27,Mazatlan FC @ Guadalajara Chivas,1X2,draw,,4.47,0.2684,0.2237,8.99,lose,-1.0,0.34,market_avg,True
ligamx,2023,2023-09-27,Mazatlan FC @ Guadalajara Chivas,1X2,mazatlan,,6.5,0.2122,0.1538,17.07,win,5.5,0.34,market_avg,True
ligamx,2023,2023-09-29,Puebla @ Atlas,1X2,atlas,,1.53,0.5502,0.6536,-7.12,lose,-1.0,0.34,market_avg,False
ligamx,2023,2023-09-29,Puebla @ Atlas,1X2,draw,,4.16,0.2929,0.2404,9.83,lose,-1.0,0.34,market_avg,True
ligamx,2023,2023-09-29,Puebla @ Atlas,1X2,puebla,,5.65,0.1569,0.177,-5.12,win,4.65,0.34,market_avg,False
ligamx,2023,2023-09-30,Club Leon @ Queretaro,1X2,queretaro,,3.19,0.4031,0.3135,12.87,lose,-1.0,0.34,market_avg,True
ligamx,2023,2023-09-30,Club Leon @ Queretaro,1X2,draw,,3.37,0.2692,0.2967,-4.18,win,2.37,0.34,market_avg,False
ligamx,2023,2023-09-30,Club Leon @ Queretaro,1X2,leon,,2.17,0.3277,0.4608,-13.0,lose,-1.0,0.34,market_avg,False
ligamx,2023,2023-09-30,Cruz Azul @ Atl. San Luis,1X2,atl san luis,,2.4,0.7262,0.4167,33.43,lose,-1.0,0.34,market_avg,False
ligamx,2023,2023-09-30,Cruz Azul @ Atl. San Luis,1X2,draw,,3.51,0.1626,0.2849,-19.31,lose,-1.0,0.34,market_avg,False
ligamx,2023,2023-09-30,Cruz Azul @ Atl. San Luis,1X2,cruz azul,,2.73,0.1112,0.3663,-31.34,win,1.73,0.34,market_avg,False
ligamx,2023,2023-09-30,Juarez @ Club Tijuana,1X2,tijuana,,2.19,0.3042,0.4566,-15.02,win,1.19,0.34,market_avg,False
ligamx,2023,2023-09-30,Juarez @ Club Tijuana,1X2,draw,,3.27,0.2653,0.3058,-5.96,lose,-1.0,0.34,market_avg,False
ligamx,2023,2023-09-30,Juarez @ Club Tijuana,1X2,juarez,,3.23,0.4304,0.3096,17.56,lose,-1.0,0.34,market_avg,True
ligamx,2023,2023-10-01,Necaxa @ Pachuca,1X2,pachuca,,1.72,0.3711,0.5814,-16.28,lose,-1.0,0.34,market_avg,False
ligamx,2023,2023-10-01,Necaxa @ Pachuca,1X2,draw,,3.75,0.2861,0.2667,3.29,win,2.75,0.34,market_avg,False
ligamx,2023,2023-10-01,Necaxa @ Pachuca,1X2,necaxa,,4.48,0.3427,0.2232,24.1,lose,-1.0,0.34,market_avg,True
ligamx,2023,2023-10-01,UNAM Pumas @ Club America,1X2,america,,1.72,0.6054,0.5814,1.86,win,0.72,0.34,market_avg,False
ligamx,2023,2023-10-01,UNAM Pumas @ Club America,1X2,draw,,3.92,0.2123,0.2551,-7.56,lose,-1.0,0.34,market_avg,False
ligamx,2023,2023-10-01,UNAM Pumas @ Club America,1X2,unam pumas,,4.29,0.1824,0.2331,-9.8,lose,-1.0,0.34,market_avg,False
ligamx,2023,2023-10-01,Tigres UANL @ Mazatlan FC,1X2,mazatlan,,3.58,0.2488,0.2793,-4.92,lose,-1.0,0.34,market_avg,False
ligamx,2023,2023-10-01,Tigres UANL @ Mazatlan FC,1X2,draw,,3.54,0.2593,0.2825,-3.69,lose,-1.0,0.34,market_avg,False
ligamx,2023,2023-10-01,Tigres UANL @ Mazatlan FC,1X2,tigres uanl,,1.96,0.4919,0.5102,-1.61,win,0.96,0.34,market_avg,False
ligamx,2023,2023-10-02,Guadalajara Chivas @ Toluca,1X2,toluca,,2.08,0.5625,0.4808,7.65,lose,-1.0,0.34,market_avg,True
ligamx,2023,2023-10-02,Guadalajara Chivas @ Toluca,1X2,draw,,3.51,0.2582,0.2849,-4.22,win,2.51,0.34,market_avg,False
ligamx,2023,2023-10-02,Guadalajara Chivas @ Toluca,1X2,guadalajara chivas,,3.28,0.1793,0.3049,-18.53,lose,-1.0,0.34,market_avg,False
ligamx,2023,2023-10-04,Monterrey @ Puebla,1X2,puebla,,4.38,0.3682,0.2283,27.57,lose,-1.0,0.34,market_avg,True
ligamx,2023,2023-10-04,Monterrey @ Puebla,1X2,draw,,3.86,0.282,0.2591,3.98,win,2.86,0.34,market_avg,True
ligamx,2023,2023-10-04,Monterrey @ Puebla,1X2,monterrey,,1.71,0.3498,0.5848,-18.08,lose,-1.0,0.34,market_avg,False
ligamx,2023,2023-10-04,Pachuca @ Club America,1X2,america,,1.54,0.7339,0.6494,5.86,win,0.54,0.34,market_avg,False
ligamx,2023,2023-10-04,Pachuca @ Club America,1X2,draw,,4.25,0.1836,0.2353,-9.88,lose,-1.0,0.34,market_avg,False
ligamx,2023,2023-10-04,Pachuca @ Club America,1X2,pachuca,,5.43,0.0825,0.1842,-24.85,lose,-1.0,0.34,market_avg,False
ligamx,2023,2023-10-05,Cruz Azul @ Necaxa,1X2,necaxa,,3.28,0.497,0.3049,28.35,lose,-1.0,0.34,market_avg,False
ligamx,2023,2023-10-05,Cruz Azul @ Necaxa,1X2,draw,,3.42,0.2537,0.2924,-5.95,lose,-1.0,0.34,market_avg,False
ligamx,2023,2023-10-05,Cruz Azul @ Necaxa,1X2,cruz azul,,2.11,0.2493,0.4739,-21.33,win,1.1099999999999999,0.34,market_avg,False
ligamx,2023,2023-10-05,Queretaro @ UNAM Pumas,1X2,unam pumas,,1.82,0.5412,0.5495,-0.68,win,0.8200000000000001,0.34,market_avg,False
ligamx,2023,2023-10-05,Queretaro @ UNAM Pumas,1X2,draw,,3.62,0.2409,0.2762,-5.75,lose,-1.0,0.34,market_avg,False
ligamx,2023,2023-10-05,Queretaro @ UNAM Pumas,1X2,queretaro,,4.08,0.2179,0.2451,-4.99,lose,-1.0,0.34,market_avg,False
ligamx,2023,2023-10-05,Club Tijuana @ Santos Laguna,1X2,santos laguna,,1.63,0.4493,0.6135,-12.04,win,0.6299999999999999,0.34,market_avg,False
ligamx,2023,2023-10-05,Club Tijuana @ Santos Laguna,1X2,draw,,4.14,0.2356,0.2415,-1.11,lose,-1.0,0.34,market_avg,False
ligamx,2023,2023-10-05,Club Tijuana @ Santos Laguna,1X2,tijuana,,4.6,0.3151,0.2174,20.22,lose,-1.0,0.34,market_avg,True
ligamx,2023,2023-10-05,Toluca @ Tigres UANL,1X2,tigres uanl,,1.54,0.5437,0.6494,-7.32,lose,-1.0,0.34,market_avg,False
ligamx,2023,2023-10-05,Toluca @ Tigres UANL,1X2,draw,,4.2,0.2656,0.2381,5.21,win,3.2,0.34,market_avg,True
ligamx,2023,2023-10-05,Toluca @ Tigres UANL,1X2,toluca,,5.47,0.1907,0.1828,1.93,lose,-1.0,0.34,market_avg,False
ligamx,2023,2023-10-07,Club America @ Mazatlan FC,1X2,mazatlan,,4.64,0.2697,0.2155,11.31,lose,-1.0,0.34,market_avg,True
ligamx,2023,2023-10-07,Club America @ Mazatlan FC,1X2,draw,,4.15,0.2655,0.241,4.58,lose,-1.0,0.34,market_avg,True
ligamx,2023,2023-10-07,Club America @ Mazatlan FC,1X2,america,,1.63,0.4649,0.6135,-10.9,win,0.6299999999999999,0.34,market_avg,False
ligamx,2023,2023-10-08,Juarez @ Monterrey,1X2,monterrey,,1.45,0.4833,0.6897,-13.46,win,0.44999999999999996,0.34,market_avg,False
ligamx,2023,2023-10-08,Juarez @ Monterrey,1X2,draw,,4.44,0.2512,0.2252,5.19,lose,-1.0,0.34,market_avg,True
ligamx,2023,2023-10-08,Juarez @ Monterrey,1X2,juarez,,6.35,0.2654,0.1575,30.85,lose,-1.0,0.34,market_avg,True
ligamx,2023,2023-10-08,Atlas @ Guadalajara Chivas,1X2,guadalajara chivas,,2.43,0.3584,0.4115,-5.8,win,1.4300000000000002,0.34,market_avg,False
ligamx,2023,2023-10-08,Atlas @ Guadalajara Chivas,1X2,draw,,3.0,0.3153,0.3333,-2.44,lose,-1.0,0.34,market_avg,False
ligamx,2023,2023-10-08,Atlas @ Guadalajara Chivas,1X2,atlas,,3.07,0.3263,0.3257,0.07,lose,-1.0,0.34,market_avg,False
ligamx,2023,2023-10-08,Tigres UANL @ Pachuca,1X2,pachuca,,2.84,0.176,0.3521,-22.51,lose,-1.0,0.34,market_avg,False
ligamx,2023,2023-10-08,Tigres UANL @ Pachuca,1X2,draw,,3.42,0.2602,0.2924,-4.95,win,2.42,0.34,market_avg,False
ligamx,2023,2023-10-08,Tigres UANL @ Pachuca,1X2,tigres uanl,,2.35,0.5638,0.4255,14.62,lose,-1.0,0.34,market_avg,True
ligamx,2023,2023-10-08,UNAM Pumas @ Cruz Azul,1X2,cruz azul,,2.28,0.384,0.4386,-5.6,lose,-1.0,0.34,market_avg,False
ligamx,2023,2023-10-08,UNAM Pumas @ Cruz Azul,1X2,draw,,3.6,0.2747,0.2778,-0.5,lose,-1.0,0.34,market_avg,False
ligamx,2023,2023-10-08,UNAM Pumas @ Cruz Azul,1X2,unam pumas,,2.83,0.3413,0.3534,-1.53,win,1.83,0.34,market_avg,False
ligamx,2023,2023-10-08,Queretaro @ Toluca,1X2,toluca,,1.61,0.6177,0.6211,-0.25,win,0.6100000000000001,0.34,market_avg,False
ligamx,2023,2023-10-08,Queretaro @ Toluca,1X2,draw,,4.11,0.2433,0.2433,-0.0,lose,-1.0,0.34,market_avg,False
ligamx,2023,2023-10-08,Queretaro @ Toluca,1X2,queretaro,,4.83,0.1389,0.207,-14.81,lose,-1.0,0.34,market_avg,False
ligamx,2023,2023-10-09,Puebla @ Necaxa,1X2,necaxa,,2.16,0.4197,0.463,-4.21,lose,-1.0,0.34,market_avg,False
ligamx,2023,2023-10-09,Puebla @ Necaxa,1X2,draw,,3.52,0.276,0.2841,-1.28,lose,-1.0,0.34,market_avg,False
ligamx,2023,2023-10-09,Puebla @ Necaxa,1X2,puebla,,3.08,0.3044,0.3247,-2.82,win,2.08,0.34,market_avg,False
ligamx,2023,2023-10-09,Club Leon @ Santos Laguna,1X2,santos laguna,,2.16,0.4652,0.463,0.22,lose,-1.0,0.34,market_avg,False
ligamx,2023,2023-10-09,Club Leon @ Santos Laguna,1X2,draw,,3.85,0.2466,0.2597,-2.28,lose,-1.0,0.34,market_avg,False
ligamx,2023,2023-10-09,Club Leon @ Santos Laguna,1X2,leon,,2.86,0.2882,0.3497,-7.91,win,1.8599999999999999,0.34,market_avg,False
ligamx,2023,2023-10-09,Atl. San Luis @ Club Tijuana,1X2,tijuana,,1.92,0.3605,0.5208,-13.85,win,0.9199999999999999,0.34,market_avg,False
ligamx,2023,2023-10-09,Atl. San Luis @ Club Tijuana,1X2,draw,,3.67,0.2482,0.2725,-4.01,lose,-1.0,0.34,market_avg,False
ligamx,2023,2023-10-09,Atl. San Luis @ Club Tijuana,1X2,atl san luis,,3.57,0.3913,0.2801,17.86,lose,-1.0,0.34,market_avg,True
ligamx,2023,2023-10-21,Mazatlan FC @ Atlas,1X2,atlas,,1.66,0.5052,0.6024,-7.26,lose,-1.0,0.34,market_avg,False
ligamx,2023,2023-10-21,Mazatlan FC @ Atlas,1X2,draw,,3.96,0.265,0.2525,2.22,lose,-1.0,0.34,market_avg,False
ligamx,2023,2023-10-21,Mazatlan FC @ Atlas,1X2,mazatlan,,4.78,0.2298,0.2092,4.43,win,3.7800000000000002,0.34,market_avg,True
ligamx,2023,2023-10-21,Pachuca @ Juarez,1X2,juarez,,2.37,0.6489,0.4219,24.21,lose,-1.0,0.34,market_avg,False
ligamx,2023,2023-10-21,Pachuca @ Juarez,1X2,draw,,3.31,0.2037,0.3021,-14.66,lose,-1.0,0.34,market_avg,False
ligamx,2023,2023-10-21,Pachuca @ Juarez,1X2,pachuca,,2.89,0.1474,0.346,-25.83,win,1.8900000000000001,0.34,market_avg,False
ligamx,2023,2023-10-21,Guadalajara Chivas @ Puebla,1X2,puebla,,3.52,0.415,0.2841,20.74,lose,-1.0,0.34,market_avg,True
ligamx,2023,2023-10-21,Guadalajara Chivas @ Puebla,1X2,draw,,3.53,0.2733,0.2833,-1.59,lose,-1.0,0.34,market_avg,False
ligamx,2023,2023-10-21,Guadalajara Chivas @ Puebla,1X2,guadalajara chivas,,1.99,0.3118,0.5025,-17.08,win,0.99,0.34,market_avg,False
ligamx,2023,2023-10-22,Toluca @ Club Leon,1X2,leon,,1.93,0.3482,0.5181,-14.75,win,0.9299999999999999,0.34,market_avg,False
ligamx,2023,2023-10-22,Toluca @ Club Leon,1X2,draw,,3.68,0.2949,0.2717,3.83,lose,-1.0,0.34,market_avg,True
ligamx,2023,2023-10-22,Toluca @ Club Leon,1X2,toluca,,3.55,0.3569,0.2817,12.01,lose,-1.0,0.34,market_avg,True
ligamx,2023,2023-10-22,Santos Laguna @ Club America,1X2,america,,1.35,0.7295,0.7407,-0.68,win,0.3500000000000001,0.34,market_avg,False
ligamx,2023,2023-10-22,Santos Laguna @ Club America,1X2,draw,,5.18,0.1617,0.1931,-7.31,lose,-1.0,0.34,market_avg,False
ligamx,2023,2023-10-22,Santos Laguna @ Club America,1X2,santos laguna,,7.16,0.1088,0.1397,-9.93,lose,-1.0,0.34,market_avg,False
ligamx,2023,2023-10-22,Club Tijuana @ Queretaro,1X2,queretaro,,2.04,0.3277,0.4902,-14.92,win,1.04,0.34,market_avg,False
ligamx,2023,2023-10-22,Club Tijuana @ Queretaro,1X2,draw,,3.38,0.2572,0.2959,-5.88,lose,-1.0,0.34,market_avg,False
ligamx,2023,2023-10-22,Club Tijuana @ Queretaro,1X2,tijuana,,3.51,0.4151,0.2849,20.57,lose,-1.0,0.34,market_avg,True
ligamx,2023,2023-10-22,Cruz Azul @ Tigres UANL,1X2,tigres uanl,,1.58,0.7017,0.6329,4.89,win,0.5800000000000001,0.34,market_avg,False
ligamx,2023,2023-10-22,Cruz Azul @ Tigres UANL,1X2,draw,,4.12,0.1746,0.2427,-12.64,lose,-1.0,0.34,market_avg,False
ligamx,2023,2023-10-22,Cruz Azul @ Tigres UANL,1X2,cruz azul,,5.07,0.1238,0.1972,-16.76,lose,-1.0,0.34,market_avg,False
ligamx,2023,2023-10-22,Monterrey @ UNAM Pumas,1X2,unam pumas,,2.29,0.4675,0.4367,3.17,lose,-1.0,0.34,market_avg,True
ligamx,2023,2023-10-22,Monterrey @ UNAM Pumas,1X2,draw,,3.49,0.2595,0.2865,-4.25,lose,-1.0,0.34,market_avg,False
ligamx,2023,2023-10-22,Monterrey @ UNAM Pumas,1X2,monterrey,,2.89,0.273,0.346,-9.49,win,1.8900000000000001,0.34,market_avg,False
ligamx,2023,2023-10-23,Necaxa @ Atl. San Luis,1X2,atl san luis,,1.72,0.6467,0.5814,5.05,win,0.72,0.34,market_avg,True
ligamx,2023,2023-10-23,Necaxa @ Atl. San Luis,1X2,draw,,3.93,0.1996,0.2545,-9.7,lose,-1.0,0.34,market_avg,False
ligamx,2023,2023-10-23,Necaxa @ Atl. San Luis,1X2,necaxa,,4.25,0.1537,0.2353,-15.6,lose,-1.0,0.34,market_avg,False
ligamx,2023,2023-10-25,Atlas @ Club Leon,1X2,leon,,1.75,0.4648,0.5714,-8.4,lose,-1.0,0.34,market_avg,False
ligamx,2023,2023-10-25,Atlas @ Club Leon,1X2,draw,,3.68,0.2987,0.2717,4.46,win,2.68,0.34,market_avg,True
ligamx,2023,2023-10-25,Atlas @ Club Leon,1X2,atlas,,4.43,0.2365,0.2257,2.15,lose,-1.0,0.34,market_avg,False
ligamx,2023,2023-10-26,Club Tijuana @ Monterrey,1X2,monterrey,,1.55,0.5361,0.6452,-7.61,win,0.55,0.34,market_avg,False
ligamx,2023,2023-10-26,Club Tijuana @ Monterrey,1X2,draw,,4.24,0.2587,0.2358,4.36,lose,-1.0,0.34,market_avg,True
ligamx,2023,2023-10-26,Club Tijuana @ Monterrey,1X2,tijuana,,5.33,0.2052,0.1876,4.22,lose,-1.0,0.34,market_avg,False
ligamx,2023,2023-10-26,Atl. San Luis @ Juarez,1X2,juarez,,2.46,0.356,0.4065,-5.59,win,1.46,0.34,market_avg,False
ligamx,2023,2023-10-26,Atl. San Luis @ Juarez,1X2,draw,,3.39,0.2406,0.295,-8.3,lose,-1.0,0.34,market_avg,False
ligamx,2023,2023-10-26,Atl. San Luis @ Juarez,1X2,atl san luis,,2.71,0.4034,0.369,4.19,lose,-1.0,0.34,market_avg,True
ligamx,2023,2023-10-28,UNAM Pumas @ Necaxa,1X2,necaxa,,3.94,0.2685,0.2538,2.61,win,2.94,0.34,market_avg,False
ligamx,2023,2023-10-28,UNAM Pumas @ Necaxa,1X2,draw,,3.82,0.2583,0.2618,-0.6,lose,-1.0,0.34,market_avg,False
ligamx,2023,2023-10-28,UNAM Pumas @ Necaxa,1X2,unam pumas,,1.8,0.4732,0.5556,-6.67,lose,-1.0,0.34,market_avg,False
ligamx,2023,2023-10-28,Queretaro @ Mazatlan FC,1X2,mazatlan,,2.25,0.5436,0.4444,10.04,win,1.25,0.34,market_avg,True
ligamx,2023,2023-10-28,Queretaro @ Mazatlan FC,1X2,draw,,3.38,0.2351,0.2959,-9.25,lose,-1.0,0.34,market_avg,False
ligamx,2023,2023-10-28,Queretaro @ Mazatlan FC,1X2,queretaro,,3.01,0.2214,0.3322,-15.02,lose,-1.0,0.34,market_avg,False
ligamx,2023,2023-10-29,Club Leon @ Cruz Azul,1X2,cruz azul,,2.17,0.3714,0.4608,-8.73,win,1.17,0.34,market_avg,False
ligamx,2023,2023-10-29,Club Leon @ Cruz Azul,1X2,draw,,3.51,0.2851,0.2849,0.03,lose,-1.0,0.34,market_avg,False
ligamx,2023,2023-10-29,Club Leon @ Cruz Azul,1X2,leon,,3.06,0.3435,0.3268,2.3,lose,-1.0,0.34,market_avg,False
ligamx,2023,2023-10-29,Tigres UANL @ Guadalajara Chivas,1X2,guadalajara chivas,,2.83,0.3622,0.3534,1.13,lose,-1.0,0.34,market_avg,False
ligamx,2023,2023-10-29,Tigres UANL @ Guadalajara Chivas,1X2,draw,,3.2,0.2684,0.3125,-6.34,lose,-1.0,0.34,market_avg,False
ligamx,2023,2023-10-29,Tigres UANL @ Guadalajara Chivas,1X2,tigres uanl,,2.45,0.3693,0.4082,-4.28,win,1.4500000000000002,0.34,market_avg,False
ligamx,2023,2023-10-29,Puebla @ Pachuca,1X2,pachuca,,1.58,0.3454,0.6329,-20.44,lose,-1.0,0.34,market_avg,False
ligamx,2023,2023-10-29,Puebla @ Pachuca,1X2,draw,,4.19,0.2962,0.2387,10.84,win,3.1900000000000004,0.34,market_avg,True
ligamx,2023,2023-10-29,Puebla @ Pachuca,1X2,puebla,,4.93,0.3585,0.2028,34.53,lose,-1.0,0.34,market_avg,False
ligamx,2023,2023-10-29,Club America @ Monterrey,1X2,monterrey,,2.27,0.321,0.4405,-12.21,lose,-1.0,0.34,market_avg,False
ligamx,2023,2023-10-29,Club America @ Monterrey,1X2,draw,,3.56,0.2826,0.2809,0.27,lose,-1.0,0.34,market_avg,False
ligamx,2023,2023-10-29,Club America @ Monterrey,1X2,america,,2.84,0.3965,0.3521,5.67,win,1.8399999999999999,0.34,market_avg,True
ligamx,2023,2023-10-29,Atl. San Luis @ Toluca,1X2,toluca,,1.64,0.5204,0.6098,-6.6,win,0.6399999999999999,0.34,market_avg,False
ligamx,2023,2023-10-29,Atl. San Luis @ Toluca,1X2,draw,,4.25,0.259,0.2353,4.53,lose,-1.0,0.34,market_avg,True
ligamx,2023,2023-10-29,Atl. San Luis @ Toluca,1X2,atl san luis,,4.4,0.2207,0.2273,-1.31,lose,-1.0,0.34,market_avg,False
ligamx,2023,2023-10-30,Juarez @ Santos Laguna,1X2,santos laguna,,1.66,0.4338,0.6024,-12.59,win,0.6599999999999999,0.34,market_avg,False
ligamx,2023,2023-10-30,Juarez @ Santos Laguna,1X2,draw,,4.05,0.2199,0.2469,-4.93,lose,-1.0,0.34,market_avg,False
ligamx,2023,2023-10-30,Juarez @ Santos Laguna,1X2,juarez,,4.52,0.3463,0.2212,25.44,lose,-1.0,0.34,market_avg,True
ligamx,2023,2023-10-30,Atlas @ Club Tijuana,1X2,tijuana,,2.01,0.4464,0.4975,-4.63,win,1.0099999999999998,0.34,market_avg,False
ligamx,2023,2023-10-30,Atlas @ Club Tijuana,1X2,draw,,3.29,0.2771,0.304,-3.98,lose,-1.0,0.34,market_avg,False
ligamx,2023,2023-10-30,Atlas @ Club Tijuana,1X2,atlas,,3.71,0.2765,0.2695,1.17,lose,-1.0,0.34,market_avg,False
ligamx,2023,2023-11-01,Guadalajara Chivas @ Queretaro,1X2,queretaro,,2.76,0.3589,0.3623,-0.42,lose,-1.0,0.34,market_avg,False
ligamx,2023,2023-11-01,Guadalajara Chivas @ Queretaro,1X2,draw,,3.14,0.2771,0.3185,-5.85,lose,-1.0,0.34,market_avg,False
ligamx,2023,2023-11-01,Guadalajara Chivas @ Queretaro,1X2,guadalajara chivas,,2.55,0.364,0.3922,-3.23,win,1.5499999999999998,0.34,market_avg,False
ligamx,2023,2023-11-01,Puebla @ Toluca,1X2,toluca,,1.45,0.597,0.6897,-6.05,lose,-1.0,0.34,market_avg,False
ligamx,2023,2023-11-01,Puebla @ Toluca,1X2,draw,,4.67,0.2556,0.2141,8.72,lose,-1.0,0.34,market_avg,True
ligamx,2023,2023-11-01,Puebla @ Toluca,1X2,puebla,,5.93,0.1474,0.1686,-5.66,win,4.93,0.34,market_avg,False
ligamx,2023,2023-11-01,UNAM Pumas @ Club Leon,1X2,leon,,1.81,0.3233,0.5525,-18.67,lose,-1.0,0.34,market_avg,False
ligamx,2023,2023-11-01,UNAM Pumas @ Club Leon,1X2,draw,,3.74,0.32,0.2674,8.86,win,2.74,0.34,market_avg,True
ligamx,2023,2023-11-01,UNAM Pumas @ Club Leon,1X2,unam pumas,,3.99,0.3567,0.2506,19.04,lose,-1.0,0.34,market_avg,True
ligamx,2023,2023-11-01,Necaxa @ Monterrey,1X2,monterrey,,1.28,0.5547,0.7812,-13.05,win,0.28,0.34,market_avg,False
ligamx,2023,2023-11-01,Necaxa @ Monterrey,1X2,draw,,5.4,0.2608,0.1852,18.37,lose,-1.0,0.34,market_avg,True
ligamx,2023,2023-11-01,Necaxa @ Monterrey,1X2,necaxa,,9.34,0.1845,0.1071,32.55,lose,-1.0,0.34,market_avg,False
ligamx,2023,2023-11-02,Pachuca @ Atlas,1X2,atlas,,2.37,0.4777,0.4219,5.94,lose,-1.0,0.34,market_avg,True
ligamx,2023,2023-11-02,Pachuca @ Atlas,1X2,draw,,3.2,0.2995,0.3125,-1.87,lose,-1.0,0.34,market_avg,False
ligamx,2023,2023-11-02,Pachuca @ Atlas,1X2,pachuca,,2.96,0.2228,0.3378,-15.32,win,1.96,0.34,market_avg,False
ligamx,2023,2023-11-02,Juarez @ Cruz Azul,1X2,cruz azul,,1.63,0.4951,0.6135,-8.68,win,0.6299999999999999,0.34,market_avg,False
ligamx,2023,2023-11-02,Juarez @ Cruz Azul,1X2,draw,,3.94,0.2367,0.2538,-3.03,lose,-1.0,0.34,market_avg,False
ligamx,2023,2023-11-02,Juarez @ Cruz Azul,1X2,juarez,,4.89,0.2682,0.2045,14.02,lose,-1.0,0.34,market_avg,True
ligamx,2023,2023-11-02,Club America @ Atl. San Luis,1X2,atl san luis,,4.42,0.3152,0.2262,17.69,lose,-1.0,0.34,market_avg,True
ligamx,2023,2023-11-02,Club America @ Atl. San Luis,1X2,draw,,3.94,0.2367,0.2538,-3.03,lose,-1.0,0.34,market_avg,False
ligamx,2023,2023-11-02,Club America @ Atl. San Luis,1X2,america,,1.69,0.4481,0.5917,-10.92,win,0.69,0.34,market_avg,False
ligamx,2023,2023-11-02,Tigres UANL @ Club Tijuana,1X2,tijuana,,3.18,0.2119,0.3145,-14.68,win,2.18,0.34,market_avg,False
ligamx,2023,2023-11-02,Tigres UANL @ Club Tijuana,1X2,draw,,3.27,0.2591,0.3058,-6.88,lose,-1.0,0.34,market_avg,False
ligamx,2023,2023-11-02,Tigres UANL @ Club Tijuana,1X2,tigres uanl,,2.22,0.5291,0.4505,7.85,lose,-1.0,0.34,market_avg,True
ligamx,2023,2023-11-02,Santos Laguna @ Mazatlan FC,1X2,mazatlan,,2.77,0.5268,0.361,20.67,win,1.77,0.34,market_avg,False
ligamx,2023,2023-11-02,Santos Laguna @ Mazatlan FC,1X2,draw,,3.5,0.2154,0.2857,-11.07,lose,-1.0,0.34,market_avg,False
ligamx,2023,2023-11-02,Santos Laguna @ Mazatlan FC,1X2,santos laguna,,2.36,0.2577,0.4237,-17.63,lose,-1.0,0.34,market_avg,False
ligamx,2023,2023-11-04,Club Leon @ Puebla,1X2,puebla,,3.74,0.3584,0.2674,15.32,win,2.74,0.34,market_avg,True
ligamx,2023,2023-11-04,Club Leon @ Puebla,1X2,draw,,3.76,0.369,0.266,17.43,lose,-1.0,0.34,market_avg,True
ligamx,2023,2023-11-04,Club Leon @ Puebla,1X2,leon,,1.87,0.2726,0.5348,-22.06,lose,-1.0,0.34,market_avg,False
ligamx,2023,2023-11-04,Atl. San Luis @ Tigres UANL,1X2,tigres uanl,,1.43,0.5881,0.6993,-7.15,lose,-1.0,0.34,market_avg,False
ligamx,2023,2023-11-04,Atl. San Luis @ Tigres UANL,1X2,draw,,4.57,0.2321,0.2188,2.73,win,3.5700000000000003,0.34,market_avg,False
ligamx,2023,2023-11-04,Atl. San Luis @ Tigres UANL,1X2,atl san luis,,6.58,0.1798,0.152,8.23,lose,-1.0,0.34,market_avg,False
ligamx,2023,2023-11-05,Club Tijuana @ Club America,1X2,america,,1.34,0.6884,0.7463,-3.49,win,0.3400000000000001,0.34,market_avg,False
ligamx,2023,2023-11-05,Club Tijuana @ Club America,1X2,draw,,5.17,0.2117,0.1934,4.25,lose,-1.0,0.34,market_avg,False
ligamx,2023,2023-11-05,Club Tijuana @ Club America,1X2,tijuana,,7.59,0.0999,0.1318,-10.88,lose,-1.0,0.34,market_avg,False
ligamx,2023,2023-11-05,Cruz Azul @ Guadalajara Chivas,1X2,guadalajara chivas,,2.35,0.5644,0.4255,14.68,win,1.35,0.34,market_avg,True
ligamx,2023,2023-11-05,Cruz Azul @ Guadalajara Chivas,1X2,draw,,3.31,0.2519,0.3021,-7.49,lose,-1.0,0.34,market_avg,False
ligamx,2023,2023-11-05,Cruz Azul @ Guadalajara Chivas,1X2,cruz azul,,2.95,0.1838,0.339,-20.6,lose,-1.0,0.34,market_avg,False
ligamx,2023,2023-11-05,Monterrey @ Pachuca,1X2,pachuca,,2.65,0.2034,0.3774,-20.74,lose,-1.0,0.34,market_avg,False
ligamx,2023,2023-11-05,Monterrey @ Pachuca,1X2,draw,,3.42,0.3172,0.2924,3.82,lose,-1.0,0.34,market_avg,True
ligamx,2023,2023-11-05,Monterrey @ Pachuca,1X2,monterrey,,2.51,0.4794,0.3984,9.15,win,1.5099999999999998,0.34,market_avg,True
ligamx,2023,2023-11-05,Atlas @ UNAM Pumas,1X2,unam pumas,,1.84,0.6539,0.5435,9.14,win,0.8400000000000001,0.34,market_avg,True
ligamx,2023,2023-11-05,Atlas @ UNAM Pumas,1X2,draw,,3.6,0.2399,0.2778,-6.13,lose,-1.0,0.34,market_avg,False
ligamx,2023,2023-11-05,Atlas @ UNAM Pumas,1X2,atlas,,4.04,0.1062,0.2475,-25.69,lose,-1.0,0.34,market_avg,False
ligamx,2023,2023-11-05,Mazatlan FC @ Necaxa,1X2,necaxa,,2.5,0.3375,0.4,-7.03,win,1.5,0.34,market_avg,False
ligamx,2023,2023-11-05,Mazatlan FC @ Necaxa,1X2,draw,,3.45,0.2698,0.2899,-3.11,lose,-1.0,0.34,market_avg,False
ligamx,2023,2023-11-05,Mazatlan FC @ Necaxa,1X2,mazatlan,,2.63,0.3927,0.3802,1.48,lose,-1.0,0.34,market_avg,False
ligamx,2023,2023-11-06,Toluca @ Santos Laguna,1X2,santos laguna,,2.12,0.33,0.4717,-13.51,win,1.12,0.34,market_avg,False
ligamx,2023,2023-11-06,Toluca @ Santos Laguna,1X2,draw,,3.75,0.2555,0.2667,-1.88,lose,-1.0,0.34,market_avg,False
ligamx,2023,2023-11-06,Toluca @ Santos Laguna,1X2,toluca,,3.02,0.4144,0.3311,11.32,lose,-1.0,0.34,market_avg,True
ligamx,2023,2023-11-06,Queretaro @ Juarez,1X2,juarez,,1.9,0.5658,0.5263,3.38,lose,-1.0,0.34,market_avg,True
ligamx,2023,2023-11-06,Queretaro @ Juarez,1X2,draw,,3.53,0.2253,0.2833,-9.21,lose,-1.0,0.34,market_avg,False
ligamx,2023,2023-11-06,Queretaro @ Juarez,1X2,queretaro,,3.87,0.2089,0.2584,-8.62,win,2.87,0.34,market_avg,False
ligamx,2023,2023-11-09,Santos Laguna @ Monterrey,1X2,monterrey,,1.72,0.6915,0.5814,8.52,win,0.72,0.34,market_avg,True
ligamx,2023,2023-11-09,Santos Laguna @ Monterrey,1X2,draw,,4.01,0.1873,0.2494,-11.21,lose,-1.0,0.34,market_avg,False
ligamx,2023,2023-11-09,Santos Laguna @ Monterrey,1X2,santos laguna,,4.2,0.1213,0.2381,-22.08,lose,-1.0,0.34,market_avg,False
ligamx,2023,2023-11-11,Necaxa @ Atlas,1X2,atlas,,1.83,0.4314,0.5464,-9.47,lose,-1.0,0.34,market_avg,False
ligamx,2023,2023-11-11,Necaxa @ Atlas,1X2,draw,,3.57,0.2873,0.2801,1.16,win,2.57,0.34,market_avg,False
ligamx,2023,2023-11-11,Necaxa @ Atlas,1X2,necaxa,,4.09,0.2812,0.2445,6.76,lose,-1.0,0.34,market_avg,True
ligamx,2023,2023-11-11,Toluca @ Mazatlan FC,1X2,mazatlan,,3.03,0.3894,0.33,8.09,win,2.03,0.34,market_avg,True
ligamx,2023,2023-11-11,Toluca @ Mazatlan FC,1X2,draw,,3.84,0.2666,0.2604,1.07,lose,-1.0,0.34,market_avg,False
ligamx,2023,2023-11-11,Toluca @ Mazatlan FC,1X2,toluca,,2.07,0.344,0.4831,-12.96,lose,-1.0,0.34,market_avg,False
ligamx,2023,2023-11-11,Pachuca @ Club Tijuana,1X2,tijuana,,2.15,0.5693,0.4651,10.08,lose,-1.0,0.34,market_avg,True
ligamx,2023,2023-11-11,Pachuca @ Club Tijuana,1X2,draw,,3.45,0.2543,0.2899,-5.52,lose,-1.0,0.34,market_avg,False
ligamx,2023,2023-11-11,Pachuca @ Club Tijuana,1X2,pachuca,,3.15,0.1764,0.3175,-20.0,win,2.15,0.34,market_avg,False
ligamx,2023,2023-11-11,Santos Laguna @ Atl. San Luis,1X2,atl san luis,,2.29,0.6964,0.4367,26.76,lose,-1.0,0.34,market_avg,False
ligamx,2023,2023-11-11,Santos Laguna @ Atl. San Luis,1X2,draw,,3.81,0.1659,0.2625,-16.55,lose,-1.0,0.34,market_avg,False
ligamx,2023,2023-11-11,Santos Laguna @ Atl. San Luis,1X2,santos laguna,,2.69,0.1377,0.3717,-28.33,win,1.69,0.34,market_avg,False
ligamx,2023,2023-11-11,Monterrey @ Queretaro,1X2,queretaro,,2.66,0.2824,0.3759,-11.2,lose,-1.0,0.34,market_avg,False
ligamx,2023,2023-11-11,Monterrey @ Queretaro,1X2,draw,,3.39,0.2918,0.295,-0.48,win,2.39,0.34,market_avg,False
ligamx,2023,2023-11-11,Monterrey @ Queretaro,1X2,monterrey,,2.49,0.4258,0.4016,2.71,lose,-1.0,0.34,market_avg,False
ligamx,2023,2023-11-12,Guadalajara Chivas @ UNAM Pumas,1X2,unam pumas,,1.89,0.5411,0.5291,1.02,win,0.8899999999999999,0.34,market_avg,False
ligamx,2023,2023-11-12,Guadalajara Chivas @ UNAM Pumas,1X2,draw,,3.65,0.2507,0.274,-3.81,lose,-1.0,0.34,market_avg,False
ligamx,2023,2023-11-12,Guadalajara Chivas @ UNAM Pumas,1X2,guadalajara chivas,,3.73,0.2082,0.2681,-10.06,lose,-1.0,0.34,market_avg,False
ligamx,2023,2023-11-12,Club America @ Tigres UANL,1X2,tigres uanl,,2.45,0.3733,0.4082,-3.84,lose,-1.0,0.34,market_avg,False
ligamx,2023,2023-11-12,Club America @ Tigres UANL,1X2,draw,,3.47,0.259,0.2882,-4.56,win,2.47,0.34,market_avg,False
ligamx,2023,2023-11-12,Club America @ Tigres UANL,1X2,america,,2.67,0.3677,0.3745,-0.82,lose,-1.0,0.34,market_avg,False
ligamx,2023,2023-11-13,Puebla @ Cruz Azul,1X2,cruz azul,,1.79,0.4279,0.5587,-10.53,lose,-1.0,0.34,market_avg,False
ligamx,2023,2023-11-13,Puebla @ Cruz Azul,1X2,draw,,4.01,0.2582,0.2494,1.59,lose,-1.0,0.34,market_avg,False
ligamx,2023,2023-11-13,Puebla @ Cruz Azul,1X2,puebla,,3.81,0.3139,0.2625,8.83,win,2.81,0.34,market_avg,True
ligamx,2023,2023-11-13,Juarez @ Club Leon,1X2,leon,,1.38,0.5647,0.7246,-9.93,win,0.3799999999999999,0.34,market_avg,False
ligamx,2023,2023-11-13,Juarez @ Club Leon,1X2,draw,,4.83,0.2266,0.207,4.26,lose,-1.0,0.34,market_avg,False
ligamx,2023,2023-11-13,Juarez @ Club Leon,1X2,juarez,,6.94,0.2087,0.1441,20.18,lose,-1.0,0.34,market_avg,False
ligamx,2023,2023-11-24,Club Leon @ Atl. San Luis,1X2,atl san luis,,2.78,0.5193,0.3597,19.97,win,1.7799999999999998,0.34,market_avg,False
ligamx,2023,2023-11-24,Club Leon @ Atl. San Luis,1X2,draw,,3.45,0.2373,0.2899,-8.15,lose,-1.0,0.34,market_avg,False
ligamx,2023,2023-11-24,Club Leon @ Atl. San Luis,1X2,leon,,2.37,0.2433,0.4219,-19.05,lose,-1.0,0.34,market_avg,False
ligamx,2023,2023-11-24,Mazatlan FC @ Santos Laguna,1X2,santos laguna,,1.61,0.5118,0.6211,-7.92,win,0.6100000000000001,0.34,market_avg,False
ligamx,2023,2023-11-24,Mazatlan FC @ Santos Laguna,1X2,draw,,4.18,0.2149,0.2392,-4.59,lose,-1.0,0.34,market_avg,False
ligamx,2023,2023-11-24,Mazatlan FC @ Santos Laguna,1X2,mazatlan,,4.76,0.2734,0.2101,13.56,lose,-1.0,0.34,market_avg,True
ligamx,2023,2023-11-27,Santos Laguna @ Club Leon,1X2,leon,,1.68,0.5115,0.5952,-6.33,win,0.6799999999999999,0.34,market_avg,False
ligamx,2023,2023-11-27,Santos Laguna @ Club Leon,1X2,draw,,4.15,0.2331,0.241,-1.46,lose,-1.0,0.34,market_avg,False
ligamx,2023,2023-11-27,Santos Laguna @ Club Leon,1X2,santos laguna,,4.21,0.2554,0.2375,3.38,lose,-1.0,0.34,market_avg,False
ligamx,2023,2023-11-30,Club America @ Club Leon,1X2,leon,,3.12,0.1817,0.3205,-19.49,lose,-1.0,0.34,market_avg,False
ligamx,2023,2023-11-30,Club America @ Club Leon,1X2,draw,,3.44,0.2562,0.2907,-5.34,win,2.44,0.34,market_avg,False
ligamx,2023,2023-11-30,Club America @ Club Leon,1X2,america,,2.18,0.5622,0.4587,10.15,lose,-1.0,0.34,market_avg,True
ligamx,2023,2023-11-30,Monterrey @ Atl. San Luis,1X2,atl san luis,,3.44,0.3749,0.2907,13.03,win,2.44,0.34,market_avg,True
ligamx,2023,2023-11-30,Monterrey @ Atl. San Luis,1X2,draw,,3.33,0.2656,0.3003,-5.19,lose,-1.0,0.34,market_avg,False
ligamx,2023,2023-11-30,Monterrey @ Atl. San Luis,1X2,monterrey,,2.09,0.3595,0.4785,-11.19,lose,-1.0,0.34,market_avg,False
ligamx,2023,2023-12-01,Tigres UANL @ Puebla,1X2,puebla,,3.76,0.3237,0.266,9.77,lose,-1.0,0.34,market_avg,True
ligamx,2023,2023-12-01,Tigres UANL @ Puebla,1X2,draw,,3.6,0.2628,0.2778,-2.43,win,2.6,0.34,market_avg,False
ligamx,2023,2023-12-01,Tigres UANL @ Puebla,1X2,tigres uanl,,1.91,0.4135,0.5236,-9.46,lose,-1.0,0.34,market_avg,False
ligamx,2023,2023-12-01,UNAM Pumas @ Guadalajara Chivas,1X2,guadalajara chivas,,2.25,0.3624,0.4444,-8.31,win,1.25,0.34,market_avg,False
ligamx,2023,2023-12-01,UNAM Pumas @ Guadalajara Chivas,1X2,draw,,3.22,0.288,0.3106,-3.27,lose,-1.0,0.34,market_avg,False
ligamx,2023,2023-12-01,UNAM Pumas @ Guadalajara Chivas,1X2,unam pumas,,3.18,0.3496,0.3145,5.03,lose,-1.0,0.34,market_avg,True
ligamx,2023,2023-12-03,Club Leon @ Club America,1X2,america,,1.52,0.7435,0.6579,5.86,win,0.52,0.34,market_avg,False
ligamx,2023,2023-12-03,Club Leon @ Club America,1X2,draw,,4.32,0.1775,0.2315,-10.49,lose,-1.0,0.34,market_avg,False
ligamx,2023,2023-12-03,Club Leon @ Club America,1X2,leon,,5.59,0.0789,0.1789,-25.15,lose,-1.0,0.34,market_avg,False
ligamx,2023,2023-12-03,Atl. San Luis @ Monterrey,1X2,monterrey,,1.48,0.5479,0.6757,-8.51,lose,-1.0,0.34,market_avg,False
ligamx,2023,2023-12-03,Atl. San Luis @ Monterrey,1X2,draw,,4.4,0.2572,0.2273,5.93,win,3.4000000000000004,0.34,market_avg,True
ligamx,2023,2023-12-03,Atl. San Luis @ Monterrey,1X2,atl san luis,,5.95,0.1948,0.1681,7.16,lose,-1.0,0.34,market_avg,True
ligamx,2023,2023-12-04,Guadalajara Chivas @ UNAM Pumas,1X2,unam pumas,,1.98,0.5231,0.5051,1.61,win,0.98,0.34,market_avg,False
ligamx,2023,2023-12-04,Guadalajara Chivas @ UNAM Pumas,1X2,draw,,3.4,0.2852,0.2941,-1.36,lose,-1.0,0.34,market_avg,False
ligamx,2023,2023-12-04,Guadalajara Chivas @ UNAM Pumas,1X2,guadalajara chivas,,3.67,0.1917,0.2725,-13.34,lose,-1.0,0.34,market_avg,False
ligamx,2023,2023-12-04,Puebla @ Tigres UANL,1X2,tigres uanl,,1.35,0.6377,0.7407,-6.26,win,0.3500000000000001,0.34,market_avg,False
ligamx,2023,2023-12-04,Puebla @ Tigres UANL,1X2,draw,,4.95,0.2147,0.202,2.82,lose,-1.0,0.34,market_avg,False
ligamx,2023,2023-12-04,Puebla @ Tigres UANL,1X2,puebla,,7.81,0.1476,0.128,6.87,lose,-1.0,0.34,market_avg,False
ligamx,2023,2023-12-07,Club America @ Atl. San Luis,1X2,atl san luis,,4.14,0.2896,0.2415,8.96,lose,-1.0,0.34,market_avg,True
ligamx,2023,2023-12-07,Club America @ Atl. San Luis,1X2,draw,,3.71,0.268,0.2695,-0.26,lose,-1.0,0.34,market_avg,False
ligamx,2023,2023-12-07,Club America @ Atl. San Luis,1X2,america,,1.8,0.4424,0.5556,-9.17,win,0.8,0.34,market_avg,False
ligamx,2023,2023-12-08,Tigres UANL @ UNAM Pumas,1X2,unam pumas,,2.56,0.417,0.3906,3.03,lose,-1.0,0.34,market_avg,True
ligamx,2023,2023-12-08,Tigres UANL @ UNAM Pumas,1X2,draw,,2.96,0.2971,0.3378,-5.43,lose,-1.0,0.34,market_avg,False
ligamx,2023,2023-12-08,Tigres UANL @ UNAM Pumas,1X2,tigres uanl,,2.94,0.2859,0.3401,-7.17,win,1.94,0.34,market_avg,False
ligamx,2023,2023-12-10,Atl. San Luis @ Club America,1X2,america,,1.42,0.7742,0.7042,4.47,lose,-1.0,0.34,market_avg,False
ligamx,2023,2023-12-10,Atl. San Luis @ Club America,1X2,draw,,4.7,0.1571,0.2128,-11.78,lose,-1.0,0.34,market_avg,False
ligamx,2023,2023-12-10,Atl. San Luis @ Club America,1X2,atl san luis,,6.52,0.0687,0.1534,-24.84,win,5.52,0.34,market_avg,False
ligamx,2023,2023-12-11,UNAM Pumas @ Tigres UANL,1X2,tigres uanl,,1.77,0.5084,0.565,-4.51,lose,-1.0,0.34,market_avg,False
ligamx,2023,2023-12-11,UNAM Pumas @ Tigres UANL,1X2,draw,,3.67,0.3039,0.2725,5.19,win,2.67,0.34,market_avg,True
ligamx,2023,2023-12-11,UNAM Pumas @ Tigres UANL,1X2,unam pumas,,4.3,0.1877,0.2326,-8.67,lose,-1.0,0.34,market_avg,False
ligamx,2023,2023-12-15,Club America @ Tigres UANL,1X2,tigres uanl,,2.72,0.3372,0.3676,-3.73,lose,-1.0,0.34,market_avg,False
ligamx,2023,2023-12-15,Club America @ Tigres UANL,1X2,draw,,2.97,0.2843,0.3367,-7.01,win,1.9700000000000002,0.34,market_avg,False
ligamx,2023,2023-12-15,Club America @ Tigres UANL,1X2,america,,2.73,0.3786,0.3663,1.51,lose,-1.0,0.34,market_avg,False
ligamx,2023,2023-12-18,Tigres UANL @ Club America,1X2,america,,1.67,0.5849,0.5988,-1.04,lose,-1.0,0.34,market_avg,False
ligamx,2023,2023-12-18,Tigres UANL @ Club America,1X2,draw,,3.48,0.2593,0.2874,-4.39,win,2.48,0.34,market_avg,False
ligamx,2023,2023-12-18,Tigres UANL @ Club America,1X2,tigres uanl,,5.34,0.1558,0.1873,-7.56,lose,-1.0,0.34,market_avg,False
ligamx,2023,2024-01-13,Toluca @ Queretaro,1X2,queretaro,,3.19,0.3069,0.3135,-0.94,lose,-1.0,0.34,market_avg,False
ligamx,2023,2024-01-13,Toluca @ Queretaro,1X2,draw,,3.31,0.2853,0.3021,-2.5,win,2.31,0.34,market_avg,False
ligamx,2023,2024-01-13,Toluca @ Queretaro,1X2,toluca,,2.19,0.4078,0.4566,-4.81,lose,-1.0,0.34,market_avg,False
ligamx,2023,2024-01-13,Atl. San Luis @ Mazatlan FC,1X2,mazatlan,,2.7,0.4309,0.3704,7.35,lose,-1.0,0.34,market_avg,True
ligamx,2023,2024-01-13,Atl. San Luis @ Mazatlan FC,1X2,draw,,3.3,0.2377,0.303,-9.7,lose,-1.0,0.34,market_avg,False
ligamx,2023,2024-01-13,Atl. San Luis @ Mazatlan FC,1X2,atl san luis,,2.51,0.3315,0.3984,-7.56,win,1.5099999999999998,0.34,market_avg,False
ligamx,2023,2024-01-14,Pachuca @ Cruz Azul,1X2,cruz azul,,2.04,0.5014,0.4902,1.03,lose,-1.0,0.34,market_avg,False
ligamx,2023,2024-01-14,Pachuca @ Cruz Azul,1X2,draw,,3.54,0.2608,0.2825,-3.45,lose,-1.0,0.34,market_avg,False
ligamx,2023,2024-01-14,Pachuca @ Cruz Azul,1X2,pachuca,,3.35,0.2378,0.2985,-9.15,win,2.35,0.34,market_avg,False
ligamx,2023,2024-01-14,Santos Laguna @ Guadalajara Chivas,1X2,guadalajara chivas,,1.99,0.4814,0.5025,-1.89,lose,-1.0,0.34,market_avg,False
ligamx,2023,2024-01-14,Santos Laguna @ Guadalajara Chivas,1X2,draw,,3.48,0.2352,0.2874,-8.17,win,2.48,0.34,market_avg,False
ligamx,2023,2024-01-14,Santos Laguna @ Guadalajara Chivas,1X2,santos laguna,,3.55,0.2834,0.2817,0.27,lose,-1.0,0.34,market_avg,False
ligamx,2023,2024-01-14,Club America @ Club Tijuana,1X2,tijuana,,2.41,0.2156,0.4149,-21.62,lose,-1.0,0.34,market_avg,False
ligamx,2023,2024-01-14,Club America @ Club Tijuana,1X2,draw,,3.23,0.2498,0.3096,-8.69,lose,-1.0,0.34,market_avg,False
ligamx,2023,2024-01-14,Club America @ Club Tijuana,1X2,america,,2.86,0.5346,0.3497,23.8,win,1.8599999999999999,0.34,market_avg,False
ligamx,2023,2024-01-14,Puebla @ Monterrey,1X2,monterrey,,1.34,0.6092,0.7463,-8.27,win,0.3400000000000001,0.34,market_avg,False
ligamx,2023,2024-01-14,Puebla @ Monterrey,1X2,draw,,5.01,0.2344,0.1996,7.85,lose,-1.0,0.34,market_avg,True
ligamx,2023,2024-01-14,Puebla @ Monterrey,1X2,puebla,,7.85,0.1564,0.1274,10.25,lose,-1.0,0.34,market_avg,False
ligamx,2023,2024-01-14,Juarez @ UNAM Pumas,1X2,unam pumas,,1.58,0.6543,0.6329,1.52,win,0.5800000000000001,0.34,market_avg,False
ligamx,2023,2024-01-14,Juarez @ UNAM Pumas,1X2,draw,,4.06,0.2034,0.2463,-7.84,lose,-1.0,0.34,market_avg,False
ligamx,2023,2024-01-14,Juarez @ UNAM Pumas,1X2,juarez,,5.08,0.1423,0.1969,-12.46,lose,-1.0,0.34,market_avg,False
ligamx,2023,2024-01-15,Atlas @ Necaxa,1X2,necaxa,,2.96,0.458,0.3378,16.0,win,1.96,0.34,market_avg,True
ligamx,2023,2024-01-15,Atlas @ Necaxa,1X2,draw,,2.97,0.2929,0.3367,-5.85,lose,-1.0,0.34,market_avg,False
ligamx,2023,2024-01-15,Atlas @ Necaxa,1X2,atlas,,2.51,0.2491,0.3984,-16.86,lose,-1.0,0.34,market_avg,False
ligamx,2023,2024-01-18,Tigres UANL @ Club Leon,1X2,leon,,2.41,0.3011,0.4149,-12.35,lose,-1.0,0.34,market_avg,False
ligamx,2023,2024-01-18,Tigres UANL @ Club Leon,1X2,draw,,3.25,0.2686,0.3077,-5.72,lose,-1.0,0.34,market_avg,False
ligamx,2023,2024-01-18,Tigres UANL @ Club Leon,1X2,tigres uanl,,2.86,0.4302,0.3497,10.37,win,1.8599999999999999,0.34,market_avg,True
ligamx,2023,2024-01-20,Necaxa @ Puebla,1X2,puebla,,2.27,0.4907,0.4405,5.13,lose,-1.0,0.34,market_avg,True
ligamx,2023,2024-01-20,Necaxa @ Puebla,1X2,draw,,3.4,0.2565,0.2941,-5.76,lose,-1.0,0.34,market_avg,False
ligamx,2023,2024-01-20,Necaxa @ Puebla,1X2,necaxa,,2.97,0.2528,0.3367,-11.21,win,1.9700000000000002,0.34,market_avg,False
ligamx,2023,2024-01-20,UNAM Pumas @ Atl. San Luis,1X2,atl san luis,,2.72,0.3847,0.3676,2.09,win,1.7200000000000002,0.34,market_avg,False
ligamx,2023,2024-01-20,UNAM Pumas @ Atl. San Luis,1X2,draw,,3.23,0.2725,0.3096,-5.4,lose,-1.0,0.34,market_avg,False
ligamx,2023,2024-01-20,UNAM Pumas @ Atl. San Luis,1X2,unam pumas,,2.55,0.3428,0.3922,-5.66,lose,-1.0,0.34,market_avg,False
ligamx,2023,2024-01-20,Cruz Azul @ Juarez,1X2,juarez,,3.04,0.4731,0.3289,19.72,lose,-1.0,0.34,market_avg,True
ligamx,2023,2024-01-20,Cruz Azul @ Juarez,1X2,draw,,3.19,0.2437,0.3135,-10.02,win,2.19,0.34,market_avg,False
ligamx,2023,2024-01-20,Cruz Azul @ Juarez,1X2,cruz azul,,2.33,0.2831,0.4292,-15.32,lose,-1.0,0.34,market_avg,False
ligamx,2023,2024-01-20,Mazatlan FC @ Toluca,1X2,toluca,,1.41,0.5393,0.7092,-10.78,win,0.4099999999999999,0.34,market_avg,False
ligamx,2023,2024-01-20,Mazatlan FC @ Toluca,1X2,draw,,4.73,0.2467,0.2114,7.5,lose,-1.0,0.34,market_avg,True
ligamx,2023,2024-01-20,Mazatlan FC @ Toluca,1X2,mazatlan,,6.67,0.214,0.1499,19.24,lose,-1.0,0.34,market_avg,False
ligamx,2023,2024-01-21,Queretaro @ Club America,1X2,america,,1.38,0.7899,0.7246,4.05,win,0.3799999999999999,0.34,market_avg,False
ligamx,2023,2024-01-21,Queretaro @ Club America,1X2,draw,,4.7,0.1451,0.2128,-14.31,lose,-1.0,0.34,market_avg,False
ligamx,2023,2024-01-21,Queretaro @ Club America,1X2,queretaro,,7.42,0.065,0.1348,-23.29,lose,-1.0,0.34,market_avg,False
ligamx,2023,2024-01-21,Club Tijuana @ Atlas,1X2,atlas,,2.41,0.3729,0.4149,-4.55,lose,-1.0,0.34,market_avg,False
ligamx,2023,2024-01-21,Club Tijuana @ Atlas,1X2,draw,,3.12,0.2929,0.3205,-3.87,win,2.12,0.34,market_avg,False
ligamx,2023,2024-01-21,Club Tijuana @ Atlas,1X2,tijuana,,2.98,0.3341,0.3356,-0.19,lose,-1.0,0.34,market_avg,False
ligamx,2023,2024-01-22,Guadalajara Chivas @ Tigres UANL,1X2,tigres uanl,,1.77,0.6226,0.565,4.59,win,0.77,0.34,market_avg,True
ligamx,2023,2024-01-22,Guadalajara Chivas @ Tigres UANL,1X2,draw,,3.43,0.2313,0.2915,-9.3,lose,-1.0,0.34,market_avg,False
ligamx,2023,2024-01-22,Guadalajara Chivas @ Tigres UANL,1X2,guadalajara chivas,,4.63,0.1462,0.216,-14.55,lose,-1.0,0.34,market_avg,False
ligamx,2023,2024-01-22,Monterrey @ Santos Laguna,1X2,santos laguna,,2.96,0.3114,0.3378,-3.52,lose,-1.0,0.34,market_avg,False
ligamx,2023,2024-01-22,Monterrey @ Santos Laguna,1X2,draw,,3.29,0.2555,0.304,-7.18,lose,-1.0,0.34,market_avg,False
ligamx,2023,2024-01-22,Monterrey @ Santos Laguna,1X2,monterrey,,2.33,0.4331,0.4292,0.41,win,1.33,0.34,market_avg,False
ligamx,2023,2024-01-25,Tigres UANL @ Atl. San Luis,1X2,atl san luis,,2.94,0.4044,0.3401,8.5,lose,-1.0,0.34,market_avg,True
ligamx,2023,2024-01-25,Tigres UANL @ Atl. San Luis,1X2,draw,,3.29,0.2771,0.304,-3.98,lose,-1.0,0.34,market_avg,False
ligamx,2023,2024-01-25,Tigres UANL @ Atl. San Luis,1X2,tigres uanl,,2.35,0.3185,0.4255,-11.32,win,1.35,0.34,market_avg,False
ligamx,2023,2024-01-25,Queretaro @ Monterrey,1X2,monterrey,,1.41,0.6789,0.7092,-1.93,lose,-1.0,0.34,market_avg,False
ligamx,2023,2024-01-25,Queretaro @ Monterrey,1X2,draw,,4.47,0.2144,0.2237,-1.87,win,3.4699999999999998,0.34,market_avg,False
ligamx,2023,2024-01-25,Queretaro @ Monterrey,1X2,queretaro,,7.3,0.1067,0.137,-9.95,lose,-1.0,0.34,market_avg,False
ligamx,2023,2024-01-25,Club America @ Juarez,1X2,juarez,,4.82,0.156,0.2075,-11.16,lose,-1.0,0.34,market_avg,False
ligamx,2023,2024-01-25,Club America @ Juarez,1X2,draw,,3.86,0.2184,0.2591,-7.06,lose,-1.0,0.34,market_avg,False
ligamx,2023,2024-01-25,Club America @ Juarez,1X2,america,,1.65,0.6256,0.6061,1.45,win,0.6499999999999999,0.34,market_avg,False
ligamx,2023,2024-01-27,Toluca @ Puebla,1X2,puebla,,3.34,0.3357,0.2994,5.46,lose,-1.0,0.34,market_avg,True
ligamx,2023,2024-01-27,Toluca @ Puebla,1X2,draw,,3.88,0.267,0.2577,1.62,win,2.88,0.34,market_avg,False
ligamx,2023,2024-01-27,Toluca @ Puebla,1X2,toluca,,1.96,0.3973,0.5102,-9.96,lose,-1.0,0.34,market_avg,False
ligamx,2023,2024-01-27,Guadalajara Chivas @ Club Tijuana,1X2,tijuana,,2.44,0.4256,0.4098,1.73,lose,-1.0,0.34,market_avg,False
ligamx,2023,2024-01-27,Guadalajara Chivas @ Club Tijuana,1X2,draw,,3.19,0.284,0.3135,-4.23,win,2.19,0.34,market_avg,False
ligamx,2023,2024-01-27,Guadalajara Chivas @ Club Tijuana,1X2,guadalajara chivas,,2.9,0.2903,0.3448,-7.11,lose,-1.0,0.34,market_avg,False
ligamx,2023,2024-01-27,Santos Laguna @ Club Leon,1X2,leon,,1.78,0.5073,0.5618,-4.36,win,0.78,0.34,market_avg,False
ligamx,2023,2024-01-27,Santos Laguna @ Club Leon,1X2,draw,,3.89,0.22,0.2571,-6.49,lose,-1.0,0.34,market_avg,False
ligamx,2023,2024-01-27,Santos Laguna @ Club Leon,1X2,santos laguna,,4.02,0.2726,0.2488,4.32,lose,-1.0,0.34,market_avg,True
ligamx,2023,2024-01-27,Mazatlan FC @ Cruz Azul,1X2,cruz azul,,1.5,0.4345,0.6667,-15.67,win,0.5,0.34,market_avg,False
ligamx,2023,2024-01-27,Mazatlan FC @ Cruz Azul,1X2,draw,,4.36,0.2589,0.2294,5.8,lose,-1.0,0.34,market_avg,True
ligamx,2023,2024-01-27,Mazatlan FC @ Cruz Azul,1X2,mazatlan,,5.74,0.3066,0.1742,34.2,lose,-1.0,0.34,market_avg,True
ligamx,2023,2024-01-28,Atl. San Luis @ Monterrey,1X2,monterrey,,1.49,0.5368,0.6711,-9.01,win,0.49,0.34,market_avg,False
ligamx,2023,2024-01-28,Atl. San Luis @ Monterrey,1X2,draw,,4.32,0.272,0.2315,7.87,lose,-1.0,0.34,market_avg,True
ligamx,2023,2024-01-28,Atl. San Luis @ Monterrey,1X2,atl san luis,,6.0,0.1912,0.1667,6.63,lose,-1.0,0.34,market_avg,True
ligamx,2023,2024-01-28,Club America @ Necaxa,1X2,necaxa,,5.05,0.1962,0.198,-0.41,lose,-1.0,0.34,market_avg,False
ligamx,2023,2024-01-28,Club America @ Necaxa,1X2,draw,,3.8,0.2747,0.2632,1.97,win,2.8,0.34,market_avg,False
ligamx,2023,2024-01-28,Club America @ Necaxa,1X2,america,,1.65,0.5291,0.6061,-5.71,lose,-1.0,0.34,market_avg,False
ligamx,2023,2024-01-28,Pachuca @ UNAM Pumas,1X2,unam pumas,,2.02,0.6126,0.495,10.69,win,1.02,0.34,market_avg,True
ligamx,2023,2024-01-28,Pachuca @ UNAM Pumas,1X2,draw,,3.47,0.2424,0.2882,-7.15,lose,-1.0,0.34,market_avg,False
ligamx,2023,2024-01-28,Pachuca @ UNAM Pumas,1X2,pachuca,,3.52,0.145,0.2841,-22.03,lose,-1.0,0.34,market_avg,False
ligamx,2023,2024-01-29,Juarez @ Atlas,1X2,atlas,,1.91,0.4252,0.5236,-8.45,win,0.9099999999999999,0.34,market_avg,False
ligamx,2023,2024-01-29,Juarez @ Atlas,1X2,draw,,3.36,0.2875,0.2976,-1.54,lose,-1.0,0.34,market_avg,False
ligamx,2023,2024-01-29,Juarez @ Atlas,1X2,juarez,,4.05,0.2873,0.2469,7.37,lose,-1.0,0.34,market_avg,True
ligamx,2023,2024-01-29,Tigres UANL @ Queretaro,1X2,queretaro,,4.45,0.2258,0.2247,0.22,lose,-1.0,0.34,market_avg,False
ligamx,2023,2024-01-29,Tigres UANL @ Queretaro,1X2,draw,,3.27,0.2729,0.3058,-4.84,win,2.27,0.34,market_avg,False
ligamx,2023,2024-01-29,Tigres UANL @ Queretaro,1X2,tigres uanl,,1.85,0.5012,0.5405,-3.27,lose,-1.0,0.34,market_avg,False
ligamx,2023,2024-01-31,Club Tijuana @ Cruz Azul,1X2,cruz azul,,1.53,0.4304,0.6536,-15.37,win,0.53,0.34,market_avg,False
ligamx,2023,2024-01-31,Club Tijuana @ Cruz Azul,1X2,draw,,4.19,0.2737,0.2387,6.6,lose,-1.0,0.34,market_avg,True
ligamx,2023,2024-01-31,Club Tijuana @ Cruz Azul,1X2,tijuana,,5.62,0.2959,0.1779,29.84,lose,-1.0,0.34,market_avg,True
ligamx,2023,2024-01-31,Club Leon @ Mazatlan FC,1X2,mazatlan,,3.15,0.4223,0.3175,14.86,lose,-1.0,0.34,market_avg,True
ligamx,2023,2024-01-31,Club Leon @ Mazatlan FC,1X2,draw,,3.46,0.2465,0.289,-6.62,win,2.46,0.34,market_avg,False
ligamx,2023,2024-01-31,Club Leon @ Mazatlan FC,1X2,leon,,2.17,0.3312,0.4608,-12.66,lose,-1.0,0.34,market_avg,False
ligamx,2023,2024-01-31,Puebla @ Santos Laguna,1X2,santos laguna,,1.71,0.5254,0.5848,-4.57,win,0.71,0.34,market_avg,False
ligamx,2023,2024-01-31,Puebla @ Santos Laguna,1X2,draw,,3.95,0.2172,0.2532,-6.39,lose,-1.0,0.34,market_avg,False
ligamx,2023,2024-01-31,Puebla @ Santos Laguna,1X2,puebla,,4.32,0.2574,0.2315,5.04,lose,-1.0,0.34,market_avg,True
ligamx,2023,2024-01-31,Toluca @ Guadalajara Chivas,1X2,guadalajara chivas,,2.15,0.357,0.4651,-10.46,win,1.15,0.34,market_avg,False
ligamx,2023,2024-01-31,Toluca @ Guadalajara Chivas,1X2,draw,,3.44,0.2926,0.2907,0.29,lose,-1.0,0.34,market_avg,False
ligamx,2023,2024-01-31,Toluca @ Guadalajara Chivas,1X2,toluca,,3.21,0.3503,0.3115,5.6,lose,-1.0,0.34,market_avg,True
ligamx,2023,2024-02-01,Atlas @ Pachuca,1X2,pachuca,,1.91,0.4492,0.5236,-6.39,win,0.9099999999999999,0.34,market_avg,False
ligamx,2023,2024-02-01,Atlas @ Pachuca,1X2,draw,,3.46,0.3144,0.289,3.95,lose,-1.0,0.34,market_avg,True
ligamx,2023,2024-02-01,Atlas @ Pachuca,1X2,atlas,,3.91,0.2364,0.2558,-3.41,lose,-1.0,0.34,market_avg,False
ligamx,2023,2024-02-01,Necaxa @ UNAM Pumas,1X2,unam pumas,,1.65,0.6047,0.6061,-0.1,lose,-1.0,0.34,market_avg,False
ligamx,2023,2024-02-01,Necaxa @ UNAM Pumas,1X2,draw,,3.85,0.2401,0.2597,-3.41,win,2.85,0.34,market_avg,False
ligamx,2023,2024-02-01,Necaxa @ UNAM Pumas,1X2,necaxa,,4.95,0.1553,0.202,-10.41,lose,-1.0,0.34,market_avg,False
ligamx,2023,2024-02-03,Cruz Azul @ Queretaro,1X2,queretaro,,3.97,0.4703,0.2519,39.02,lose,-1.0,0.34,market_avg,False
ligamx,2023,2024-02-03,Cruz Azul @ Queretaro,1X2,draw,,3.33,0.2904,0.3003,-1.48,lose,-1.0,0.34,market_avg,False
ligamx,2023,2024-02-03,Cruz Azul @ Queretaro,1X2,cruz azul,,1.94,0.2393,0.5155,-24.11,win,0.94,0.34,market_avg,False
ligamx,2023,2024-02-03,Mazatlan FC @ Puebla,1X2,puebla,,1.92,0.4529,0.5208,-5.87,win,0.9199999999999999,0.34,market_avg,False
ligamx,2023,2024-02-03,Mazatlan FC @ Puebla,1X2,draw,,3.7,0.2774,0.2703,1.19,lose,-1.0,0.34,market_avg,False
ligamx,2023,2024-02-03,Mazatlan FC @ Puebla,1X2,mazatlan,,3.6,0.2696,0.2778,-1.32,lose,-1.0,0.34,market_avg,False
ligamx,2023,2024-02-03,Club Leon @ Toluca,1X2,toluca,,2.06,0.5403,0.4854,5.09,win,1.06,0.34,market_avg,True
ligamx,2023,2024-02-03,Club Leon @ Toluca,1X2,draw,,3.48,0.2622,0.2874,-3.93,lose,-1.0,0.34,market_avg,False
ligamx,2023,2024-02-03,Club Leon @ Toluca,1X2,leon,,3.39,0.1974,0.295,-14.88,lose,-1.0,0.34,market_avg,False
ligamx,2023,2024-02-03,Necaxa @ Juarez,1X2,juarez,,2.13,0.4829,0.4695,1.29,lose,-1.0,0.34,market_avg,False
ligamx,2023,2024-02-03,Necaxa @ Juarez,1X2,draw,,3.31,0.2735,0.3021,-4.27,win,2.31,0.34,market_avg,False
ligamx,2023,2024-02-03,Necaxa @ Juarez,1X2,necaxa,,3.34,0.2436,0.2994,-8.38,lose,-1.0,0.34,market_avg,False
ligamx,2023,2024-02-04,UNAM Pumas @ Tigres UANL,1X2,tigres uanl,,1.74,0.5886,0.5747,1.09,lose,-1.0,0.34,market_avg,False
ligamx,2023,2024-02-04,UNAM Pumas @ Tigres UANL,1X2,draw,,3.69,0.2678,0.271,-0.53,win,2.69,0.34,market_avg,False
ligamx,2023,2024-02-04,UNAM Pumas @ Tigres UANL,1X2,unam pumas,,4.5,0.1436,0.2222,-15.92,lose,-1.0,0.34,market_avg,False
ligamx,2023,2024-02-04,Club Tijuana @ Pachuca,1X2,pachuca,,1.49,0.3367,0.6711,-22.42,win,0.49,0.34,market_avg,False
ligamx,2023,2024-02-04,Club Tijuana @ Pachuca,1X2,draw,,4.3,0.3016,0.2326,13.36,lose,-1.0,0.34,market_avg,True
ligamx,2023,2024-02-04,Club Tijuana @ Pachuca,1X2,tijuana,,6.0,0.3617,0.1667,52.65,lose,-1.0,0.34,market_avg,False
ligamx,2023,2024-02-04,Monterrey @ Club America,1X2,america,,1.77,0.5218,0.565,-3.44,lose,-1.0,0.34,market_avg,False
ligamx,2023,2024-02-04,Monterrey @ Club America,1X2,draw,,3.58,0.2909,0.2793,1.86,win,2.58,0.34,market_avg,False
ligamx,2023,2024-02-04,Monterrey @ Club America,1X2,monterrey,,4.42,0.1873,0.2262,-7.75,lose,-1.0,0.34,market_avg,False
ligamx,2023,2024-02-05,Santos Laguna @ Atlas,1X2,atlas,,2.23,0.3451,0.4484,-10.37,win,1.23,0.34,market_avg,False
ligamx,2023,2024-02-05,Santos Laguna @ Atlas,1X2,draw,,3.27,0.2604,0.3058,-6.68,lose,-1.0,0.34,market_avg,False
ligamx,2023,2024-02-05,Santos Laguna @ Atlas,1X2,santos laguna,,3.18,0.3945,0.3145,11.46,lose,-1.0,0.34,market_avg,True
ligamx,2023,2024-02-05,Guadalajara Chivas @ Atl. San Luis,1X2,atl san luis,,2.97,0.5157,0.3367,23.92,lose,-1.0,0.34,market_avg,False
ligamx,2023,2024-02-05,Guadalajara Chivas @ Atl. San Luis,1X2,draw,,3.27,0.2452,0.3058,-8.92,lose,-1.0,0.34,market_avg,False
ligamx,2023,2024-02-05,Guadalajara Chivas @ Atl. San Luis,1X2,guadalajara chivas,,2.35,0.2391,0.4255,-19.71,win,1.35,0.34,market_avg,False
ligamx,2023,2024-02-08,Club Leon @ Pachuca,1X2,pachuca,,2.25,0.3807,0.4444,-6.45,win,1.25,0.34,market_avg,False
ligamx,2023,2024-02-08,Club Leon @ Pachuca,1X2,draw,,3.57,0.2612,0.2801,-3.04,lose,-1.0,0.34,market_avg,False
ligamx,2023,2024-02-08,Club Leon @ Pachuca,1X2,leon,,2.89,0.3581,0.346,1.57,lose,-1.0,0.34,market_avg,False
ligamx,2023,2024-02-10,Atlas @ Mazatlan FC,1X2,mazatlan,,2.6,0.4756,0.3846,10.64,win,1.6,0.34,market_avg,True
ligamx,2023,2024-02-10,Atlas @ Mazatlan FC,1X2,draw,,3.24,0.2601,0.3086,-7.07,lose,-1.0,0.34,market_avg,False
ligamx,2023,2024-02-10,Atlas @ Mazatlan FC,1X2,atlas,,2.66,0.2643,0.3759,-13.36,lose,-1.0,0.34,market_avg,False
ligamx,2023,2024-02-10,Queretaro @ Club Tijuana,1X2,tijuana,,1.73,0.522,0.578,-4.37,lose,-1.0,0.34,market_avg,False
ligamx,2023,2024-02-10,Queretaro @ Club Tijuana,1X2,draw,,3.75,0.2566,0.2667,-1.7,win,2.75,0.34,market_avg,False
ligamx,2023,2024-02-10,Queretaro @ Club Tijuana,1X2,queretaro,,4.5,0.2214,0.2222,-0.16,lose,-1.0,0.34,market_avg,False
ligamx,2023,2024-02-10,Toluca @ Necaxa,1X2,necaxa,,3.44,0.3322,0.2907,6.42,lose,-1.0,0.34,market_avg,True
ligamx,2023,2024-02-10,Toluca @ Necaxa,1X2,draw,,3.64,0.2716,0.2747,-0.51,win,2.64,0.34,market_avg,False
ligamx,2023,2024-02-10,Toluca @ Necaxa,1X2,toluca,,1.98,0.3962,0.5051,-9.7,lose,-1.0,0.34,market_avg,False
ligamx,2023,2024-02-10,Juarez @ Guadalajara Chivas,1X2,guadalajara chivas,,1.47,0.5686,0.6803,-7.39,win,0.47,0.34,market_avg,False
ligamx,2023,2024-02-10,Juarez @ Guadalajara Chivas,1X2,draw,,4.29,0.239,0.2331,1.15,lose,-1.0,0.34,market_avg,False
ligamx,2023,2024-02-10,Juarez @ Guadalajara Chivas,1X2,juarez,,6.39,0.1924,0.1565,10.32,lose,-1.0,0.34,market_avg,True
ligamx,2023,2024-02-11,Club America @ Club Leon,1X2,leon,,3.27,0.164,0.3058,-20.87,lose,-1.0,0.34,market_avg,False
ligamx,2023,2024-02-11,Club America @ Club Leon,1X2,draw,,3.55,0.24,0.2817,-6.66,lose,-1.0,0.34,market_avg,False
ligamx,2023,2024-02-11,Club America @ Club Leon,1X2,america,,2.09,0.5959,0.4785,11.04,win,1.0899999999999999,0.34,market_avg,True
ligamx,2023,2024-02-11,Atl. San Luis @ Cruz Azul,1X2,cruz azul,,1.61,0.4181,0.6211,-14.71,win,0.6100000000000001,0.34,market_avg,False
ligamx,2023,2024-02-11,Atl. San Luis @ Cruz Azul,1X2,draw,,4.12,0.2558,0.2427,2.42,lose,-1.0,0.34,market_avg,False
ligamx,2023,2024-02-11,Atl. San Luis @ Cruz Azul,1X2,atl san luis,,4.91,0.3261,0.2037,27.06,lose,-1.0,0.34,market_avg,True
ligamx,2023,2024-02-11,Pachuca @ Monterrey,1X2,monterrey,,1.7,0.7432,0.5882,11.86,win,0.7,0.34,market_avg,False
ligamx,2023,2024-02-11,Pachuca @ Monterrey,1X2,draw,,3.97,0.1906,0.2519,-10.95,lose,-1.0,0.34,market_avg,False
ligamx,2023,2024-02-11,Pachuca @ Monterrey,1X2,pachuca,,4.38,0.0661,0.2283,-31.96,lose,-1.0,0.34,market_avg,False
ligamx,2023,2024-02-11,Tigres UANL @ Santos Laguna,1X2,santos laguna,,3.32,0.2885,0.3012,-1.9,lose,-1.0,0.34,market_avg,False
ligamx,2023,2024-02-11,Tigres UANL @ Santos Laguna,1X2,draw,,3.45,0.2407,0.2899,-7.63,lose,-1.0,0.34,market_avg,False
ligamx,2023,2024-02-11,Tigres UANL @ Santos Laguna,1X2,tigres uanl,,2.09,0.4708,0.4785,-0.72,win,1.0899999999999999,0.34,market_avg,False
ligamx,2023,2024-02-11,Puebla @ UNAM Pumas,1X2,unam pumas,,1.64,0.6189,0.6098,0.67,win,0.6399999999999999,0.34,market_avg,False
ligamx,2023,2024-02-11,Puebla @ UNAM Pumas,1X2,draw,,4.04,0.2208,0.2475,-4.86,lose,-1.0,0.34,market_avg,False
ligamx,2023,2024-02-11,Puebla @ UNAM Pumas,1X2,puebla,,4.68,0.1603,0.2137,-11.23,lose,-1.0,0.34,market_avg,False
ligamx,2023,2024-02-15,UNAM Pumas @ Atlas,1X2,atlas,,2.87,0.2733,0.3484,-9.7,lose,-1.0,0.34,market_avg,False
ligamx,2023,2024-02-15,UNAM Pumas @ Atlas,1X2,draw,,3.08,0.2906,0.3247,-4.72,win,2.08,0.34,market_avg,False
ligamx,2023,2024-02-15,UNAM Pumas @ Atlas,1X2,unam pumas,,2.52,0.436,0.3968,4.45,lose,-1.0,0.34,market_avg,True
ligamx,2023,2024-02-17,Necaxa @ Queretaro,1X2,queretaro,,2.69,0.3977,0.3717,3.14,lose,-1.0,0.34,market_avg,True
ligamx,2023,2024-02-17,Necaxa @ Queretaro,1X2,draw,,3.15,0.2725,0.3175,-6.37,win,2.15,0.34,market_avg,False
ligamx,2023,2024-02-17,Necaxa @ Queretaro,1X2,necaxa,,2.62,0.3298,0.3817,-6.12,lose,-1.0,0.34,market_avg,False
ligamx,2023,2024-02-17,Guadalajara Chivas @ Mazatlan FC,1X2,mazatlan,,3.62,0.4104,0.2762,21.86,lose,-1.0,0.34,market_avg,True
ligamx,2023,2024-02-17,Guadalajara Chivas @ Mazatlan FC,1X2,draw,,3.47,0.2667,0.2882,-3.35,win,2.47,0.34,market_avg,False
ligamx,2023,2024-02-17,Guadalajara Chivas @ Mazatlan FC,1X2,guadalajara chivas,,1.97,0.3228,0.5076,-16.38,lose,-1.0,0.34,market_avg,False
ligamx,2023,2024-02-17,Club Tijuana @ Atl. San Luis,1X2,atl san luis,,2.07,0.5321,0.4831,4.56,lose,-1.0,0.34,market_avg,True
ligamx,2023,2024-02-17,Club Tijuana @ Atl. San Luis,1X2,draw,,3.54,0.2386,0.2825,-6.99,win,2.54,0.34,market_avg,False
ligamx,2023,2024-02-17,Club Tijuana @ Atl. San Luis,1X2,tijuana,,3.28,0.2294,0.3049,-11.15,lose,-1.0,0.34,market_avg,False
ligamx,2023,2024-02-18,Club America @ Pachuca,1X2,pachuca,,3.49,0.1606,0.2865,-19.77,win,2.49,0.34,market_avg,False
ligamx,2023,2024-02-18,Club America @ Pachuca,1X2,draw,,3.75,0.2387,0.2667,-4.73,lose,-1.0,0.34,market_avg,False
ligamx,2023,2024-02-18,Club America @ Pachuca,1X2,america,,1.94,0.6007,0.5155,7.44,lose,-1.0,0.34,market_avg,True
ligamx,2023,2024-02-18,Tigres UANL @ Cruz Azul,1X2,cruz azul,,2.33,0.2775,0.4292,-15.91,win,1.33,0.34,market_avg,False
ligamx,2023,2024-02-18,Tigres UANL @ Cruz Azul,1X2,draw,,3.25,0.2794,0.3077,-4.14,lose,-1.0,0.34,market_avg,False
ligamx,2023,2024-02-18,Tigres UANL @ Cruz Azul,1X2,tigres uanl,,2.99,0.4431,0.3344,14.62,lose,-1.0,0.34,market_avg,True
ligamx,2023,2024-02-18,Club Leon @ Atlas,1X2,atlas,,2.61,0.3736,0.3831,-1.12,lose,-1.0,0.34,market_avg,False
ligamx,2023,2024-02-18,Club Leon @ Atlas,1X2,draw,,3.26,0.2869,0.3067,-2.91,lose,-1.0,0.34,market_avg,False
ligamx,2023,2024-02-18,Club Leon @ Atlas,1X2,leon,,2.64,0.3395,0.3788,-4.67,win,1.6400000000000001,0.34,market_avg,False
ligamx,2023,2024-02-19,Santos Laguna @ UNAM Pumas,1X2,unam pumas,,1.59,0.6492,0.6289,1.45,win,0.5900000000000001,0.34,market_avg,False
ligamx,2023,2024-02-19,Santos Laguna @ UNAM Pumas,1X2,draw,,4.02,0.1966,0.2488,-9.44,lose,-1.0,0.34,market_avg,False
ligamx,2023,2024-02-19,Santos Laguna @ UNAM Pumas,1X2,santos laguna,,5.19,0.1541,0.1927,-9.01,lose,-1.0,0.34,market_avg,False
ligamx,2023,2024-02-19,Toluca @ Monterrey,1X2,monterrey,,1.68,0.5468,0.5952,-3.66,lose,-1.0,0.34,market_avg,False
ligamx,2023,2024-02-19,Toluca @ Monterrey,1X2,draw,,3.94,0.2528,0.2538,-0.19,win,2.94,0.34,market_avg,False
ligamx,2023,2024-02-19,Toluca @ Monterrey,1X2,toluca,,4.45,0.2005,0.2247,-4.85,lose,-1.0,0.34,market_avg,False
ligamx,2023,2024-02-21,Pachuca @ Puebla,1X2,puebla,,3.89,0.486,0.2571,40.08,lose,-1.0,0.34,market_avg,False
ligamx,2023,2024-02-21,Pachuca @ Puebla,1X2,draw,,3.97,0.2497,0.2519,-0.39,lose,-1.0,0.34,market_avg,False
ligamx,2023,2024-02-21,Pachuca @ Puebla,1X2,pachuca,,1.79,0.2643,0.5587,-23.71,win,0.79,0.34,market_avg,False
ligamx,2023,2024-02-21,Guadalajara Chivas @ Necaxa,1X2,necaxa,,3.53,0.3989,0.2833,18.37,win,2.53,0.34,market_avg,True
ligamx,2023,2024-02-21,Guadalajara Chivas @ Necaxa,1X2,draw,,3.31,0.2782,0.3021,-3.56,lose,-1.0,0.34,market_avg,False
ligamx,2023,2024-02-21,Guadalajara Chivas @ Necaxa,1X2,guadalajara chivas,,2.07,0.3229,0.4831,-14.92,lose,-1.0,0.34,market_avg,False
ligamx,2023,2024-02-22,Santos Laguna @ Toluca,1X2,toluca,,1.47,0.6478,0.6803,-2.15,win,0.47,0.34,market_avg,False
ligamx,2023,2024-02-22,Santos Laguna @ Toluca,1X2,draw,,4.69,0.1954,0.2132,-3.77,lose,-1.0,0.34,market_avg,False
ligamx,2023,2024-02-22,Santos Laguna @ Toluca,1X2,santos laguna,,5.75,0.1568,0.1739,-4.42,lose,-1.0,0.34,market_avg,False
ligamx,2023,2024-02-22,Mazatlan FC @ Club America,1X2,america,,1.21,0.7522,0.8264,-4.04,lose,-1.0,0.34,market_avg,False
ligamx,2023,2024-02-22,Mazatlan FC @ Club America,1X2,draw,,6.32,0.1647,0.1582,1.85,win,5.32,0.34,market_avg,False
ligamx,2023,2024-02-22,Mazatlan FC @ Club America,1X2,mazatlan,,11.59,0.083,0.0863,-1.69,lose,-1.0,0.34,market_avg,False
ligamx,2023,2024-02-22,Cruz Azul @ Club Leon,1X2,leon,,2.7,0.4444,0.3704,8.99,lose,-1.0,0.34,market_avg,True
ligamx,2023,2024-02-22,Cruz Azul @ Club Leon,1X2,draw,,3.56,0.2606,0.2809,-3.25,lose,-1.0,0.34,market_avg,False
ligamx,2023,2024-02-22,Cruz Azul @ Club Leon,1X2,cruz azul,,2.4,0.295,0.4167,-13.14,win,1.4,0.34,market_avg,False
ligamx,2023,2024-02-24,Queretaro @ Puebla,1X2,puebla,,2.17,0.4553,0.4608,-0.54,lose,-1.0,0.34,market_avg,False
ligamx,2023,2024-02-24,Queretaro @ Puebla,1X2,draw,,3.41,0.2657,0.2933,-4.23,lose,-1.0,0.34,market_avg,False
ligamx,2023,2024-02-24,Queretaro @ Puebla,1X2,queretaro,,3.17,0.279,0.3155,-5.2,win,2.17,0.34,market_avg,False
ligamx,2023,2024-02-24,Monterrey @ Juarez,1X2,juarez,,4.56,0.2155,0.2193,-0.78,lose,-1.0,0.34,market_avg,False
ligamx,2023,2024-02-24,Monterrey @ Juarez,1X2,draw,,3.76,0.2632,0.266,-0.47,lose,-1.0,0.34,market_avg,False
ligamx,2023,2024-02-24,Monterrey @ Juarez,1X2,monterrey,,1.72,0.5213,0.5814,-4.65,win,0.72,0.34,market_avg,False
ligamx,2023,2024-02-24,Pachuca @ Necaxa,1X2,necaxa,,2.95,0.4591,0.339,15.95,lose,-1.0,0.34,market_avg,True
ligamx,2023,2024-02-24,Pachuca @ Necaxa,1X2,draw,,3.51,0.2821,0.2849,-0.45,win,2.51,0.34,market_avg,False
ligamx,2023,2024-02-24,Pachuca @ Necaxa,1X2,pachuca,,2.26,0.2588,0.4425,-18.68,lose,-1.0,0.34,market_avg,False
ligamx,2023,2024-02-24,Atl. San Luis @ Club Leon,1X2,leon,,1.96,0.3949,0.5102,-10.17,win,0.96,0.34,market_avg,False
ligamx,2023,2024-02-24,Atl. San Luis @ Club Leon,1X2,draw,,3.72,0.2473,0.2688,-3.6,lose,-1.0,0.34,market_avg,False
ligamx,2023,2024-02-24,Atl. San Luis @ Club Leon,1X2,atl san luis,,3.43,0.3578,0.2915,10.23,lose,-1.0,0.34,market_avg,True
ligamx,2023,2024-02-25,Atlas @ Tigres UANL,1X2,tigres uanl,,1.54,0.6633,0.6494,0.97,lose,-1.0,0.34,market_avg,False
ligamx,2023,2024-02-25,Atlas @ Tigres UANL,1X2,draw,,3.89,0.2247,0.2571,-5.67,win,2.89,0.34,market_avg,False
ligamx,2023,2024-02-25,Atlas @ Tigres UANL,1X2,atlas,,6.03,0.1119,0.1658,-14.64,lose,-1.0,0.34,market_avg,False
ligamx,2023,2024-02-25,UNAM Pumas @ Guadalajara Chivas,1X2,guadalajara chivas,,2.12,0.3236,0.4717,-14.13,win,1.12,0.34,market_avg,False
ligamx,2023,2024-02-25,UNAM Pumas @ Guadalajara Chivas,1X2,draw,,3.4,0.2957,0.2941,0.24,lose,-1.0,0.34,market_avg,False
ligamx,2023,2024-02-25,UNAM Pumas @ Guadalajara Chivas,1X2,unam pumas,,3.31,0.3807,0.3021,11.71,lose,-1.0,0.34,market_avg,True
ligamx,2023,2024-02-25,Cruz Azul @ Club America,1X2,america,,2.0,0.691,0.5,17.19,win,1.0,0.34,market_avg,False
ligamx,2023,2024-02-25,Cruz Azul @ Club America,1X2,draw,,3.56,0.2279,0.2809,-8.49,lose,-1.0,0.34,market_avg,False
ligamx,2023,2024-02-25,Cruz Azul @ Club America,1X2,cruz azul,,3.48,0.0811,0.2874,-32.3,lose,-1.0,0.34,market_avg,False
ligamx,2023,2024-02-25,Club Tijuana @ Toluca,1X2,toluca,,1.44,0.5284,0.6944,-10.76,win,0.43999999999999995,0.34,market_avg,False
ligamx,2023,2024-02-25,Club Tijuana @ Toluca,1X2,draw,,4.61,0.2572,0.2169,8.36,lose,-1.0,0.34,market_avg,True
ligamx,2023,2024-02-25,Club Tijuana @ Toluca,1X2,tijuana,,6.39,0.2143,0.1565,16.63,lose,-1.0,0.34,market_avg,True
ligamx,2023,2024-02-26,Mazatlan FC @ Santos Laguna,1X2,santos laguna,,2.01,0.4356,0.4975,-5.6,win,1.0099999999999998,0.34,market_avg,False
ligamx,2023,2024-02-26,Mazatlan FC @ Santos Laguna,1X2,draw,,3.59,0.23,0.2786,-7.84,lose,-1.0,0.34,market_avg,False
ligamx,2023,2024-02-26,Mazatlan FC @ Santos Laguna,1X2,mazatlan,,3.4,0.3344,0.2941,6.16,lose,-1.0,0.34,market_avg,True
ligamx,2023,2024-02-28,Atl. San Luis @ Queretaro,1X2,queretaro,,2.61,0.3793,0.3831,-0.45,win,1.6099999999999999,0.34,market_avg,False
ligamx,2023,2024-02-28,Atl. San Luis @ Queretaro,1X2,draw,,3.29,0.2572,0.304,-6.92,lose,-1.0,0.34,market_avg,False
ligamx,2023,2024-02-28,Atl. San Luis @ Queretaro,1X2,atl san luis,,2.62,0.3634,0.3817,-2.16,lose,-1.0,0.34,market_avg,False
ligamx,2023,2024-02-29,Juarez @ Tigres UANL,1X2,tigres uanl,,1.37,0.7405,0.7299,0.65,win,0.3700000000000001,0.34,market_avg,False
ligamx,2023,2024-02-29,Juarez @ Tigres UANL,1X2,draw,,4.69,0.1692,0.2132,-9.29,lose,-1.0,0.34,market_avg,False
ligamx,2023,2024-02-29,Juarez @ Tigres UANL,1X2,juarez,,7.92,0.0903,0.1263,-12.82,lose,-1.0,0.34,market_avg,False
ligamx,2023,2024-02-29,Monterrey @ Club Tijuana,1X2,tijuana,,3.71,0.2292,0.2695,-6.74,lose,-1.0,0.34,market_avg,False
ligamx,2023,2024-02-29,Monterrey @ Club Tijuana,1X2,draw,,3.51,0.2814,0.2849,-0.55,win,2.51,0.34,market_avg,False
ligamx,2023,2024-02-29,Monterrey @ Club Tijuana,1X2,monterrey,,1.95,0.4894,0.5128,-2.06,lose,-1.0,0.34,market_avg,False
ligamx,2023,2024-03-02,Puebla @ Atl. San Luis,1X2,atl san luis,,1.78,0.5253,0.5618,-2.92,win,0.78,0.34,market_avg,False
ligamx,2023,2024-03-02,Puebla @ Atl. San Luis,1X2,draw,,3.83,0.2346,0.2611,-4.56,lose,-1.0,0.34,market_avg,False
ligamx,2023,2024-03-02,Puebla @ Atl. San Luis,1X2,puebla,,4.03,0.24,0.2481,-1.47,lose,-1.0,0.34,market_avg,False
ligamx,2023,2024-03-02,Santos Laguna @ Queretaro,1X2,queretaro,,2.46,0.4128,0.4065,0.7,lose,-1.0,0.34,market_avg,False
ligamx,2023,2024-03-02,Santos Laguna @ Queretaro,1X2,draw,,3.15,0.2561,0.3175,-8.7,lose,-1.0,0.34,market_avg,False
ligamx,2023,2024-03-02,Santos Laguna @ Queretaro,1X2,santos laguna,,2.9,0.3311,0.3448,-1.79,win,1.9,0.34,market_avg,False
ligamx,2023,2024-03-02,Necaxa @ Mazatlan FC,1X2,mazatlan,,2.13,0.4688,0.4695,-0.07,win,1.13,0.34,market_avg,False
ligamx,2023,2024-03-02,Necaxa @ Mazatlan FC,1X2,draw,,3.25,0.2516,0.3077,-8.21,lose,-1.0,0.34,market_avg,False
ligamx,2023,2024-03-02,Necaxa @ Mazatlan FC,1X2,necaxa,,3.41,0.2797,0.2933,-2.09,lose,-1.0,0.34,market_avg,False
ligamx,2023,2024-03-02,Tigres UANL @ Toluca,1X2,toluca,,1.92,0.437,0.5208,-7.24,win,0.9199999999999999,0.34,market_avg,False
ligamx,2023,2024-03-02,Tigres UANL @ Toluca,1X2,draw,,3.52,0.3035,0.2841,3.08,lose,-1.0,0.34,market_avg,False
ligamx,2023,2024-03-02,Tigres UANL @ Toluca,1X2,tigres uanl,,3.78,0.2595,0.2646,-0.86,lose,-1.0,0.34,market_avg,False
ligamx,2023,2024-03-03,Juarez @ Pachuca,1X2,pachuca,,1.44,0.6131,0.6944,-5.27,win,0.43999999999999995,0.34,market_avg,False
ligamx,2023,2024-03-03,Juarez @ Pachuca,1X2,draw,,4.56,0.2154,0.2193,-0.79,lose,-1.0,0.34,market_avg,False
ligamx,2023,2024-03-03,Juarez @ Pachuca,1X2,juarez,,6.45,0.1715,0.155,4.76,lose,-1.0,0.34,market_avg,False
ligamx,2023,2024-03-03,Guadalajara Chivas @ Cruz Azul,1X2,cruz azul,,1.9,0.4334,0.5263,-7.94,win,0.8999999999999999,0.34,market_avg,False
ligamx,2023,2024-03-03,Guadalajara Chivas @ Cruz Azul,1X2,draw,,3.61,0.28,0.277,0.49,lose,-1.0,0.34,market_avg,False
ligamx,2023,2024-03-03,Guadalajara Chivas @ Cruz Azul,1X2,guadalajara chivas,,3.74,0.2866,0.2674,3.23,lose,-1.0,0.34,market_avg,False
ligamx,2023,2024-03-03,Club America @ Atlas,1X2,atlas,,3.9,0.1691,0.2564,-15.32,lose,-1.0,0.34,market_avg,False
ligamx,2023,2024-03-03,Club America @ Atlas,1X2,draw,,3.5,0.281,0.2857,-0.74,lose,-1.0,0.34,market_avg,False
ligamx,2023,2024-03-03,Club America @ Atlas,1X2,america,,1.9,0.55,0.5263,2.03,win,0.8999999999999999,0.34,market_avg,False
ligamx,2023,2024-03-04,UNAM Pumas @ Monterrey,1X2,monterrey,,1.66,0.5016,0.6024,-7.53,win,0.6599999999999999,0.34,market_avg,False
ligamx,2023,2024-03-04,UNAM Pumas @ Monterrey,1X2,draw,,3.85,0.2862,0.2597,4.58,lose,-1.0,0.34,market_avg,True
ligamx,2023,2024-03-04,UNAM Pumas @ Monterrey,1X2,unam pumas,,4.79,0.2122,0.2088,0.75,lose,-1.0,0.34,market_avg,False
ligamx,2023,2024-03-04,Club Leon @ Club Tijuana,1X2,tijuana,,2.26,0.4349,0.4425,-0.77,lose,-1.0,0.34,market_avg,False
ligamx,2023,2024-03-04,Club Leon @ Club Tijuana,1X2,draw,,3.5,0.2579,0.2857,-4.38,win,2.5,0.34,market_avg,False
ligamx,2023,2024-03-04,Club Leon @ Club Tijuana,1X2,leon,,2.92,0.3072,0.3425,-4.63,lose,-1.0,0.34,market_avg,False
ligamx,2023,2024-03-09,Atlas @ Puebla,1X2,puebla,,3.11,0.4455,0.3215,17.35,lose,-1.0,0.34,market_avg,True
ligamx,2023,2024-03-09,Atlas @ Puebla,1X2,draw,,3.36,0.2767,0.2976,-3.17,win,2.36,0.34,market_avg,False
ligamx,2023,2024-03-09,Atlas @ Puebla,1X2,atlas,,2.22,0.2778,0.4505,-17.25,lose,-1.0,0.34,market_avg,False
ligamx,2023,2024-03-09,Atl. San Luis @ Necaxa,1X2,necaxa,,2.63,0.4341,0.3802,6.38,win,1.63,0.34,market_avg,True
ligamx,2023,2024-03-09,Atl. San Luis @ Necaxa,1X2,draw,,3.27,0.2492,0.3058,-8.33,lose,-1.0,0.34,market_avg,False
ligamx,2023,2024-03-09,Atl. San Luis @ Necaxa,1X2,atl san luis,,2.62,0.3168,0.3817,-7.65,lose,-1.0,0.34,market_avg,False
ligamx,2023,2024-03-09,Toluca @ Juarez,1X2,juarez,,3.67,0.2565,0.2725,-2.64,lose,-1.0,0.34,market_avg,False
ligamx,2023,2024-03-09,Toluca @ Juarez,1X2,draw,,3.63,0.2504,0.2755,-4.1,win,2.63,0.34,market_avg,False
ligamx,2023,2024-03-09,Toluca @ Juarez,1X2,toluca,,1.93,0.4931,0.5181,-2.17,lose,-1.0,0.34,market_avg,False
ligamx,2023,2024-03-09,Club Leon @ Guadalajara Chivas,1X2,guadalajara chivas,,1.94,0.4918,0.5155,-2.07,lose,-1.0,0.34,market_avg,False
ligamx,2023,2024-03-09,Club Leon @ Guadalajara Chivas,1X2,draw,,3.56,0.2557,0.2809,-4.04,lose,-1.0,0.34,market_avg,False
ligamx,2023,2024-03-09,Club Leon @ Guadalajara Chivas,1X2,leon,,3.67,0.2525,0.2725,-3.29,win,2.67,0.34,market_avg,False
ligamx,2023,2024-03-10,Queretaro @ Pachuca,1X2,pachuca,,2.05,0.5285,0.4878,3.76,lose,-1.0,0.34,market_avg,True
ligamx,2023,2024-03-10,Queretaro @ Pachuca,1X2,draw,,3.63,0.2392,0.2755,-5.92,lose,-1.0,0.34,market_avg,False
ligamx,2023,2024-03-10,Queretaro @ Pachuca,1X2,queretaro,,3.28,0.2322,0.3049,-10.72,win,2.28,0.34,market_avg,False
ligamx,2023,2024-03-10,Cruz Azul @ Santos Laguna,1X2,santos laguna,,4.26,0.403,0.2347,32.26,win,3.26,0.34,market_avg,False
ligamx,2023,2024-03-10,Cruz Azul @ Santos Laguna,1X2,draw,,3.76,0.252,0.266,-2.36,lose,-1.0,0.34,market_avg,False
ligamx,2023,2024-03-10,Cruz Azul @ Santos Laguna,1X2,cruz azul,,1.76,0.345,0.5682,-17.68,lose,-1.0,0.34,market_avg,False
ligamx,2023,2024-03-10,Tigres UANL @ Club America,1X2,america,,1.77,0.5391,0.565,-2.06,win,0.77,0.34,market_avg,False
ligamx,2023,2024-03-10,Tigres UANL @ Club America,1X2,draw,,3.51,0.2732,0.2849,-1.84,lose,-1.0,0.34,market_avg,False
ligamx,2023,2024-03-10,Tigres UANL @ Club America,1X2,tigres uanl,,4.52,0.1877,0.2212,-6.82,lose,-1.0,0.34,market_avg,False
ligamx,2023,2024-03-10,Club Tijuana @ UNAM Pumas,1X2,unam pumas,,1.61,0.6009,0.6211,-1.46,lose,-1.0,0.34,market_avg,False
ligamx,2023,2024-03-10,Club Tijuana @ UNAM Pumas,1X2,draw,,4.02,0.2346,0.2488,-2.57,win,3.0199999999999996,0.34,market_avg,False
ligamx,2023,2024-03-10,Club Tijuana @ UNAM Pumas,1X2,tijuana,,5.05,0.1645,0.198,-7.62,lose,-1.0,0.34,market_avg,False
ligamx,2023,2024-03-11,Mazatlan FC @ Monterrey,1X2,monterrey,,1.39,0.6894,0.7194,-1.88,win,0.3899999999999999,0.34,market_avg,False
ligamx,2023,2024-03-11,Mazatlan FC @ Monterrey,1X2,draw,,4.75,0.1988,0.2105,-2.5,lose,-1.0,0.34,market_avg,False
ligamx,2023,2024-03-11,Mazatlan FC @ Monterrey,1X2,mazatlan,,7.3,0.1118,0.137,-8.27,lose,-1.0,0.34,market_avg,False
ligamx,2023,2024-03-16,Juarez @ Queretaro,1X2,queretaro,,1.96,0.5334,0.5102,2.05,win,0.96,0.34,market_avg,False
ligamx,2023,2024-03-16,Juarez @ Queretaro,1X2,draw,,3.41,0.2443,0.2933,-7.51,lose,-1.0,0.34,market_avg,False
ligamx,2023,2024-03-16,Juarez @ Queretaro,1X2,juarez,,3.81,0.2223,0.2625,-6.89,lose,-1.0,0.34,market_avg,False
ligamx,2023,2024-03-16,Santos Laguna @ Club Tijuana,1X2,tijuana,,1.83,0.4693,0.5464,-6.35,lose,-1.0,0.34,market_avg,False
ligamx,2023,2024-03-16,Santos Laguna @ Club Tijuana,1X2,draw,,3.58,0.2401,0.2793,-6.32,win,2.58,0.34,market_avg,False
ligamx,2023,2024-03-16,Santos Laguna @ Club Tijuana,1X2,santos laguna,,4.11,0.2906,0.2433,8.75,lose,-1.0,0.34,market_avg,True
ligamx,2023,2024-03-16,Necaxa @ Cruz Azul,1X2,cruz azul,,1.38,0.4914,0.7246,-14.48,lose,-1.0,0.34,market_avg,False
ligamx,2023,2024-03-16,Necaxa @ Cruz Azul,1X2,draw,,4.67,0.2621,0.2141,10.08,lose,-1.0,0.34,market_avg,True
ligamx,2023,2024-03-16,Necaxa @ Cruz Azul,1X2,necaxa,,7.47,0.2465,0.1339,37.86,win,6.47,0.34,market_avg,False
ligamx,2023,2024-03-17,Puebla @ Club Leon,1X2,leon,,1.49,0.5965,0.6711,-5.0,win,0.49,0.34,market_avg,False
ligamx,2023,2024-03-17,Puebla @ Club Leon,1X2,draw,,4.47,0.2152,0.2237,-1.71,lose,-1.0,0.34,market_avg,False
ligamx,2023,2024-03-17,Puebla @ Club Leon,1X2,puebla,,5.61,0.1883,0.1783,2.54,lose,-1.0,0.34,market_avg,False
ligamx,2023,2024-03-17,Mazatlan FC @ Tigres UANL,1X2,tigres uanl,,1.59,0.6537,0.6289,1.77,win,0.5900000000000001,0.34,market_avg,False
ligamx,2023,2024-03-17,Mazatlan FC @ Tigres UANL,1X2,draw,,4.05,0.2077,0.2469,-7.14,lose,-1.0,0.34,market_avg,False
ligamx,2023,2024-03-17,Mazatlan FC @ Tigres UANL,1X2,mazatlan,,5.26,0.1386,0.1901,-12.2,lose,-1.0,0.34,market_avg,False
ligamx,2023,2024-03-17,Club America @ Guadalajara Chivas,1X2,guadalajara chivas,,3.58,0.205,0.2793,-11.97,lose,-1.0,0.34,market_avg,False
ligamx,2023,2024-03-17,Club America @ Guadalajara Chivas,1X2,draw,,3.47,0.2755,0.2882,-1.98,win,2.47,0.34,market_avg,False
ligamx,2023,2024-03-17,Club America @ Guadalajara Chivas,1X2,america,,2.0,0.5195,0.5,1.75,lose,-1.0,0.34,market_avg,False
ligamx,2023,2024-03-17,Monterrey @ Atlas,1X2,atlas,,3.52,0.1896,0.2841,-14.97,lose,-1.0,0.34,market_avg,False
ligamx,2023,2024-03-17,Monterrey @ Atlas,1X2,draw,,3.34,0.2864,0.2994,-1.95,lose,-1.0,0.34,market_avg,False
ligamx,2023,2024-03-17,Monterrey @ Atlas,1X2,monterrey,,2.06,0.524,0.4854,3.57,win,1.06,0.34,market_avg,True
ligamx,2023,2024-03-18,Pachuca @ Atl. San Luis,1X2,atl san luis,,3.39,0.5274,0.295,35.45,win,2.39,0.34,market_avg,False
ligamx,2023,2024-03-18,Pachuca @ Atl. San Luis,1X2,draw,,3.59,0.2192,0.2786,-9.59,lose,-1.0,0.34,market_avg,False
ligamx,2023,2024-03-18,Pachuca @ Atl. San Luis,1X2,pachuca,,2.02,0.2535,0.495,-21.96,lose,-1.0,0.34,market_avg,False
ligamx,2023,2024-03-18,UNAM Pumas @ Toluca,1X2,toluca,,1.77,0.4812,0.565,-6.67,win,0.77,0.34,market_avg,False
ligamx,2023,2024-03-18,UNAM Pumas @ Toluca,1X2,draw,,3.79,0.2642,0.2639,0.06,lose,-1.0,0.34,market_avg,False
ligamx,2023,2024-03-18,UNAM Pumas @ Toluca,1X2,unam pumas,,4.15,0.2547,0.241,2.57,lose,-1.0,0.34,market_avg,False
ligamx,2023,2024-03-24,Puebla @ Juarez,1X2,juarez,,1.97,0.4771,0.5076,-2.71,win,0.97,0.34,market_avg,False
ligamx,2023,2024-03-24,Puebla @ Juarez,1X2,draw,,3.69,0.2487,0.271,-3.71,lose,-1.0,0.34,market_avg,False
ligamx,2023,2024-03-24,Puebla @ Juarez,1X2,puebla,,3.45,0.2742,0.2899,-2.42,lose,-1.0,0.34,market_avg,False
ligamx,2023,2024-03-30,Tigres UANL @ Puebla,1X2,puebla,,4.18,0.2149,0.2392,-4.58,lose,-1.0,0.34,market_avg,False
ligamx,2023,2024-03-30,Tigres UANL @ Puebla,1X2,draw,,3.85,0.2434,0.2597,-2.83,lose,-1.0,0.34,market_avg,False
ligamx,2023,2024-03-30,Tigres UANL @ Puebla,1X2,tigres uanl,,1.76,0.5417,0.5682,-2.1,win,0.76,0.34,market_avg,False
ligamx,2023,2024-03-30,Atl. San Luis @ Club America,1X2,america,,1.5,0.7471,0.6667,5.43,win,0.5,0.34,market_avg,False
ligamx,2023,2024-03-30,Atl. San Luis @ Club America,1X2,draw,,4.47,0.1658,0.2237,-11.66,lose,-1.0,0.34,market_avg,False
ligamx,2023,2024-03-30,Atl. San Luis @ Club America,1X2,atl san luis,,5.6,0.0871,0.1786,-23.05,lose,-1.0,0.34,market_avg,False
ligamx,2023,2024-03-30,Club Tijuana @ Mazatlan FC,1X2,mazatlan,,2.26,0.4797,0.4425,3.79,win,1.2599999999999998,0.34,market_avg,True
ligamx,2023,2024-03-30,Club Tijuana @ Mazatlan FC,1X2,draw,,3.61,0.2425,0.277,-5.61,lose,-1.0,0.34,market_avg,False
ligamx,2023,2024-03-30,Club Tijuana @ Mazatlan FC,1X2,tijuana,,2.87,0.2778,0.3484,-9.13,lose,-1.0,0.34,market_avg,False
ligamx,2023,2024-03-31,Guadalajara Chivas @ Monterrey,1X2,monterrey,,1.76,0.6303,0.5682,4.92,lose,-1.0,0.34,market_avg,True
ligamx,2023,2024-03-31,Guadalajara Chivas @ Monterrey,1X2,draw,,3.67,0.2412,0.2725,-5.17,lose,-1.0,0.34,market_avg,False
ligamx,2023,2024-03-31,Guadalajara Chivas @ Monterrey,1X2,guadalajara chivas,,4.37,0.1285,0.2288,-19.73,win,3.37,0.34,market_avg,False
ligamx,2023,2024-03-31,Toluca @ Pachuca,1X2,pachuca,,2.21,0.3276,0.4525,-12.42,lose,-1.0,0.34,market_avg,False
ligamx,2023,2024-03-31,Toluca @ Pachuca,1X2,draw,,3.62,0.2582,0.2762,-2.94,lose,-1.0,0.34,market_avg,False
ligamx,2023,2024-03-31,Toluca @ Pachuca,1X2,toluca,,2.92,0.4142,0.3425,9.43,win,1.92,0.34,market_avg,True
ligamx,2023,2024-03-31,Cruz Azul @ UNAM Pumas,1X2,unam pumas,,3.08,0.5353,0.3247,29.19,lose,-1.0,0.34,market_avg,False
ligamx,2023,2024-03-31,Cruz Azul @ UNAM Pumas,1X2,draw,,3.51,0.252,0.2849,-5.2,win,2.51,0.34,market_avg,False
ligamx,2023,2024-03-31,Cruz Azul @ UNAM Pumas,1X2,cruz azul,,2.16,0.2127,0.463,-24.32,lose,-1.0,0.34,market_avg,False
ligamx,2023,2024-04-01,Queretaro @ Atlas,1X2,atlas,,2.07,0.3964,0.4831,-8.07,lose,-1.0,0.34,market_avg,False
ligamx,2023,2024-04-01,Queretaro @ Atlas,1X2,draw,,3.27,0.2938,0.3058,-1.77,lose,-1.0,0.34,market_avg,False
ligamx,2023,2024-04-01,Queretaro @ Atlas,1X2,queretaro,,3.57,0.3098,0.2801,4.77,win,2.57,0.34,market_avg,True
ligamx,2023,2024-04-01,Club Leon @ Necaxa,1X2,necaxa,,2.7,0.4656,0.3704,11.57,lose,-1.0,0.34,market_avg,True
ligamx,2023,2024-04-01,Club Leon @ Necaxa,1X2,draw,,3.45,0.2542,0.2899,-5.54,lose,-1.0,0.34,market_avg,False
ligamx,2023,2024-04-01,Club Leon @ Necaxa,1X2,leon,,2.46,0.2802,0.4065,-13.98,win,1.46,0.34,market_avg,False
ligamx,2023,2024-04-01,Santos Laguna @ Juarez,1X2,juarez,,2.24,0.4101,0.4464,-3.67,win,1.2400000000000002,0.34,market_avg,False
ligamx,2023,2024-04-01,Santos Laguna @ Juarez,1X2,draw,,3.42,0.237,0.2924,-8.52,lose,-1.0,0.34,market_avg,False
ligamx,2023,2024-04-01,Santos Laguna @ Juarez,1X2,santos laguna,,3.02,0.3529,0.3311,2.96,lose,-1.0,0.34,market_avg,False
ligamx,2023,2024-04-06,UNAM Pumas @ Mazatlan FC,1X2,mazatlan,,2.46,0.362,0.4065,-4.93,lose,-1.0,0.34,market_avg,False
ligamx,2023,2024-04-06,UNAM Pumas @ Mazatlan FC,1X2,draw,,3.44,0.261,0.2907,-4.6,lose,-1.0,0.34,market_avg,False
ligamx,2023,2024-04-06,UNAM Pumas @ Mazatlan FC,1X2,unam pumas,,2.7,0.377,0.3704,0.81,win,1.7000000000000002,0.34,market_avg,False
ligamx,2023,2024-04-06,Necaxa @ Club Tijuana,1X2,tijuana,,1.76,0.4291,0.5682,-11.02,lose,-1.0,0.34,market_avg,False
ligamx,2023,2024-04-06,Necaxa @ Club Tijuana,1X2,draw,,3.81,0.2667,0.2625,0.73,lose,-1.0,0.34,market_avg,False
ligamx,2023,2024-04-06,Necaxa @ Club Tijuana,1X2,necaxa,,4.21,0.3042,0.2375,12.63,win,3.21,0.34,market_avg,True
ligamx,2023,2024-04-07,Queretaro @ Club Leon,1X2,leon,,1.84,0.5104,0.5435,-2.74,lose,-1.0,0.34,market_avg,False
ligamx,2023,2024-04-07,Queretaro @ Club Leon,1X2,draw,,3.72,0.2474,0.2688,-3.59,lose,-1.0,0.34,market_avg,False
ligamx,2023,2024-04-07,Queretaro @ Club Leon,1X2,queretaro,,3.89,0.2422,0.2571,-2.6,win,2.89,0.34,market_avg,False
ligamx,2023,2024-04-07,Pachuca @ Tigres UANL,1X2,tigres uanl,,2.42,0.6738,0.4132,28.38,lose,-1.0,0.34,market_avg,False
ligamx,2023,2024-04-07,Pachuca @ Tigres UANL,1X2,draw,,3.5,0.1936,0.2857,-14.5,lose,-1.0,0.34,market_avg,False
ligamx,2023,2024-04-07,Pachuca @ Tigres UANL,1X2,pachuca,,2.7,0.1326,0.3704,-28.89,win,1.7000000000000002,0.34,market_avg,False
ligamx,2023,2024-04-07,Puebla @ Guadalajara Chivas,1X2,guadalajara chivas,,1.33,0.5926,0.7519,-9.53,win,0.33000000000000007,0.34,market_avg,False
ligamx,2023,2024-04-07,Puebla @ Guadalajara Chivas,1X2,draw,,5.17,0.2282,0.1934,8.1,lose,-1.0,0.34,market_avg,True
ligamx,2023,2024-04-07,Puebla @ Guadalajara Chivas,1X2,puebla,,8.09,0.1791,0.1236,20.21,lose,-1.0,0.34,market_avg,False
ligamx,2023,2024-04-07,Monterrey @ Cruz Azul,1X2,cruz azul,,1.94,0.2696,0.5155,-21.47,win,0.94,0.34,market_avg,False
ligamx,2023,2024-04-07,Monterrey @ Cruz Azul,1X2,draw,,3.56,0.3007,0.2809,3.16,lose,-1.0,0.34,market_avg,False
ligamx,2023,2024-04-07,Monterrey @ Cruz Azul,1X2,monterrey,,3.63,0.4298,0.2755,25.2,lose,-1.0,0.34,market_avg,False
ligamx,2023,2024-04-07,Club America @ Santos Laguna,1X2,santos laguna,,4.85,0.1793,0.2062,-5.86,lose,-1.0,0.34,market_avg,False
ligamx,2023,2024-04-07,Club America @ Santos Laguna,1X2,draw,,3.88,0.2324,0.2577,-4.42,win,2.88,0.34,market_avg,False
ligamx,2023,2024-04-07,Club America @ Santos Laguna,1X2,america,,1.65,0.5882,0.6061,-1.33,lose,-1.0,0.34,market_avg,False
ligamx,2023,2024-04-07,Atlas @ Toluca,1X2,toluca,,1.46,0.6717,0.6849,-0.87,win,0.45999999999999996,0.34,market_avg,False
ligamx,2023,2024-04-07,Atlas @ Toluca,1X2,draw,,4.53,0.207,0.2208,-2.8,lose,-1.0,0.34,market_avg,False
ligamx,2023,2024-04-07,Atlas @ Toluca,1X2,atlas,,6.08,0.1213,0.1645,-11.81,lose,-1.0,0.34,market_avg,False
ligamx,2023,2024-04-08,Juarez @ Atl. San Luis,1X2,atl san luis,,1.8,0.5939,0.5556,3.1,lose,-1.0,0.34,market_avg,True
ligamx,2023,2024-04-08,Juarez @ Atl. San Luis,1X2,draw,,3.78,0.2072,0.2646,-9.75,lose,-1.0,0.34,market_avg,False
ligamx,2023,2024-04-08,Juarez @ Atl. San Luis,1X2,juarez,,4.05,0.1989,0.2469,-8.75,win,3.05,0.34,market_avg,False
ligamx,2023,2024-04-13,Mazatlan FC @ Queretaro,1X2,queretaro,,1.9,0.5053,0.5263,-1.8,lose,-1.0,0.34,market_avg,False
ligamx,2023,2024-04-13,Mazatlan FC @ Queretaro,1X2,draw,,3.63,0.2443,0.2755,-5.09,lose,-1.0,0.34,market_avg,False
ligamx,2023,2024-04-13,Mazatlan FC @ Queretaro,1X2,mazatlan,,3.73,0.2504,0.2681,-2.97,win,2.73,0.34,market_avg,False
ligamx,2023,2024-04-13,Santos Laguna @ Necaxa,1X2,necaxa,,2.01,0.4987,0.4975,0.11,win,1.0099999999999998,0.34,market_avg,False
ligamx,2023,2024-04-13,Santos Laguna @ Necaxa,1X2,draw,,3.38,0.2361,0.2959,-9.09,lose,-1.0,0.34,market_avg,False
ligamx,2023,2024-04-13,Santos Laguna @ Necaxa,1X2,santos laguna,,3.64,0.2653,0.2747,-1.55,lose,-1.0,0.34,market_avg,False
ligamx,2023,2024-04-13,Cruz Azul @ Puebla,1X2,puebla,,5.85,0.3447,0.1709,45.74,lose,-1.0,0.34,market_avg,False
ligamx,2023,2024-04-13,Cruz Azul @ Puebla,1X2,draw,,4.77,0.2607,0.2096,10.96,lose,-1.0,0.34,market_avg,True
ligamx,2023,2024-04-13,Cruz Azul @ Puebla,1X2,cruz azul,,1.45,0.3946,0.6897,-19.25,win,0.44999999999999996,0.34,market_avg,False
ligamx,2023,2024-04-14,Guadalajara Chivas @ Pachuca,1X2,pachuca,,2.09,0.4271,0.4785,-4.83,lose,-1.0,0.34,market_avg,False
ligamx,2023,2024-04-14,Guadalajara Chivas @ Pachuca,1X2,draw,,3.49,0.2606,0.2865,-4.08,lose,-1.0,0.34,market_avg,False
ligamx,2023,2024-04-14,Guadalajara Chivas @ Pachuca,1X2,guadalajara chivas,,3.3,0.3123,0.303,1.38,win,2.3,0.34,market_avg,False
ligamx,2023,2024-04-14,Toluca @ Club America,1X2,america,,1.73,0.5753,0.578,-0.21,win,0.73,0.34,market_avg,False
ligamx,2023,2024-04-14,Toluca @ Club America,1X2,draw,,3.81,0.2524,0.2625,-1.73,lose,-1.0,0.34,market_avg,False
ligamx,2023,2024-04-14,Toluca @ Club America,1X2,toluca,,4.41,0.1723,0.2268,-10.81,lose,-1.0,0.34,market_avg,False
ligamx,2023,2024-04-14,Tigres UANL @ Monterrey,1X2,monterrey,,2.1,0.4617,0.4762,-1.37,lose,-1.0,0.34,market_avg,False
ligamx,2023,2024-04-14,Tigres UANL @ Monterrey,1X2,draw,,3.34,0.2906,0.2994,-1.33,win,2.34,0.34,market_avg,False
ligamx,2023,2024-04-14,Tigres UANL @ Monterrey,1X2,tigres uanl,,3.39,0.2478,0.295,-7.2,lose,-1.0,0.34,market_avg,False
ligamx,2023,2024-04-15,Atl. San Luis @ Atlas,1X2,atlas,,2.32,0.3506,0.431,-8.4,win,1.3199999999999998,0.34,market_avg,False
ligamx,2023,2024-04-15,Atl. San Luis @ Atlas,1X2,draw,,3.46,0.2574,0.289,-4.93,lose,-1.0,0.34,market_avg,False
ligamx,2023,2024-04-15,Atl. San Luis @ Atlas,1X2,atl san luis,,2.87,0.392,0.3484,5.63,lose,-1.0,0.34,market_avg,True
ligamx,2023,2024-04-15,Club Leon @ UNAM Pumas,1X2,unam pumas,,1.94,0.5611,0.5155,3.98,win,0.94,0.34,market_avg,True
ligamx,2023,2024-04-15,Club Leon @ UNAM Pumas,1X2,draw,,3.75,0.2374,0.2667,-4.94,lose,-1.0,0.34,market_avg,False
ligamx,2023,2024-04-15,Club Leon @ UNAM Pumas,1X2,leon,,3.48,0.2015,0.2874,-13.45,lose,-1.0,0.34,market_avg,False
ligamx,2023,2024-04-15,Club Tijuana @ Juarez,1X2,juarez,,2.33,0.4427,0.4292,1.42,lose,-1.0,0.34,market_avg,False
ligamx,2023,2024-04-15,Club Tijuana @ Juarez,1X2,draw,,3.32,0.2493,0.3012,-7.75,lose,-1.0,0.34,market_avg,False
ligamx,2023,2024-04-15,Club Tijuana @ Juarez,1X2,tijuana,,2.95,0.308,0.339,-4.11,win,1.9500000000000002,0.34,market_avg,False
ligamx,2023,2024-04-20,Juarez @ Mazatlan FC,1X2,mazatlan,,2.02,0.5249,0.495,2.71,lose,-1.0,0.34,market_avg,False
ligamx,2023,2024-04-20,Juarez @ Mazatlan FC,1X2,draw,,3.63,0.2289,0.2755,-7.6,lose,-1.0,0.34,market_avg,False
ligamx,2023,2024-04-20,Juarez @ Mazatlan FC,1X2,juarez,,3.34,0.2462,0.2994,-8.0,win,2.34,0.34,market_avg,False
ligamx,2023,2024-04-20,Toluca @ Atl. San Luis,1X2,atl san luis,,3.8,0.357,0.2632,16.04,lose,-1.0,0.34,market_avg,True
ligamx,2023,2024-04-20,Toluca @ Atl. San Luis,1X2,draw,,3.98,0.2402,0.2513,-1.97,lose,-1.0,0.34,market_avg,False
ligamx,2023,2024-04-20,Toluca @ Atl. San Luis,1X2,toluca,,1.8,0.4028,0.5556,-12.38,win,0.8,0.34,market_avg,False
ligamx,2023,2024-04-20,Puebla @ Club Tijuana,1X2,tijuana,,1.51,0.5408,0.6623,-8.25,win,0.51,0.34,market_avg,False
ligamx,2023,2024-04-20,Puebla @ Club Tijuana,1X2,draw,,4.45,0.2321,0.2247,1.48,lose,-1.0,0.34,market_avg,False
ligamx,2023,2024-04-20,Puebla @ Club Tijuana,1X2,puebla,,5.54,0.2271,0.1805,11.61,lose,-1.0,0.34,market_avg,True
ligamx,2023,2024-04-21,Monterrey @ Club Leon,1X2,leon,,2.8,0.2797,0.3571,-9.76,win,1.7999999999999998,0.34,market_avg,False
ligamx,2023,2024-04-21,Monterrey @ Club Leon,1X2,draw,,3.46,0.2758,0.289,-2.06,lose,-1.0,0.34,market_avg,False
ligamx,2023,2024-04-21,Monterrey @ Club Leon,1X2,monterrey,,2.36,0.4445,0.4237,2.2,lose,-1.0,0.34,market_avg,False
ligamx,2023,2024-04-21,Queretaro @ Guadalajara Chivas,1X2,guadalajara chivas,,1.56,0.4993,0.641,-9.95,win,0.56,0.34,market_avg,False
ligamx,2023,2024-04-21,Queretaro @ Guadalajara Chivas,1X2,draw,,4.09,0.2713,0.2445,4.94,lose,-1.0,0.34,market_avg,True
ligamx,2023,2024-04-21,Queretaro @ Guadalajara Chivas,1X2,queretaro,,5.46,0.2294,0.1832,11.36,lose,-1.0,0.34,market_avg,True
ligamx,2023,2024-04-21,Pachuca @ Santos Laguna,1X2,santos laguna,,2.62,0.4564,0.3817,8.81,lose,-1.0,0.34,market_avg,True
ligamx,2023,2024-04-21,Pachuca @ Santos Laguna,1X2,draw,,3.5,0.2334,0.2857,-8.24,lose,-1.0,0.34,market_avg,False
ligamx,2023,2024-04-21,Pachuca @ Santos Laguna,1X2,pachuca,,2.47,0.3102,0.4049,-10.52,win,1.4700000000000002,0.34,market_avg,False
ligamx,2023,2024-04-21,Necaxa @ Tigres UANL,1X2,tigres uanl,,1.58,0.5907,0.6329,-3.0,win,0.5800000000000001,0.34,market_avg,False
ligamx,2023,2024-04-21,Necaxa @ Tigres UANL,1X2,draw,,4.11,0.2311,0.2433,-2.26,lose,-1.0,0.34,market_avg,False
ligamx,2023,2024-04-21,Necaxa @ Tigres UANL,1X2,necaxa,,5.19,0.1783,0.1927,-3.37,lose,-1.0,0.34,market_avg,False
ligamx,2023,2024-04-21,Club America @ UNAM Pumas,1X2,unam pumas,,3.49,0.2603,0.2865,-4.12,win,2.49,0.34,market_avg,False
ligamx,2023,2024-04-21,Club America @ UNAM Pumas,1X2,draw,,3.57,0.2934,0.2801,2.13,lose,-1.0,0.34,market_avg,False
ligamx,2023,2024-04-21,Club America @ UNAM Pumas,1X2,america,,1.99,0.4463,0.5025,-5.03,lose,-1.0,0.34,market_avg,False
ligamx,2023,2024-04-22,Atlas @ Cruz Azul,1X2,cruz azul,,1.35,0.5555,0.7407,-11.25,lose,-1.0,0.34,market_avg,False
ligamx,2023,2024-04-22,Atlas @ Cruz Azul,1X2,draw,,4.93,0.257,0.2028,12.02,win,3.9299999999999997,0.34,market_avg,True
ligamx,2023,2024-04-22,Atlas @ Cruz Azul,1X2,atlas,,7.77,0.1874,0.1287,20.53,lose,-1.0,0.34,market_avg,False
ligamx,2023,2024-04-27,Club America @ Puebla,1X2,puebla,,6.09,0.1281,0.1642,-9.89,lose,-1.0,0.34,market_avg,False
ligamx,2023,2024-04-27,Club America @ Puebla,1X2,draw,,4.83,0.2031,0.207,-0.86,lose,-1.0,0.34,market_avg,False
ligamx,2023,2024-04-27,Club America @ Puebla,1X2,america,,1.42,0.6688,0.7042,-2.26,win,0.41999999999999993,0.34,market_avg,False
ligamx,2023,2024-04-27,UNAM Pumas @ Queretaro,1X2,queretaro,,3.17,0.3072,0.3155,-1.18,lose,-1.0,0.34,market_avg,False
ligamx,2023,2024-04-27,UNAM Pumas @ Queretaro,1X2,draw,,3.34,0.2833,0.2994,-2.42,win,2.34,0.34,market_avg,False
ligamx,2023,2024-04-27,UNAM Pumas @ Queretaro,1X2,unam pumas,,2.19,0.4095,0.4566,-4.64,lose,-1.0,0.34,market_avg,False
ligamx,2023,2024-04-28,Club Leon @ Juarez,1X2,juarez,,2.81,0.3862,0.3559,3.83,lose,-1.0,0.34,market_avg,True
ligamx,2023,2024-04-28,Club Leon @ Juarez,1X2,draw,,3.55,0.2562,0.2817,-4.07,win,2.55,0.34,market_avg,False
ligamx,2023,2024-04-28,Club Leon @ Juarez,1X2,leon,,2.3,0.3577,0.4348,-7.98,lose,-1.0,0.34,market_avg,False
ligamx,2023,2024-04-28,Cruz Azul @ Toluca,1X2,toluca,,2.54,0.569,0.3937,20.04,lose,-1.0,0.34,market_avg,False
ligamx,2023,2024-04-28,Cruz Azul @ Toluca,1X2,draw,,3.45,0.2358,0.2899,-8.39,lose,-1.0,0.34,market_avg,False
ligamx,2023,2024-04-28,Cruz Azul @ Toluca,1X2,cruz azul,,2.56,0.1952,0.3906,-22.52,win,1.56,0.34,market_avg,False
ligamx,2023,2024-04-28,Club Tijuana @ Tigres UANL,1X2,tigres uanl,,1.5,0.6487,0.6667,-1.21,win,0.5,0.34,market_avg,False
ligamx,2023,2024-04-28,Club Tijuana @ Tigres UANL,1X2,draw,,4.36,0.2055,0.2294,-4.68,lose,-1.0,0.34,market_avg,False
ligamx,2023,2024-04-28,Club Tijuana @ Tigres UANL,1X2,tijuana,,5.57,0.1458,0.1795,-8.45,lose,-1.0,0.34,market_avg,False
ligamx,2023,2024-04-28,Mazatlan FC @ Pachuca,1X2,pachuca,,1.56,0.5322,0.641,-7.64,lose,-1.0,0.34,market_avg,False
ligamx,2023,2024-04-28,Mazatlan FC @ Pachuca,1X2,draw,,4.36,0.2271,0.2294,-0.44,win,3.3600000000000003,0.34,market_avg,False
ligamx,2023,2024-04-28,Mazatlan FC @ Pachuca,1X2,mazatlan,,4.86,0.2407,0.2058,7.64,lose,-1.0,0.34,market_avg,True
ligamx,2023,2024-04-28,Guadalajara Chivas @ Atlas,1X2,atlas,,3.73,0.3083,0.2681,6.74,lose,-1.0,0.34,market_avg,True
ligamx,2023,2024-04-28,Guadalajara Chivas @ Atlas,1X2,draw,,3.49,0.2913,0.2865,0.75,lose,-1.0,0.34,market_avg,False
ligamx,2023,2024-04-28,Guadalajara Chivas @ Atlas,1X2,guadalajara chivas,,1.93,0.4004,0.5181,-10.22,win,0.9299999999999999,0.34,market_avg,False
ligamx,2023,2024-04-29,Monterrey @ Necaxa,1X2,necaxa,,3.14,0.2933,0.3185,-3.56,lose,-1.0,0.34,market_avg,False
ligamx,2023,2024-04-29,Monterrey @ Necaxa,1X2,draw,,3.39,0.2766,0.295,-2.8,lose,-1.0,0.34,market_avg,False
ligamx,2023,2024-04-29,Monterrey @ Necaxa,1X2,monterrey,,2.17,0.4301,0.4608,-3.0,win,1.17,0.34,market_avg,False
ligamx,2023,2024-04-29,Atl. San Luis @ Santos Laguna,1X2,santos laguna,,2.12,0.46,0.4717,-1.12,lose,-1.0,0.34,market_avg,False
ligamx,2023,2024-04-29,Atl. San Luis @ Santos Laguna,1X2,draw,,3.49,0.225,0.2865,-9.66,lose,-1.0,0.34,market_avg,False
ligamx,2023,2024-04-29,Atl. San Luis @ Santos Laguna,1X2,atl san luis,,3.15,0.315,0.3175,-0.35,win,2.15,0.34,market_avg,False
ligamx,2023,2024-05-03,Queretaro @ Necaxa,1X2,necaxa,,2.23,0.4706,0.4484,2.22,lose,-1.0,0.34,market_avg,False
ligamx,2023,2024-05-03,Queretaro @ Necaxa,1X2,draw,,3.27,0.2576,0.3058,-7.09,win,2.27,0.34,market_avg,False
ligamx,2023,2024-05-03,Queretaro @ Necaxa,1X2,queretaro,,3.17,0.2718,0.3155,-6.23,lose,-1.0,0.34,market_avg,False
ligamx,2023,2024-05-03,UNAM Pumas @ Pachuca,1X2,pachuca,,2.49,0.346,0.4016,-6.23,lose,-1.0,0.34,market_avg,False
ligamx,2023,2024-05-03,UNAM Pumas @ Pachuca,1X2,draw,,3.43,0.2669,0.2915,-3.8,win,2.43,0.34,market_avg,False
ligamx,2023,2024-05-03,UNAM Pumas @ Pachuca,1X2,unam pumas,,2.63,0.3871,0.3802,0.81,lose,-1.0,0.34,market_avg,False
ligamx,2023,2024-05-06,Necaxa @ Pachuca,1X2,pachuca,,1.56,0.5187,0.641,-8.59,win,0.56,0.34,market_avg,False
ligamx,2023,2024-05-06,Necaxa @ Pachuca,1X2,draw,,4.13,0.2549,0.2421,2.37,lose,-1.0,0.34,market_avg,False
ligamx,2023,2024-05-06,Necaxa @ Pachuca,1X2,necaxa,,5.34,0.2264,0.1873,9.4,lose,-1.0,0.34,market_avg,True
ligamx,2023,2024-05-09,Club America @ Pachuca,1X2,pachuca,,3.15,0.1362,0.3175,-25.69,lose,-1.0,0.34,market_avg,False
ligamx,2023,2024-05-09,Club America @ Pachuca,1X2,draw,,3.45,0.2451,0.2899,-6.95,win,2.45,0.34,market_avg,False
ligamx,2023,2024-05-09,Club America @ Pachuca,1X2,america,,2.15,0.6187,0.4651,14.86,lose,-1.0,0.34,market_avg,False
ligamx,2023,2024-05-09,Toluca @ Guadalajara Chivas,1X2,guadalajara chivas,,2.39,0.373,0.4184,-4.89,win,1.3900000000000001,0.34,market_avg,False
ligamx,2023,2024-05-09,Toluca @ Guadalajara Chivas,1X2,draw,,3.22,0.2786,0.3106,-4.64,lose,-1.0,0.34,market_avg,False
ligamx,2023,2024-05-09,Toluca @ Guadalajara Chivas,1X2,toluca,,2.93,0.3485,0.3413,0.95,lose,-1.0,0.34,market_avg,False
ligamx,2023,2024-05-10,Monterrey @ Tigres UANL,1X2,tigres uanl,,2.62,0.442,0.3817,7.11,lose,-1.0,0.34,market_avg,True
ligamx,2023,2024-05-10,Monterrey @ Tigres UANL,1X2,draw,,3.29,0.271,0.304,-4.88,lose,-1.0,0.34,market_avg,False
ligamx,2023,2024-05-10,Monterrey @ Tigres UANL,1X2,monterrey,,2.63,0.287,0.3802,-11.03,win,1.63,0.34,market_avg,False
ligamx,2023,2024-05-10,Cruz Azul @ UNAM Pumas,1X2,unam pumas,,2.79,0.5049,0.3584,18.39,lose,-1.0,0.34,market_avg,True
ligamx,2023,2024-05-10,Cruz Azul @ UNAM Pumas,1X2,draw,,3.23,0.2739,0.3096,-5.2,lose,-1.0,0.34,market_avg,False
ligamx,2023,2024-05-10,Cruz Azul @ UNAM Pumas,1X2,cruz azul,,2.51,0.2212,0.3984,-20.01,win,1.5099999999999998,0.34,market_avg,False
ligamx,2023,2024-05-12,Pachuca @ Club America,1X2,america,,1.97,0.7489,0.5076,21.39,lose,-1.0,0.34,market_avg,False
ligamx,2023,2024-05-12,Pachuca @ Club America,1X2,draw,,3.64,0.185,0.2747,-14.69,win,2.64,0.34,market_avg,False
ligamx,2023,2024-05-12,Pachuca @ Club America,1X2,pachuca,,3.49,0.0661,0.2865,-34.63,lose,-1.0,0.34,market_avg,False
ligamx,2023,2024-05-12,Guadalajara Chivas @ Toluca,1X2,toluca,,1.81,0.4935,0.5525,-4.8,lose,-1.0,0.34,market_avg,False
ligamx,2023,2024-05-12,Guadalajara Chivas @ Toluca,1X2,draw,,3.74,0.2814,0.2674,2.35,win,2.74,0.34,market_avg,False
ligamx,2023,2024-05-12,Guadalajara Chivas @ Toluca,1X2,guadalajara chivas,,4.03,0.2251,0.2481,-4.17,lose,-1.0,0.34,market_avg,False
ligamx,2023,2024-05-13,UNAM Pumas @ Cruz Azul,1X2,cruz azul,,1.96,0.3699,0.5102,-12.38,lose,-1.0,0.34,market_avg,False
ligamx,2023,2024-05-13,UNAM Pumas @ Cruz Azul,1X2,draw,,3.83,0.3145,0.2611,9.21,win,2.83,0.34,market_avg,True
ligamx,2023,2024-05-13,UNAM Pumas @ Cruz Azul,1X2,unam pumas,,3.38,0.3156,0.2959,3.0,lose,-1.0,0.34,market_avg,False
ligamx,2023,2024-05-13,Tigres UANL @ Monterrey,1X2,monterrey,,2.35,0.452,0.4255,2.8,lose,-1.0,0.34,market_avg,False
ligamx,2023,2024-05-13,Tigres UANL @ Monterrey,1X2,draw,,3.4,0.2824,0.2941,-1.79,win,2.4,0.34,market_avg,False
ligamx,2023,2024-05-13,Tigres UANL @ Monterrey,1X2,tigres uanl,,2.89,0.2656,0.346,-10.46,lose,-1.0,0.34,market_avg,False
ligamx,2023,2024-05-16,Club America @ Guadalajara Chivas,1X2,guadalajara chivas,,3.26,0.2197,0.3067,-12.77,lose,-1.0,0.34,market_avg,False
ligamx,2023,2024-05-16,Club America @ Guadalajara Chivas,1X2,draw,,3.09,0.3297,0.3236,0.84,win,2.09,0.34,market_avg,False
ligamx,2023,2024-05-16,Club America @ Guadalajara Chivas,1X2,america,,2.28,0.4505,0.4386,1.22,lose,-1.0,0.34,market_avg,False
ligamx,2023,2024-05-17,Cruz Azul @ Monterrey,1X2,monterrey,,2.09,0.5514,0.4785,6.86,lose,-1.0,0.34,market_avg,True
ligamx,2023,2024-05-17,Cruz Azul @ Monterrey,1X2,draw,,3.27,0.2761,0.3058,-4.38,lose,-1.0,0.34,market_avg,False
ligamx,2023,2024-05-17,Cruz Azul @ Monterrey,1X2,cruz azul,,3.41,0.1726,0.2933,-18.52,win,2.41,0.34,market_avg,False
ligamx,2023,2024-05-19,Guadalajara Chivas @ Club America,1X2,america,,1.83,0.6038,0.5464,4.72,win,0.8300000000000001,0.34,market_avg,True
ligamx,2023,2024-05-19,Guadalajara Chivas @ Club America,1X2,draw,,3.51,0.2994,0.2849,2.29,lose,-1.0,0.34,market_avg,False
ligamx,2023,2024-05-19,Guadalajara Chivas @ Club America,1X2,guadalajara chivas,,4.24,0.0967,0.2358,-26.55,lose,-1.0,0.34,market_avg,False
ligamx,2023,2024-05-20,Monterrey @ Cruz Azul,1X2,cruz azul,,2.27,0.2976,0.4405,-14.6,lose,-1.0,0.34,market_avg,False
ligamx,2023,2024-05-20,Monterrey @ Cruz Azul,1X2,draw,,3.35,0.3447,0.2985,6.96,lose,-1.0,0.34,market_avg,True
ligamx,2023,2024-05-20,Monterrey @ Cruz Azul,1X2,monterrey,,3.05,0.3578,0.3279,4.1,win,2.05,0.34,market_avg,True
ligamx,2023,2024-05-24,Club America @ Cruz Azul,1X2,cruz azul,,3.12,0.1807,0.3205,-19.63,lose,-1.0,0.34,market_avg,False
ligamx,2023,2024-05-24,Club America @ Cruz Azul,1X2,draw,,3.17,0.2917,0.3155,-3.39,win,2.17,0.34,market_avg,False
ligamx,2023,2024-05-24,Club America @ Cruz Azul,1X2,america,,2.33,0.5276,0.4292,10.32,lose,-1.0,0.34,market_avg,True
ligamx,2023,2024-05-27,Cruz Azul @ Club America,1X2,america,,1.85,0.6801,0.5405,11.62,win,0.8500000000000001,0.34,market_avg,True
ligamx,2023,2024-05-27,Cruz Azul @ Club America,1X2,draw,,3.41,0.2413,0.2933,-7.98,lose,-1.0,0.34,market_avg,False
ligamx,2023,2024-05-27,Cruz Azul @ Club America,1X2,cruz azul,,4.28,0.0787,0.2336,-29.85,lose,-1.0,0.34,market_avg,False
brasileirao,2023,2023-05-20,Goias @ Bahia,1X2,bahia,,1.7,0.5123,0.5882,-5.81,lose,-1.0,0.34,market_avg,False
brasileirao,2023,2023-05-20,Goias @ Bahia,1X2,draw,,3.66,0.2458,0.2732,-4.52,win,2.66,0.34,market_avg,False
brasileirao,2023,2023-05-20,Goias @ Bahia,1X2,goias,,5.09,0.242,0.1965,10.42,lose,-1.0,0.34,market_avg,True
brasileirao,2023,2023-05-20,Fortaleza @ America MG,1X2,america mg,,2.87,0.1593,0.3484,-24.43,win,1.87,0.34,market_avg,False
brasileirao,2023,2023-05-20,Fortaleza @ America MG,1X2,draw,,3.32,0.2421,0.3012,-8.84,lose,-1.0,0.34,market_avg,False
brasileirao,2023,2023-05-20,Fortaleza @ America MG,1X2,fortaleza,,2.44,0.5987,0.4098,20.73,lose,-1.0,0.34,market_avg,False
brasileirao,2023,2023-05-20,Fluminense @ Botafogo RJ,1X2,botafogo rj,,2.7,0.4067,0.3704,4.42,win,1.7000000000000002,0.34,market_avg,True
brasileirao,2023,2023-05-20,Fluminense @ Botafogo RJ,1X2,draw,,3.25,0.267,0.3077,-5.96,lose,-1.0,0.34,market_avg,False
brasileirao,2023,2023-05-20,Fluminense @ Botafogo RJ,1X2,fluminense,,2.62,0.3263,0.3817,-6.53,lose,-1.0,0.34,market_avg,False
brasileirao,2023,2023-05-20,Athletico-PR @ Bragantino,1X2,bragantino,,1.83,0.3452,0.5464,-16.57,win,0.8300000000000001,0.34,market_avg,False
brasileirao,2023,2023-05-20,Athletico-PR @ Bragantino,1X2,draw,,3.57,0.2528,0.2801,-4.39,lose,-1.0,0.34,market_avg,False
brasileirao,2023,2023-05-20,Athletico-PR @ Bragantino,1X2,athletico pr,,4.26,0.402,0.2347,32.06,lose,-1.0,0.34,market_avg,False
brasileirao,2023,2023-05-20,Atletico-MG @ Coritiba,1X2,coritiba,,4.6,0.2033,0.2174,-2.92,lose,-1.0,0.34,market_avg,False
brasileirao,2023,2023-05-20,Atletico-MG @ Coritiba,1X2,draw,,3.36,0.2577,0.2976,-6.04,lose,-1.0,0.34,market_avg,False
brasileirao,2023,2023-05-20,Atletico-MG @ Coritiba,1X2,atletico mg,,1.83,0.5391,0.5464,-0.61,win,0.8300000000000001,0.34,market_avg,False
brasileirao,2023,2023-05-20,Vasco @ Sao Paulo,1X2,sao paulo,,1.84,0.5208,0.5435,-1.88,win,0.8400000000000001,0.34,market_avg,False
brasileirao,2023,2023-05-20,Vasco @ Sao Paulo,1X2,draw,,3.38,0.2929,0.2959,-0.45,lose,-1.0,0.34,market_avg,False
brasileirao,2023,2023-05-20,Vasco @ Sao Paulo,1X2,vasco,,4.51,0.1863,0.2217,-7.19,lose,-1.0,0.34,market_avg,False
brasileirao,2023,2023-05-21,Palmeiras @ Santos,1X2,santos,,5.1,0.3444,0.1961,34.03,lose,-1.0,0.34,market_avg,True
brasileirao,2023,2023-05-21,Palmeiras @ Santos,1X2,draw,,3.53,0.2754,0.2833,-1.25,win,2.53,0.34,market_avg,False
brasileirao,2023,2023-05-21,Palmeiras @ Santos,1X2,palmeiras,,1.73,0.3802,0.578,-15.4,lose,-1.0,0.34,market_avg,False
brasileirao,2023,2023-05-21,Corinthians @ Flamengo RJ,1X2,flamengo rj,,1.41,0.6079,0.7092,-6.43,win,0.4099999999999999,0.34,market_avg,False
brasileirao,2023,2023-05-21,Corinthians @ Flamengo RJ,1X2,draw,,4.4,0.2107,0.2273,-3.27,lose,-1.0,0.34,market_avg,False
brasileirao,2023,2023-05-21,Corinthians @ Flamengo RJ,1X2,corinthians,,8.09,0.1814,0.1236,21.04,lose,-1.0,0.34,market_avg,False
brasileirao,2023,2023-05-21,Internacional @ Gremio,1X2,gremio,,2.02,0.4662,0.495,-2.63,win,1.02,0.34,market_avg,False
brasileirao,2023,2023-05-21,Internacional @ Gremio,1X2,draw,,3.26,0.2845,0.3067,-3.26,lose,-1.0,0.34,market_avg,False
brasileirao,2023,2023-05-21,Internacional @ Gremio,1X2,internacional,,3.85,0.2493,0.2597,-1.81,lose,-1.0,0.34,market_avg,False
brasileirao,2023,2023-05-23,Cuiaba @ Cruzeiro,1X2,cruzeiro,,1.58,0.6954,0.6329,4.44,lose,-1.0,0.334,market_avg,False
brasileirao,2023,2023-05-23,Cuiaba @ Cruzeiro,1X2,draw,,3.75,0.1951,0.2667,-12.08,lose,-1.0,0.334,market_avg,False
brasileirao,2023,2023-05-23,Cuiaba @ Cruzeiro,1X2,cuiaba,,6.27,0.1095,0.1595,-14.1,win,5.27,0.334,market_avg,False
brasileirao,2023,2023-05-27,Gremio @ Athletico-PR,1X2,athletico pr,,1.64,0.4643,0.6098,-10.74,lose,-1.0,0.34,market_avg,False
brasileirao,2023,2023-05-27,Gremio @ Athletico-PR,1X2,draw,,3.74,0.2585,0.2674,-1.5,lose,-1.0,0.34,market_avg,False
brasileirao,2023,2023-05-27,Gremio @ Athletico-PR,1X2,gremio,,5.51,0.2773,0.1815,23.75,win,4.51,0.34,market_avg,True
brasileirao,2023,2023-05-27,Vasco @ Fortaleza,1X2,fortaleza,,1.66,0.5716,0.6024,-2.3,win,0.6599999999999999,0.34,market_avg,False
brasileirao,2023,2023-05-27,Vasco @ Fortaleza,1X2,draw,,3.89,0.2513,0.2571,-1.02,lose,-1.0,0.34,market_avg,False
brasileirao,2023,2023-05-27,Vasco @ Fortaleza,1X2,vasco,,5.05,0.1772,0.198,-4.74,lose,-1.0,0.34,market_avg,False
brasileirao,2023,2023-05-27,Coritiba @ Cuiaba,1X2,cuiaba,,1.85,0.479,0.5405,-5.12,lose,-1.0,0.334,market_avg,False
brasileirao,2023,2023-05-27,Coritiba @ Cuiaba,1X2,draw,,3.3,0.2647,0.303,-5.69,win,2.3,0.334,market_avg,False
brasileirao,2023,2023-05-27,Coritiba @ Cuiaba,1X2,coritiba,,4.65,0.2563,0.2151,8.63,lose,-1.0,0.334,market_avg,True
brasileirao,2023,2023-05-27,Cruzeiro @ Flamengo RJ,1X2,flamengo rj,,1.68,0.3931,0.5952,-15.28,lose,-1.0,0.334,market_avg,False
brasileirao,2023,2023-05-27,Cruzeiro @ Flamengo RJ,1X2,draw,,3.7,0.2733,0.2703,0.5,win,2.7,0.334,market_avg,False
brasileirao,2023,2023-05-27,Cruzeiro @ Flamengo RJ,1X2,cruzeiro,,5.11,0.3336,0.1957,31.71,lose,-1.0,0.334,market_avg,True
brasileirao,2023,2023-05-28,Goias @ Sao Paulo,1X2,sao paulo,,1.55,0.6735,0.6452,1.98,win,0.55,0.34,market_avg,False
brasileirao,2023,2023-05-28,Goias @ Sao Paulo,1X2,draw,,3.89,0.2074,0.2571,-8.69,lose,-1.0,0.34,market_avg,False
brasileirao,2023,2023-05-28,Goias @ Sao Paulo,1X2,goias,,6.45,0.119,0.155,-10.46,lose,-1.0,0.34,market_avg,False
brasileirao,2023,2023-05-28,Fluminense @ Corinthians,1X2,corinthians,,2.71,0.2217,0.369,-17.96,win,1.71,0.34,market_avg,False
brasileirao,2023,2023-05-28,Fluminense @ Corinthians,1X2,draw,,3.09,0.2692,0.3236,-7.57,lose,-1.0,0.34,market_avg,False
brasileirao,2023,2023-05-28,Fluminense @ Corinthians,1X2,fluminense,,2.71,0.5091,0.369,17.08,lose,-1.0,0.34,market_avg,True
brasileirao,2023,2023-05-28,Bahia @ Internacional,1X2,internacional,,2.05,0.3647,0.4878,-11.36,win,1.0499999999999998,0.34,market_avg,False
brasileirao,2023,2023-05-28,Bahia @ Internacional,1X2,draw,,3.44,0.2811,0.2907,-1.49,lose,-1.0,0.34,market_avg,False
brasileirao,2023,2023-05-28,Bahia @ Internacional,1X2,bahia,,3.59,0.3542,0.2786,12.23,lose,-1.0,0.34,market_avg,True
brasileirao,2023,2023-05-28,Palmeiras @ Atletico-MG,1X2,atletico mg,,2.25,0.3612,0.4444,-8.43,lose,-1.0,0.34,market_avg,False
brasileirao,2023,2023-05-28,Palmeiras @ Atletico-MG,1X2,draw,,3.23,0.2828,0.3096,-3.9,win,2.23,0.34,market_avg,False
brasileirao,2023,2023-05-28,Palmeiras @ Atletico-MG,1X2,palmeiras,,3.28,0.356,0.3049,7.55,lose,-1.0,0.34,market_avg,True
brasileirao,2023,2023-05-28,Santos @ Bragantino,1X2,bragantino,,1.76,0.3347,0.5682,-18.49,win,0.76,0.34,market_avg,False
brasileirao,2023,2023-05-28,Santos @ Bragantino,1X2,draw,,3.41,0.2974,0.2933,0.63,lose,-1.0,0.34,market_avg,False
brasileirao,2023,2023-05-28,Santos @ Bragantino,1X2,santos,,5.07,0.3679,0.1972,38.94,lose,-1.0,0.34,market_avg,False
brasileirao,2023,2023-05-28,America MG @ Botafogo RJ,1X2,botafogo rj,,1.79,0.7541,0.5587,15.74,win,0.79,0.334,market_avg,False
brasileirao,2023,2023-05-28,America MG @ Botafogo RJ,1X2,draw,,3.59,0.1577,0.2786,-19.52,lose,-1.0,0.334,market_avg,False
brasileirao,2023,2023-05-28,America MG @ Botafogo RJ,1X2,america mg,,4.49,0.0882,0.2227,-27.18,lose,-1.0,0.334,market_avg,False
brasileirao,2023,2023-06-03,Bahia @ Fortaleza,1X2,fortaleza,,1.6,0.6534,0.625,2.04,lose,-1.0,0.34,market_avg,False
brasileirao,2023,2023-06-03,Bahia @ Fortaleza,1X2,draw,,3.88,0.2204,0.2577,-6.52,win,2.88,0.34,market_avg,False
brasileirao,2023,2023-06-03,Bahia @ Fortaleza,1X2,bahia,,5.68,0.1262,0.1761,-12.74,lose,-1.0,0.34,market_avg,False
brasileirao,2023,2023-06-03,Corinthians @ America MG,1X2,america mg,,2.8,0.364,0.3571,0.86,win,1.7999999999999998,0.34,market_avg,False
brasileirao,2023,2023-06-03,Corinthians @ America MG,1X2,draw,,3.08,0.2741,0.3247,-7.01,lose,-1.0,0.34,market_avg,False
brasileirao,2023,2023-06-03,Corinthians @ America MG,1X2,corinthians,,2.65,0.3619,0.3774,-1.85,lose,-1.0,0.34,market_avg,False
brasileirao,2023,2023-06-03,Botafogo RJ @ Athletico-PR,1X2,athletico pr,,2.05,0.2725,0.4878,-19.86,win,1.0499999999999998,0.34,market_avg,False
brasileirao,2023,2023-06-03,Botafogo RJ @ Athletico-PR,1X2,draw,,3.34,0.2726,0.2994,-4.02,lose,-1.0,0.34,market_avg,False
brasileirao,2023,2023-06-03,Botafogo RJ @ Athletico-PR,1X2,botafogo rj,,3.69,0.4549,0.271,30.53,lose,-1.0,0.34,market_avg,False
brasileirao,2023,2023-06-03,Atletico-MG @ Cruzeiro,1X2,cruzeiro,,3.32,0.4359,0.3012,20.12,lose,-1.0,0.334,market_avg,True
brasileirao,2023,2023-06-03,Atletico-MG @ Cruzeiro,1X2,draw,,3.06,0.2989,0.3268,-3.84,lose,-1.0,0.334,market_avg,False
brasileirao,2023,2023-06-03,Atletico-MG @ Cruzeiro,1X2,atletico mg,,2.32,0.2652,0.431,-17.31,win,1.3199999999999998,0.334,market_avg,False
brasileirao,2023,2023-06-04,Internacional @ Santos,1X2,santos,,2.36,0.5203,0.4237,10.26,lose,-1.0,0.34,market_avg,True
brasileirao,2023,2023-06-04,Internacional @ Santos,1X2,draw,,2.88,0.294,0.3472,-6.9,win,1.88,0.34,market_avg,False
brasileirao,2023,2023-06-04,Internacional @ Santos,1X2,internacional,,3.46,0.1857,0.289,-16.09,lose,-1.0,0.34,market_avg,False
brasileirao,2023,2023-06-04,Bragantino @ Fluminense,1X2,fluminense,,1.74,0.5158,0.5747,-4.61,win,0.74,0.34,market_avg,False
brasileirao,2023,2023-06-04,Bragantino @ Fluminense,1X2,draw,,3.69,0.2519,0.271,-3.17,lose,-1.0,0.34,market_avg,False
brasileirao,2023,2023-06-04,Bragantino @ Fluminense,1X2,bragantino,,4.66,0.2323,0.2146,3.71,lose,-1.0,0.34,market_avg,False
brasileirao,2023,2023-06-04,Sao Paulo @ Gremio,1X2,gremio,,2.09,0.3486,0.4785,-12.21,win,1.0899999999999999,0.34,market_avg,False
brasileirao,2023,2023-06-04,Sao Paulo @ Gremio,1X2,draw,,3.25,0.274,0.3077,-4.93,lose,-1.0,0.34,market_avg,False
brasileirao,2023,2023-06-04,Sao Paulo @ Gremio,1X2,sao paulo,,3.67,0.3774,0.2725,17.33,lose,-1.0,0.34,market_avg,True
brasileirao,2023,2023-06-04,Cuiaba @ Goias,1X2,goias,,2.26,0.4338,0.4425,-0.88,lose,-1.0,0.334,market_avg,False
brasileirao,2023,2023-06-04,Cuiaba @ Goias,1X2,draw,,2.99,0.2812,0.3344,-7.16,lose,-1.0,0.334,market_avg,False
brasileirao,2023,2023-06-04,Cuiaba @ Goias,1X2,cuiaba,,3.53,0.285,0.2833,0.27,win,2.53,0.334,market_avg,False
brasileirao,2023,2023-06-04,Coritiba @ Palmeiras,1X2,palmeiras,,1.27,0.7854,0.7874,-0.12,win,0.27,0.34,market_avg,False
brasileirao,2023,2023-06-04,Coritiba @ Palmeiras,1X2,draw,,5.51,0.1438,0.1815,-9.34,lose,-1.0,0.34,market_avg,False
brasileirao,2023,2023-06-04,Coritiba @ Palmeiras,1X2,coritiba,,11.53,0.0708,0.0867,-8.25,lose,-1.0,0.34,market_avg,False
brasileirao,2023,2023-06-06,Flamengo RJ @ Vasco,1X2,vasco,,4.06,0.3253,0.2463,14.44,lose,-1.0,0.34,market_avg,True
brasileirao,2023,2023-06-06,Flamengo RJ @ Vasco,1X2,draw,,3.56,0.2659,0.2809,-2.4,lose,-1.0,0.34,market_avg,False
brasileirao,2023,2023-06-06,Flamengo RJ @ Vasco,1X2,flamengo rj,,1.87,0.4087,0.5348,-10.61,win,0.8700000000000001,0.34,market_avg,False
brasileirao,2023,2023-06-10,Santos @ Coritiba,1X2,coritiba,,2.53,0.2703,0.3953,-14.23,lose,-1.0,0.34,market_avg,False
brasileirao,2023,2023-06-10,Santos @ Coritiba,1X2,draw,,2.89,0.2982,0.346,-6.22,win,1.8900000000000001,0.34,market_avg,False
brasileirao,2023,2023-06-10,Santos @ Coritiba,1X2,santos,,3.12,0.4315,0.3205,15.58,lose,-1.0,0.34,market_avg,True
brasileirao,2023,2023-06-10,Bragantino @ Atletico-MG,1X2,atletico mg,,1.79,0.5604,0.5587,0.14,lose,-1.0,0.34,market_avg,False
brasileirao,2023,2023-06-10,Bragantino @ Atletico-MG,1X2,draw,,3.39,0.2513,0.295,-6.66,win,2.39,0.34,market_avg,False
brasileirao,2023,2023-06-10,Bragantino @ Atletico-MG,1X2,bragantino,,4.87,0.1883,0.2053,-3.74,lose,-1.0,0.34,market_avg,False
brasileirao,2023,2023-06-10,Cruzeiro @ Bahia,1X2,bahia,,2.77,0.2917,0.361,-8.64,lose,-1.0,0.334,market_avg,False
brasileirao,2023,2023-06-10,Cruzeiro @ Bahia,1X2,draw,,3.17,0.2978,0.3155,-2.52,win,2.17,0.334,market_avg,False
brasileirao,2023,2023-06-10,Cruzeiro @ Bahia,1X2,cruzeiro,,2.6,0.4105,0.3846,3.03,lose,-1.0,0.334,market_avg,True
brasileirao,2023,2023-06-10,Cuiaba @ Corinthians,1X2,corinthians,,1.74,0.4252,0.5747,-11.71,lose,-1.0,0.34,market_avg,False
brasileirao,2023,2023-06-10,Cuiaba @ Corinthians,1X2,draw,,3.26,0.2942,0.3067,-1.84,win,2.26,0.34,market_avg,False
brasileirao,2023,2023-06-10,Cuiaba @ Corinthians,1X2,cuiaba,,5.57,0.2806,0.1795,25.33,lose,-1.0,0.34,market_avg,True
brasileirao,2023,2023-06-11,Fortaleza @ Botafogo RJ,1X2,botafogo rj,,2.21,0.4332,0.4525,-1.91,win,1.21,0.34,market_avg,False
brasileirao,2023,2023-06-11,Fortaleza @ Botafogo RJ,1X2,draw,,3.2,0.3181,0.3125,0.8,lose,-1.0,0.34,market_avg,False
brasileirao,2023,2023-06-11,Fortaleza @ Botafogo RJ,1X2,fortaleza,,3.39,0.2487,0.295,-7.06,lose,-1.0,0.34,market_avg,False
brasileirao,2023,2023-06-11,Athletico-PR @ America MG,1X2,america mg,,2.53,0.3057,0.3953,-10.19,lose,-1.0,0.34,market_avg,False
brasileirao,2023,2023-06-11,Athletico-PR @ America MG,1X2,draw,,3.18,0.2653,0.3145,-7.04,win,2.18,0.34,market_avg,False
brasileirao,2023,2023-06-11,Athletico-PR @ America MG,1X2,athletico pr,,2.85,0.429,0.3509,10.02,lose,-1.0,0.34,market_avg,True
brasileirao,2023,2023-06-11,Vasco @ Internacional,1X2,internacional,,1.8,0.4834,0.5556,-5.84,win,0.8,0.34,market_avg,False
brasileirao,2023,2023-06-11,Vasco @ Internacional,1X2,draw,,3.41,0.2745,0.2933,-2.88,lose,-1.0,0.34,market_avg,False
brasileirao,2023,2023-06-11,Vasco @ Internacional,1X2,vasco,,4.68,0.2421,0.2137,5.98,lose,-1.0,0.34,market_avg,True
brasileirao,2023,2023-06-11,Palmeiras @ Sao Paulo,1X2,sao paulo,,3.06,0.3689,0.3268,5.8,lose,-1.0,0.34,market_avg,True
brasileirao,2023,2023-06-11,Palmeiras @ Sao Paulo,1X2,draw,,3.21,0.2697,0.3115,-6.04,lose,-1.0,0.34,market_avg,False
brasileirao,2023,2023-06-11,Palmeiras @ Sao Paulo,1X2,palmeiras,,2.37,0.3613,0.4219,-6.47,win,1.37,0.34,market_avg,False
brasileirao,2023,2023-06-11,Gremio @ Flamengo RJ,1X2,flamengo rj,,1.59,0.5544,0.6289,-5.33,win,0.5900000000000001,0.34,market_avg,False
brasileirao,2023,2023-06-11,Gremio @ Flamengo RJ,1X2,draw,,4.0,0.2252,0.25,-4.46,lose,-1.0,0.34,market_avg,False
brasileirao,2023,2023-06-11,Gremio @ Flamengo RJ,1X2,gremio,,5.49,0.2203,0.1821,9.43,lose,-1.0,0.34,market_avg,True
brasileirao,2023,2023-06-11,Fluminense @ Goias,1X2,goias,,3.45,0.2374,0.2899,-8.14,lose,-1.0,0.34,market_avg,False
brasileirao,2023,2023-06-11,Fluminense @ Goias,1X2,draw,,3.22,0.2745,0.3106,-5.22,win,2.22,0.34,market_avg,False
brasileirao,2023,2023-06-11,Fluminense @ Goias,1X2,fluminense,,2.18,0.4881,0.4587,2.88,lose,-1.0,0.34,market_avg,False
brasileirao,2023,2023-06-21,Fortaleza @ Cruzeiro,1X2,cruzeiro,,1.93,0.4034,0.5181,-9.96,lose,-1.0,0.334,market_avg,False
brasileirao,2023,2023-06-21,Fortaleza @ Cruzeiro,1X2,draw,,3.42,0.3179,0.2924,3.92,lose,-1.0,0.334,market_avg,True
brasileirao,2023,2023-06-21,Fortaleza @ Cruzeiro,1X2,fortaleza,,4.02,0.2787,0.2488,5.42,win,3.0199999999999996,0.334,market_avg,True
brasileirao,2023,2023-06-21,Athletico-PR @ Sao Paulo,1X2,sao paulo,,1.78,0.507,0.5618,-4.39,win,0.78,0.34,market_avg,False
brasileirao,2023,2023-06-21,Athletico-PR @ Sao Paulo,1X2,draw,,3.45,0.258,0.2899,-4.95,lose,-1.0,0.34,market_avg,False
brasileirao,2023,2023-06-21,Athletico-PR @ Sao Paulo,1X2,athletico pr,,4.78,0.235,0.2092,5.55,lose,-1.0,0.34,market_avg,True
brasileirao,2023,2023-06-22,Corinthians @ Santos,1X2,santos,,2.26,0.523,0.4425,8.19,lose,-1.0,0.34,market_avg,True
brasileirao,2023,2023-06-22,Corinthians @ Santos,1X2,draw,,2.89,0.3003,0.346,-5.95,lose,-1.0,0.34,market_avg,False
brasileirao,2023,2023-06-22,Corinthians @ Santos,1X2,corinthians,,3.67,0.1767,0.2725,-15.81,win,2.67,0.34,market_avg,False
brasileirao,2023,2023-06-22,Palmeiras @ Bahia,1X2,bahia,,3.58,0.1955,0.2793,-13.5,win,2.58,0.34,market_avg,False
brasileirao,2023,2023-06-22,Palmeiras @ Bahia,1X2,draw,,3.38,0.2411,0.2959,-8.33,lose,-1.0,0.34,market_avg,False
brasileirao,2023,2023-06-22,Palmeiras @ Bahia,1X2,palmeiras,,2.06,0.5633,0.4854,7.22,lose,-1.0,0.34,market_avg,True
brasileirao,2023,2023-06-22,Atletico-MG @ Fluminense,1X2,fluminense,,2.82,0.3969,0.3546,5.36,lose,-1.0,0.34,market_avg,True
brasileirao,2023,2023-06-22,Atletico-MG @ Fluminense,1X2,draw,,3.09,0.2975,0.3236,-3.63,win,2.09,0.34,market_avg,False
brasileirao,2023,2023-06-22,Atletico-MG @ Fluminense,1X2,atletico mg,,2.61,0.3057,0.3831,-9.1,lose,-1.0,0.34,market_avg,False
brasileirao,2023,2023-06-22,America MG @ Gremio,1X2,gremio,,1.66,0.6,0.6024,-0.18,win,0.6599999999999999,0.334,market_avg,False
brasileirao,2023,2023-06-22,America MG @ Gremio,1X2,draw,,3.89,0.2147,0.2571,-7.42,lose,-1.0,0.334,market_avg,False
brasileirao,2023,2023-06-22,America MG @ Gremio,1X2,america mg,,5.03,0.1853,0.1988,-3.06,lose,-1.0,0.334,market_avg,False
brasileirao,2023,2023-06-23,Internacional @ Coritiba,1X2,coritiba,,2.67,0.3329,0.3745,-5.01,lose,-1.0,0.34,market_avg,False
brasileirao,2023,2023-06-23,Internacional @ Coritiba,1X2,draw,,2.95,0.293,0.339,-6.11,lose,-1.0,0.34,market_avg,False
brasileirao,2023,2023-06-23,Internacional @ Coritiba,1X2,internacional,,2.87,0.3742,0.3484,3.32,win,1.87,0.34,market_avg,True
brasileirao,2023,2023-06-23,Botafogo RJ @ Cuiaba,1X2,cuiaba,,2.64,0.1977,0.3788,-21.51,lose,-1.0,0.334,market_avg,False
brasileirao,2023,2023-06-23,Botafogo RJ @ Cuiaba,1X2,draw,,2.98,0.2811,0.3356,-7.3,lose,-1.0,0.334,market_avg,False
brasileirao,2023,2023-06-23,Botafogo RJ @ Cuiaba,1X2,botafogo rj,,2.88,0.5212,0.3472,22.54,win,1.88,0.334,market_avg,False
brasileirao,2023,2023-06-23,Goias @ Vasco,1X2,vasco,,1.91,0.4653,0.5236,-5.01,lose,-1.0,0.34,market_avg,False
brasileirao,2023,2023-06-23,Goias @ Vasco,1X2,draw,,3.32,0.2655,0.3012,-5.33,lose,-1.0,0.34,market_avg,False
brasileirao,2023,2023-06-23,Goias @ Vasco,1X2,goias,,4.3,0.2692,0.2326,7.09,win,3.3,0.34,market_avg,True
brasileirao,2023,2023-06-23,Flamengo RJ @ Bragantino,1X2,bragantino,,2.99,0.3441,0.3344,1.3,win,1.9900000000000002,0.34,market_avg,False
brasileirao,2023,2023-06-23,Flamengo RJ @ Bragantino,1X2,draw,,3.35,0.2496,0.2985,-7.37,lose,-1.0,0.34,market_avg,False
brasileirao,2023,2023-06-23,Flamengo RJ @ Bragantino,1X2,flamengo rj,,2.34,0.4063,0.4274,-2.22,lose,-1.0,0.34,market_avg,False
brasileirao,2023,2023-06-24,Corinthians @ Athletico-PR,1X2,athletico pr,,1.95,0.51,0.5128,-0.25,win,0.95,0.34,market_avg,False
brasileirao,2023,2023-06-24,Corinthians @ Athletico-PR,1X2,draw,,3.14,0.277,0.3185,-5.86,lose,-1.0,0.34,market_avg,False
brasileirao,2023,2023-06-24,Corinthians @ Athletico-PR,1X2,corinthians,,4.36,0.2129,0.2294,-3.23,lose,-1.0,0.34,market_avg,False
brasileirao,2023,2023-06-24,Bahia @ Fluminense,1X2,fluminense,,1.54,0.5868,0.6494,-4.33,win,0.54,0.34,market_avg,False
brasileirao,2023,2023-06-24,Bahia @ Fluminense,1X2,draw,,4.09,0.2502,0.2445,1.05,lose,-1.0,0.34,market_avg,False
brasileirao,2023,2023-06-24,Bahia @ Fluminense,1X2,bahia,,6.07,0.163,0.1647,-0.48,lose,-1.0,0.34,market_avg,False
brasileirao,2023,2023-06-24,Atletico-MG @ Fortaleza,1X2,fortaleza,,2.75,0.3901,0.3636,3.27,win,1.75,0.34,market_avg,True
brasileirao,2023,2023-06-24,Atletico-MG @ Fortaleza,1X2,draw,,3.05,0.3684,0.3279,5.56,lose,-1.0,0.34,market_avg,True
brasileirao,2023,2023-06-24,Atletico-MG @ Fortaleza,1X2,atletico mg,,2.71,0.2415,0.369,-15.55,lose,-1.0,0.34,market_avg,False
brasileirao,2023,2023-06-25,Sao Paulo @ Cruzeiro,1X2,cruzeiro,,2.22,0.4241,0.4505,-2.63,win,1.2200000000000002,0.334,market_avg,False
brasileirao,2023,2023-06-25,Sao Paulo @ Cruzeiro,1X2,draw,,3.19,0.2884,0.3135,-3.6,lose,-1.0,0.334,market_avg,False
brasileirao,2023,2023-06-25,Sao Paulo @ Cruzeiro,1X2,sao paulo,,3.37,0.2876,0.2967,-1.39,lose,-1.0,0.334,market_avg,False
brasileirao,2023,2023-06-25,Coritiba @ Gremio,1X2,gremio,,1.51,0.6697,0.6623,0.51,win,0.51,0.334,market_avg,False
brasileirao,2023,2023-06-25,Coritiba @ Gremio,1X2,draw,,4.2,0.2097,0.2381,-5.37,lose,-1.0,0.334,market_avg,False
brasileirao,2023,2023-06-25,Coritiba @ Gremio,1X2,coritiba,,6.22,0.1206,0.1608,-11.24,lose,-1.0,0.334,market_avg,False
brasileirao,2023,2023-06-25,Botafogo RJ @ Palmeiras,1X2,palmeiras,,1.45,0.4027,0.6897,-18.72,lose,-1.0,0.34,market_avg,False
brasileirao,2023,2023-06-25,Botafogo RJ @ Palmeiras,1X2,draw,,4.46,0.3228,0.2242,19.79,lose,-1.0,0.34,market_avg,True
brasileirao,2023,2023-06-25,Botafogo RJ @ Palmeiras,1X2,botafogo rj,,6.74,0.2744,0.1484,38.24,win,5.74,0.34,market_avg,False
brasileirao,2023,2023-06-25,Internacional @ America MG,1X2,america mg,,1.98,0.3451,0.5051,-14.25,lose,-1.0,0.34,market_avg,False
brasileirao,2023,2023-06-25,Internacional @ America MG,1X2,draw,,3.34,0.2949,0.2994,-0.68,lose,-1.0,0.34,market_avg,False
brasileirao,2023,2023-06-25,Internacional @ America MG,1X2,internacional,,3.9,0.36,0.2564,18.18,win,2.9,0.34,market_avg,True
brasileirao,2023,2023-06-25,Goias @ Bragantino,1X2,bragantino,,1.41,0.6576,0.7092,-3.27,win,0.4099999999999999,0.34,market_avg,False
brasileirao,2023,2023-06-25,Goias @ Bragantino,1X2,draw,,4.56,0.2137,0.2193,-1.16,lose,-1.0,0.34,market_avg,False
brasileirao,2023,2023-06-25,Goias @ Bragantino,1X2,goias,,7.68,0.1287,0.1302,-0.52,lose,-1.0,0.34,market_avg,False
brasileirao,2023,2023-06-25,Flamengo RJ @ Santos,1X2,santos,,3.29,0.3541,0.304,7.42,lose,-1.0,0.34,market_avg,True
brasileirao,2023,2023-06-25,Flamengo RJ @ Santos,1X2,draw,,3.12,0.3154,0.3205,-0.72,lose,-1.0,0.34,market_avg,False
brasileirao,2023,2023-06-25,Flamengo RJ @ Santos,1X2,flamengo rj,,2.3,0.3305,0.4348,-10.79,win,1.2999999999999998,0.34,market_avg,False
brasileirao,2023,2023-06-27,Cuiaba @ Vasco,1X2,vasco,,2.2,0.4086,0.4545,-4.55,win,1.2000000000000002,0.334,market_avg,False
brasileirao,2023,2023-06-27,Cuiaba @ Vasco,1X2,draw,,3.08,0.2963,0.3247,-3.93,lose,-1.0,0.334,market_avg,False
brasileirao,2023,2023-06-27,Cuiaba @ Vasco,1X2,cuiaba,,3.56,0.2951,0.2809,2.28,lose,-1.0,0.334,market_avg,False
brasileirao,2023,2023-07-01,Fluminense @ Sao Paulo,1X2,sao paulo,,2.13,0.4341,0.4695,-3.39,win,1.13,0.34,market_avg,False
brasileirao,2023,2023-07-01,Fluminense @ Sao Paulo,1X2,draw,,3.37,0.2769,0.2967,-3.01,lose,-1.0,0.34,market_avg,False
brasileirao,2023,2023-07-01,Fluminense @ Sao Paulo,1X2,fluminense,,3.39,0.289,0.295,-0.91,lose,-1.0,0.34,market_avg,False
brasileirao,2023,2023-07-01,Gremio @ Bahia,1X2,bahia,,2.74,0.3473,0.365,-2.18,lose,-1.0,0.34,market_avg,False
brasileirao,2023,2023-07-01,Gremio @ Bahia,1X2,draw,,3.32,0.2558,0.3012,-6.79,lose,-1.0,0.34,market_avg,False
brasileirao,2023,2023-07-01,Gremio @ Bahia,1X2,gremio,,2.54,0.3969,0.3937,0.37,win,1.54,0.34,market_avg,False
brasileirao,2023,2023-07-01,Fortaleza @ Flamengo RJ,1X2,flamengo rj,,1.59,0.4212,0.6289,-14.86,win,0.5900000000000001,0.34,market_avg,False
brasileirao,2023,2023-07-01,Fortaleza @ Flamengo RJ,1X2,draw,,3.98,0.2788,0.2513,4.93,lose,-1.0,0.34,market_avg,True
brasileirao,2023,2023-07-01,Fortaleza @ Flamengo RJ,1X2,fortaleza,,5.55,0.3,0.1802,29.93,lose,-1.0,0.34,market_avg,True
brasileirao,2023,2023-07-02,Cruzeiro @ Internacional,1X2,internacional,,2.08,0.3588,0.4808,-11.42,lose,-1.0,0.334,market_avg,False
brasileirao,2023,2023-07-02,Cruzeiro @ Internacional,1X2,draw,,3.18,0.3171,0.3145,0.37,win,2.18,0.334,market_avg,False
brasileirao,2023,2023-07-02,Cruzeiro @ Internacional,1X2,cruzeiro,,3.76,0.3242,0.266,9.85,lose,-1.0,0.334,market_avg,True
brasileirao,2023,2023-07-02,Bragantino @ Corinthians,1X2,corinthians,,2.77,0.3036,0.361,-7.16,lose,-1.0,0.34,market_avg,False
brasileirao,2023,2023-07-02,Bragantino @ Corinthians,1X2,draw,,2.96,0.2798,0.3378,-7.72,lose,-1.0,0.34,market_avg,False
brasileirao,2023,2023-07-02,Bragantino @ Corinthians,1X2,bragantino,,2.78,0.4166,0.3597,7.11,win,1.7799999999999998,0.34,market_avg,True
brasileirao,2023,2023-07-02,Palmeiras @ Athletico-PR,1X2,athletico pr,,2.31,0.3043,0.4329,-13.37,lose,-1.0,0.34,market_avg,False
brasileirao,2023,2023-07-02,Palmeiras @ Athletico-PR,1X2,draw,,3.14,0.2811,0.3185,-5.29,win,2.14,0.34,market_avg,False
brasileirao,2023,2023-07-02,Palmeiras @ Athletico-PR,1X2,palmeiras,,3.26,0.4146,0.3067,15.83,lose,-1.0,0.34,market_avg,True
brasileirao,2023,2023-07-02,America MG @ Atletico-MG,1X2,atletico mg,,1.5,0.6886,0.6667,1.48,lose,-1.0,0.34,market_avg,False
brasileirao,2023,2023-07-02,America MG @ Atletico-MG,1X2,draw,,3.94,0.1962,0.2538,-10.21,win,2.94,0.34,market_avg,False
brasileirao,2023,2023-07-02,America MG @ Atletico-MG,1X2,america mg,,7.09,0.1152,0.141,-8.25,lose,-1.0,0.34,market_avg,False
brasileirao,2023,2023-07-02,Vasco @ Botafogo RJ,1X2,botafogo rj,,1.89,0.7526,0.5291,19.0,win,0.8899999999999999,0.34,market_avg,False
brasileirao,2023,2023-07-02,Vasco @ Botafogo RJ,1X2,draw,,3.35,0.1794,0.2985,-17.95,lose,-1.0,0.34,market_avg,False
brasileirao,2023,2023-07-02,Vasco @ Botafogo RJ,1X2,vasco,,4.3,0.068,0.2326,-31.84,lose,-1.0,0.34,market_avg,False
brasileirao,2023,2023-07-02,Santos @ Cuiaba,1X2,cuiaba,,1.95,0.3506,0.5128,-14.23,win,0.95,0.34,market_avg,False
brasileirao,2023,2023-07-02,Santos @ Cuiaba,1X2,draw,,3.09,0.3359,0.3236,1.71,lose,-1.0,0.34,market_avg,False
brasileirao,2023,2023-07-02,Santos @ Cuiaba,1X2,santos,,4.48,0.3135,0.2232,18.19,lose,-1.0,0.34,market_avg,True
brasileirao,2023,2023-07-04,Coritiba @ Goias,1X2,goias,,2.12,0.5238,0.4717,4.97,lose,-1.0,0.34,market_avg,True
brasileirao,2023,2023-07-04,Coritiba @ Goias,1X2,draw,,3.2,0.2644,0.3125,-6.93,lose,-1.0,0.34,market_avg,False
brasileirao,2023,2023-07-04,Coritiba @ Goias,1X2,coritiba,,3.61,0.2118,0.277,-10.59,win,2.61,0.34,market_avg,False
brasileirao,2023,2023-07-08,Bahia @ Cuiaba,1X2,cuiaba,,1.77,0.4621,0.565,-8.19,lose,-1.0,0.334,market_avg,False
brasileirao,2023,2023-07-08,Bahia @ Cuiaba,1X2,draw,,3.39,0.2882,0.295,-1.04,win,2.39,0.334,market_avg,False
brasileirao,2023,2023-07-08,Bahia @ Cuiaba,1X2,bahia,,5.04,0.2497,0.1984,11.63,lose,-1.0,0.334,market_avg,True
brasileirao,2023,2023-07-08,Cruzeiro @ Vasco,1X2,vasco,,2.87,0.2541,0.3484,-12.18,lose,-1.0,0.334,market_avg,False
brasileirao,2023,2023-07-08,Cruzeiro @ Vasco,1X2,draw,,3.13,0.3106,0.3195,-1.25,lose,-1.0,0.334,market_avg,False
brasileirao,2023,2023-07-08,Cruzeiro @ Vasco,1X2,cruzeiro,,2.55,0.4353,0.3922,4.95,win,1.5499999999999998,0.334,market_avg,True
brasileirao,2023,2023-07-08,Corinthians @ Atletico-MG,1X2,atletico mg,,1.77,0.587,0.565,1.75,lose,-1.0,0.34,market_avg,False
brasileirao,2023,2023-07-08,Corinthians @ Atletico-MG,1X2,draw,,3.25,0.2591,0.3077,-7.11,lose,-1.0,0.34,market_avg,False
brasileirao,2023,2023-07-08,Corinthians @ Atletico-MG,1X2,corinthians,,5.31,0.1539,0.1883,-8.22,win,4.31,0.34,market_avg,False
brasileirao,2023,2023-07-08,America MG @ Coritiba,1X2,coritiba,,2.14,0.4307,0.4673,-3.52,win,1.1400000000000001,0.334,market_avg,False
brasileirao,2023,2023-07-08,America MG @ Coritiba,1X2,draw,,3.31,0.2532,0.3021,-7.28,lose,-1.0,0.334,market_avg,False
brasileirao,2023,2023-07-08,America MG @ Coritiba,1X2,america mg,,3.44,0.316,0.2907,3.92,lose,-1.0,0.334,market_avg,True
brasileirao,2023,2023-07-09,Flamengo RJ @ Palmeiras,1X2,palmeiras,,1.86,0.5517,0.5376,1.18,lose,-1.0,0.34,market_avg,False
brasileirao,2023,2023-07-09,Flamengo RJ @ Palmeiras,1X2,draw,,3.68,0.2273,0.2717,-7.36,win,2.68,0.34,market_avg,False
brasileirao,2023,2023-07-09,Flamengo RJ @ Palmeiras,1X2,flamengo rj,,4.01,0.221,0.2494,-5.12,lose,-1.0,0.34,market_avg,False
brasileirao,2023,2023-07-09,Goias @ Santos,1X2,santos,,1.93,0.4956,0.5181,-1.96,win,0.9299999999999999,0.34,market_avg,False
brasileirao,2023,2023-07-09,Goias @ Santos,1X2,draw,,3.23,0.2901,0.3096,-2.83,lose,-1.0,0.34,market_avg,False
brasileirao,2023,2023-07-09,Goias @ Santos,1X2,goias,,4.39,0.2143,0.2278,-2.67,lose,-1.0,0.34,market_avg,False
brasileirao,2023,2023-07-09,Sao Paulo @ Bragantino,1X2,bragantino,,1.67,0.487,0.5988,-8.4,lose,-1.0,0.34,market_avg,False
brasileirao,2023,2023-07-09,Sao Paulo @ Bragantino,1X2,draw,,3.68,0.2688,0.2717,-0.49,win,2.68,0.34,market_avg,False
brasileirao,2023,2023-07-09,Sao Paulo @ Bragantino,1X2,sao paulo,,5.23,0.2443,0.1912,12.49,lose,-1.0,0.34,market_avg,True
brasileirao,2023,2023-07-09,Internacional @ Fluminense,1X2,fluminense,,1.89,0.5156,0.5291,-1.15,win,0.8899999999999999,0.34,market_avg,False
brasileirao,2023,2023-07-09,Internacional @ Fluminense,1X2,draw,,3.36,0.28,0.2976,-2.67,lose,-1.0,0.34,market_avg,False
brasileirao,2023,2023-07-09,Internacional @ Fluminense,1X2,internacional,,4.34,0.2045,0.2304,-5.07,lose,-1.0,0.34,market_avg,False
brasileirao,2023,2023-07-09,Athletico-PR @ Fortaleza,1X2,fortaleza,,1.53,0.4964,0.6536,-10.83,win,0.53,0.34,market_avg,False
brasileirao,2023,2023-07-09,Athletico-PR @ Fortaleza,1X2,draw,,3.93,0.2846,0.2545,5.33,lose,-1.0,0.34,market_avg,True
brasileirao,2023,2023-07-09,Athletico-PR @ Fortaleza,1X2,athletico pr,,6.75,0.219,0.1481,21.53,lose,-1.0,0.34,market_avg,False
brasileirao,2023,2023-07-09,Botafogo RJ @ Gremio,1X2,gremio,,1.8,0.2649,0.5556,-23.54,lose,-1.0,0.34,market_avg,False
brasileirao,2023,2023-07-09,Botafogo RJ @ Gremio,1X2,draw,,3.53,0.2831,0.2833,-0.04,lose,-1.0,0.34,market_avg,False
brasileirao,2023,2023-07-09,Botafogo RJ @ Gremio,1X2,botafogo rj,,4.48,0.452,0.2232,46.13,win,3.4800000000000004,0.34,market_avg,False
brasileirao,2023,2023-07-16,Bragantino @ Botafogo RJ,1X2,botafogo rj,,2.09,0.5935,0.4785,10.82,win,1.0899999999999999,0.34,market_avg,True
brasileirao,2023,2023-07-16,Bragantino @ Botafogo RJ,1X2,draw,,3.28,0.2644,0.3049,-5.98,lose,-1.0,0.34,market_avg,False
brasileirao,2023,2023-07-16,Bragantino @ Botafogo RJ,1X2,bragantino,,3.66,0.1421,0.2732,-21.59,lose,-1.0,0.34,market_avg,False
brasileirao,2023,2023-07-16,Coritiba @ Cruzeiro,1X2,cruzeiro,,1.61,0.6583,0.6211,2.69,lose,-1.0,0.334,market_avg,False
brasileirao,2023,2023-07-16,Coritiba @ Cruzeiro,1X2,draw,,3.77,0.2247,0.2653,-6.88,win,2.77,0.334,market_avg,False
brasileirao,2023,2023-07-16,Coritiba @ Cruzeiro,1X2,coritiba,,5.81,0.1169,0.1721,-14.44,lose,-1.0,0.334,market_avg,False
brasileirao,2023,2023-07-16,Flamengo RJ @ Fluminense,1X2,fluminense,,2.78,0.4736,0.3597,14.25,lose,-1.0,0.34,market_avg,True
brasileirao,2023,2023-07-16,Flamengo RJ @ Fluminense,1X2,draw,,3.25,0.2516,0.3077,-8.2,win,2.25,0.34,market_avg,False
brasileirao,2023,2023-07-16,Flamengo RJ @ Fluminense,1X2,flamengo rj,,2.55,0.2748,0.3922,-13.47,lose,-1.0,0.34,market_avg,False
brasileirao,2023,2023-07-16,Cuiaba @ Fortaleza,1X2,fortaleza,,1.76,0.5381,0.5682,-2.38,lose,-1.0,0.34,market_avg,False
brasileirao,2023,2023-07-16,Cuiaba @ Fortaleza,1X2,draw,,3.46,0.2976,0.289,1.34,lose,-1.0,0.34,market_avg,False
brasileirao,2023,2023-07-16,Cuiaba @ Fortaleza,1X2,cuiaba,,5.0,0.1643,0.2,-8.03,win,4.0,0.34,market_avg,False
brasileirao,2023,2023-07-16,Santos @ Sao Paulo,1X2,sao paulo,,1.62,0.5586,0.6173,-4.28,win,0.6200000000000001,0.34,market_avg,False
brasileirao,2023,2023-07-16,Santos @ Sao Paulo,1X2,draw,,3.54,0.2658,0.2825,-2.66,lose,-1.0,0.34,market_avg,False
brasileirao,2023,2023-07-16,Santos @ Sao Paulo,1X2,santos,,6.34,0.1756,0.1577,5.1,lose,-1.0,0.34,market_avg,False
brasileirao,2023,2023-07-16,Bahia @ Athletico-PR,1X2,athletico pr,,1.57,0.5339,0.6369,-7.28,win,0.5700000000000001,0.34,market_avg,False
brasileirao,2023,2023-07-16,Bahia @ Athletico-PR,1X2,draw,,3.99,0.2547,0.2506,0.73,lose,-1.0,0.34,market_avg,False
brasileirao,2023,2023-07-16,Bahia @ Athletico-PR,1X2,bahia,,5.8,0.2114,0.1724,10.17,lose,-1.0,0.34,market_avg,True
brasileirao,2023,2023-07-16,Palmeiras @ Internacional,1X2,internacional,,2.77,0.2708,0.361,-11.24,lose,-1.0,0.34,market_avg,False
brasileirao,2023,2023-07-16,Palmeiras @ Internacional,1X2,draw,,3.06,0.2969,0.3268,-4.12,win,2.06,0.34,market_avg,False
brasileirao,2023,2023-07-16,Palmeiras @ Internacional,1X2,palmeiras,,2.68,0.4324,0.3731,7.15,lose,-1.0,0.34,market_avg,True
brasileirao,2023,2023-07-18,Atletico-MG @ Goias,1X2,goias,,4.05,0.2876,0.2469,7.41,lose,-1.0,0.34,market_avg,True
brasileirao,2023,2023-07-18,Atletico-MG @ Goias,1X2,draw,,3.36,0.282,0.2976,-2.37,win,2.36,0.34,market_avg,False
brasileirao,2023,2023-07-18,Atletico-MG @ Goias,1X2,atletico mg,,1.94,0.4305,0.5155,-7.42,lose,-1.0,0.34,market_avg,False
brasileirao,2023,2023-07-22,America MG @ Flamengo RJ,1X2,flamengo rj,,1.33,0.7592,0.7519,0.44,lose,-1.0,0.34,market_avg,False
brasileirao,2023,2023-07-22,America MG @ Flamengo RJ,1X2,draw,,5.1,0.1457,0.1961,-11.56,win,4.1,0.34,market_avg,False
brasileirao,2023,2023-07-22,America MG @ Flamengo RJ,1X2,america mg,,9.18,0.0951,0.1089,-5.71,lose,-1.0,0.34,market_avg,False
brasileirao,2023,2023-07-22,Fortaleza @ Palmeiras,1X2,palmeiras,,1.51,0.5029,0.6623,-10.83,win,0.51,0.34,market_avg,False
brasileirao,2023,2023-07-22,Fortaleza @ Palmeiras,1X2,draw,,4.02,0.3003,0.2488,9.32,lose,-1.0,0.34,market_avg,True
brasileirao,2023,2023-07-22,Fortaleza @ Palmeiras,1X2,fortaleza,,6.62,0.1968,0.1511,13.62,lose,-1.0,0.34,market_avg,False
brasileirao,2023,2023-07-22,Corinthians @ Bahia,1X2,bahia,,2.22,0.4253,0.4505,-2.51,lose,-1.0,0.34,market_avg,False
brasileirao,2023,2023-07-22,Corinthians @ Bahia,1X2,draw,,3.07,0.3019,0.3257,-3.29,win,2.07,0.34,market_avg,False
brasileirao,2023,2023-07-22,Corinthians @ Bahia,1X2,corinthians,,3.59,0.2728,0.2786,-0.93,lose,-1.0,0.34,market_avg,False
brasileirao,2023,2023-07-22,Sao Paulo @ Cuiaba,1X2,cuiaba,,2.77,0.3112,0.361,-6.21,win,1.77,0.34,market_avg,False
brasileirao,2023,2023-07-22,Sao Paulo @ Cuiaba,1X2,draw,,2.97,0.3148,0.3367,-2.93,lose,-1.0,0.34,market_avg,False
brasileirao,2023,2023-07-22,Sao Paulo @ Cuiaba,1X2,sao paulo,,2.74,0.374,0.365,1.11,lose,-1.0,0.34,market_avg,False
brasileirao,2023,2023-07-23,Atletico-MG @ Gremio,1X2,gremio,,2.39,0.4587,0.4184,4.33,win,1.3900000000000001,0.34,market_avg,True
brasileirao,2023,2023-07-23,Atletico-MG @ Gremio,1X2,draw,,3.15,0.2689,0.3175,-6.88,lose,-1.0,0.34,market_avg,False
brasileirao,2023,2023-07-23,Atletico-MG @ Gremio,1X2,atletico mg,,3.11,0.2724,0.3215,-6.88,lose,-1.0,0.34,market_avg,False
brasileirao,2023,2023-07-23,Internacional @ Bragantino,1X2,bragantino,,1.74,0.5492,0.5747,-2.0,lose,-1.0,0.34,market_avg,False
brasileirao,2023,2023-07-23,Internacional @ Bragantino,1X2,draw,,3.53,0.2751,0.2833,-1.3,win,2.53,0.34,market_avg,False
brasileirao,2023,2023-07-23,Internacional @ Bragantino,1X2,internacional,,4.97,0.1757,0.2012,-5.7,lose,-1.0,0.34,market_avg,False
brasileirao,2023,2023-07-23,Goias @ Cruzeiro,1X2,cruzeiro,,1.53,0.6345,0.6536,-1.31,lose,-1.0,0.334,market_avg,False
brasileirao,2023,2023-07-23,Goias @ Cruzeiro,1X2,draw,,3.9,0.2468,0.2564,-1.68,lose,-1.0,0.334,market_avg,False
brasileirao,2023,2023-07-23,Goias @ Cruzeiro,1X2,goias,,6.73,0.1187,0.1486,-9.07,win,5.73,0.334,market_avg,False
brasileirao,2023,2023-07-23,Botafogo RJ @ Santos,1X2,santos,,2.89,0.152,0.346,-25.23,lose,-1.0,0.34,market_avg,False
brasileirao,2023,2023-07-23,Botafogo RJ @ Santos,1X2,draw,,2.92,0.2677,0.3425,-9.82,win,1.92,0.34,market_avg,False
brasileirao,2023,2023-07-23,Botafogo RJ @ Santos,1X2,botafogo rj,,2.7,0.5803,0.3704,25.51,lose,-1.0,0.34,market_avg,False
brasileirao,2023,2023-07-23,Athletico-PR @ Vasco,1X2,vasco,,2.75,0.296,0.3636,-8.37,lose,-1.0,0.34,market_avg,False
brasileirao,2023,2023-07-23,Athletico-PR @ Vasco,1X2,draw,,3.09,0.2889,0.3236,-4.83,lose,-1.0,0.34,market_avg,False
brasileirao,2023,2023-07-23,Athletico-PR @ Vasco,1X2,athletico pr,,2.7,0.4151,0.3704,5.44,win,1.7000000000000002,0.34,market_avg,True
brasileirao,2023,2023-07-24,Fluminense @ Coritiba,1X2,coritiba,,3.28,0.2397,0.3049,-9.62,win,2.28,0.34,market_avg,False
brasileirao,2023,2023-07-24,Fluminense @ Coritiba,1X2,draw,,3.14,0.2726,0.3185,-6.48,lose,-1.0,0.34,market_avg,False
brasileirao,2023,2023-07-24,Fluminense @ Coritiba,1X2,fluminense,,2.29,0.4878,0.4367,5.27,lose,-1.0,0.34,market_avg,True
brasileirao,2023,2023-07-29,Cruzeiro @ Athletico-PR,1X2,athletico pr,,1.82,0.402,0.5495,-12.08,lose,-1.0,0.334,market_avg,False
brasileirao,2023,2023-07-29,Cruzeiro @ Athletico-PR,1X2,draw,,3.39,0.327,0.295,4.88,win,2.39,0.334,market_avg,True
brasileirao,2023,2023-07-29,Cruzeiro @ Athletico-PR,1X2,cruzeiro,,4.6,0.271,0.2174,11.1,lose,-1.0,0.334,market_avg,True
brasileirao,2023,2023-07-29,Santos @ Fluminense,1X2,fluminense,,1.54,0.5993,0.6494,-3.47,win,0.54,0.34,market_avg,False
brasileirao,2023,2023-07-29,Santos @ Fluminense,1X2,draw,,3.88,0.2378,0.2577,-3.47,lose,-1.0,0.34,market_avg,False
brasileirao,2023,2023-07-29,Santos @ Fluminense,1X2,santos,,6.71,0.1629,0.149,4.18,lose,-1.0,0.34,market_avg,False
brasileirao,2023,2023-07-29,Cuiaba @ Internacional,1X2,internacional,,1.8,0.4017,0.5556,-12.47,lose,-1.0,0.34,market_avg,False
brasileirao,2023,2023-07-29,Cuiaba @ Internacional,1X2,draw,,3.29,0.3395,0.304,5.26,lose,-1.0,0.34,market_avg,True
brasileirao,2023,2023-07-29,Cuiaba @ Internacional,1X2,cuiaba,,5.02,0.2589,0.1992,13.48,win,4.02,0.34,market_avg,True
brasileirao,2023,2023-07-29,Vasco @ Corinthians,1X2,corinthians,,2.03,0.517,0.4926,2.23,win,1.0299999999999998,0.34,market_avg,False
brasileirao,2023,2023-07-29,Vasco @ Corinthians,1X2,draw,,3.07,0.2966,0.3257,-4.02,lose,-1.0,0.34,market_avg,False
brasileirao,2023,2023-07-29,Vasco @ Corinthians,1X2,vasco,,4.12,0.1864,0.2427,-10.44,lose,-1.0,0.34,market_avg,False
brasileirao,2023,2023-07-29,Bragantino @ Fortaleza,1X2,fortaleza,,2.21,0.3961,0.4525,-5.61,lose,-1.0,0.34,market_avg,False
brasileirao,2023,2023-07-29,Bragantino @ Fortaleza,1X2,draw,,3.25,0.3165,0.3077,1.28,lose,-1.0,0.34,market_avg,False
brasileirao,2023,2023-07-29,Bragantino @ Fortaleza,1X2,bragantino,,3.34,0.2874,0.2994,-1.8,win,2.34,0.34,market_avg,False
brasileirao,2023,2023-07-30,Flamengo RJ @ Atletico-MG,1X2,atletico mg,,2.16,0.4061,0.463,-5.53,lose,-1.0,0.34,market_avg,False
brasileirao,2023,2023-07-30,Flamengo RJ @ Atletico-MG,1X2,draw,,3.24,0.2868,0.3086,-3.19,lose,-1.0,0.34,market_avg,False
brasileirao,2023,2023-07-30,Flamengo RJ @ Atletico-MG,1X2,flamengo rj,,3.46,0.3071,0.289,2.82,win,2.46,0.34,market_avg,False
brasileirao,2023,2023-07-30,Bahia @ Sao Paulo,1X2,sao paulo,,1.64,0.6226,0.6098,0.94,lose,-1.0,0.34,market_avg,False
brasileirao,2023,2023-07-30,Bahia @ Sao Paulo,1X2,draw,,3.65,0.2351,0.274,-6.38,win,2.65,0.34,market_avg,False
brasileirao,2023,2023-07-30,Bahia @ Sao Paulo,1X2,bahia,,5.71,0.1423,0.1751,-8.44,lose,-1.0,0.34,market_avg,False
brasileirao,2023,2023-07-30,Palmeiras @ America MG,1X2,america mg,,3.5,0.19,0.2857,-15.07,lose,-1.0,0.34,market_avg,False
brasileirao,2023,2023-07-30,Palmeiras @ America MG,1X2,draw,,3.34,0.2251,0.2994,-11.17,lose,-1.0,0.34,market_avg,False
brasileirao,2023,2023-07-30,Palmeiras @ America MG,1X2,palmeiras,,2.11,0.5849,0.4739,10.54,win,1.1099999999999999,0.34,market_avg,True
brasileirao,2023,2023-07-30,Coritiba @ Botafogo RJ,1X2,botafogo rj,,1.67,0.7965,0.5988,14.85,win,0.6699999999999999,0.34,market_avg,False
brasileirao,2023,2023-07-30,Coritiba @ Botafogo RJ,1X2,draw,,3.61,0.1496,0.277,-20.7,lose,-1.0,0.34,market_avg,False
brasileirao,2023,2023-07-30,Coritiba @ Botafogo RJ,1X2,coritiba,,5.51,0.054,0.1815,-31.62,lose,-1.0,0.34,market_avg,False
brasileirao,2023,2023-07-30,Gremio @ Goias,1X2,goias,,2.68,0.2977,0.3731,-9.1,lose,-1.0,0.34,market_avg,False
brasileirao,2023,2023-07-30,Gremio @ Goias,1X2,draw,,3.21,0.2592,0.3115,-7.56,win,2.21,0.34,market_avg,False
brasileirao,2023,2023-07-30,Gremio @ Goias,1X2,gremio,,2.68,0.4431,0.3731,8.44,lose,-1.0,0.34,market_avg,True
brasileirao,2023,2023-08-05,Athletico-PR @ Santos,1X2,santos,,2.27,0.3367,0.4405,-10.61,lose,-1.0,0.34,market_avg,False
brasileirao,2023,2023-08-05,Athletico-PR @ Santos,1X2,draw,,3.01,0.2715,0.3322,-8.22,win,2.01,0.34,market_avg,False
brasileirao,2023,2023-08-05,Athletico-PR @ Santos,1X2,athletico pr,,3.47,0.3918,0.2882,16.18,lose,-1.0,0.34,market_avg,True
brasileirao,2023,2023-08-05,Fortaleza @ Goias,1X2,goias,,2.67,0.3365,0.3745,-4.57,win,1.67,0.34,market_avg,False
brasileirao,2023,2023-08-05,Fortaleza @ Goias,1X2,draw,,3.0,0.3109,0.3333,-3.03,lose,-1.0,0.34,market_avg,False
brasileirao,2023,2023-08-05,Fortaleza @ Goias,1X2,fortaleza,,2.84,0.3526,0.3521,0.06,lose,-1.0,0.34,market_avg,False
brasileirao,2023,2023-08-05,Corinthians @ Internacional,1X2,internacional,,2.28,0.3931,0.4386,-4.66,lose,-1.0,0.34,market_avg,False
brasileirao,2023,2023-08-05,Corinthians @ Internacional,1X2,draw,,2.91,0.3416,0.3436,-0.27,win,1.9100000000000001,0.34,market_avg,False
brasileirao,2023,2023-08-05,Corinthians @ Internacional,1X2,corinthians,,3.61,0.2653,0.277,-1.91,lose,-1.0,0.34,market_avg,False
brasileirao,2023,2023-08-06,Palmeiras @ Fluminense,1X2,fluminense,,2.18,0.3419,0.4587,-11.46,win,1.1800000000000002,0.34,market_avg,False
brasileirao,2023,2023-08-06,Palmeiras @ Fluminense,1X2,draw,,3.21,0.295,0.3115,-2.39,lose,-1.0,0.34,market_avg,False
brasileirao,2023,2023-08-06,Palmeiras @ Fluminense,1X2,palmeiras,,3.46,0.3631,0.289,11.53,lose,-1.0,0.34,market_avg,True
brasileirao,2023,2023-08-06,Atletico-MG @ Sao Paulo,1X2,sao paulo,,1.92,0.4793,0.5208,-3.59,lose,-1.0,0.34,market_avg,False
brasileirao,2023,2023-08-06,Atletico-MG @ Sao Paulo,1X2,draw,,3.26,0.2997,0.3067,-1.04,lose,-1.0,0.34,market_avg,False
brasileirao,2023,2023-08-06,Atletico-MG @ Sao Paulo,1X2,atletico mg,,4.35,0.221,0.2299,-1.73,win,3.3499999999999996,0.34,market_avg,False
brasileirao,2023,2023-08-06,Gremio @ Vasco,1X2,vasco,,2.62,0.2403,0.3817,-16.67,win,1.62,0.34,market_avg,False
brasileirao,2023,2023-08-06,Gremio @ Vasco,1X2,draw,,3.11,0.2573,0.3215,-9.0,lose,-1.0,0.34,market_avg,False
brasileirao,2023,2023-08-06,Gremio @ Vasco,1X2,gremio,,2.81,0.5024,0.3559,18.53,lose,-1.0,0.34,market_avg,True
brasileirao,2023,2023-08-06,America MG @ Bahia,1X2,bahia,,1.9,0.5206,0.5263,-0.49,win,0.8999999999999999,0.334,market_avg,False
brasileirao,2023,2023-08-06,America MG @ Bahia,1X2,draw,,3.58,0.2516,0.2793,-4.46,lose,-1.0,0.334,market_avg,False
brasileirao,2023,2023-08-06,America MG @ Bahia,1X2,america mg,,3.95,0.2278,0.2532,-4.51,lose,-1.0,0.334,market_avg,False
brasileirao,2023,2023-08-06,Bragantino @ Coritiba,1X2,coritiba,,3.31,0.229,0.3021,-10.9,lose,-1.0,0.34,market_avg,False
brasileirao,2023,2023-08-06,Bragantino @ Coritiba,1X2,draw,,3.23,0.2614,0.3096,-7.01,lose,-1.0,0.34,market_avg,False
brasileirao,2023,2023-08-06,Bragantino @ Coritiba,1X2,bragantino,,2.24,0.5097,0.4464,6.37,win,1.2400000000000002,0.34,market_avg,True
brasileirao,2023,2023-08-06,Botafogo RJ @ Cruzeiro,1X2,cruzeiro,,2.3,0.2316,0.4348,-21.03,lose,-1.0,0.334,market_avg,False
brasileirao,2023,2023-08-06,Botafogo RJ @ Cruzeiro,1X2,draw,,3.16,0.3266,0.3165,1.44,win,2.16,0.334,market_avg,False
brasileirao,2023,2023-08-06,Botafogo RJ @ Cruzeiro,1X2,botafogo rj,,3.25,0.4419,0.3077,19.62,lose,-1.0,0.334,market_avg,True
brasileirao,2023,2023-08-07,Flamengo RJ @ Cuiaba,1X2,cuiaba,,2.87,0.3458,0.3484,-0.34,win,1.87,0.34,market_avg,False
brasileirao,2023,2023-08-07,Flamengo RJ @ Cuiaba,1X2,draw,,3.06,0.281,0.3268,-6.31,lose,-1.0,0.34,market_avg,False
brasileirao,2023,2023-08-07,Flamengo RJ @ Cuiaba,1X2,flamengo rj,,2.59,0.3732,0.3861,-1.5,lose,-1.0,0.34,market_avg,False
brasileirao,2023,2023-08-13,Internacional @ Botafogo RJ,1X2,botafogo rj,,2.33,0.6984,0.4292,28.23,win,1.33,0.34,market_avg,False
brasileirao,2023,2023-08-13,Internacional @ Botafogo RJ,1X2,draw,,3.0,0.2218,0.3333,-15.06,lose,-1.0,0.34,market_avg,False
brasileirao,2023,2023-08-13,Internacional @ Botafogo RJ,1X2,internacional,,3.36,0.0798,0.2976,-32.93,lose,-1.0,0.34,market_avg,False
brasileirao,2023,2023-08-13,Bahia @ Atletico-MG,1X2,atletico mg,,1.58,0.5396,0.6329,-6.64,win,0.5800000000000001,0.34,market_avg,False
brasileirao,2023,2023-08-13,Bahia @ Atletico-MG,1X2,draw,,3.77,0.2792,0.2653,2.36,lose,-1.0,0.34,market_avg,False
brasileirao,2023,2023-08-13,Bahia @ Atletico-MG,1X2,bahia,,6.18,0.1812,0.1618,5.41,lose,-1.0,0.34,market_avg,False
brasileirao,2023,2023-08-13,Goias @ America MG,1X2,america mg,,1.97,0.4179,0.5076,-7.96,lose,-1.0,0.334,market_avg,False
brasileirao,2023,2023-08-13,Goias @ America MG,1X2,draw,,3.38,0.2595,0.2959,-5.54,lose,-1.0,0.334,market_avg,False
brasileirao,2023,2023-08-13,Goias @ America MG,1X2,goias,,3.92,0.3227,0.2551,11.92,win,2.92,0.334,market_avg,True
brasileirao,2023,2023-08-13,Coritiba @ Corinthians,1X2,corinthians,,1.7,0.5579,0.5882,-2.32,win,0.7,0.34,market_avg,False
brasileirao,2023,2023-08-13,Coritiba @ Corinthians,1X2,draw,,3.51,0.2577,0.2849,-4.3,lose,-1.0,0.34,market_avg,False
brasileirao,2023,2023-08-13,Coritiba @ Corinthians,1X2,coritiba,,5.31,0.1844,0.1883,-0.94,lose,-1.0,0.34,market_avg,False
brasileirao,2023,2023-08-13,Fluminense @ Gremio,1X2,gremio,,2.24,0.4139,0.4464,-3.28,win,1.2400000000000002,0.34,market_avg,False
brasileirao,2023,2023-08-13,Fluminense @ Gremio,1X2,draw,,3.3,0.2791,0.303,-3.55,lose,-1.0,0.34,market_avg,False
brasileirao,2023,2023-08-13,Fluminense @ Gremio,1X2,fluminense,,3.22,0.307,0.3106,-0.52,lose,-1.0,0.34,market_avg,False
brasileirao,2023,2023-08-13,Sao Paulo @ Flamengo RJ,1X2,flamengo rj,,1.77,0.4689,0.565,-7.66,lose,-1.0,0.34,market_avg,False
brasileirao,2023,2023-08-13,Sao Paulo @ Flamengo RJ,1X2,draw,,3.63,0.2658,0.2755,-1.59,win,2.63,0.34,market_avg,False
brasileirao,2023,2023-08-13,Sao Paulo @ Flamengo RJ,1X2,sao paulo,,4.56,0.2654,0.2193,9.45,lose,-1.0,0.34,market_avg,True
brasileirao,2023,2023-08-13,Santos @ Fortaleza,1X2,fortaleza,,1.52,0.4875,0.6579,-11.65,win,0.52,0.34,market_avg,False
brasileirao,2023,2023-08-13,Santos @ Fortaleza,1X2,draw,,3.84,0.291,0.2604,5.28,lose,-1.0,0.34,market_avg,True
brasileirao,2023,2023-08-13,Santos @ Fortaleza,1X2,santos,,7.02,0.2215,0.1425,24.97,lose,-1.0,0.34,market_avg,False
brasileirao,2023,2023-08-14,Cruzeiro @ Palmeiras,1X2,palmeiras,,1.57,0.5346,0.6369,-7.23,win,0.5700000000000001,0.334,market_avg,False
brasileirao,2023,2023-08-14,Cruzeiro @ Palmeiras,1X2,draw,,3.9,0.2797,0.2564,4.09,lose,-1.0,0.334,market_avg,True
brasileirao,2023,2023-08-14,Cruzeiro @ Palmeiras,1X2,cruzeiro,,5.93,0.1858,0.1686,4.57,lose,-1.0,0.334,market_avg,False
brasileirao,2023,2023-08-15,Vasco @ Bragantino,1X2,bragantino,,1.6,0.7103,0.625,6.14,lose,-1.0,0.334,market_avg,False
brasileirao,2023,2023-08-15,Vasco @ Bragantino,1X2,draw,,3.75,0.1994,0.2667,-11.35,win,2.75,0.334,market_avg,False
brasileirao,2023,2023-08-15,Vasco @ Bragantino,1X2,vasco,,5.92,0.0903,0.1689,-20.95,lose,-1.0,0.334,market_avg,False
brasileirao,2023,2023-08-16,Cuiaba @ Athletico-PR,1X2,athletico pr,,1.83,0.4751,0.5464,-5.87,win,0.8300000000000001,0.34,market_avg,False
brasileirao,2023,2023-08-16,Cuiaba @ Athletico-PR,1X2,draw,,3.31,0.2771,0.3021,-3.73,lose,-1.0,0.34,market_avg,False
brasileirao,2023,2023-08-16,Cuiaba @ Athletico-PR,1X2,cuiaba,,4.72,0.2478,0.2119,7.63,lose,-1.0,0.34,market_avg,True
brasileirao,2023,2023-08-19,Fortaleza @ Internacional,1X2,internacional,,2.35,0.3479,0.4255,-8.21,lose,-1.0,0.34,market_avg,False
brasileirao,2023,2023-08-19,Fortaleza @ Internacional,1X2,draw,,3.07,0.3306,0.3257,0.67,lose,-1.0,0.34,market_avg,False
brasileirao,2023,2023-08-19,Fortaleza @ Internacional,1X2,fortaleza,,3.24,0.3214,0.3086,1.87,win,2.24,0.34,market_avg,False
brasileirao,2023,2023-08-19,Botafogo RJ @ Sao Paulo,1X2,sao paulo,,1.93,0.2399,0.5181,-24.16,lose,-1.0,0.34,market_avg,False
brasileirao,2023,2023-08-19,Botafogo RJ @ Sao Paulo,1X2,draw,,3.38,0.3132,0.2959,2.64,win,2.38,0.34,market_avg,False
brasileirao,2023,2023-08-19,Botafogo RJ @ Sao Paulo,1X2,botafogo rj,,4.09,0.4469,0.2445,37.25,lose,-1.0,0.34,market_avg,False
brasileirao,2023,2023-08-19,Palmeiras @ Cuiaba,1X2,cuiaba,,3.45,0.2644,0.2899,-3.95,lose,-1.0,0.34,market_avg,False
brasileirao,2023,2023-08-19,Palmeiras @ Cuiaba,1X2,draw,,3.06,0.2997,0.3268,-3.74,lose,-1.0,0.34,market_avg,False
brasileirao,2023,2023-08-19,Palmeiras @ Cuiaba,1X2,palmeiras,,2.25,0.436,0.4444,-0.86,win,1.25,0.34,market_avg,False
brasileirao,2023,2023-08-19,America MG @ Fluminense,1X2,fluminense,,1.46,0.7183,0.6849,2.19,win,0.45999999999999996,0.34,market_avg,False
brasileirao,2023,2023-08-19,America MG @ Fluminense,1X2,draw,,4.25,0.1785,0.2353,-10.86,lose,-1.0,0.34,market_avg,False
brasileirao,2023,2023-08-19,America MG @ Fluminense,1X2,america mg,,7.17,0.1032,0.1395,-11.7,lose,-1.0,0.34,market_avg,False
brasileirao,2023,2023-08-20,Corinthians @ Cruzeiro,1X2,cruzeiro,,1.78,0.4702,0.5618,-7.34,lose,-1.0,0.334,market_avg,False
brasileirao,2023,2023-08-20,Corinthians @ Cruzeiro,1X2,draw,,3.41,0.3172,0.2933,3.68,win,2.41,0.334,market_avg,True
brasileirao,2023,2023-08-20,Corinthians @ Cruzeiro,1X2,corinthians,,4.9,0.2126,0.2041,1.88,lose,-1.0,0.334,market_avg,False
brasileirao,2023,2023-08-20,Atletico-MG @ Vasco,1X2,vasco,,2.67,0.2457,0.3745,-15.48,win,1.67,0.34,market_avg,False
brasileirao,2023,2023-08-20,Atletico-MG @ Vasco,1X2,draw,,3.01,0.313,0.3322,-2.61,lose,-1.0,0.34,market_avg,False
brasileirao,2023,2023-08-20,Atletico-MG @ Vasco,1X2,atletico mg,,2.85,0.4414,0.3509,11.6,lose,-1.0,0.34,market_avg,True
brasileirao,2023,2023-08-20,Bragantino @ Bahia,1X2,bahia,,2.39,0.2766,0.4184,-15.25,win,1.3900000000000001,0.34,market_avg,False
brasileirao,2023,2023-08-20,Bragantino @ Bahia,1X2,draw,,3.26,0.3053,0.3067,-0.21,lose,-1.0,0.34,market_avg,False
brasileirao,2023,2023-08-20,Bragantino @ Bahia,1X2,bragantino,,2.99,0.4181,0.3344,11.26,lose,-1.0,0.34,market_avg,True
brasileirao,2023,2023-08-20,Flamengo RJ @ Coritiba,1X2,coritiba,,3.73,0.2612,0.2681,-1.16,lose,-1.0,0.34,market_avg,False
brasileirao,2023,2023-08-20,Flamengo RJ @ Coritiba,1X2,draw,,3.44,0.2461,0.2907,-6.91,lose,-1.0,0.34,market_avg,False
brasileirao,2023,2023-08-20,Flamengo RJ @ Coritiba,1X2,flamengo rj,,1.99,0.4928,0.5025,-0.87,win,0.99,0.34,market_avg,False
brasileirao,2023,2023-08-20,Gremio @ Santos,1X2,santos,,2.56,0.3148,0.3906,-8.74,win,1.56,0.34,market_avg,False
brasileirao,2023,2023-08-20,Gremio @ Santos,1X2,draw,,3.13,0.2628,0.3195,-7.98,lose,-1.0,0.34,market_avg,False
brasileirao,2023,2023-08-20,Gremio @ Santos,1X2,gremio,,2.85,0.4224,0.3509,9.18,lose,-1.0,0.34,market_avg,True
brasileirao,2023,2023-08-22,Athletico-PR @ Goias,1X2,goias,,2.85,0.3185,0.3509,-4.16,lose,-1.0,0.34,market_avg,False
brasileirao,2023,2023-08-22,Athletico-PR @ Goias,1X2,draw,,3.02,0.285,0.3311,-6.27,win,2.02,0.34,market_avg,False
brasileirao,2023,2023-08-22,Athletico-PR @ Goias,1X2,athletico pr,,2.64,0.3966,0.3788,2.11,lose,-1.0,0.34,market_avg,False
brasileirao,2023,2023-08-26,Internacional @ Flamengo RJ,1X2,flamengo rj,,1.46,0.6132,0.6849,-4.71,lose,-1.0,0.34,market_avg,False
brasileirao,2023,2023-08-26,Internacional @ Flamengo RJ,1X2,draw,,4.29,0.2323,0.2331,-0.15,win,3.29,0.34,market_avg,False
brasileirao,2023,2023-08-26,Internacional @ Flamengo RJ,1X2,internacional,,7.24,0.1544,0.1381,5.3,lose,-1.0,0.34,market_avg,False
brasileirao,2023,2023-08-27,Goias @ Corinthians,1X2,corinthians,,2.0,0.5256,0.5,2.3,lose,-1.0,0.34,market_avg,False
brasileirao,2023,2023-08-27,Goias @ Corinthians,1X2,draw,,3.13,0.2762,0.3195,-6.1,win,2.13,0.34,market_avg,False
brasileirao,2023,2023-08-27,Goias @ Corinthians,1X2,goias,,4.23,0.1981,0.2364,-7.29,lose,-1.0,0.34,market_avg,False
brasileirao,2023,2023-08-27,Cuiaba @ Bragantino,1X2,bragantino,,1.69,0.5279,0.5917,-4.85,win,0.69,0.34,market_avg,False
brasileirao,2023,2023-08-27,Cuiaba @ Bragantino,1X2,draw,,3.53,0.2755,0.2833,-1.23,lose,-1.0,0.34,market_avg,False
brasileirao,2023,2023-08-27,Cuiaba @ Bragantino,1X2,cuiaba,,5.55,0.1965,0.1802,4.09,lose,-1.0,0.34,market_avg,False
brasileirao,2023,2023-08-27,Sao Paulo @ America MG,1X2,america mg,,2.62,0.2516,0.3817,-15.34,win,1.62,0.34,market_avg,False
brasileirao,2023,2023-08-27,Sao Paulo @ America MG,1X2,draw,,3.23,0.2654,0.3096,-6.42,lose,-1.0,0.34,market_avg,False
brasileirao,2023,2023-08-27,Sao Paulo @ America MG,1X2,sao paulo,,2.73,0.483,0.3663,14.34,lose,-1.0,0.34,market_avg,True
brasileirao,2023,2023-08-27,Santos @ Atletico-MG,1X2,atletico mg,,1.57,0.5885,0.6369,-3.42,win,0.5700000000000001,0.34,market_avg,False
brasileirao,2023,2023-08-27,Santos @ Atletico-MG,1X2,draw,,3.67,0.2562,0.2725,-2.69,lose,-1.0,0.34,market_avg,False
brasileirao,2023,2023-08-27,Santos @ Atletico-MG,1X2,santos,,6.81,0.1553,0.1468,2.59,lose,-1.0,0.34,market_avg,False
brasileirao,2023,2023-08-27,Bahia @ Botafogo RJ,1X2,botafogo rj,,1.88,0.723,0.5319,16.17,win,0.8799999999999999,0.34,market_avg,False
brasileirao,2023,2023-08-27,Bahia @ Botafogo RJ,1X2,draw,,3.5,0.1996,0.2857,-13.57,lose,-1.0,0.34,market_avg,False
brasileirao,2023,2023-08-27,Bahia @ Botafogo RJ,1X2,bahia,,4.2,0.0774,0.2381,-30.37,lose,-1.0,0.34,market_avg,False
brasileirao,2023,2023-08-27,Fluminense @ Athletico-PR,1X2,athletico pr,,1.77,0.4397,0.565,-9.98,lose,-1.0,0.34,market_avg,False
brasileirao,2023,2023-08-27,Fluminense @ Athletico-PR,1X2,draw,,3.56,0.279,0.2809,-0.3,win,2.56,0.34,market_avg,False
brasileirao,2023,2023-08-27,Fluminense @ Athletico-PR,1X2,fluminense,,4.73,0.2813,0.2114,14.88,lose,-1.0,0.34,market_avg,True
brasileirao,2023,2023-08-27,Coritiba @ Fortaleza,1X2,fortaleza,,1.5,0.6427,0.6667,-1.62,win,0.5,0.34,market_avg,False
brasileirao,2023,2023-08-27,Coritiba @ Fortaleza,1X2,draw,,4.11,0.2259,0.2433,-3.22,lose,-1.0,0.34,market_avg,False
brasileirao,2023,2023-08-27,Coritiba @ Fortaleza,1X2,coritiba,,6.88,0.1313,0.1453,-4.35,lose,-1.0,0.34,market_avg,False
brasileirao,2023,2023-08-27,Vasco @ Palmeiras,1X2,palmeiras,,1.36,0.7682,0.7353,2.02,win,0.3600000000000001,0.34,market_avg,False
brasileirao,2023,2023-08-27,Vasco @ Palmeiras,1X2,draw,,4.8,0.1635,0.2083,-9.69,lose,-1.0,0.34,market_avg,False
brasileirao,2023,2023-08-27,Vasco @ Palmeiras,1X2,vasco,,9.05,0.0683,0.1105,-17.2,lose,-1.0,0.34,market_avg,False
brasileirao,2023,2023-08-27,Cruzeiro @ Gremio,1X2,gremio,,2.0,0.4417,0.5,-5.25,win,1.0,0.334,market_avg,False
brasileirao,2023,2023-08-27,Cruzeiro @ Gremio,1X2,draw,,3.37,0.2976,0.2967,0.13,lose,-1.0,0.334,market_avg,False
brasileirao,2023,2023-08-27,Cruzeiro @ Gremio,1X2,cruzeiro,,3.86,0.2607,0.2591,0.28,lose,-1.0,0.334,market_avg,False
brasileirao,2023,2023-09-02,Atletico-MG @ Athletico-PR,1X2,athletico pr,,2.36,0.4403,0.4237,1.76,lose,-1.0,0.34,market_avg,False
brasileirao,2023,2023-09-02,Atletico-MG @ Athletico-PR,1X2,draw,,3.06,0.2986,0.3268,-3.89,win,2.06,0.34,market_avg,False
brasileirao,2023,2023-09-02,Atletico-MG @ Athletico-PR,1X2,atletico mg,,3.28,0.2612,0.3049,-6.45,lose,-1.0,0.34,market_avg,False
brasileirao,2023,2023-09-02,Internacional @ Goias,1X2,goias,,2.77,0.4321,0.361,8.86,lose,-1.0,0.34,market_avg,True
brasileirao,2023,2023-09-02,Internacional @ Goias,1X2,draw,,2.9,0.3197,0.3448,-3.28,win,1.9,0.34,market_avg,False
brasileirao,2023,2023-09-02,Internacional @ Goias,1X2,internacional,,2.86,0.2482,0.3497,-13.06,lose,-1.0,0.34,market_avg,False
brasileirao,2023,2023-09-03,Flamengo RJ @ Botafogo RJ,1X2,botafogo rj,,2.45,0.7033,0.4082,32.54,lose,-1.0,0.34,market_avg,False
brasileirao,2023,2023-09-03,Flamengo RJ @ Botafogo RJ,1X2,draw,,3.18,0.1997,0.3145,-16.42,lose,-1.0,0.34,market_avg,False
brasileirao,2023,2023-09-03,Flamengo RJ @ Botafogo RJ,1X2,flamengo rj,,2.99,0.097,0.3344,-31.95,win,1.9900000000000002,0.34,market_avg,False
brasileirao,2023,2023-09-03,Cuiaba @ Gremio,1X2,gremio,,1.66,0.5842,0.6024,-1.36,win,0.6599999999999999,0.334,market_avg,False
brasileirao,2023,2023-09-03,Cuiaba @ Gremio,1X2,draw,,3.66,0.2414,0.2732,-5.24,lose,-1.0,0.334,market_avg,False
brasileirao,2023,2023-09-03,Cuiaba @ Gremio,1X2,cuiaba,,5.58,0.1743,0.1792,-1.23,lose,-1.0,0.334,market_avg,False
brasileirao,2023,2023-09-03,Palmeiras @ Corinthians,1X2,corinthians,,4.66,0.2763,0.2146,12.94,lose,-1.0,0.34,market_avg,True
brasileirao,2023,2023-09-03,Palmeiras @ Corinthians,1X2,draw,,3.14,0.2969,0.3185,-3.05,win,2.14,0.34,market_avg,False
brasileirao,2023,2023-09-03,Palmeiras @ Corinthians,1X2,palmeiras,,1.9,0.4268,0.5263,-8.51,lose,-1.0,0.34,market_avg,False
brasileirao,2023,2023-09-03,Fortaleza @ Fluminense,1X2,fluminense,,1.89,0.4785,0.5291,-4.3,win,0.8899999999999999,0.34,market_avg,False
brasileirao,2023,2023-09-03,Fortaleza @ Fluminense,1X2,draw,,3.42,0.2906,0.2924,-0.27,lose,-1.0,0.34,market_avg,False
brasileirao,2023,2023-09-03,Fortaleza @ Fluminense,1X2,fortaleza,,4.23,0.2309,0.2364,-1.05,lose,-1.0,0.34,market_avg,False
brasileirao,2023,2023-09-03,Santos @ America MG,1X2,america mg,,2.16,0.4537,0.463,-0.9,win,1.1600000000000001,0.34,market_avg,False
brasileirao,2023,2023-09-03,Santos @ America MG,1X2,draw,,3.16,0.2507,0.3165,-9.35,lose,-1.0,0.34,market_avg,False
brasileirao,2023,2023-09-03,Santos @ America MG,1X2,santos,,3.56,0.2956,0.2809,2.36,lose,-1.0,0.34,market_avg,False
brasileirao,2023,2023-09-03,Vasco @ Bahia,1X2,bahia,,2.06,0.5517,0.4854,6.15,lose,-1.0,0.34,market_avg,True
brasileirao,2023,2023-09-03,Vasco @ Bahia,1X2,draw,,3.26,0.2711,0.3067,-5.23,win,2.26,0.34,market_avg,False
brasileirao,2023,2023-09-03,Vasco @ Bahia,1X2,vasco,,3.73,0.1771,0.2681,-15.27,lose,-1.0,0.34,market_avg,False
brasileirao,2023,2023-09-03,Bragantino @ Cruzeiro,1X2,cruzeiro,,2.41,0.3734,0.4149,-4.51,lose,-1.0,0.334,market_avg,False
brasileirao,2023,2023-09-03,Bragantino @ Cruzeiro,1X2,draw,,3.08,0.3275,0.3247,0.39,win,2.08,0.334,market_avg,False
brasileirao,2023,2023-09-03,Bragantino @ Cruzeiro,1X2,bragantino,,3.13,0.2991,0.3195,-2.87,lose,-1.0,0.334,market_avg,False
brasileirao,2023,2023-09-14,Athletico-PR @ Flamengo RJ,1X2,flamengo rj,,1.77,0.5281,0.565,-2.93,lose,-1.0,0.34,market_avg,False
brasileirao,2023,2023-09-14,Athletico-PR @ Flamengo RJ,1X2,draw,,3.59,0.2396,0.2786,-6.3,lose,-1.0,0.34,market_avg,False
brasileirao,2023,2023-09-14,Athletico-PR @ Flamengo RJ,1X2,athletico pr,,4.74,0.2323,0.211,4.55,win,3.74,0.34,market_avg,True
brasileirao,2023,2023-09-14,Sao Paulo @ Internacional,1X2,internacional,,2.52,0.3302,0.3968,-7.56,win,1.52,0.34,market_avg,False
brasileirao,2023,2023-09-14,Sao Paulo @ Internacional,1X2,draw,,3.01,0.3435,0.3322,1.53,lose,-1.0,0.34,market_avg,False
brasileirao,2023,2023-09-14,Sao Paulo @ Internacional,1X2,sao paulo,,3.06,0.3263,0.3268,-0.07,lose,-1.0,0.34,market_avg,False
brasileirao,2023,2023-09-14,Corinthians @ Fortaleza,1X2,fortaleza,,1.58,0.4924,0.6329,-9.99,win,0.5800000000000001,0.34,market_avg,False
brasileirao,2023,2023-09-14,Corinthians @ Fortaleza,1X2,draw,,3.76,0.3036,0.266,6.37,lose,-1.0,0.34,market_avg,True
brasileirao,2023,2023-09-14,Corinthians @ Fortaleza,1X2,corinthians,,6.33,0.204,0.158,13.11,lose,-1.0,0.34,market_avg,True
brasileirao,2023,2023-09-14,Cruzeiro @ Santos,1X2,santos,,2.38,0.3308,0.4202,-9.57,lose,-1.0,0.334,market_avg,False
brasileirao,2023,2023-09-14,Cruzeiro @ Santos,1X2,draw,,3.02,0.3262,0.3311,-0.67,lose,-1.0,0.334,market_avg,False
brasileirao,2023,2023-09-14,Cruzeiro @ Santos,1X2,cruzeiro,,3.3,0.343,0.303,5.94,win,2.3,0.334,market_avg,True
brasileirao,2023,2023-09-15,Bahia @ Coritiba,1X2,coritiba,,2.53,0.375,0.3953,-2.3,lose,-1.0,0.334,market_avg,False
brasileirao,2023,2023-09-15,Bahia @ Coritiba,1X2,draw,,3.18,0.2758,0.3145,-5.53,lose,-1.0,0.334,market_avg,False
brasileirao,2023,2023-09-15,Bahia @ Coritiba,1X2,bahia,,2.89,0.3492,0.346,0.41,win,1.8900000000000001,0.334,market_avg,False
brasileirao,2023,2023-09-15,Gremio @ Bragantino,1X2,bragantino,,1.72,0.4793,0.5814,-7.9,win,0.72,0.34,market_avg,False
brasileirao,2023,2023-09-15,Gremio @ Bragantino,1X2,draw,,3.8,0.2692,0.2632,1.03,lose,-1.0,0.34,market_avg,False
brasileirao,2023,2023-09-15,Gremio @ Bragantino,1X2,gremio,,4.77,0.2515,0.2096,8.98,lose,-1.0,0.34,market_avg,True
brasileirao,2023,2023-09-16,America MG @ Cuiaba,1X2,cuiaba,,1.88,0.5674,0.5319,3.0,lose,-1.0,0.34,market_avg,True
brasileirao,2023,2023-09-16,America MG @ Cuiaba,1X2,draw,,3.35,0.2403,0.2985,-8.77,win,2.35,0.34,market_avg,False
brasileirao,2023,2023-09-16,America MG @ Cuiaba,1X2,america mg,,4.43,0.1923,0.2257,-6.67,lose,-1.0,0.34,market_avg,False
brasileirao,2023,2023-09-16,Goias @ Palmeiras,1X2,palmeiras,,1.27,0.7133,0.7874,-4.23,win,0.27,0.34,market_avg,False
brasileirao,2023,2023-09-16,Goias @ Palmeiras,1X2,draw,,5.47,0.1993,0.1828,4.06,lose,-1.0,0.34,market_avg,False
brasileirao,2023,2023-09-16,Goias @ Palmeiras,1X2,goias,,11.7,0.0874,0.0855,1.0,lose,-1.0,0.34,market_avg,False
brasileirao,2023,2023-09-16,Fluminense @ Vasco,1X2,vasco,,3.38,0.2445,0.2959,-7.81,win,2.38,0.34,market_avg,False
brasileirao,2023,2023-09-16,Fluminense @ Vasco,1X2,draw,,3.09,0.2972,0.3236,-3.67,lose,-1.0,0.34,market_avg,False
brasileirao,2023,2023-09-16,Fluminense @ Vasco,1X2,fluminense,,2.29,0.4583,0.4367,2.23,lose,-1.0,0.34,market_avg,False
brasileirao,2023,2023-09-17,Botafogo RJ @ Atletico-MG,1X2,atletico mg,,2.23,0.2539,0.4484,-19.52,win,1.23,0.34,market_avg,False
brasileirao,2023,2023-09-17,Botafogo RJ @ Atletico-MG,1X2,draw,,3.14,0.3407,0.3185,3.15,lose,-1.0,0.34,market_avg,True
brasileirao,2023,2023-09-17,Botafogo RJ @ Atletico-MG,1X2,botafogo rj,,3.46,0.4053,0.289,18.11,lose,-1.0,0.34,market_avg,True
brasileirao,2023,2023-09-19,Santos @ Bahia,1X2,bahia,,1.67,0.5924,0.5988,-0.48,lose,-1.0,0.34,market_avg,False
brasileirao,2023,2023-09-19,Santos @ Bahia,1X2,draw,,3.65,0.2377,0.274,-5.95,lose,-1.0,0.34,market_avg,False
brasileirao,2023,2023-09-19,Santos @ Bahia,1X2,santos,,5.39,0.1699,0.1855,-3.8,win,4.39,0.34,market_avg,False
brasileirao,2023,2023-09-19,Gremio @ Corinthians,1X2,corinthians,,2.48,0.3939,0.4032,-1.04,lose,-1.0,0.34,market_avg,False
brasileirao,2023,2023-09-19,Gremio @ Corinthians,1X2,draw,,3.09,0.2861,0.3236,-5.22,win,2.09,0.34,market_avg,False
brasileirao,2023,2023-09-19,Gremio @ Corinthians,1X2,gremio,,3.01,0.32,0.3322,-1.65,lose,-1.0,0.34,market_avg,False
brasileirao,2023,2023-09-20,Bragantino @ America MG,1X2,america mg,,2.92,0.2522,0.3425,-11.86,lose,-1.0,0.34,market_avg,False
brasileirao,2023,2023-09-20,Bragantino @ America MG,1X2,draw,,3.39,0.2578,0.295,-5.67,lose,-1.0,0.34,market_avg,False
brasileirao,2023,2023-09-20,Bragantino @ America MG,1X2,bragantino,,2.39,0.49,0.4184,7.7,win,1.3900000000000001,0.34,market_avg,True
brasileirao,2023,2023-09-20,Flamengo RJ @ Goias,1X2,goias,,2.92,0.329,0.3425,-1.77,lose,-1.0,0.34,market_avg,False
brasileirao,2023,2023-09-20,Flamengo RJ @ Goias,1X2,draw,,3.1,0.2851,0.3226,-5.23,win,2.1,0.34,market_avg,False
brasileirao,2023,2023-09-20,Flamengo RJ @ Goias,1X2,flamengo rj,,2.55,0.3859,0.3922,-0.71,lose,-1.0,0.34,market_avg,False
brasileirao,2023,2023-09-21,Cruzeiro @ Fluminense,1X2,fluminense,,1.84,0.4565,0.5435,-7.2,win,0.8400000000000001,0.334,market_avg,False
brasileirao,2023,2023-09-21,Cruzeiro @ Fluminense,1X2,draw,,3.44,0.3073,0.2907,2.57,lose,-1.0,0.334,market_avg,False
brasileirao,2023,2023-09-21,Cruzeiro @ Fluminense,1X2,cruzeiro,,4.48,0.2362,0.2232,2.63,lose,-1.0,0.334,market_avg,False
brasileirao,2023,2023-09-21,Fortaleza @ Sao Paulo,1X2,sao paulo,,2.37,0.4164,0.4219,-0.59,lose,-1.0,0.34,market_avg,False
brasileirao,2023,2023-09-21,Fortaleza @ Sao Paulo,1X2,draw,,3.17,0.3163,0.3155,0.12,lose,-1.0,0.34,market_avg,False
brasileirao,2023,2023-09-21,Fortaleza @ Sao Paulo,1X2,fortaleza,,3.13,0.2673,0.3195,-7.35,win,2.13,0.34,market_avg,False
brasileirao,2023,2023-09-21,Coritiba @ Vasco,1X2,vasco,,1.58,0.5225,0.6329,-7.85,win,0.5800000000000001,0.334,market_avg,False
brasileirao,2023,2023-09-21,Coritiba @ Vasco,1X2,draw,,3.82,0.2511,0.2618,-1.84,lose,-1.0,0.334,market_avg,False
brasileirao,2023,2023-09-21,Coritiba @ Vasco,1X2,coritiba,,6.2,0.2264,0.1613,18.16,lose,-1.0,0.334,market_avg,True
brasileirao,2023,2023-09-21,Internacional @ Athletico-PR,1X2,athletico pr,,1.66,0.5747,0.6024,-2.07,win,0.6599999999999999,0.34,market_avg,False
brasileirao,2023,2023-09-21,Internacional @ Athletico-PR,1X2,draw,,3.64,0.2642,0.2747,-1.72,lose,-1.0,0.34,market_avg,False
brasileirao,2023,2023-09-21,Internacional @ Athletico-PR,1X2,internacional,,5.6,0.1611,0.1786,-4.4,lose,-1.0,0.34,market_avg,False
brasileirao,2023,2023-09-22,Palmeiras @ Gremio,1X2,gremio,,3.03,0.2502,0.33,-10.89,win,2.03,0.34,market_avg,False
brasileirao,2023,2023-09-22,Palmeiras @ Gremio,1X2,draw,,3.26,0.2861,0.3067,-3.02,lose,-1.0,0.34,market_avg,False
brasileirao,2023,2023-09-22,Palmeiras @ Gremio,1X2,palmeiras,,2.39,0.4637,0.4184,4.87,lose,-1.0,0.34,market_avg,True
brasileirao,2023,2023-09-23,Botafogo RJ @ Corinthians,1X2,corinthians,,2.83,0.2109,0.3534,-18.14,win,1.83,0.34,market_avg,False
brasileirao,2023,2023-09-23,Botafogo RJ @ Corinthians,1X2,draw,,2.97,0.295,0.3367,-5.57,lose,-1.0,0.34,market_avg,False
brasileirao,2023,2023-09-23,Botafogo RJ @ Corinthians,1X2,botafogo rj,,2.74,0.494,0.365,15.92,lose,-1.0,0.34,market_avg,True
brasileirao,2023,2023-09-24,Cuiaba @ Atletico-MG,1X2,atletico mg,,1.58,0.553,0.6329,-5.68,win,0.5800000000000001,0.34,market_avg,False
brasileirao,2023,2023-09-24,Cuiaba @ Atletico-MG,1X2,draw,,3.54,0.2875,0.2825,0.8,lose,-1.0,0.34,market_avg,False
brasileirao,2023,2023-09-24,Cuiaba @ Atletico-MG,1X2,cuiaba,,6.97,0.1595,0.1435,5.03,lose,-1.0,0.34,market_avg,False
brasileirao,2023,2023-09-26,Vasco @ America MG,1X2,america mg,,2.78,0.4182,0.3597,7.32,lose,-1.0,0.334,market_avg,True
brasileirao,2023,2023-09-26,Vasco @ America MG,1X2,draw,,3.25,0.2548,0.3077,-7.74,lose,-1.0,0.334,market_avg,False
brasileirao,2023,2023-09-26,Vasco @ America MG,1X2,vasco,,2.55,0.327,0.3922,-7.48,win,1.5499999999999998,0.334,market_avg,False
brasileirao,2023,2023-09-27,Coritiba @ Sao Paulo,1X2,sao paulo,,1.45,0.6838,0.6897,-0.38,win,0.44999999999999996,0.34,market_avg,False
brasileirao,2023,2023-09-27,Coritiba @ Sao Paulo,1X2,draw,,4.37,0.1955,0.2288,-6.56,lose,-1.0,0.34,market_avg,False
brasileirao,2023,2023-09-27,Coritiba @ Sao Paulo,1X2,coritiba,,7.27,0.1208,0.1376,-5.49,lose,-1.0,0.34,market_avg,False
brasileirao,2023,2023-09-30,Bahia @ Flamengo RJ,1X2,flamengo rj,,1.53,0.5793,0.6536,-5.12,win,0.53,0.34,market_avg,False
brasileirao,2023,2023-09-30,Bahia @ Flamengo RJ,1X2,draw,,4.2,0.2328,0.2381,-1.0,lose,-1.0,0.34,market_avg,False
brasileirao,2023,2023-09-30,Bahia @ Flamengo RJ,1X2,bahia,,6.19,0.1879,0.1616,7.34,lose,-1.0,0.34,market_avg,True
brasileirao,2023,2023-09-30,Gremio @ Fortaleza,1X2,fortaleza,,2.57,0.4736,0.3891,9.77,lose,-1.0,0.34,market_avg,True
brasileirao,2023,2023-09-30,Gremio @ Fortaleza,1X2,draw,,3.22,0.2711,0.3106,-5.72,win,2.22,0.34,market_avg,False
brasileirao,2023,2023-09-30,Gremio @ Fortaleza,1X2,gremio,,2.8,0.2553,0.3571,-12.83,lose,-1.0,0.34,market_avg,False
brasileirao,2023,2023-09-30,Fluminense @ Cuiaba,1X2,cuiaba,,2.26,0.3342,0.4425,-11.02,win,1.2599999999999998,0.34,market_avg,False
brasileirao,2023,2023-09-30,Fluminense @ Cuiaba,1X2,draw,,3.07,0.3014,0.3257,-3.36,lose,-1.0,0.34,market_avg,False
brasileirao,2023,2023-09-30,Fluminense @ Cuiaba,1X2,fluminense,,3.49,0.3644,0.2865,12.23,lose,-1.0,0.34,market_avg,True
brasileirao,2023,2023-09-30,Corinthians @ Sao Paulo,1X2,sao paulo,,1.52,0.4593,0.6579,-13.58,win,0.52,0.34,market_avg,False
brasileirao,2023,2023-09-30,Corinthians @ Sao Paulo,1X2,draw,,3.82,0.2968,0.2618,6.02,lose,-1.0,0.34,market_avg,True
brasileirao,2023,2023-09-30,Corinthians @ Sao Paulo,1X2,corinthians,,7.48,0.2439,0.1337,37.1,lose,-1.0,0.34,market_avg,False
brasileirao,2023,2023-10-01,Atletico-MG @ Internacional,1X2,internacional,,3.57,0.2871,0.2801,1.12,lose,-1.0,0.34,market_avg,False
brasileirao,2023,2023-10-01,Atletico-MG @ Internacional,1X2,draw,,3.01,0.3614,0.3322,3.95,lose,-1.0,0.34,market_avg,True
brasileirao,2023,2023-10-01,Atletico-MG @ Internacional,1X2,atletico mg,,2.26,0.3515,0.4425,-9.25,win,1.2599999999999998,0.34,market_avg,False
brasileirao,2023,2023-10-01,Athletico-PR @ Coritiba,1X2,coritiba,,3.49,0.2393,0.2865,-7.42,win,2.49,0.34,market_avg,False
brasileirao,2023,2023-10-01,Athletico-PR @ Coritiba,1X2,draw,,3.21,0.2361,0.3115,-10.89,lose,-1.0,0.34,market_avg,False
brasileirao,2023,2023-10-01,Athletico-PR @ Coritiba,1X2,athletico pr,,2.18,0.5246,0.4587,6.46,lose,-1.0,0.34,market_avg,True
brasileirao,2023,2023-10-01,America MG @ Cruzeiro,1X2,cruzeiro,,1.69,0.6361,0.5917,3.38,lose,-1.0,0.334,market_avg,False
brasileirao,2023,2023-10-01,America MG @ Cruzeiro,1X2,draw,,3.78,0.2325,0.2646,-5.45,win,2.78,0.334,market_avg,False
brasileirao,2023,2023-10-01,America MG @ Cruzeiro,1X2,america mg,,4.99,0.1314,0.2004,-15.49,lose,-1.0,0.334,market_avg,False
brasileirao,2023,2023-10-01,Vasco @ Santos,1X2,santos,,2.53,0.4088,0.3953,1.54,win,1.5299999999999998,0.34,market_avg,False
brasileirao,2023,2023-10-01,Vasco @ Santos,1X2,draw,,3.09,0.2806,0.3236,-5.98,lose,-1.0,0.34,market_avg,False
brasileirao,2023,2023-10-01,Vasco @ Santos,1X2,vasco,,2.96,0.3106,0.3378,-3.63,lose,-1.0,0.34,market_avg,False
brasileirao,2023,2023-10-01,Palmeiras @ Bragantino,1X2,bragantino,,1.73,0.3747,0.578,-15.83,win,0.73,0.34,market_avg,False
brasileirao,2023,2023-10-01,Palmeiras @ Bragantino,1X2,draw,,3.76,0.3207,0.266,9.26,lose,-1.0,0.34,market_avg,True
brasileirao,2023,2023-10-01,Palmeiras @ Bragantino,1X2,palmeiras,,4.73,0.3046,0.2114,19.83,lose,-1.0,0.34,market_avg,True
brasileirao,2023,2023-10-03,Goias @ Botafogo RJ,1X2,botafogo rj,,1.63,0.7255,0.6135,8.22,lose,-1.0,0.34,market_avg,False
brasileirao,2023,2023-10-03,Goias @ Botafogo RJ,1X2,draw,,3.66,0.2045,0.2732,-11.32,win,2.66,0.34,market_avg,False
brasileirao,2023,2023-10-03,Goias @ Botafogo RJ,1X2,goias,,5.94,0.07,0.1684,-26.28,lose,-1.0,0.34,market_avg,False
brasileirao,2023,2023-10-07,Bahia @ Goias,1X2,goias,,2.41,0.4105,0.4149,-0.48,lose,-1.0,0.34,market_avg,False
brasileirao,2023,2023-10-07,Bahia @ Goias,1X2,draw,,3.12,0.3076,0.3205,-1.81,lose,-1.0,0.34,market_avg,False
brasileirao,2023,2023-10-07,Bahia @ Goias,1X2,bahia,,3.12,0.2819,0.3205,-5.42,win,2.12,0.34,market_avg,False
brasileirao,2023,2023-10-07,Sao Paulo @ Vasco,1X2,vasco,,2.57,0.3557,0.3891,-3.86,lose,-1.0,0.34,market_avg,False
brasileirao,2023,2023-10-07,Sao Paulo @ Vasco,1X2,draw,,3.09,0.2905,0.3236,-4.6,win,2.09,0.34,market_avg,False
brasileirao,2023,2023-10-07,Sao Paulo @ Vasco,1X2,sao paulo,,2.9,0.3538,0.3448,1.17,lose,-1.0,0.34,market_avg,False
brasileirao,2023,2023-10-08,Flamengo RJ @ Corinthians,1X2,corinthians,,3.43,0.405,0.2915,17.52,lose,-1.0,0.34,market_avg,True
brasileirao,2023,2023-10-08,Flamengo RJ @ Corinthians,1X2,draw,,3.09,0.2786,0.3236,-6.26,win,2.09,0.34,market_avg,False
brasileirao,2023,2023-10-08,Flamengo RJ @ Corinthians,1X2,flamengo rj,,2.26,0.3164,0.4425,-12.83,lose,-1.0,0.34,market_avg,False
brasileirao,2023,2023-10-08,Botafogo RJ @ Fluminense,1X2,fluminense,,1.97,0.2735,0.5076,-20.76,lose,-1.0,0.34,market_avg,False
brasileirao,2023,2023-10-08,Botafogo RJ @ Fluminense,1X2,draw,,3.34,0.3088,0.2994,1.41,lose,-1.0,0.34,market_avg,False
brasileirao,2023,2023-10-08,Botafogo RJ @ Fluminense,1X2,botafogo rj,,4.01,0.4177,0.2494,30.38,win,3.01,0.34,market_avg,False
brasileirao,2023,2023-10-08,Gremio @ Internacional,1X2,internacional,,2.26,0.3237,0.4425,-12.08,win,1.2599999999999998,0.34,market_avg,False
brasileirao,2023,2023-10-08,Gremio @ Internacional,1X2,draw,,3.18,0.2984,0.3145,-2.3,lose,-1.0,0.34,market_avg,False
brasileirao,2023,2023-10-08,Gremio @ Internacional,1X2,gremio,,3.32,0.3778,0.3012,11.45,lose,-1.0,0.34,market_avg,True
brasileirao,2023,2023-10-08,Santos @ Palmeiras,1X2,palmeiras,,1.43,0.7338,0.6993,2.22,lose,-1.0,0.34,market_avg,False
brasileirao,2023,2023-10-08,Santos @ Palmeiras,1X2,draw,,4.3,0.1797,0.2326,-10.23,lose,-1.0,0.34,market_avg,False
brasileirao,2023,2023-10-08,Santos @ Palmeiras,1X2,santos,,7.81,0.0865,0.128,-14.6,win,6.81,0.34,market_avg,False
brasileirao,2023,2023-10-08,Bragantino @ Athletico-PR,1X2,athletico pr,,2.59,0.4086,0.3861,2.62,lose,-1.0,0.34,market_avg,False
brasileirao,2023,2023-10-08,Bragantino @ Athletico-PR,1X2,draw,,3.17,0.2908,0.3155,-3.51,win,2.17,0.34,market_avg,False
brasileirao,2023,2023-10-08,Bragantino @ Athletico-PR,1X2,bragantino,,2.8,0.3006,0.3571,-7.13,lose,-1.0,0.34,market_avg,False
brasileirao,2023,2023-10-08,Coritiba @ Atletico-MG,1X2,atletico mg,,1.36,0.7194,0.7353,-0.98,lose,-1.0,0.34,market_avg,False
brasileirao,2023,2023-10-08,Coritiba @ Atletico-MG,1X2,draw,,4.67,0.1909,0.2141,-4.89,lose,-1.0,0.34,market_avg,False
brasileirao,2023,2023-10-08,Coritiba @ Atletico-MG,1X2,coritiba,,9.22,0.0898,0.1085,-7.75,win,8.22,0.34,market_avg,False
brasileirao,2023,2023-10-08,America MG @ Fortaleza,1X2,fortaleza,,1.52,0.6857,0.6579,1.9,win,0.52,0.34,market_avg,False
brasileirao,2023,2023-10-08,America MG @ Fortaleza,1X2,draw,,4.22,0.1997,0.237,-7.07,lose,-1.0,0.34,market_avg,False
brasileirao,2023,2023-10-08,America MG @ Fortaleza,1X2,america mg,,6.17,0.1145,0.1621,-13.2,lose,-1.0,0.34,market_avg,False
brasileirao,2023,2023-10-15,Cruzeiro @ Cuiaba,1X2,cuiaba,,2.37,0.366,0.4219,-5.96,lose,-1.0,0.334,market_avg,False
brasileirao,2023,2023-10-15,Cruzeiro @ Cuiaba,1X2,draw,,2.93,0.3441,0.3413,0.37,win,1.9300000000000002,0.334,market_avg,False
brasileirao,2023,2023-10-15,Cruzeiro @ Cuiaba,1X2,cruzeiro,,3.42,0.2898,0.2924,-0.4,lose,-1.0,0.334,market_avg,False
brasileirao,2023,2023-10-18,Athletico-PR @ Gremio,1X2,gremio,,2.06,0.4772,0.4854,-0.76,lose,-1.0,0.34,market_avg,False
brasileirao,2023,2023-10-18,Athletico-PR @ Gremio,1X2,draw,,3.28,0.248,0.3049,-8.39,lose,-1.0,0.34,market_avg,False
brasileirao,2023,2023-10-18,Athletico-PR @ Gremio,1X2,athletico pr,,3.76,0.2748,0.266,1.49,win,2.76,0.34,market_avg,False
brasileirao,2023,2023-10-19,Botafogo RJ @ America MG,1X2,america mg,,2.84,0.1315,0.3521,-28.19,lose,-1.0,0.334,market_avg,False
brasileirao,2023,2023-10-19,Botafogo RJ @ America MG,1X2,draw,,3.22,0.2219,0.3106,-12.85,lose,-1.0,0.334,market_avg,False
brasileirao,2023,2023-10-19,Botafogo RJ @ America MG,1X2,botafogo rj,,2.54,0.6466,0.3937,28.91,win,1.54,0.334,market_avg,False
brasileirao,2023,2023-10-19,Cuiaba @ Coritiba,1X2,coritiba,,2.5,0.3543,0.4,-5.15,lose,-1.0,0.334,market_avg,False
brasileirao,2023,2023-10-19,Cuiaba @ Coritiba,1X2,draw,,2.92,0.2793,0.3425,-8.29,lose,-1.0,0.334,market_avg,False
brasileirao,2023,2023-10-19,Cuiaba @ Coritiba,1X2,cuiaba,,3.19,0.3664,0.3135,7.6,win,2.19,0.334,market_avg,True
brasileirao,2023,2023-10-19,Internacional @ Bahia,1X2,bahia,,2.05,0.5002,0.4878,1.14,win,1.0499999999999998,0.34,market_avg,False
brasileirao,2023,2023-10-19,Internacional @ Bahia,1X2,draw,,3.28,0.2761,0.3049,-4.24,lose,-1.0,0.34,market_avg,False
brasileirao,2023,2023-10-19,Internacional @ Bahia,1X2,internacional,,3.81,0.2237,0.2625,-6.65,lose,-1.0,0.34,market_avg,False
brasileirao,2023,2023-10-19,Sao Paulo @ Goias,1X2,goias,,3.44,0.3243,0.2907,5.21,win,2.44,0.34,market_avg,True
brasileirao,2023,2023-10-19,Sao Paulo @ Goias,1X2,draw,,3.1,0.3088,0.3226,-1.92,lose,-1.0,0.34,market_avg,False
brasileirao,2023,2023-10-19,Sao Paulo @ Goias,1X2,sao paulo,,2.26,0.3668,0.4425,-7.7,lose,-1.0,0.34,market_avg,False
brasileirao,2023,2023-10-19,Fortaleza @ Vasco,1X2,vasco,,2.28,0.3164,0.4386,-12.54,win,1.2799999999999998,0.34,market_avg,False
brasileirao,2023,2023-10-19,Fortaleza @ Vasco,1X2,draw,,3.16,0.2992,0.3165,-2.45,lose,-1.0,0.34,market_avg,False
brasileirao,2023,2023-10-19,Fortaleza @ Vasco,1X2,fortaleza,,3.31,0.3844,0.3021,12.25,lose,-1.0,0.34,market_avg,True
brasileirao,2023,2023-10-19,Flamengo RJ @ Cruzeiro,1X2,cruzeiro,,3.34,0.4091,0.2994,16.48,lose,-1.0,0.334,market_avg,True
brasileirao,2023,2023-10-19,Flamengo RJ @ Cruzeiro,1X2,draw,,3.17,0.3202,0.3155,0.68,lose,-1.0,0.334,market_avg,False
brasileirao,2023,2023-10-19,Flamengo RJ @ Cruzeiro,1X2,flamengo rj,,2.26,0.2707,0.4425,-17.47,win,1.2599999999999998,0.334,market_avg,False
brasileirao,2023,2023-10-19,Atletico-MG @ Palmeiras,1X2,palmeiras,,1.76,0.4774,0.5682,-7.19,lose,-1.0,0.34,market_avg,False
brasileirao,2023,2023-10-19,Atletico-MG @ Palmeiras,1X2,draw,,3.4,0.314,0.2941,3.04,lose,-1.0,0.34,market_avg,False
brasileirao,2023,2023-10-19,Atletico-MG @ Palmeiras,1X2,atletico mg,,5.18,0.2086,0.1931,3.62,win,4.18,0.34,market_avg,False
brasileirao,2023,2023-10-20,Bragantino @ Santos,1X2,santos,,3.05,0.2622,0.3279,-9.01,lose,-1.0,0.34,market_avg,False
brasileirao,2023,2023-10-20,Bragantino @ Santos,1X2,draw,,3.3,0.2812,0.303,-3.25,lose,-1.0,0.34,market_avg,False
brasileirao,2023,2023-10-20,Bragantino @ Santos,1X2,bragantino,,2.35,0.4566,0.4255,3.29,win,1.35,0.34,market_avg,True
brasileirao,2023,2023-10-20,Corinthians @ Fluminense,1X2,fluminense,,1.61,0.4947,0.6211,-9.16,lose,-1.0,0.34,market_avg,False
brasileirao,2023,2023-10-20,Corinthians @ Fluminense,1X2,draw,,3.81,0.272,0.2625,1.64,win,2.81,0.34,market_avg,False
brasileirao,2023,2023-10-20,Corinthians @ Fluminense,1X2,corinthians,,5.78,0.2332,0.173,15.67,lose,-1.0,0.34,market_avg,True
brasileirao,2023,2023-10-21,Fortaleza @ Bahia,1X2,bahia,,2.1,0.3716,0.4762,-9.88,win,1.1,0.34,market_avg,False
brasileirao,2023,2023-10-21,Fortaleza @ Bahia,1X2,draw,,3.34,0.3079,0.2994,1.28,lose,-1.0,0.34,market_avg,False
brasileirao,2023,2023-10-21,Fortaleza @ Bahia,1X2,fortaleza,,3.57,0.3205,0.2801,6.48,lose,-1.0,0.34,market_avg,True
brasileirao,2023,2023-10-21,Goias @ Cuiaba,1X2,cuiaba,,2.0,0.4525,0.5,-4.27,lose,-1.0,0.334,market_avg,False
brasileirao,2023,2023-10-21,Goias @ Cuiaba,1X2,draw,,3.12,0.3297,0.3205,1.3,win,2.12,0.334,market_avg,False
brasileirao,2023,2023-10-21,Goias @ Cuiaba,1X2,goias,,4.23,0.2177,0.2364,-3.55,lose,-1.0,0.334,market_avg,False
brasileirao,2023,2023-10-21,Gremio @ Sao Paulo,1X2,sao paulo,,1.58,0.434,0.6329,-14.14,win,0.5800000000000001,0.34,market_avg,False
brasileirao,2023,2023-10-21,Gremio @ Sao Paulo,1X2,draw,,3.94,0.287,0.2538,5.88,lose,-1.0,0.34,market_avg,True
brasileirao,2023,2023-10-21,Gremio @ Sao Paulo,1X2,gremio,,5.9,0.2791,0.1695,29.09,lose,-1.0,0.34,market_avg,True
brasileirao,2023,2023-10-22,Athletico-PR @ Botafogo RJ,1X2,botafogo rj,,1.9,0.5886,0.5263,5.33,lose,-1.0,0.34,market_avg,True
brasileirao,2023,2023-10-22,Athletico-PR @ Botafogo RJ,1X2,draw,,3.36,0.2605,0.2976,-5.61,win,2.36,0.34,market_avg,False
brasileirao,2023,2023-10-22,Athletico-PR @ Botafogo RJ,1X2,athletico pr,,4.35,0.1509,0.2299,-15.46,lose,-1.0,0.34,market_avg,False
brasileirao,2023,2023-10-22,Cruzeiro @ Atletico-MG,1X2,atletico mg,,1.87,0.4854,0.5348,-4.15,lose,-1.0,0.334,market_avg,False
brasileirao,2023,2023-10-22,Cruzeiro @ Atletico-MG,1X2,draw,,3.18,0.3842,0.3145,9.98,lose,-1.0,0.334,market_avg,True
brasileirao,2023,2023-10-22,Cruzeiro @ Atletico-MG,1X2,cruzeiro,,4.92,0.1304,0.2033,-16.14,win,3.92,0.334,market_avg,False
brasileirao,2023,2023-10-22,Vasco @ Flamengo RJ,1X2,flamengo rj,,1.66,0.611,0.6024,0.64,win,0.6599999999999999,0.34,market_avg,False
brasileirao,2023,2023-10-22,Vasco @ Flamengo RJ,1X2,draw,,3.73,0.2422,0.2681,-4.35,lose,-1.0,0.34,market_avg,False
brasileirao,2023,2023-10-22,Vasco @ Flamengo RJ,1X2,vasco,,5.38,0.1468,0.1859,-9.46,lose,-1.0,0.34,market_avg,False
brasileirao,2023,2023-10-22,Santos @ Internacional,1X2,internacional,,1.55,0.4602,0.6452,-12.9,win,0.55,0.34,market_avg,False
brasileirao,2023,2023-10-22,Santos @ Internacional,1X2,draw,,3.9,0.3077,0.2564,9.0,lose,-1.0,0.34,market_avg,True
brasileirao,2023,2023-10-22,Santos @ Internacional,1X2,santos,,6.51,0.2321,0.1536,22.99,lose,-1.0,0.34,market_avg,False
brasileirao,2023,2023-10-22,Fluminense @ Bragantino,1X2,bragantino,,1.74,0.5607,0.5747,-1.1,win,0.74,0.34,market_avg,False
brasileirao,2023,2023-10-22,Fluminense @ Bragantino,1X2,draw,,3.77,0.2678,0.2653,0.43,lose,-1.0,0.34,market_avg,False
brasileirao,2023,2023-10-22,Fluminense @ Bragantino,1X2,fluminense,,4.58,0.1715,0.2183,-9.66,lose,-1.0,0.34,market_avg,False
brasileirao,2023,2023-10-22,America MG @ Corinthians,1X2,corinthians,,2.02,0.6349,0.495,12.71,lose,-1.0,0.34,market_avg,True
brasileirao,2023,2023-10-22,America MG @ Corinthians,1X2,draw,,3.3,0.2163,0.303,-12.88,win,2.3,0.34,market_avg,False
brasileirao,2023,2023-10-22,America MG @ Corinthians,1X2,america mg,,3.86,0.1488,0.2591,-19.15,lose,-1.0,0.34,market_avg,False
brasileirao,2023,2023-10-22,Palmeiras @ Coritiba,1X2,coritiba,,4.63,0.181,0.216,-7.29,lose,-1.0,0.34,market_avg,False
brasileirao,2023,2023-10-22,Palmeiras @ Coritiba,1X2,draw,,3.47,0.2501,0.2882,-5.95,lose,-1.0,0.34,market_avg,False
brasileirao,2023,2023-10-22,Palmeiras @ Coritiba,1X2,palmeiras,,1.81,0.5689,0.5525,1.34,win,0.81,0.34,market_avg,False
brasileirao,2023,2023-10-25,America MG @ Athletico-PR,1X2,athletico pr,,1.55,0.7321,0.6452,6.06,win,0.55,0.34,market_avg,False
brasileirao,2023,2023-10-25,America MG @ Athletico-PR,1X2,draw,,4.19,0.1822,0.2387,-10.64,lose,-1.0,0.34,market_avg,False
brasileirao,2023,2023-10-25,America MG @ Athletico-PR,1X2,america mg,,5.81,0.0857,0.1721,-22.59,lose,-1.0,0.34,market_avg,False
brasileirao,2023,2023-10-25,Atletico-MG @ Bragantino,1X2,bragantino,,1.89,0.4214,0.5291,-9.16,lose,-1.0,0.34,market_avg,False
brasileirao,2023,2023-10-25,Atletico-MG @ Bragantino,1X2,draw,,3.36,0.4019,0.2976,15.77,lose,-1.0,0.34,market_avg,True
brasileirao,2023,2023-10-25,Atletico-MG @ Bragantino,1X2,atletico mg,,4.4,0.1767,0.2273,-10.01,win,3.4000000000000004,0.34,market_avg,False
brasileirao,2023,2023-10-25,Goias @ Fluminense,1X2,fluminense,,1.59,0.5179,0.6289,-7.95,win,0.5900000000000001,0.34,market_avg,False
brasileirao,2023,2023-10-25,Goias @ Fluminense,1X2,draw,,4.03,0.2906,0.2481,7.69,lose,-1.0,0.34,market_avg,True
brasileirao,2023,2023-10-25,Goias @ Fluminense,1X2,goias,,5.59,0.1916,0.1789,3.19,lose,-1.0,0.34,market_avg,False
brasileirao,2023,2023-10-26,Bahia @ Cruzeiro,1X2,cruzeiro,,1.95,0.4386,0.5128,-6.51,win,0.95,0.334,market_avg,False
brasileirao,2023,2023-10-26,Bahia @ Cruzeiro,1X2,draw,,3.28,0.3445,0.3049,5.85,lose,-1.0,0.334,market_avg,True
brasileirao,2023,2023-10-26,Bahia @ Cruzeiro,1X2,bahia,,4.25,0.2169,0.2353,-3.53,lose,-1.0,0.334,market_avg,False
brasileirao,2023,2023-10-26,Sao Paulo @ Palmeiras,1X2,palmeiras,,2.02,0.5343,0.495,3.57,win,1.02,0.34,market_avg,True
brasileirao,2023,2023-10-26,Sao Paulo @ Palmeiras,1X2,draw,,3.19,0.3027,0.3135,-1.55,lose,-1.0,0.34,market_avg,False
brasileirao,2023,2023-10-26,Sao Paulo @ Palmeiras,1X2,sao paulo,,4.04,0.163,0.2475,-15.37,lose,-1.0,0.34,market_avg,False
brasileirao,2023,2023-10-26,Corinthians @ Cuiaba,1X2,cuiaba,,2.18,0.4446,0.4587,-1.38,lose,-1.0,0.34,market_avg,False
brasileirao,2023,2023-10-26,Corinthians @ Cuiaba,1X2,draw,,3.04,0.3188,0.3289,-1.39,lose,-1.0,0.34,market_avg,False
brasileirao,2023,2023-10-26,Corinthians @ Cuiaba,1X2,corinthians,,3.73,0.2366,0.2681,-5.29,win,2.73,0.34,market_avg,False
brasileirao,2023,2023-10-26,Flamengo RJ @ Gremio,1X2,gremio,,3.84,0.4571,0.2604,33.99,win,2.84,0.34,market_avg,False
brasileirao,2023,2023-10-26,Flamengo RJ @ Gremio,1X2,draw,,3.31,0.2622,0.3021,-5.95,lose,-1.0,0.34,market_avg,False
brasileirao,2023,2023-10-26,Flamengo RJ @ Gremio,1X2,flamengo rj,,2.04,0.2807,0.4902,-19.23,lose,-1.0,0.34,market_avg,False
brasileirao,2023,2023-10-26,Internacional @ Vasco,1X2,vasco,,2.18,0.3745,0.4587,-8.26,lose,-1.0,0.34,market_avg,False
brasileirao,2023,2023-10-26,Internacional @ Vasco,1X2,draw,,3.17,0.3338,0.3155,2.62,lose,-1.0,0.34,market_avg,False
brasileirao,2023,2023-10-26,Internacional @ Vasco,1X2,internacional,,3.54,0.2917,0.2825,1.47,win,2.54,0.34,market_avg,False
brasileirao,2023,2023-10-27,Coritiba @ Santos,1X2,santos,,1.67,0.5149,0.5988,-6.31,win,0.6699999999999999,0.34,market_avg,False
brasileirao,2023,2023-10-27,Coritiba @ Santos,1X2,draw,,3.96,0.2389,0.2525,-2.43,lose,-1.0,0.34,market_avg,False
brasileirao,2023,2023-10-27,Coritiba @ Santos,1X2,coritiba,,4.95,0.2462,0.202,9.85,lose,-1.0,0.34,market_avg,True
brasileirao,2023,2023-10-28,Gremio @ America MG,1X2,america mg,,2.26,0.2927,0.4425,-15.24,lose,-1.0,0.334,market_avg,False
brasileirao,2023,2023-10-28,Gremio @ America MG,1X2,draw,,3.46,0.257,0.289,-4.99,lose,-1.0,0.334,market_avg,False
brasileirao,2023,2023-10-28,Gremio @ America MG,1X2,gremio,,3.06,0.4504,0.3268,17.02,win,2.06,0.334,market_avg,True
brasileirao,2023,2023-10-28,Bahia @ Palmeiras,1X2,palmeiras,,1.35,0.6829,0.7407,-3.51,win,0.3500000000000001,0.34,market_avg,False
brasileirao,2023,2023-10-28,Bahia @ Palmeiras,1X2,draw,,4.83,0.2282,0.207,4.6,lose,-1.0,0.34,market_avg,True
brasileirao,2023,2023-10-28,Bahia @ Palmeiras,1X2,bahia,,9.21,0.0889,0.1086,-8.16,lose,-1.0,0.34,market_avg,False
brasileirao,2023,2023-10-29,Fluminense @ Atletico-MG,1X2,atletico mg,,1.73,0.5154,0.578,-4.88,win,0.73,0.34,market_avg,False
brasileirao,2023,2023-10-29,Fluminense @ Atletico-MG,1X2,draw,,3.53,0.3052,0.2833,3.49,lose,-1.0,0.34,market_avg,True
brasileirao,2023,2023-10-29,Fluminense @ Atletico-MG,1X2,fluminense,,5.11,0.1794,0.1957,-3.75,lose,-1.0,0.34,market_avg,False
brasileirao,2023,2023-10-29,Sao Paulo @ Athletico-PR,1X2,athletico pr,,2.04,0.5226,0.4902,2.98,lose,-1.0,0.34,market_avg,False
brasileirao,2023,2023-10-29,Sao Paulo @ Athletico-PR,1X2,draw,,3.27,0.2776,0.3058,-4.15,win,2.27,0.34,market_avg,False
brasileirao,2023,2023-10-29,Sao Paulo @ Athletico-PR,1X2,sao paulo,,3.82,0.1998,0.2618,-10.66,lose,-1.0,0.34,market_avg,False
brasileirao,2023,2023-10-29,Vasco @ Goias,1X2,goias,,2.44,0.5308,0.4098,13.29,lose,-1.0,0.34,market_avg,True
brasileirao,2023,2023-10-29,Vasco @ Goias,1X2,draw,,3.05,0.2852,0.3279,-5.86,win,2.05,0.34,market_avg,False
brasileirao,2023,2023-10-29,Vasco @ Goias,1X2,vasco,,3.13,0.184,0.3195,-19.08,lose,-1.0,0.34,market_avg,False
brasileirao,2023,2023-10-29,Santos @ Corinthians,1X2,corinthians,,2.12,0.6011,0.4717,12.35,lose,-1.0,0.34,market_avg,True
brasileirao,2023,2023-10-29,Santos @ Corinthians,1X2,draw,,3.22,0.253,0.3106,-8.35,win,2.22,0.34,market_avg,False
brasileirao,2023,2023-10-29,Santos @ Corinthians,1X2,santos,,3.62,0.1459,0.2762,-21.23,lose,-1.0,0.34,market_avg,False
brasileirao,2023,2023-10-29,Coritiba @ Internacional,1X2,internacional,,1.39,0.6471,0.7194,-4.52,lose,-1.0,0.34,market_avg,False
brasileirao,2023,2023-10-29,Coritiba @ Internacional,1X2,draw,,4.66,0.2392,0.2146,5.16,lose,-1.0,0.34,market_avg,True
brasileirao,2023,2023-10-29,Coritiba @ Internacional,1X2,coritiba,,7.98,0.1137,0.1253,-4.18,win,6.98,0.34,market_avg,False
brasileirao,2023,2023-10-29,Cuiaba @ Botafogo RJ,1X2,botafogo rj,,1.65,0.6811,0.6061,5.57,lose,-1.0,0.334,market_avg,False
brasileirao,2023,2023-10-29,Cuiaba @ Botafogo RJ,1X2,draw,,3.59,0.2411,0.2786,-6.05,lose,-1.0,0.334,market_avg,False
brasileirao,2023,2023-10-29,Cuiaba @ Botafogo RJ,1X2,cuiaba,,5.78,0.0778,0.173,-24.76,win,4.78,0.334,market_avg,False
brasileirao,2023,2023-10-31,Fluminense @ Bahia,1X2,bahia,,1.46,0.4153,0.6849,-17.71,win,0.45999999999999996,0.34,market_avg,False
brasileirao,2023,2023-10-31,Fluminense @ Bahia,1X2,draw,,4.42,0.2998,0.2262,14.63,lose,-1.0,0.34,market_avg,True
brasileirao,2023,2023-10-31,Fluminense @ Bahia,1X2,fluminense,,6.78,0.2849,0.1475,41.92,lose,-1.0,0.34,market_avg,False
brasileirao,2023,2023-11-01,Athletico-PR @ Corinthians,1X2,corinthians,,2.66,0.3727,0.3759,-0.39,win,1.6600000000000001,0.34,market_avg,False
brasileirao,2023,2023-11-01,Athletico-PR @ Corinthians,1X2,draw,,2.98,0.3233,0.3356,-1.64,lose,-1.0,0.34,market_avg,False
brasileirao,2023,2023-11-01,Athletico-PR @ Corinthians,1X2,athletico pr,,2.89,0.304,0.346,-5.46,lose,-1.0,0.34,market_avg,False
brasileirao,2023,2023-11-01,America MG @ Internacional,1X2,internacional,,1.56,0.5958,0.641,-3.17,lose,-1.0,0.34,market_avg,False
brasileirao,2023,2023-11-01,America MG @ Internacional,1X2,draw,,4.23,0.2363,0.2364,-0.02,win,3.2300000000000004,0.34,market_avg,False
brasileirao,2023,2023-11-01,America MG @ Internacional,1X2,america mg,,5.46,0.1678,0.1832,-3.77,lose,-1.0,0.34,market_avg,False
brasileirao,2023,2023-11-01,Gremio @ Coritiba,1X2,coritiba,,3.09,0.2578,0.3236,-9.15,lose,-1.0,0.334,market_avg,False
brasileirao,2023,2023-11-01,Gremio @ Coritiba,1X2,draw,,3.57,0.2362,0.2801,-7.05,lose,-1.0,0.334,market_avg,False
brasileirao,2023,2023-11-01,Gremio @ Coritiba,1X2,gremio,,2.2,0.506,0.4545,5.09,win,1.2000000000000002,0.334,market_avg,True
brasileirao,2023,2023-11-01,Santos @ Flamengo RJ,1X2,flamengo rj,,1.46,0.7373,0.6849,3.44,lose,-1.0,0.34,market_avg,False
brasileirao,2023,2023-11-01,Santos @ Flamengo RJ,1X2,draw,,4.3,0.1774,0.2326,-10.68,lose,-1.0,0.34,market_avg,False
brasileirao,2023,2023-11-01,Santos @ Flamengo RJ,1X2,santos,,6.97,0.0853,0.1435,-18.25,win,5.97,0.34,market_avg,False
brasileirao,2023,2023-11-02,Fortaleza @ Atletico-MG,1X2,atletico mg,,1.72,0.4862,0.5814,-7.37,win,0.72,0.34,market_avg,False
brasileirao,2023,2023-11-02,Fortaleza @ Atletico-MG,1X2,draw,,3.56,0.319,0.2809,6.1,lose,-1.0,0.34,market_avg,True
brasileirao,2023,2023-11-02,Fortaleza @ Atletico-MG,1X2,fortaleza,,5.13,0.1948,0.1949,-0.02,lose,-1.0,0.34,market_avg,False
brasileirao,2023,2023-11-02,Palmeiras @ Botafogo RJ,1X2,botafogo rj,,2.97,0.5011,0.3367,21.97,lose,-1.0,0.34,market_avg,False
brasileirao,2023,2023-11-02,Palmeiras @ Botafogo RJ,1X2,draw,,3.12,0.3229,0.3205,0.34,lose,-1.0,0.34,market_avg,False
brasileirao,2023,2023-11-02,Palmeiras @ Botafogo RJ,1X2,palmeiras,,2.49,0.176,0.4016,-25.28,win,1.4900000000000002,0.34,market_avg,False
brasileirao,2023,2023-11-02,Vasco @ Cuiaba,1X2,cuiaba,,2.59,0.5023,0.3861,13.55,lose,-1.0,0.334,market_avg,True
brasileirao,2023,2023-11-02,Vasco @ Cuiaba,1X2,draw,,2.98,0.3175,0.3356,-2.42,lose,-1.0,0.334,market_avg,False
brasileirao,2023,2023-11-02,Vasco @ Cuiaba,1X2,vasco,,2.98,0.1802,0.3356,-20.84,win,1.98,0.334,market_avg,False
brasileirao,2023,2023-11-02,Bragantino @ Goias,1X2,goias,,3.17,0.2656,0.3155,-7.11,lose,-1.0,0.34,market_avg,False
brasileirao,2023,2023-11-02,Bragantino @ Goias,1X2,draw,,3.32,0.2929,0.3012,-1.24,lose,-1.0,0.34,market_avg,False
brasileirao,2023,2023-11-02,Bragantino @ Goias,1X2,bragantino,,2.27,0.4415,0.4405,0.1,win,1.27,0.34,market_avg,False
brasileirao,2023,2023-11-02,Cruzeiro @ Sao Paulo,1X2,sao paulo,,1.89,0.3215,0.5291,-17.66,win,0.8899999999999999,0.334,market_avg,False
brasileirao,2023,2023-11-02,Cruzeiro @ Sao Paulo,1X2,draw,,3.24,0.3653,0.3086,8.27,lose,-1.0,0.334,market_avg,True
brasileirao,2023,2023-11-02,Cruzeiro @ Sao Paulo,1X2,cruzeiro,,4.56,0.3132,0.2193,19.27,lose,-1.0,0.334,market_avg,True
brasileirao,2023,2023-11-04,Atletico-MG @ America MG,1X2,america mg,,4.36,0.1756,0.2294,-10.55,lose,-1.0,0.34,market_avg,False
brasileirao,2023,2023-11-04,Atletico-MG @ America MG,1X2,draw,,3.64,0.2998,0.2747,4.11,win,2.64,0.34,market_avg,True
brasileirao,2023,2023-11-04,Atletico-MG @ America MG,1X2,atletico mg,,1.8,0.5246,0.5556,-2.51,lose,-1.0,0.34,market_avg,False
brasileirao,2023,2023-11-04,Bahia @ Gremio,1X2,gremio,,1.72,0.5254,0.5814,-4.33,win,0.72,0.34,market_avg,False
brasileirao,2023,2023-11-04,Bahia @ Gremio,1X2,draw,,3.77,0.2512,0.2653,-2.38,lose,-1.0,0.34,market_avg,False
brasileirao,2023,2023-11-04,Bahia @ Gremio,1X2,bahia,,4.69,0.2234,0.2132,2.15,lose,-1.0,0.34,market_avg,False
brasileirao,2023,2023-11-05,Athletico-PR @ Palmeiras,1X2,palmeiras,,1.67,0.5845,0.5988,-1.08,win,0.6699999999999999,0.34,market_avg,False
brasileirao,2023,2023-11-05,Athletico-PR @ Palmeiras,1X2,draw,,3.76,0.2573,0.266,-1.47,lose,-1.0,0.34,market_avg,False
brasileirao,2023,2023-11-05,Athletico-PR @ Palmeiras,1X2,athletico pr,,5.21,0.1582,0.1919,-7.9,lose,-1.0,0.34,market_avg,False
brasileirao,2023,2023-11-05,Corinthians @ Bragantino,1X2,bragantino,,1.59,0.5734,0.6289,-3.97,win,0.5900000000000001,0.34,market_avg,False
brasileirao,2023,2023-11-05,Corinthians @ Bragantino,1X2,draw,,4.03,0.2811,0.2481,5.98,lose,-1.0,0.34,market_avg,True
brasileirao,2023,2023-11-05,Corinthians @ Bragantino,1X2,corinthians,,5.56,0.1455,0.1799,-8.6,lose,-1.0,0.34,market_avg,False
brasileirao,2023,2023-11-05,Internacional @ Cruzeiro,1X2,cruzeiro,,2.13,0.4596,0.4695,-0.95,lose,-1.0,0.334,market_avg,False
brasileirao,2023,2023-11-05,Internacional @ Cruzeiro,1X2,draw,,3.15,0.3538,0.3175,5.16,lose,-1.0,0.334,market_avg,True
brasileirao,2023,2023-11-05,Internacional @ Cruzeiro,1X2,internacional,,3.69,0.1866,0.271,-14.02,win,2.69,0.334,market_avg,False
brasileirao,2023,2023-11-05,Flamengo RJ @ Fortaleza,1X2,fortaleza,,2.49,0.3815,0.4016,-2.25,lose,-1.0,0.34,market_avg,False
brasileirao,2023,2023-11-05,Flamengo RJ @ Fortaleza,1X2,draw,,3.13,0.298,0.3195,-3.03,lose,-1.0,0.34,market_avg,False
brasileirao,2023,2023-11-05,Flamengo RJ @ Fortaleza,1X2,flamengo rj,,2.94,0.3205,0.3401,-2.6,win,1.94,0.34,market_avg,False
brasileirao,2023,2023-11-05,Goias @ Coritiba,1X2,coritiba,,2.6,0.4259,0.3846,4.83,lose,-1.0,0.34,market_avg,True
brasileirao,2023,2023-11-05,Goias @ Coritiba,1X2,draw,,3.26,0.2815,0.3067,-3.71,lose,-1.0,0.34,market_avg,False
brasileirao,2023,2023-11-05,Goias @ Coritiba,1X2,goias,,2.71,0.2926,0.369,-9.32,win,1.71,0.34,market_avg,False
brasileirao,2023,2023-11-06,Botafogo RJ @ Vasco,1X2,vasco,,2.32,0.2113,0.431,-22.94,win,1.3199999999999998,0.34,market_avg,False
brasileirao,2023,2023-11-06,Botafogo RJ @ Vasco,1X2,draw,,3.25,0.288,0.3077,-2.89,lose,-1.0,0.34,market_avg,False
brasileirao,2023,2023-11-06,Botafogo RJ @ Vasco,1X2,botafogo rj,,3.14,0.5007,0.3185,25.75,lose,-1.0,0.34,market_avg,False
brasileirao,2023,2023-11-07,Cuiaba @ Santos,1X2,santos,,1.79,0.3665,0.5587,-15.48,lose,-1.0,0.34,market_avg,False
brasileirao,2023,2023-11-07,Cuiaba @ Santos,1X2,draw,,3.37,0.2909,0.2967,-0.88,win,2.37,0.34,market_avg,False
brasileirao,2023,2023-11-07,Cuiaba @ Santos,1X2,cuiaba,,4.93,0.3426,0.2028,31.01,lose,-1.0,0.34,market_avg,True
brasileirao,2023,2023-11-08,Coritiba @ America MG,1X2,america mg,,1.72,0.5553,0.5814,-2.02,lose,-1.0,0.334,market_avg,False
brasileirao,2023,2023-11-08,Coritiba @ America MG,1X2,draw,,3.91,0.2293,0.2558,-4.65,lose,-1.0,0.334,market_avg,False
brasileirao,2023,2023-11-08,Coritiba @ America MG,1X2,coritiba,,4.53,0.2154,0.2208,-1.09,win,3.5300000000000002,0.334,market_avg,False
brasileirao,2023,2023-11-08,Fluminense @ Internacional,1X2,internacional,,1.86,0.3648,0.5376,-14.47,lose,-1.0,0.34,market_avg,False
brasileirao,2023,2023-11-08,Fluminense @ Internacional,1X2,draw,,3.5,0.2959,0.2857,1.61,win,2.5,0.34,market_avg,False
brasileirao,2023,2023-11-08,Fluminense @ Internacional,1X2,fluminense,,4.29,0.3393,0.2331,20.51,lose,-1.0,0.34,market_avg,True
brasileirao,2023,2023-11-08,Fortaleza @ Athletico-PR,1X2,athletico pr,,1.98,0.4902,0.5051,-1.32,lose,-1.0,0.34,market_avg,False
brasileirao,2023,2023-11-08,Fortaleza @ Athletico-PR,1X2,draw,,3.38,0.3181,0.2959,3.38,win,2.38,0.34,market_avg,True
brasileirao,2023,2023-11-08,Fortaleza @ Athletico-PR,1X2,fortaleza,,3.91,0.1917,0.2558,-11.27,lose,-1.0,0.34,market_avg,False
brasileirao,2023,2023-11-08,Bragantino @ Sao Paulo,1X2,sao paulo,,3.07,0.3707,0.3257,6.21,win,2.07,0.34,market_avg,True
brasileirao,2023,2023-11-08,Bragantino @ Sao Paulo,1X2,draw,,3.25,0.3437,0.3077,5.27,lose,-1.0,0.34,market_avg,True
brasileirao,2023,2023-11-08,Bragantino @ Sao Paulo,1X2,bragantino,,2.36,0.2856,0.4237,-14.67,lose,-1.0,0.34,market_avg,False
brasileirao,2023,2023-11-09,Palmeiras @ Flamengo RJ,1X2,flamengo rj,,2.4,0.3686,0.4167,-5.19,win,1.4,0.34,market_avg,False
brasileirao,2023,2023-11-09,Palmeiras @ Flamengo RJ,1X2,draw,,3.2,0.2956,0.3125,-2.43,lose,-1.0,0.34,market_avg,False
brasileirao,2023,2023-11-09,Palmeiras @ Flamengo RJ,1X2,palmeiras,,3.06,0.3358,0.3268,1.24,lose,-1.0,0.34,market_avg,False
brasileirao,2023,2023-11-09,Atletico-MG @ Corinthians,1X2,corinthians,,2.81,0.3358,0.3559,-2.54,lose,-1.0,0.34,market_avg,False
brasileirao,2023,2023-11-09,Atletico-MG @ Corinthians,1X2,draw,,2.87,0.3456,0.3484,-0.37,win,1.87,0.34,market_avg,False
brasileirao,2023,2023-11-09,Atletico-MG @ Corinthians,1X2,atletico mg,,2.84,0.3186,0.3521,-4.28,lose,-1.0,0.34,market_avg,False
brasileirao,2023,2023-11-09,Santos @ Goias,1X2,goias,,2.15,0.4748,0.4651,0.94,lose,-1.0,0.34,market_avg,False
brasileirao,2023,2023-11-09,Santos @ Goias,1X2,draw,,3.27,0.2779,0.3058,-4.11,lose,-1.0,0.34,market_avg,False
brasileirao,2023,2023-11-09,Santos @ Goias,1X2,santos,,3.52,0.2474,0.2841,-5.81,win,2.52,0.34,market_avg,False
brasileirao,2023,2023-11-09,Cuiaba @ Bahia,1X2,bahia,,1.85,0.4903,0.5405,-4.18,lose,-1.0,0.334,market_avg,False
brasileirao,2023,2023-11-09,Cuiaba @ Bahia,1X2,draw,,3.36,0.3173,0.2976,2.98,lose,-1.0,0.334,market_avg,False
brasileirao,2023,2023-11-09,Cuiaba @ Bahia,1X2,cuiaba,,4.59,0.1924,0.2179,-5.26,win,3.59,0.334,market_avg,False
brasileirao,2023,2023-11-09,Gremio @ Botafogo RJ,1X2,botafogo rj,,1.92,0.5533,0.5208,2.8,lose,-1.0,0.34,market_avg,False
brasileirao,2023,2023-11-09,Gremio @ Botafogo RJ,1X2,draw,,3.62,0.2531,0.2762,-3.77,lose,-1.0,0.34,market_avg,False
brasileirao,2023,2023-11-09,Gremio @ Botafogo RJ,1X2,gremio,,3.86,0.1937,0.2591,-11.36,win,2.86,0.34,market_avg,False
brasileirao,2023,2023-11-11,Cruzeiro @ Coritiba,1X2,coritiba,,3.43,0.2057,0.2915,-13.26,win,2.43,0.334,market_avg,False
brasileirao,2023,2023-11-11,Cruzeiro @ Coritiba,1X2,draw,,3.28,0.3092,0.3049,0.63,lose,-1.0,0.334,market_avg,False
brasileirao,2023,2023-11-11,Cruzeiro @ Coritiba,1X2,cruzeiro,,2.17,0.4852,0.4608,2.38,lose,-1.0,0.334,market_avg,False
brasileirao,2023,2023-11-11,Fluminense @ Flamengo RJ,1X2,flamengo rj,,1.96,0.4999,0.5102,-0.91,lose,-1.0,0.34,market_avg,False
brasileirao,2023,2023-11-11,Fluminense @ Flamengo RJ,1X2,draw,,3.47,0.2766,0.2882,-1.8,win,2.47,0.34,market_avg,False
brasileirao,2023,2023-11-11,Fluminense @ Flamengo RJ,1X2,fluminense,,3.86,0.2234,0.2591,-6.19,lose,-1.0,0.34,market_avg,False
brasileirao,2023,2023-11-12,Internacional @ Palmeiras,1X2,palmeiras,,1.61,0.5765,0.6211,-3.23,win,0.6100000000000001,0.34,market_avg,False
brasileirao,2023,2023-11-12,Internacional @ Palmeiras,1X2,draw,,3.91,0.2759,0.2558,3.54,lose,-1.0,0.34,market_avg,True
brasileirao,2023,2023-11-12,Internacional @ Palmeiras,1X2,internacional,,5.53,0.1475,0.1808,-8.29,lose,-1.0,0.34,market_avg,False
brasileirao,2023,2023-11-12,Botafogo RJ @ Bragantino,1X2,bragantino,,1.7,0.417,0.5882,-13.1,lose,-1.0,0.34,market_avg,False
brasileirao,2023,2023-11-12,Botafogo RJ @ Bragantino,1X2,draw,,3.78,0.3506,0.2646,14.64,win,2.78,0.34,market_avg,True
brasileirao,2023,2023-11-12,Botafogo RJ @ Bragantino,1X2,botafogo rj,,4.82,0.2324,0.2075,5.41,lose,-1.0,0.34,market_avg,True
brasileirao,2023,2023-11-12,Corinthians @ Gremio,1X2,gremio,,1.66,0.5604,0.6024,-3.14,lose,-1.0,0.34,market_avg,False
brasileirao,2023,2023-11-12,Corinthians @ Gremio,1X2,draw,,3.72,0.2512,0.2688,-2.95,lose,-1.0,0.34,market_avg,False
brasileirao,2023,2023-11-12,Corinthians @ Gremio,1X2,corinthians,,5.32,0.1884,0.188,0.11,win,4.32,0.34,market_avg,False
brasileirao,2023,2023-11-12,Goias @ Atletico-MG,1X2,atletico mg,,1.56,0.6549,0.641,0.98,win,0.56,0.34,market_avg,False
brasileirao,2023,2023-11-12,Goias @ Atletico-MG,1X2,draw,,3.83,0.2639,0.2611,0.48,lose,-1.0,0.34,market_avg,False
brasileirao,2023,2023-11-12,Goias @ Atletico-MG,1X2,goias,,6.38,0.0812,0.1567,-21.7,lose,-1.0,0.34,market_avg,False
brasileirao,2023,2023-11-12,Athletico-PR @ Bahia,1X2,bahia,,2.31,0.3494,0.4329,-8.68,lose,-1.0,0.34,market_avg,False
brasileirao,2023,2023-11-12,Athletico-PR @ Bahia,1X2,draw,,3.23,0.2994,0.3096,-1.48,win,2.23,0.34,market_avg,False
brasileirao,2023,2023-11-12,Athletico-PR @ Bahia,1X2,athletico pr,,3.18,0.3511,0.3145,5.25,lose,-1.0,0.34,market_avg,True
brasileirao,2023,2023-11-12,Fortaleza @ Cuiaba,1X2,cuiaba,,2.75,0.3635,0.3636,-0.02,win,1.75,0.34,market_avg,False
brasileirao,2023,2023-11-12,Fortaleza @ Cuiaba,1X2,draw,,2.84,0.3727,0.3521,2.63,lose,-1.0,0.34,market_avg,False
brasileirao,2023,2023-11-12,Fortaleza @ Cuiaba,1X2,fortaleza,,2.93,0.2639,0.3413,-10.21,lose,-1.0,0.34,market_avg,False
brasileirao,2023,2023-11-12,Sao Paulo @ Santos,1X2,santos,,2.64,0.2575,0.3788,-14.41,lose,-1.0,0.34,market_avg,False
brasileirao,2023,2023-11-12,Sao Paulo @ Santos,1X2,draw,,3.0,0.3001,0.3333,-4.49,win,2.0,0.34,market_avg,False
brasileirao,2023,2023-11-12,Sao Paulo @ Santos,1X2,sao paulo,,2.88,0.4424,0.3472,12.34,lose,-1.0,0.34,market_avg,True
brasileirao,2023,2023-11-12,America MG @ Vasco,1X2,vasco,,1.47,0.56,0.6803,-7.96,win,0.47,0.334,market_avg,False
brasileirao,2023,2023-11-12,America MG @ Vasco,1X2,draw,,4.31,0.2363,0.232,0.82,lose,-1.0,0.334,market_avg,False
brasileirao,2023,2023-11-12,America MG @ Vasco,1X2,america mg,,6.9,0.2038,0.1449,18.27,lose,-1.0,0.334,market_avg,False
brasileirao,2023,2023-11-18,Cruzeiro @ Fortaleza,1X2,fortaleza,,1.97,0.3833,0.5076,-11.02,lose,-1.0,0.334,market_avg,False
brasileirao,2023,2023-11-18,Cruzeiro @ Fortaleza,1X2,draw,,3.17,0.3465,0.3155,4.42,lose,-1.0,0.334,market_avg,True
brasileirao,2023,2023-11-18,Cruzeiro @ Fortaleza,1X2,cruzeiro,,4.31,0.2703,0.232,7.42,win,3.3099999999999996,0.334,market_avg,True
brasileirao,2023,2023-11-22,Vasco @ Cruzeiro,1X2,cruzeiro,,2.13,0.4672,0.4695,-0.22,lose,-1.0,0.334,market_avg,False
brasileirao,2023,2023-11-22,Vasco @ Cruzeiro,1X2,draw,,3.04,0.3258,0.3289,-0.43,win,2.04,0.334,market_avg,False
brasileirao,2023,2023-11-22,Vasco @ Cruzeiro,1X2,vasco,,3.86,0.207,0.2591,-9.04,lose,-1.0,0.334,market_avg,False
brasileirao,2023,2023-11-23,Sao Paulo @ Fluminense,1X2,fluminense,,2.19,0.4287,0.4566,-2.76,win,1.19,0.34,market_avg,False
brasileirao,2023,2023-11-23,Sao Paulo @ Fluminense,1X2,draw,,3.14,0.2934,0.3185,-3.54,lose,-1.0,0.34,market_avg,False
brasileirao,2023,2023-11-23,Sao Paulo @ Fluminense,1X2,sao paulo,,3.54,0.2779,0.2825,-0.73,lose,-1.0,0.34,market_avg,False
brasileirao,2023,2023-11-23,Botafogo RJ @ Fortaleza,1X2,fortaleza,,2.15,0.2844,0.4651,-17.48,lose,-1.0,0.34,market_avg,False
brasileirao,2023,2023-11-23,Botafogo RJ @ Fortaleza,1X2,draw,,3.36,0.3002,0.2976,0.39,win,2.36,0.34,market_avg,False
brasileirao,2023,2023-11-23,Botafogo RJ @ Fortaleza,1X2,botafogo rj,,3.43,0.4154,0.2915,19.12,lose,-1.0,0.34,market_avg,True
brasileirao,2023,2023-11-24,Bragantino @ Flamengo RJ,1X2,flamengo rj,,2.1,0.3981,0.4762,-7.38,win,1.1,0.34,market_avg,False
brasileirao,2023,2023-11-24,Bragantino @ Flamengo RJ,1X2,draw,,3.42,0.2938,0.2924,0.21,lose,-1.0,0.34,market_avg,False
brasileirao,2023,2023-11-24,Bragantino @ Flamengo RJ,1X2,bragantino,,3.48,0.3081,0.2874,3.25,lose,-1.0,0.34,market_avg,True
brasileirao,2023,2023-11-25,Bahia @ Corinthians,1X2,corinthians,,2.07,0.4904,0.4831,0.68,lose,-1.0,0.34,market_avg,False
brasileirao,2023,2023-11-25,Bahia @ Corinthians,1X2,draw,,3.16,0.2776,0.3165,-5.52,lose,-1.0,0.34,market_avg,False
brasileirao,2023,2023-11-25,Bahia @ Corinthians,1X2,bahia,,3.9,0.232,0.2564,-4.28,win,2.9,0.34,market_avg,False
brasileirao,2023,2023-11-25,Vasco @ Athletico-PR,1X2,athletico pr,,1.95,0.5804,0.5128,5.93,lose,-1.0,0.34,market_avg,True
brasileirao,2023,2023-11-25,Vasco @ Athletico-PR,1X2,draw,,3.37,0.2542,0.2967,-6.45,win,2.37,0.34,market_avg,False
brasileirao,2023,2023-11-25,Vasco @ Athletico-PR,1X2,vasco,,4.04,0.1654,0.2475,-14.93,lose,-1.0,0.34,market_avg,False
brasileirao,2023,2023-11-26,Coritiba @ Fluminense,1X2,fluminense,,1.33,0.6084,0.7519,-8.59,win,0.33000000000000007,0.34,market_avg,False
brasileirao,2023,2023-11-26,Coritiba @ Fluminense,1X2,draw,,5.11,0.219,0.1957,5.36,lose,-1.0,0.34,market_avg,True
brasileirao,2023,2023-11-26,Coritiba @ Fluminense,1X2,coritiba,,9.36,0.1726,0.1068,27.7,lose,-1.0,0.34,market_avg,False
brasileirao,2023,2023-11-26,Gremio @ Atletico-MG,1X2,atletico mg,,1.74,0.5394,0.5747,-2.76,win,0.74,0.34,market_avg,False
brasileirao,2023,2023-11-26,Gremio @ Atletico-MG,1X2,draw,,3.66,0.2554,0.2732,-2.93,lose,-1.0,0.34,market_avg,False
brasileirao,2023,2023-11-26,Gremio @ Atletico-MG,1X2,gremio,,4.8,0.2051,0.2083,-0.69,lose,-1.0,0.34,market_avg,False
brasileirao,2023,2023-11-26,Santos @ Botafogo RJ,1X2,botafogo rj,,1.83,0.6832,0.5464,11.27,lose,-1.0,0.34,market_avg,True
brasileirao,2023,2023-11-26,Santos @ Botafogo RJ,1X2,draw,,3.46,0.2004,0.289,-13.8,win,2.46,0.34,market_avg,False
brasileirao,2023,2023-11-26,Santos @ Botafogo RJ,1X2,santos,,4.57,0.1164,0.2188,-21.06,lose,-1.0,0.34,market_avg,False
brasileirao,2023,2023-11-26,Flamengo RJ @ America MG,1X2,america mg,,7.61,0.2471,0.1314,39.62,lose,-1.0,0.34,market_avg,False
brasileirao,2023,2023-11-26,Flamengo RJ @ America MG,1X2,draw,,4.83,0.2432,0.207,7.86,lose,-1.0,0.34,market_avg,True
brasileirao,2023,2023-11-26,Flamengo RJ @ America MG,1X2,flamengo rj,,1.4,0.5097,0.7143,-12.89,win,0.3999999999999999,0.34,market_avg,False
brasileirao,2023,2023-11-26,Palmeiras @ Fortaleza,1X2,fortaleza,,3.17,0.2366,0.3155,-11.24,lose,-1.0,0.34,market_avg,False
brasileirao,2023,2023-11-26,Palmeiras @ Fortaleza,1X2,draw,,3.15,0.2989,0.3175,-2.63,win,2.15,0.34,market_avg,False
brasileirao,2023,2023-11-26,Palmeiras @ Fortaleza,1X2,palmeiras,,2.36,0.4645,0.4237,4.33,lose,-1.0,0.34,market_avg,True
brasileirao,2023,2023-11-26,Bragantino @ Internacional,1X2,internacional,,2.47,0.3193,0.4049,-9.51,win,1.4700000000000002,0.34,market_avg,False
brasileirao,2023,2023-11-26,Bragantino @ Internacional,1X2,draw,,3.29,0.3211,0.304,2.54,lose,-1.0,0.34,market_avg,False
brasileirao,2023,2023-11-26,Bragantino @ Internacional,1X2,bragantino,,2.89,0.3596,0.346,1.77,lose,-1.0,0.34,market_avg,False
brasileirao,2023,2023-11-26,Cuiaba @ Sao Paulo,1X2,sao paulo,,1.66,0.3692,0.6024,-17.42,lose,-1.0,0.34,market_avg,False
brasileirao,2023,2023-11-26,Cuiaba @ Sao Paulo,1X2,draw,,3.47,0.344,0.2882,8.71,win,2.47,0.34,market_avg,True
brasileirao,2023,2023-11-26,Cuiaba @ Sao Paulo,1X2,cuiaba,,6.16,0.2868,0.1623,34.51,lose,-1.0,0.34,market_avg,True
brasileirao,2023,2023-11-28,Cruzeiro @ Goias,1X2,goias,,2.81,0.3101,0.3559,-5.79,lose,-1.0,0.334,market_avg,False
brasileirao,2023,2023-11-28,Cruzeiro @ Goias,1X2,draw,,3.07,0.3377,0.3257,1.66,lose,-1.0,0.334,market_avg,False
brasileirao,2023,2023-11-28,Cruzeiro @ Goias,1X2,cruzeiro,,2.68,0.3522,0.3731,-2.53,win,1.6800000000000002,0.334,market_avg,False
brasileirao,2023,2023-11-29,Corinthians @ Vasco,1X2,vasco,,1.99,0.3648,0.5025,-12.33,lose,-1.0,0.34,market_avg,False
brasileirao,2023,2023-11-29,Corinthians @ Vasco,1X2,draw,,3.12,0.3103,0.3205,-1.43,lose,-1.0,0.34,market_avg,False
brasileirao,2023,2023-11-29,Corinthians @ Vasco,1X2,corinthians,,4.28,0.3248,0.2336,17.56,win,3.2800000000000002,0.34,market_avg,True
brasileirao,2023,2023-11-29,Fluminense @ Santos,1X2,santos,,2.43,0.3549,0.4115,-6.19,lose,-1.0,0.34,market_avg,False
brasileirao,2023,2023-11-29,Fluminense @ Santos,1X2,draw,,3.21,0.3006,0.3115,-1.58,lose,-1.0,0.34,market_avg,False
brasileirao,2023,2023-11-29,Fluminense @ Santos,1X2,fluminense,,3.04,0.3445,0.3289,2.13,win,2.04,0.34,market_avg,False
brasileirao,2023,2023-11-29,Atletico-MG @ Flamengo RJ,1X2,flamengo rj,,1.73,0.3246,0.578,-19.73,lose,-1.0,0.34,market_avg,False
brasileirao,2023,2023-11-29,Atletico-MG @ Flamengo RJ,1X2,draw,,3.62,0.3521,0.2762,12.36,lose,-1.0,0.34,market_avg,True
brasileirao,2023,2023-11-29,Atletico-MG @ Flamengo RJ,1X2,atletico mg,,5.04,0.3233,0.1984,28.32,win,4.04,0.34,market_avg,True
brasileirao,2023,2023-11-29,Sao Paulo @ Bahia,1X2,bahia,,2.25,0.468,0.4444,2.39,lose,-1.0,0.34,market_avg,False
brasileirao,2023,2023-11-29,Sao Paulo @ Bahia,1X2,draw,,3.14,0.3124,0.3185,-0.86,lose,-1.0,0.34,market_avg,False
brasileirao,2023,2023-11-29,Sao Paulo @ Bahia,1X2,sao paulo,,3.45,0.2196,0.2899,-10.91,win,2.45,0.34,market_avg,False
brasileirao,2023,2023-11-29,Internacional @ Cuiaba,1X2,cuiaba,,3.07,0.4397,0.3257,15.74,lose,-1.0,0.34,market_avg,True
brasileirao,2023,2023-11-29,Internacional @ Cuiaba,1X2,draw,,2.84,0.3356,0.3521,-2.11,lose,-1.0,0.34,market_avg,False
brasileirao,2023,2023-11-29,Internacional @ Cuiaba,1X2,internacional,,2.66,0.2247,0.3759,-18.11,win,1.6600000000000001,0.34,market_avg,False
brasileirao,2023,2023-11-30,Botafogo RJ @ Coritiba,1X2,coritiba,,4.69,0.2052,0.2132,-1.69,lose,-1.0,0.34,market_avg,False
brasileirao,2023,2023-11-30,Botafogo RJ @ Coritiba,1X2,draw,,3.69,0.2393,0.271,-5.26,win,2.69,0.34,market_avg,False
brasileirao,2023,2023-11-30,Botafogo RJ @ Coritiba,1X2,botafogo rj,,1.76,0.5554,0.5682,-1.01,lose,-1.0,0.34,market_avg,False
brasileirao,2023,2023-11-30,America MG @ Palmeiras,1X2,palmeiras,,1.19,0.7902,0.8403,-2.68,win,0.18999999999999995,0.34,market_avg,False
brasileirao,2023,2023-11-30,America MG @ Palmeiras,1X2,draw,,7.31,0.1376,0.1368,0.25,lose,-1.0,0.34,market_avg,False
brasileirao,2023,2023-11-30,America MG @ Palmeiras,1X2,america mg,,13.82,0.0722,0.0724,-0.1,lose,-1.0,0.34,market_avg,False
brasileirao,2023,2023-11-30,Goias @ Gremio,1X2,gremio,,1.52,0.618,0.6579,-2.73,win,0.52,0.34,market_avg,False
brasileirao,2023,2023-11-30,Goias @ Gremio,1X2,draw,,4.31,0.22,0.232,-2.34,lose,-1.0,0.34,market_avg,False
brasileirao,2023,2023-11-30,Goias @ Gremio,1X2,goias,,6.01,0.162,0.1664,-1.19,lose,-1.0,0.34,market_avg,False
brasileirao,2023,2023-11-30,Athletico-PR @ Cruzeiro,1X2,cruzeiro,,2.0,0.3402,0.5,-14.38,lose,-1.0,0.334,market_avg,False
brasileirao,2023,2023-11-30,Athletico-PR @ Cruzeiro,1X2,draw,,3.34,0.3499,0.2994,7.59,win,2.34,0.334,market_avg,True
brasileirao,2023,2023-11-30,Athletico-PR @ Cruzeiro,1X2,athletico pr,,3.99,0.3099,0.2506,10.64,lose,-1.0,0.334,market_avg,True
brasileirao,2023,2023-11-30,Fortaleza @ Bragantino,1X2,bragantino,,1.79,0.5238,0.5587,-2.81,lose,-1.0,0.34,market_avg,False
brasileirao,2023,2023-11-30,Fortaleza @ Bragantino,1X2,draw,,3.64,0.3066,0.2747,5.22,lose,-1.0,0.34,market_avg,True
brasileirao,2023,2023-11-30,Fortaleza @ Bragantino,1X2,fortaleza,,4.49,0.1696,0.2227,-10.73,win,3.49,0.34,market_avg,False
brasileirao,2023,2023-12-02,Internacional @ Corinthians,1X2,corinthians,,2.52,0.4167,0.3968,2.25,lose,-1.0,0.34,market_avg,False
brasileirao,2023,2023-12-02,Internacional @ Corinthians,1X2,draw,,2.87,0.3337,0.3484,-1.91,lose,-1.0,0.34,market_avg,False
brasileirao,2023,2023-12-02,Internacional @ Corinthians,1X2,internacional,,3.23,0.2497,0.3096,-8.71,win,2.23,0.34,market_avg,False
brasileirao,2023,2023-12-03,Sao Paulo @ Atletico-MG,1X2,atletico mg,,1.66,0.5133,0.6024,-6.66,win,0.6599999999999999,0.34,market_avg,False
brasileirao,2023,2023-12-03,Sao Paulo @ Atletico-MG,1X2,draw,,3.57,0.3408,0.2801,9.76,lose,-1.0,0.34,market_avg,True
brasileirao,2023,2023-12-03,Sao Paulo @ Atletico-MG,1X2,sao paulo,,5.85,0.1459,0.1709,-6.6,lose,-1.0,0.34,market_avg,False
brasileirao,2023,2023-12-03,Cuiaba @ Flamengo RJ,1X2,flamengo rj,,1.36,0.4967,0.7353,-14.6,win,0.3600000000000001,0.34,market_avg,False
brasileirao,2023,2023-12-03,Cuiaba @ Flamengo RJ,1X2,draw,,4.66,0.3103,0.2146,20.08,lose,-1.0,0.34,market_avg,True
brasileirao,2023,2023-12-03,Cuiaba @ Flamengo RJ,1X2,cuiaba,,9.55,0.193,0.1047,37.93,lose,-1.0,0.34,market_avg,False
brasileirao,2023,2023-12-03,Fluminense @ Palmeiras,1X2,palmeiras,,1.27,0.5606,0.7874,-12.96,win,0.27,0.34,market_avg,False
brasileirao,2023,2023-12-03,Fluminense @ Palmeiras,1X2,draw,,5.76,0.2693,0.1736,24.81,lose,-1.0,0.34,market_avg,True
brasileirao,2023,2023-12-03,Fluminense @ Palmeiras,1X2,fluminense,,10.63,0.1701,0.0941,36.36,lose,-1.0,0.34,market_avg,False
brasileirao,2023,2023-12-03,Bahia @ America MG,1X2,america mg,,3.74,0.2372,0.2674,-5.08,win,2.74,0.334,market_avg,False
brasileirao,2023,2023-12-03,Bahia @ America MG,1X2,draw,,3.67,0.2533,0.2725,-3.17,lose,-1.0,0.334,market_avg,False
brasileirao,2023,2023-12-03,Bahia @ America MG,1X2,bahia,,1.94,0.5095,0.5155,-0.52,lose,-1.0,0.334,market_avg,False
brasileirao,2023,2023-12-03,Santos @ Athletico-PR,1X2,athletico pr,,1.97,0.6205,0.5076,10.01,win,0.97,0.34,market_avg,True
brasileirao,2023,2023-12-03,Santos @ Athletico-PR,1X2,draw,,3.37,0.2392,0.2967,-8.73,lose,-1.0,0.34,market_avg,False
brasileirao,2023,2023-12-03,Santos @ Athletico-PR,1X2,santos,,4.0,0.1403,0.25,-19.75,lose,-1.0,0.34,market_avg,False
brasileirao,2023,2023-12-03,Cruzeiro @ Botafogo RJ,1X2,botafogo rj,,1.92,0.4859,0.5208,-3.02,lose,-1.0,0.334,market_avg,False
brasileirao,2023,2023-12-03,Cruzeiro @ Botafogo RJ,1X2,draw,,3.42,0.3693,0.2924,11.83,win,2.42,0.334,market_avg,True
brasileirao,2023,2023-12-03,Cruzeiro @ Botafogo RJ,1X2,cruzeiro,,4.14,0.1449,0.2415,-18.01,lose,-1.0,0.334,market_avg,False
brasileirao,2023,2023-12-03,Coritiba @ Bragantino,1X2,bragantino,,1.19,0.6959,0.8403,-7.73,win,0.18999999999999995,0.34,market_avg,False
brasileirao,2023,2023-12-03,Coritiba @ Bragantino,1X2,draw,,7.07,0.2158,0.1414,23.66,lose,-1.0,0.34,market_avg,False
brasileirao,2023,2023-12-03,Coritiba @ Bragantino,1X2,coritiba,,13.37,0.0883,0.0748,8.13,lose,-1.0,0.34,market_avg,False
brasileirao,2023,2023-12-03,Goias @ Fortaleza,1X2,fortaleza,,1.4,0.5178,0.7143,-12.38,win,0.3999999999999999,0.34,market_avg,False
brasileirao,2023,2023-12-03,Goias @ Fortaleza,1X2,draw,,4.54,0.3135,0.2203,19.05,lose,-1.0,0.34,market_avg,True
brasileirao,2023,2023-12-03,Goias @ Fortaleza,1X2,goias,,8.14,0.1686,0.1229,16.78,lose,-1.0,0.34,market_avg,False
brasileirao,2023,2023-12-03,Vasco @ Gremio,1X2,gremio,,1.83,0.4906,0.5464,-4.6,win,0.8300000000000001,0.34,market_avg,False
brasileirao,2023,2023-12-03,Vasco @ Gremio,1X2,draw,,3.58,0.2553,0.2793,-3.87,lose,-1.0,0.34,market_avg,False
brasileirao,2023,2023-12-03,Vasco @ Gremio,1X2,vasco,,4.34,0.2541,0.2304,4.63,lose,-1.0,0.34,market_avg,True
brasileirao,2023,2023-12-06,America MG @ Goias,1X2,goias,,1.71,0.519,0.5848,-5.07,win,0.71,0.334,market_avg,False
brasileirao,2023,2023-12-06,America MG @ Goias,1X2,draw,,3.97,0.2735,0.2519,3.87,lose,-1.0,0.334,market_avg,True
brasileirao,2023,2023-12-06,America MG @ Goias,1X2,america mg,,4.49,0.2075,0.2227,-3.07,lose,-1.0,0.334,market_avg,False
brasileirao,2023,2023-12-07,Atletico-MG @ Bahia,1X2,bahia,,2.51,0.2545,0.3984,-16.26,win,1.5099999999999998,0.34,market_avg,False
brasileirao,2023,2023-12-07,Atletico-MG @ Bahia,1X2,draw,,3.45,0.2954,0.2899,0.85,lose,-1.0,0.34,market_avg,False
brasileirao,2023,2023-12-07,Atletico-MG @ Bahia,1X2,atletico mg,,2.71,0.4502,0.369,9.9,lose,-1.0,0.34,market_avg,True
brasileirao,2023,2023-12-07,Corinthians @ Coritiba,1X2,coritiba,,3.23,0.2909,0.3096,-2.71,lose,-1.0,0.34,market_avg,False
brasileirao,2023,2023-12-07,Corinthians @ Coritiba,1X2,draw,,3.22,0.2662,0.3106,-6.42,lose,-1.0,0.34,market_avg,False
brasileirao,2023,2023-12-07,Corinthians @ Coritiba,1X2,corinthians,,2.29,0.4428,0.4367,0.64,win,1.29,0.34,market_avg,False
brasileirao,2023,2023-12-07,Palmeiras @ Cruzeiro,1X2,cruzeiro,,3.81,0.2524,0.2625,-1.72,lose,-1.0,0.334,market_avg,False
brasileirao,2023,2023-12-07,Palmeiras @ Cruzeiro,1X2,draw,,2.87,0.3766,0.3484,3.63,win,1.87,0.334,market_avg,True
brasileirao,2023,2023-12-07,Palmeiras @ Cruzeiro,1X2,palmeiras,,2.24,0.371,0.4464,-7.6,lose,-1.0,0.334,market_avg,False
brasileirao,2023,2023-12-07,Athletico-PR @ Cuiaba,1X2,cuiaba,,2.31,0.3824,0.4329,-5.25,win,1.31,0.34,market_avg,False
brasileirao,2023,2023-12-07,Athletico-PR @ Cuiaba,1X2,draw,,3.1,0.3284,0.3226,0.81,lose,-1.0,0.34,market_avg,False
brasileirao,2023,2023-12-07,Athletico-PR @ Cuiaba,1X2,athletico pr,,3.33,0.2892,0.3003,-1.67,lose,-1.0,0.34,market_avg,False
brasileirao,2023,2023-12-07,Gremio @ Fluminense,1X2,fluminense,,2.08,0.4991,0.4808,1.72,lose,-1.0,0.34,market_avg,False
brasileirao,2023,2023-12-07,Gremio @ Fluminense,1X2,draw,,3.75,0.2495,0.2667,-2.89,lose,-1.0,0.34,market_avg,False
brasileirao,2023,2023-12-07,Gremio @ Fluminense,1X2,gremio,,3.23,0.2513,0.3096,-8.47,win,2.23,0.34,market_avg,False
brasileirao,2023,2023-12-07,Botafogo RJ @ Internacional,1X2,internacional,,2.09,0.3264,0.4785,-14.3,win,1.0899999999999999,0.34,market_avg,False
brasileirao,2023,2023-12-07,Botafogo RJ @ Internacional,1X2,draw,,3.36,0.3105,0.2976,1.95,lose,-1.0,0.34,market_avg,False
brasileirao,2023,2023-12-07,Botafogo RJ @ Internacional,1X2,botafogo rj,,3.56,0.3631,0.2809,13.17,lose,-1.0,0.34,market_avg,True
brasileirao,2023,2023-12-07,Fortaleza @ Santos,1X2,santos,,1.94,0.3469,0.5155,-14.71,lose,-1.0,0.34,market_avg,False
brasileirao,2023,2023-12-07,Fortaleza @ Santos,1X2,draw,,3.28,0.2974,0.3049,-1.1,lose,-1.0,0.34,market_avg,False
brasileirao,2023,2023-12-07,Fortaleza @ Santos,1X2,fortaleza,,4.23,0.3557,0.2364,22.7,win,3.2300000000000004,0.34,market_avg,True
brasileirao,2023,2023-12-07,Flamengo RJ @ Sao Paulo,1X2,sao paulo,,3.35,0.3561,0.2985,8.69,win,2.35,0.34,market_avg,True
brasileirao,2023,2023-12-07,Flamengo RJ @ Sao Paulo,1X2,draw,,3.28,0.3048,0.3049,-0.01,lose,-1.0,0.34,market_avg,False
brasileirao,2023,2023-12-07,Flamengo RJ @ Sao Paulo,1X2,flamengo rj,,2.21,0.339,0.4525,-11.28,lose,-1.0,0.34,market_avg,False
brasileirao,2023,2023-12-07,Bragantino @ Vasco,1X2,vasco,,2.18,0.3043,0.4587,-15.15,win,1.1800000000000002,0.334,market_avg,False
brasileirao,2023,2023-12-07,Bragantino @ Vasco,1X2,draw,,3.31,0.3239,0.3021,3.24,lose,-1.0,0.334,market_avg,True
brasileirao,2023,2023-12-07,Bragantino @ Vasco,1X2,bragantino,,3.38,0.3718,0.2959,11.55,lose,-1.0,0.334,market_avg,True
